source_kind,source_file,specialty,phenotypes,atom_id,atom_name,system,code,warehouse_meaning,warehouse_row_count,warehouse_patient_count,mapping_role,can_fire_atom_alone,review_status,match_mode,context_guard,warehouse_meaning_source,warehouse_exact_meaning,lexical_alignment,lexical_overlap_tokens,config_reuse_count,audit_flags
ATOM,v5/config/shared/atoms/CARDIOLOGY.json,CARDIOLOGY,AL | ATTRV | ATTRWT,af,Atrial fibrillation or flutter,ICD10,I48.0,Paroxysmal atrial fibrillation,40961,2965,DIRECT_TARGET,True,SOURCE_CANDIDATE,EXACT,"Match only atrial fibrillation/flutter language. Conduction disease, pacemaker/device language, or generic arrhythmia must not create an AF atom.",local,True,1.0,"atrial, fibrill, paroxysmal",2,CODE_REUSED_IN_CONFIG | CAN_FIRE_ALONE | DIRECT_TARGET
ATOM,v5/config/shared/atoms/CARDIOLOGY.json,CARDIOLOGY,AL | ATTRV | ATTRWT,af,Atrial fibrillation or flutter,ICD10,I48.11,Longstanding persistent atrial fibrillation,7223,594,DIRECT_TARGET,True,SOURCE_CANDIDATE,EXACT,"Match only atrial fibrillation/flutter language. Conduction disease, pacemaker/device language, or generic arrhythmia must not create an AF atom.",local,True,0.75,"atrial, fibrill, persistent",2,CODE_REUSED_IN_CONFIG | CAN_FIRE_ALONE | DIRECT_TARGET
ATOM,v5/config/shared/atoms/CARDIOLOGY.json,CARDIOLOGY,AL | ATTRV | ATTRWT,af,Atrial fibrillation or flutter,ICD10,I48.19,Other persistent atrial fibrillation,6814,629,DIRECT_TARGET,True,SOURCE_CANDIDATE,EXACT,"Match only atrial fibrillation/flutter language. Conduction disease, pacemaker/device language, or generic arrhythmia must not create an AF atom.",local,True,1.0,"atrial, fibrill, persistent",2,CODE_REUSED_IN_CONFIG | CAN_FIRE_ALONE | DIRECT_TARGET
ATOM,v5/config/shared/atoms/CARDIOLOGY.json,CARDIOLOGY,AL | ATTRV | ATTRWT,af,Atrial fibrillation or flutter,ICD10,I48.20,"Chronic atrial fibrillation, unspecified",6028,571,DIRECT_TARGET,True,SOURCE_CANDIDATE,EXACT,"Match only atrial fibrillation/flutter language. Conduction disease, pacemaker/device language, or generic arrhythmia must not create an AF atom.",local,True,1.0,"atrial, chronic, fibrill",2,CODE_REUSED_IN_CONFIG | CAN_FIRE_ALONE | DIRECT_TARGET
ATOM,v5/config/shared/atoms/CARDIOLOGY.json,CARDIOLOGY,AL | ATTRV | ATTRWT,af,Atrial fibrillation or flutter,ICD10,I48.21,Permanent atrial fibrillation,3420,230,DIRECT_TARGET,True,SOURCE_CANDIDATE,EXACT,"Match only atrial fibrillation/flutter language. Conduction disease, pacemaker/device language, or generic arrhythmia must not create an AF atom.",local,True,1.0,"atrial, fibrill, permanent",2,CODE_REUSED_IN_CONFIG | CAN_FIRE_ALONE | DIRECT_TARGET
ATOM,v5/config/shared/atoms/CARDIOLOGY.json,CARDIOLOGY,AL | ATTRV | ATTRWT,af,Atrial fibrillation or flutter,ICD10,I48.3,Typical atrial flutter,2048,222,DIRECT_TARGET,True,SOURCE_CANDIDATE,EXACT,"Match only atrial fibrillation/flutter language. Conduction disease, pacemaker/device language, or generic arrhythmia must not create an AF atom.",local,True,0.667,"atrial, flutter",2,CODE_REUSED_IN_CONFIG | CAN_FIRE_ALONE | DIRECT_TARGET
ATOM,v5/config/shared/atoms/CARDIOLOGY.json,CARDIOLOGY,AL | ATTRV | ATTRWT,af,Atrial fibrillation or flutter,ICD10,I48.4,Atypical atrial flutter,828,85,DIRECT_TARGET,True,SOURCE_CANDIDATE,EXACT,"Match only atrial fibrillation/flutter language. Conduction disease, pacemaker/device language, or generic arrhythmia must not create an AF atom.",local,True,0.667,"atrial, flutter",2,CODE_REUSED_IN_CONFIG | CAN_FIRE_ALONE | DIRECT_TARGET
ATOM,v5/config/shared/atoms/CARDIOLOGY.json,CARDIOLOGY,AL | ATTRV | ATTRWT,af,Atrial fibrillation or flutter,ICD10,I48.91,Unspecified atrial fibrillation,47508,3798,DIRECT_TARGET,True,SOURCE_CANDIDATE,EXACT,"Match only atrial fibrillation/flutter language. Conduction disease, pacemaker/device language, or generic arrhythmia must not create an AF atom.",local,True,1.0,"atrial, fibrill",3,CODE_REUSED_IN_CONFIG | CAN_FIRE_ALONE | DIRECT_TARGET
ATOM,v5/config/shared/atoms/CARDIOLOGY.json,CARDIOLOGY,AL | ATTRV | ATTRWT,af,Atrial fibrillation or flutter,ICD10,I48.92,Unspecified atrial flutter,5355,614,DIRECT_TARGET,True,SOURCE_CANDIDATE,EXACT,"Match only atrial fibrillation/flutter language. Conduction disease, pacemaker/device language, or generic arrhythmia must not create an AF atom.",local,True,1.0,"atrial, flutter",1,CAN_FIRE_ALONE | DIRECT_TARGET
ATOM,v5/config/shared/atoms/CARDIOLOGY.json,CARDIOLOGY,AL | ATTRV | ATTRWT,af,Atrial fibrillation or flutter,ICD10,I44.1,"Atrioventricular block, second degree",771,193,DIRECT_TARGET,True,SOURCE_CANDIDATE,EXACT,"Match only atrial fibrillation/flutter language. Conduction disease, pacemaker/device language, or generic arrhythmia must not create an AF atom.",local,True,0.0,,3,CODE_REUSED_IN_CONFIG | ZERO_LEXICAL_ALIGNMENT_REVIEW | CAN_FIRE_ALONE | DIRECT_TARGET
ATOM,v5/config/shared/atoms/CARDIOLOGY.json,CARDIOLOGY,AL | ATTRV | ATTRWT,af,Atrial fibrillation or flutter,ICD10,I44.2,"Atrioventricular block, complete",2876,396,DIRECT_TARGET,True,SOURCE_CANDIDATE,EXACT,"Match only atrial fibrillation/flutter language. Conduction disease, pacemaker/device language, or generic arrhythmia must not create an AF atom.",local,True,0.0,,3,CODE_REUSED_IN_CONFIG | ZERO_LEXICAL_ALIGNMENT_REVIEW | CAN_FIRE_ALONE | DIRECT_TARGET
ATOM,v5/config/shared/atoms/CARDIOLOGY.json,CARDIOLOGY,AL | ATTRV | ATTRWT,af,Atrial fibrillation or flutter,ICD10,I44.30,Unspecified atrioventricular block,595,130,DIRECT_TARGET,True,SOURCE_CANDIDATE,EXACT,"Match only atrial fibrillation/flutter language. Conduction disease, pacemaker/device language, or generic arrhythmia must not create an AF atom.",local,True,0.0,,3,CODE_REUSED_IN_CONFIG | ZERO_LEXICAL_ALIGNMENT_REVIEW | CAN_FIRE_ALONE | DIRECT_TARGET
ATOM,v5/config/shared/atoms/CARDIOLOGY.json,CARDIOLOGY,AL | ATTRV | ATTRWT,af,Atrial fibrillation or flutter,ICD10,I44.39,Other atrioventricular block,149,46,DIRECT_TARGET,True,SOURCE_CANDIDATE,EXACT,"Match only atrial fibrillation/flutter language. Conduction disease, pacemaker/device language, or generic arrhythmia must not create an AF atom.",local,True,0.0,,3,CODE_REUSED_IN_CONFIG | ZERO_LEXICAL_ALIGNMENT_REVIEW | CAN_FIRE_ALONE | DIRECT_TARGET
ATOM,v5/config/shared/atoms/CARDIOLOGY.json,CARDIOLOGY,AL | ATTRV | ATTRWT,af,Atrial fibrillation or flutter,ICD10,I45.4,Nonspecific intraventricular block,189,118,DIRECT_TARGET,True,SOURCE_CANDIDATE,EXACT,"Match only atrial fibrillation/flutter language. Conduction disease, pacemaker/device language, or generic arrhythmia must not create an AF atom.",local,True,0.0,,3,CODE_REUSED_IN_CONFIG | ZERO_LEXICAL_ALIGNMENT_REVIEW | CAN_FIRE_ALONE | DIRECT_TARGET
ATOM,v5/config/shared/atoms/CARDIOLOGY.json,CARDIOLOGY,AL | ATTRV | ATTRWT,af,Atrial fibrillation or flutter,ICD10,Z95.0,Presence of cardiac pacemaker,1424,318,DIRECT_TARGET,True,SOURCE_CANDIDATE,EXACT,"Match only atrial fibrillation/flutter language. Conduction disease, pacemaker/device language, or generic arrhythmia must not create an AF atom.",local,True,0.0,,4,CODE_REUSED_IN_CONFIG | ZERO_LEXICAL_ALIGNMENT_REVIEW | CAN_FIRE_ALONE | DIRECT_TARGET
ATOM,v5/config/shared/atoms/CARDIOLOGY.json,CARDIOLOGY,AL | ATTRV | ATTRWT,af,Atrial fibrillation or flutter,SNOMED_CT,49436004,,0,0,DIRECT_TARGET,True,SOURCE_CANDIDATE,EXACT,"Match only atrial fibrillation/flutter language. Conduction disease, pacemaker/device language, or generic arrhythmia must not create an AF atom.",,,0.0,,3,NOT_IN_WAREHOUSE_VOCABULARY | CODE_REUSED_IN_CONFIG | CAN_FIRE_ALONE | DIRECT_TARGET
ATOM,v5/config/shared/atoms/CARDIOLOGY.json,CARDIOLOGY,AL | ATTRV | ATTRWT,af,Atrial fibrillation or flutter,SNOMED_CT,5370000,,0,0,DIRECT_TARGET,True,SOURCE_CANDIDATE,EXACT,"Match only atrial fibrillation/flutter language. Conduction disease, pacemaker/device language, or generic arrhythmia must not create an AF atom.",,,0.0,,1,NOT_IN_WAREHOUSE_VOCABULARY | CAN_FIRE_ALONE | DIRECT_TARGET
ATOM,v5/config/shared/atoms/CARDIOLOGY.json,CARDIOLOGY,ATTRV,arrhythmia,arrhythmia,ICD10,I44.1,"Atrioventricular block, second degree",771,193,DIRECT_TARGET,True,SOURCE_CANDIDATE,EXACT,"Generic arrhythmia is nonspecific. Require clinically significant, otherwise unexplained rhythm disease before contributing as cardiac context.",local,True,0.0,,3,CODE_REUSED_IN_CONFIG | ZERO_LEXICAL_ALIGNMENT_REVIEW | CAN_FIRE_ALONE | DIRECT_TARGET
ATOM,v5/config/shared/atoms/CARDIOLOGY.json,CARDIOLOGY,ATTRV,arrhythmia,arrhythmia,ICD10,I44.2,"Atrioventricular block, complete",2876,396,DIRECT_TARGET,True,SOURCE_CANDIDATE,EXACT,"Generic arrhythmia is nonspecific. Require clinically significant, otherwise unexplained rhythm disease before contributing as cardiac context.",local,True,0.0,,3,CODE_REUSED_IN_CONFIG | ZERO_LEXICAL_ALIGNMENT_REVIEW | CAN_FIRE_ALONE | DIRECT_TARGET
ATOM,v5/config/shared/atoms/CARDIOLOGY.json,CARDIOLOGY,ATTRV,arrhythmia,arrhythmia,ICD10,I44.30,Unspecified atrioventricular block,595,130,DIRECT_TARGET,True,SOURCE_CANDIDATE,EXACT,"Generic arrhythmia is nonspecific. Require clinically significant, otherwise unexplained rhythm disease before contributing as cardiac context.",local,True,0.0,,3,CODE_REUSED_IN_CONFIG | ZERO_LEXICAL_ALIGNMENT_REVIEW | CAN_FIRE_ALONE | DIRECT_TARGET
ATOM,v5/config/shared/atoms/CARDIOLOGY.json,CARDIOLOGY,ATTRV,arrhythmia,arrhythmia,ICD10,I44.39,Other atrioventricular block,149,46,DIRECT_TARGET,True,SOURCE_CANDIDATE,EXACT,"Generic arrhythmia is nonspecific. Require clinically significant, otherwise unexplained rhythm disease before contributing as cardiac context.",local,True,0.0,,3,CODE_REUSED_IN_CONFIG | ZERO_LEXICAL_ALIGNMENT_REVIEW | CAN_FIRE_ALONE | DIRECT_TARGET
ATOM,v5/config/shared/atoms/CARDIOLOGY.json,CARDIOLOGY,ATTRV,arrhythmia,arrhythmia,ICD10,I45.4,Nonspecific intraventricular block,189,118,DIRECT_TARGET,True,SOURCE_CANDIDATE,EXACT,"Generic arrhythmia is nonspecific. Require clinically significant, otherwise unexplained rhythm disease before contributing as cardiac context.",local,True,0.0,,3,CODE_REUSED_IN_CONFIG | ZERO_LEXICAL_ALIGNMENT_REVIEW | CAN_FIRE_ALONE | DIRECT_TARGET
ATOM,v5/config/shared/atoms/CARDIOLOGY.json,CARDIOLOGY,ATTRV,arrhythmia,arrhythmia,ICD10,I48.0,Paroxysmal atrial fibrillation,40961,2965,DIRECT_TARGET,True,SOURCE_CANDIDATE,EXACT,"Generic arrhythmia is nonspecific. Require clinically significant, otherwise unexplained rhythm disease before contributing as cardiac context.",local,True,0.667,"atrial, fibrill",2,CODE_REUSED_IN_CONFIG | CAN_FIRE_ALONE | DIRECT_TARGET
ATOM,v5/config/shared/atoms/CARDIOLOGY.json,CARDIOLOGY,ATTRV,arrhythmia,arrhythmia,ICD10,I48.11,Longstanding persistent atrial fibrillation,7223,594,DIRECT_TARGET,True,SOURCE_CANDIDATE,EXACT,"Generic arrhythmia is nonspecific. Require clinically significant, otherwise unexplained rhythm disease before contributing as cardiac context.",local,True,0.5,"atrial, fibrill",2,CODE_REUSED_IN_CONFIG | CAN_FIRE_ALONE | DIRECT_TARGET
ATOM,v5/config/shared/atoms/CARDIOLOGY.json,CARDIOLOGY,ATTRV,arrhythmia,arrhythmia,ICD10,I48.19,Other persistent atrial fibrillation,6814,629,DIRECT_TARGET,True,SOURCE_CANDIDATE,EXACT,"Generic arrhythmia is nonspecific. Require clinically significant, otherwise unexplained rhythm disease before contributing as cardiac context.",local,True,0.667,"atrial, fibrill",2,CODE_REUSED_IN_CONFIG | CAN_FIRE_ALONE | DIRECT_TARGET
ATOM,v5/config/shared/atoms/CARDIOLOGY.json,CARDIOLOGY,ATTRV,arrhythmia,arrhythmia,ICD10,I48.20,"Chronic atrial fibrillation, unspecified",6028,571,DIRECT_TARGET,True,SOURCE_CANDIDATE,EXACT,"Generic arrhythmia is nonspecific. Require clinically significant, otherwise unexplained rhythm disease before contributing as cardiac context.",local,True,0.667,"atrial, fibrill",2,CODE_REUSED_IN_CONFIG | CAN_FIRE_ALONE | DIRECT_TARGET
ATOM,v5/config/shared/atoms/CARDIOLOGY.json,CARDIOLOGY,ATTRV,arrhythmia,arrhythmia,ICD10,I48.21,Permanent atrial fibrillation,3420,230,DIRECT_TARGET,True,SOURCE_CANDIDATE,EXACT,"Generic arrhythmia is nonspecific. Require clinically significant, otherwise unexplained rhythm disease before contributing as cardiac context.",local,True,0.667,"atrial, fibrill",2,CODE_REUSED_IN_CONFIG | CAN_FIRE_ALONE | DIRECT_TARGET
ATOM,v5/config/shared/atoms/CARDIOLOGY.json,CARDIOLOGY,ATTRV,arrhythmia,arrhythmia,ICD10,I48.3,Typical atrial flutter,2048,222,DIRECT_TARGET,True,SOURCE_CANDIDATE,EXACT,"Generic arrhythmia is nonspecific. Require clinically significant, otherwise unexplained rhythm disease before contributing as cardiac context.",local,True,0.667,"atrial, flutter",2,CODE_REUSED_IN_CONFIG | CAN_FIRE_ALONE | DIRECT_TARGET
ATOM,v5/config/shared/atoms/CARDIOLOGY.json,CARDIOLOGY,ATTRV,arrhythmia,arrhythmia,ICD10,I48.4,Atypical atrial flutter,828,85,DIRECT_TARGET,True,SOURCE_CANDIDATE,EXACT,"Generic arrhythmia is nonspecific. Require clinically significant, otherwise unexplained rhythm disease before contributing as cardiac context.",local,True,0.667,"atrial, flutter",2,CODE_REUSED_IN_CONFIG | CAN_FIRE_ALONE | DIRECT_TARGET
ATOM,v5/config/shared/atoms/CARDIOLOGY.json,CARDIOLOGY,ATTRV,arrhythmia,arrhythmia,ICD10,I48.91,Unspecified atrial fibrillation,47508,3798,DIRECT_TARGET,True,SOURCE_CANDIDATE,EXACT,"Generic arrhythmia is nonspecific. Require clinically significant, otherwise unexplained rhythm disease before contributing as cardiac context.",local,True,1.0,"atrial, fibrill",3,CODE_REUSED_IN_CONFIG | CAN_FIRE_ALONE | DIRECT_TARGET
ATOM,v5/config/shared/atoms/CARDIOLOGY.json,CARDIOLOGY,ATTRV,arrhythmia,arrhythmia,ICD10,Z95.0,Presence of cardiac pacemaker,1424,318,DIRECT_TARGET,True,SOURCE_CANDIDATE,EXACT,"Generic arrhythmia is nonspecific. Require clinically significant, otherwise unexplained rhythm disease before contributing as cardiac context.",local,True,0.5,cardiac,4,CODE_REUSED_IN_CONFIG | CAN_FIRE_ALONE | DIRECT_TARGET
ATOM,v5/config/shared/atoms/CARDIOLOGY.json,CARDIOLOGY,ATTRV,arrhythmia,arrhythmia,SNOMED_CT,49436004,,0,0,DIRECT_TARGET,True,SOURCE_CANDIDATE,EXACT,"Generic arrhythmia is nonspecific. Require clinically significant, otherwise unexplained rhythm disease before contributing as cardiac context.",,,0.0,,3,NOT_IN_WAREHOUSE_VOCABULARY | CODE_REUSED_IN_CONFIG | CAN_FIRE_ALONE | DIRECT_TARGET
ATOM,v5/config/shared/atoms/CARDIOLOGY.json,CARDIOLOGY,ATTRWT,as_valve,Severe aortic stenosis,ICD10,I35.0,Nonrheumatic aortic (valve) stenosis,25738,1666,DIRECT_TARGET,True,SOURCE_CANDIDATE,EXACT,Match only the canonical clinical concept 'Severe aortic stenosis'. Do not broaden to related but clinically distinct findings.,local,True,0.75,"aortic, stenosi, valve",4,CODE_REUSED_IN_CONFIG | CAN_FIRE_ALONE | DIRECT_TARGET
ATOM,v5/config/shared/atoms/CARDIOLOGY.json,CARDIOLOGY,ATTRWT,as_valve,Severe aortic stenosis,ICD10,I35.2,Nonrheumatic aortic (valve) stenosis with insufficiency,371,109,DIRECT_TARGET,True,SOURCE_CANDIDATE,EXACT,Match only the canonical clinical concept 'Severe aortic stenosis'. Do not broaden to related but clinically distinct findings.,local,True,0.6,"aortic, stenosi, valve",1,CAN_FIRE_ALONE | DIRECT_TARGET
ATOM,v5/config/shared/atoms/CARDIOLOGY.json,CARDIOLOGY,ATTRWT,as_valve,Severe aortic stenosis,ICD10,I06.0,Rheumatic aortic stenosis,412,55,DIRECT_TARGET,True,SOURCE_CANDIDATE,EXACT,Match only the canonical clinical concept 'Severe aortic stenosis'. Do not broaden to related but clinically distinct findings.,local,True,0.667,"aortic, stenosi",1,CAN_FIRE_ALONE | DIRECT_TARGET
ATOM,v5/config/shared/atoms/CARDIOLOGY.json,CARDIOLOGY,ATTRWT,as_valve,Severe aortic stenosis,ICD10,I06.2,Rheumatic aortic stenosis with insufficiency,55,4,DIRECT_TARGET,True,SOURCE_CANDIDATE,EXACT,Match only the canonical clinical concept 'Severe aortic stenosis'. Do not broaden to related but clinically distinct findings.,local,True,0.5,"aortic, stenosi",1,CAN_FIRE_ALONE | DIRECT_TARGET
ATOM,v5/config/shared/atoms/CARDIOLOGY.json,CARDIOLOGY,ATTRWT,asymmetric_septal_hypertrophy,Asymmetric / basal septal hypertrophy,ICD10,I42.2,Other hypertrophic cardiomyopathy,3940,318,DIRECT_TARGET,True,SOURCE_CANDIDATE,EXACT,Match only the canonical clinical concept 'Asymmetric / basal septal hypertrophy'. Do not broaden to related but clinically distinct findings.,local,True,0.0,,4,CODE_REUSED_IN_CONFIG | ZERO_LEXICAL_ALIGNMENT_REVIEW | CAN_FIRE_ALONE | DIRECT_TARGET
ATOM,v5/config/shared/atoms/CARDIOLOGY.json,CARDIOLOGY,ATTRWT,asymmetric_septal_hypertrophy,Asymmetric / basal septal hypertrophy,SNOMED_CT,111027004,,0,0,DIRECT_TARGET,True,SOURCE_CANDIDATE,EXACT,Match only the canonical clinical concept 'Asymmetric / basal septal hypertrophy'. Do not broaden to related but clinically distinct findings.,,,0.0,,1,NOT_IN_WAREHOUSE_VOCABULARY | CAN_FIRE_ALONE | DIRECT_TARGET
ATOM,v5/config/shared/atoms/CARDIOLOGY.json,CARDIOLOGY,AL | ATTRWT,bnp_result,B-type natriuretic peptide,SNOMED_CT,407059007,,0,0,DIRECT_TARGET,True,SOURCE_CANDIDATE,EXACT,Measurement/test route only. The existence of the test/result field does not itself establish the phenotype signal.,,,0.0,,1,NOT_IN_WAREHOUSE_VOCABULARY | CAN_FIRE_ALONE | DIRECT_TARGET
ATOM,v5/config/shared/atoms/CARDIOLOGY.json,CARDIOLOGY,ATTRV | ATTRWT,conduction_disease,"AV block, bundle-branch block, or sinus-node disease",ICD10,I44.0,"Atrioventricular block, first degree",1447,675,DIRECT_TARGET,True,SOURCE_CANDIDATE,EXACT,Match explicit conduction-system disease only. Atrial fibrillation/flutter and pacemaker presence alone do not establish conduction disease.,local,True,1.0,"atrioventricular, block, degree, first",1,CAN_FIRE_ALONE | DIRECT_TARGET
ATOM,v5/config/shared/atoms/CARDIOLOGY.json,CARDIOLOGY,ATTRV | ATTRWT,conduction_disease,"AV block, bundle-branch block, or sinus-node disease",ICD10,I44.1,"Atrioventricular block, second degree",771,193,DIRECT_TARGET,True,SOURCE_CANDIDATE,EXACT,Match explicit conduction-system disease only. Atrial fibrillation/flutter and pacemaker presence alone do not establish conduction disease.,local,True,1.0,"atrioventricular, block, degree, second",3,CODE_REUSED_IN_CONFIG | CAN_FIRE_ALONE | DIRECT_TARGET
ATOM,v5/config/shared/atoms/CARDIOLOGY.json,CARDIOLOGY,ATTRV | ATTRWT,conduction_disease,"AV block, bundle-branch block, or sinus-node disease",ICD10,I44.2,"Atrioventricular block, complete",2876,396,DIRECT_TARGET,True,SOURCE_CANDIDATE,EXACT,Match explicit conduction-system disease only. Atrial fibrillation/flutter and pacemaker presence alone do not establish conduction disease.,local,True,1.0,"atrioventricular, block, complete",3,CODE_REUSED_IN_CONFIG | CAN_FIRE_ALONE | DIRECT_TARGET
ATOM,v5/config/shared/atoms/CARDIOLOGY.json,CARDIOLOGY,ATTRV | ATTRWT,conduction_disease,"AV block, bundle-branch block, or sinus-node disease",ICD10,I44.30,Unspecified atrioventricular block,595,130,DIRECT_TARGET,True,SOURCE_CANDIDATE,EXACT,Match explicit conduction-system disease only. Atrial fibrillation/flutter and pacemaker presence alone do not establish conduction disease.,local,True,1.0,"atrioventricular, block",3,CODE_REUSED_IN_CONFIG | CAN_FIRE_ALONE | DIRECT_TARGET
ATOM,v5/config/shared/atoms/CARDIOLOGY.json,CARDIOLOGY,ATTRV | ATTRWT,conduction_disease,"AV block, bundle-branch block, or sinus-node disease",ICD10,I44.39,Other atrioventricular block,149,46,DIRECT_TARGET,True,SOURCE_CANDIDATE,EXACT,Match explicit conduction-system disease only. Atrial fibrillation/flutter and pacemaker presence alone do not establish conduction disease.,local,True,1.0,"atrioventricular, block",3,CODE_REUSED_IN_CONFIG | CAN_FIRE_ALONE | DIRECT_TARGET
ATOM,v5/config/shared/atoms/CARDIOLOGY.json,CARDIOLOGY,ATTRV | ATTRWT,conduction_disease,"AV block, bundle-branch block, or sinus-node disease",ICD10,I44.4,Left anterior fascicular block,379,203,DIRECT_TARGET,True,SOURCE_CANDIDATE,EXACT,Match explicit conduction-system disease only. Atrial fibrillation/flutter and pacemaker presence alone do not establish conduction disease.,local,True,0.25,block,1,CAN_FIRE_ALONE | DIRECT_TARGET
ATOM,v5/config/shared/atoms/CARDIOLOGY.json,CARDIOLOGY,ATTRV | ATTRWT,conduction_disease,"AV block, bundle-branch block, or sinus-node disease",ICD10,I44.5,Left posterior fascicular block,57,42,DIRECT_TARGET,True,SOURCE_CANDIDATE,EXACT,Match explicit conduction-system disease only. Atrial fibrillation/flutter and pacemaker presence alone do not establish conduction disease.,local,True,0.25,block,1,CAN_FIRE_ALONE | DIRECT_TARGET
ATOM,v5/config/shared/atoms/CARDIOLOGY.json,CARDIOLOGY,ATTRV | ATTRWT,conduction_disease,"AV block, bundle-branch block, or sinus-node disease",ICD10,I44.60,Unspecified fascicular block,3,2,DIRECT_TARGET,True,SOURCE_CANDIDATE,EXACT,Match explicit conduction-system disease only. Atrial fibrillation/flutter and pacemaker presence alone do not establish conduction disease.,local,True,0.5,block,1,CAN_FIRE_ALONE | DIRECT_TARGET
ATOM,v5/config/shared/atoms/CARDIOLOGY.json,CARDIOLOGY,ATTRV | ATTRWT,conduction_disease,"AV block, bundle-branch block, or sinus-node disease",ICD10,I44.69,Other fascicular block,1,1,DIRECT_TARGET,True,SOURCE_CANDIDATE,EXACT,Match explicit conduction-system disease only. Atrial fibrillation/flutter and pacemaker presence alone do not establish conduction disease.,local,True,0.5,block,1,CAN_FIRE_ALONE | DIRECT_TARGET
ATOM,v5/config/shared/atoms/CARDIOLOGY.json,CARDIOLOGY,ATTRV | ATTRWT,conduction_disease,"AV block, bundle-branch block, or sinus-node disease",ICD10,I44.7,"Left bundle-branch block, unspecified",2146,428,DIRECT_TARGET,True,SOURCE_CANDIDATE,EXACT,Match explicit conduction-system disease only. Atrial fibrillation/flutter and pacemaker presence alone do not establish conduction disease.,local,True,0.75,"block, branch, bundle",1,CAN_FIRE_ALONE | DIRECT_TARGET
ATOM,v5/config/shared/atoms/CARDIOLOGY.json,CARDIOLOGY,ATTRV | ATTRWT,conduction_disease,"AV block, bundle-branch block, or sinus-node disease",ICD10,I45.0,Right fascicular block,2,2,DIRECT_TARGET,True,SOURCE_CANDIDATE,EXACT,Match explicit conduction-system disease only. Atrial fibrillation/flutter and pacemaker presence alone do not establish conduction disease.,local,True,0.333,block,1,CAN_FIRE_ALONE | DIRECT_TARGET
ATOM,v5/config/shared/atoms/CARDIOLOGY.json,CARDIOLOGY,ATTRV | ATTRWT,conduction_disease,"AV block, bundle-branch block, or sinus-node disease",ICD10,I45.10,Unspecified right bundle-branch block,2516,963,DIRECT_TARGET,True,SOURCE_CANDIDATE,EXACT,Match explicit conduction-system disease only. Atrial fibrillation/flutter and pacemaker presence alone do not establish conduction disease.,local,True,0.75,"block, branch, bundle",1,CAN_FIRE_ALONE | DIRECT_TARGET
ATOM,v5/config/shared/atoms/CARDIOLOGY.json,CARDIOLOGY,ATTRV | ATTRWT,conduction_disease,"AV block, bundle-branch block, or sinus-node disease",ICD10,I45.19,Other right bundle-branch block,281,228,DIRECT_TARGET,True,SOURCE_CANDIDATE,EXACT,Match explicit conduction-system disease only. Atrial fibrillation/flutter and pacemaker presence alone do not establish conduction disease.,local,True,0.75,"block, branch, bundle",1,CAN_FIRE_ALONE | DIRECT_TARGET
ATOM,v5/config/shared/atoms/CARDIOLOGY.json,CARDIOLOGY,ATTRV | ATTRWT,conduction_disease,"AV block, bundle-branch block, or sinus-node disease",ICD10,I45.2,Bifascicular block,673,214,DIRECT_TARGET,True,SOURCE_CANDIDATE,EXACT,Match explicit conduction-system disease only. Atrial fibrillation/flutter and pacemaker presence alone do not establish conduction disease.,local,True,1.0,"bifascicular, block",1,CAN_FIRE_ALONE | DIRECT_TARGET
ATOM,v5/config/shared/atoms/CARDIOLOGY.json,CARDIOLOGY,ATTRV | ATTRWT,conduction_disease,"AV block, bundle-branch block, or sinus-node disease",ICD10,I45.3,Trifascicular block,49,5,DIRECT_TARGET,True,SOURCE_CANDIDATE,EXACT,Match explicit conduction-system disease only. Atrial fibrillation/flutter and pacemaker presence alone do not establish conduction disease.,local,True,1.0,"block, trifascicular",1,CAN_FIRE_ALONE | DIRECT_TARGET
ATOM,v5/config/shared/atoms/CARDIOLOGY.json,CARDIOLOGY,ATTRV | ATTRWT,conduction_disease,"AV block, bundle-branch block, or sinus-node disease",ICD10,I45.4,Nonspecific intraventricular block,189,118,DIRECT_TARGET,True,SOURCE_CANDIDATE,EXACT,Match explicit conduction-system disease only. Atrial fibrillation/flutter and pacemaker presence alone do not establish conduction disease.,local,True,0.333,block,3,CODE_REUSED_IN_CONFIG | CAN_FIRE_ALONE | DIRECT_TARGET
ATOM,v5/config/shared/atoms/CARDIOLOGY.json,CARDIOLOGY,ATTRV | ATTRWT,conduction_disease,"AV block, bundle-branch block, or sinus-node disease",ICD10,I45.5,Other specified heart block,310,70,DIRECT_TARGET,True,SOURCE_CANDIDATE,EXACT,Match explicit conduction-system disease only. Atrial fibrillation/flutter and pacemaker presence alone do not establish conduction disease.,local,True,1.0,"block, heart",1,CAN_FIRE_ALONE | DIRECT_TARGET
ATOM,v5/config/shared/atoms/CARDIOLOGY.json,CARDIOLOGY,ATTRV | ATTRWT,conduction_disease,"AV block, bundle-branch block, or sinus-node disease",ICD10,I45.6,Pre-excitation syndrome,2002,233,DIRECT_TARGET,True,SOURCE_CANDIDATE,EXACT,Match explicit conduction-system disease only. Atrial fibrillation/flutter and pacemaker presence alone do not establish conduction disease.,local,True,0.0,,1,ZERO_LEXICAL_ALIGNMENT_REVIEW | CAN_FIRE_ALONE | DIRECT_TARGET
ATOM,v5/config/shared/atoms/CARDIOLOGY.json,CARDIOLOGY,ATTRV | ATTRWT,conduction_disease,"AV block, bundle-branch block, or sinus-node disease",ICD10,I45.81,Long QT syndrome,1373,247,DIRECT_TARGET,True,SOURCE_CANDIDATE,EXACT,Match explicit conduction-system disease only. Atrial fibrillation/flutter and pacemaker presence alone do not establish conduction disease.,local,True,0.0,,1,ZERO_LEXICAL_ALIGNMENT_REVIEW | CAN_FIRE_ALONE | DIRECT_TARGET
ATOM,v5/config/shared/atoms/CARDIOLOGY.json,CARDIOLOGY,ATTRV | ATTRWT,conduction_disease,"AV block, bundle-branch block, or sinus-node disease",ICD10,I45.89,Other specified conduction disorders,100,67,DIRECT_TARGET,True,SOURCE_CANDIDATE,EXACT,Match explicit conduction-system disease only. Atrial fibrillation/flutter and pacemaker presence alone do not establish conduction disease.,local,True,0.5,conduction,1,CAN_FIRE_ALONE | DIRECT_TARGET
ATOM,v5/config/shared/atoms/CARDIOLOGY.json,CARDIOLOGY,ATTRV | ATTRWT,conduction_disease,"AV block, bundle-branch block, or sinus-node disease",ICD10,I45.9,"Conduction disorder, unspecified",1067,210,DIRECT_TARGET,True,SOURCE_CANDIDATE,EXACT,Match explicit conduction-system disease only. Atrial fibrillation/flutter and pacemaker presence alone do not establish conduction disease.,local,True,1.0,conduction,1,CAN_FIRE_ALONE | DIRECT_TARGET
ATOM,v5/config/shared/atoms/CARDIOLOGY.json,CARDIOLOGY,AL | ATTRWT,hf_any,Heart failure,ICD10,I50.9,"Heart failure, unspecified",60615,5219,DIRECT_TARGET,True,SOURCE_CANDIDATE,EXACT,Match only the canonical clinical concept 'Heart failure'. Do not broaden to related but clinically distinct findings.,local,True,1.0,"failure, heart",5,CODE_REUSED_IN_CONFIG | CAN_FIRE_ALONE | DIRECT_TARGET
ATOM,v5/config/shared/atoms/CARDIOLOGY.json,CARDIOLOGY,AL | ATTRWT,hf_any,Heart failure,ICD10,I50.32,Chronic diastolic (congestive) heart failure,23838,2077,DIRECT_TARGET,True,SOURCE_CANDIDATE,EXACT,Match only the canonical clinical concept 'Heart failure'. Do not broaden to related but clinically distinct findings.,local,True,0.6,"congestive, failure, heart",3,CODE_REUSED_IN_CONFIG | CAN_FIRE_ALONE | DIRECT_TARGET
ATOM,v5/config/shared/atoms/CARDIOLOGY.json,CARDIOLOGY,AL | ATTRWT,hf_any,Heart failure,ICD10,I50.22,Chronic systolic (congestive) heart failure,15969,1580,DIRECT_TARGET,True,SOURCE_CANDIDATE,EXACT,Match only the canonical clinical concept 'Heart failure'. Do not broaden to related but clinically distinct findings.,local,True,0.6,"congestive, failure, heart",1,CAN_FIRE_ALONE | DIRECT_TARGET
ATOM,v5/config/shared/atoms/CARDIOLOGY.json,CARDIOLOGY,AL | ATTRWT,hf_any,Heart failure,ICD10,I50.42,Chronic combined systolic (congestive) and diastolic (congestive) heart failure,17599,1426,DIRECT_TARGET,True,SOURCE_CANDIDATE,EXACT,Match only the canonical clinical concept 'Heart failure'. Do not broaden to related but clinically distinct findings.,local,True,0.429,"congestive, failure, heart",1,CAN_FIRE_ALONE | DIRECT_TARGET
ATOM,v5/config/shared/atoms/CARDIOLOGY.json,CARDIOLOGY,AL | ATTRWT,hf_any,Heart failure,ICD10,I50.20,Unspecified systolic (congestive) heart failure,35309,2688,DIRECT_TARGET,True,SOURCE_CANDIDATE,EXACT,Match only the canonical clinical concept 'Heart failure'. Do not broaden to related but clinically distinct findings.,local,True,0.75,"congestive, failure, heart",1,CAN_FIRE_ALONE | DIRECT_TARGET
ATOM,v5/config/shared/atoms/CARDIOLOGY.json,CARDIOLOGY,AL | ATTRWT,hf_any,Heart failure,SNOMED_CT,84114007,,0,0,DIRECT_TARGET,True,SOURCE_CANDIDATE,EXACT,Match only the canonical clinical concept 'Heart failure'. Do not broaden to related but clinically distinct findings.,,,0.0,,5,NOT_IN_WAREHOUSE_VOCABULARY | CODE_REUSED_IN_CONFIG | CAN_FIRE_ALONE | DIRECT_TARGET
ATOM,v5/config/shared/atoms/CARDIOLOGY.json,CARDIOLOGY,AL | ATTRWT,hf_any,Heart failure,SNOMED_CT,42343007,,0,0,DIRECT_TARGET,True,SOURCE_CANDIDATE,EXACT,Match only the canonical clinical concept 'Heart failure'. Do not broaden to related but clinically distinct findings.,,,0.0,,1,NOT_IN_WAREHOUSE_VOCABULARY | CAN_FIRE_ALONE | DIRECT_TARGET
ATOM,v5/config/shared/atoms/CARDIOLOGY.json,CARDIOLOGY,AL | ATTRWT,hf_any,Heart failure,SNOMED_CT,48447003,,0,0,DIRECT_TARGET,True,SOURCE_CANDIDATE,EXACT,Match only the canonical clinical concept 'Heart failure'. Do not broaden to related but clinically distinct findings.,,,0.0,,1,NOT_IN_WAREHOUSE_VOCABULARY | CAN_FIRE_ALONE | DIRECT_TARGET
ATOM,v5/config/shared/atoms/CARDIOLOGY.json,CARDIOLOGY,AL | ATTRWT,hf_any,Heart failure,SNOMED_CT,88805009,,0,0,DIRECT_TARGET,True,SOURCE_CANDIDATE,EXACT,Match only the canonical clinical concept 'Heart failure'. Do not broaden to related but clinically distinct findings.,,,0.0,,1,NOT_IN_WAREHOUSE_VOCABULARY | CAN_FIRE_ALONE | DIRECT_TARGET
ATOM,v5/config/shared/atoms/CARDIOLOGY.json,CARDIOLOGY,AL | ATTRWT,hf_any,Heart failure,SNOMED_CT,161505003,,0,0,DIRECT_TARGET,True,SOURCE_CANDIDATE,EXACT,Match only the canonical clinical concept 'Heart failure'. Do not broaden to related but clinically distinct findings.,,,0.0,,1,NOT_IN_WAREHOUSE_VOCABULARY | CAN_FIRE_ALONE | DIRECT_TARGET
ATOM,v5/config/shared/atoms/CARDIOLOGY.json,CARDIOLOGY,ATTRV | ATTRWT,hf_medication_intolerance,hf medication intolerance,ICD10,I95.9,"Hypotension, unspecified",18424,2374,DIRECT_TARGET,True,SOURCE_CANDIDATE,EXACT,"Require explicit intolerance to antihypertensive/heart-failure medication, preferably linked to low or falling blood pressure. Generic hypotension or a medication name alone is insufficient.",local,True,1.0,hypotension,3,CODE_REUSED_IN_CONFIG | CAN_FIRE_ALONE | DIRECT_TARGET
ATOM,v5/config/shared/atoms/CARDIOLOGY.json,CARDIOLOGY,AL | ATTRV | ATTRWT,hfpef,Heart failure with preserved ejection fraction,ICD10,I50.3,,0,0,DIRECT_TARGET,True,SOURCE_CANDIDATE,EXACT,"Match explicit HFpEF/diastolic-heart-failure terminology only. LVH, increased wall thickness, restrictive physiology, or generic cardiomyopathy alone must not create HFpEF.",,,0.0,,1,NOT_IN_WAREHOUSE_VOCABULARY | CAN_FIRE_ALONE | DIRECT_TARGET
ATOM,v5/config/shared/atoms/CARDIOLOGY.json,CARDIOLOGY,AL | ATTRV | ATTRWT,hfpef,Heart failure with preserved ejection fraction,ICD10,I50.32,Chronic diastolic (congestive) heart failure,23838,2077,DIRECT_TARGET,True,SOURCE_CANDIDATE,EXACT,"Match explicit HFpEF/diastolic-heart-failure terminology only. LVH, increased wall thickness, restrictive physiology, or generic cardiomyopathy alone must not create HFpEF.",local,True,0.8,"chronic, diastolic, failure, heart",3,CODE_REUSED_IN_CONFIG | CAN_FIRE_ALONE | DIRECT_TARGET
ATOM,v5/config/shared/atoms/CARDIOLOGY.json,CARDIOLOGY,AL | ATTRV | ATTRWT,hfpef,Heart failure with preserved ejection fraction,ICD10,I50.33,Acute on chronic diastolic (congestive) heart failure,5789,570,DIRECT_TARGET,True,SOURCE_CANDIDATE,EXACT,"Match explicit HFpEF/diastolic-heart-failure terminology only. LVH, increased wall thickness, restrictive physiology, or generic cardiomyopathy alone must not create HFpEF.",local,True,0.667,"chronic, diastolic, failure, heart",2,CODE_REUSED_IN_CONFIG | CAN_FIRE_ALONE | DIRECT_TARGET
ATOM,v5/config/shared/atoms/CARDIOLOGY.json,CARDIOLOGY,AL | ATTRV | ATTRWT,hfpef,Heart failure with preserved ejection fraction,ICD10,I42.9,"Cardiomyopathy, unspecified",5730,716,DIRECT_TARGET,True,SOURCE_CANDIDATE,EXACT,"Match explicit HFpEF/diastolic-heart-failure terminology only. LVH, increased wall thickness, restrictive physiology, or generic cardiomyopathy alone must not create HFpEF.",local,True,0.0,,3,CODE_REUSED_IN_CONFIG | ZERO_LEXICAL_ALIGNMENT_REVIEW | CAN_FIRE_ALONE | DIRECT_TARGET
ATOM,v5/config/shared/atoms/CARDIOLOGY.json,CARDIOLOGY,AL | ATTRV | ATTRWT,hfpef,Heart failure with preserved ejection fraction,ICD10,I51.7,Cardiomegaly,8045,2300,DIRECT_TARGET,True,SOURCE_CANDIDATE,EXACT,"Match explicit HFpEF/diastolic-heart-failure terminology only. LVH, increased wall thickness, restrictive physiology, or generic cardiomyopathy alone must not create HFpEF.",local,True,0.0,,4,CODE_REUSED_IN_CONFIG | ZERO_LEXICAL_ALIGNMENT_REVIEW | CAN_FIRE_ALONE | DIRECT_TARGET
ATOM,v5/config/shared/atoms/CARDIOLOGY.json,CARDIOLOGY,AL | ATTRV | ATTRWT,hfpef,Heart failure with preserved ejection fraction,SNOMED_CT,418304008,,0,0,DIRECT_TARGET,True,SOURCE_CANDIDATE,EXACT,"Match explicit HFpEF/diastolic-heart-failure terminology only. LVH, increased wall thickness, restrictive physiology, or generic cardiomyopathy alone must not create HFpEF.",,,0.0,,1,NOT_IN_WAREHOUSE_VOCABULARY | CAN_FIRE_ALONE | DIRECT_TARGET
ATOM,v5/config/shared/atoms/CARDIOLOGY.json,CARDIOLOGY,AL | ATTRV | ATTRWT,hfpef,Heart failure with preserved ejection fraction,SNOMED_CT,84114007,,0,0,DIRECT_TARGET,True,SOURCE_CANDIDATE,EXACT,"Match explicit HFpEF/diastolic-heart-failure terminology only. LVH, increased wall thickness, restrictive physiology, or generic cardiomyopathy alone must not create HFpEF.",,,0.0,,5,NOT_IN_WAREHOUSE_VOCABULARY | CODE_REUSED_IN_CONFIG | CAN_FIRE_ALONE | DIRECT_TARGET
ATOM,v5/config/shared/atoms/CARDIOLOGY.json,CARDIOLOGY,ATTRWT,hypertension,Hypertension,ICD10,I10,Essential (primary) hypertension,1286844,71150,DIRECT_TARGET,True,SOURCE_CANDIDATE,EXACT,Match only the canonical clinical concept 'Hypertension'. Do not broaden to related but clinically distinct findings.,local,True,0.333,hypertension,5,CODE_REUSED_IN_CONFIG | CAN_FIRE_ALONE | DIRECT_TARGET
ATOM,v5/config/shared/atoms/CARDIOLOGY.json,CARDIOLOGY,ATTRWT,hypertension,Hypertension,ICD10,I11.9,Hypertensive heart disease without heart failure,7874,827,DIRECT_TARGET,True,SOURCE_CANDIDATE,EXACT,Match only the canonical clinical concept 'Hypertension'. Do not broaden to related but clinically distinct findings.,local,True,0.333,hypertensive,4,CODE_REUSED_IN_CONFIG | CAN_FIRE_ALONE | DIRECT_TARGET
ATOM,v5/config/shared/atoms/CARDIOLOGY.json,CARDIOLOGY,ATTRWT,hypertension,Hypertension,ICD10,I11.0,Hypertensive heart disease with heart failure,12226,2429,DIRECT_TARGET,True,SOURCE_CANDIDATE,EXACT,Match only the canonical clinical concept 'Hypertension'. Do not broaden to related but clinically distinct findings.,local,True,0.333,hypertensive,5,CODE_REUSED_IN_CONFIG | CAN_FIRE_ALONE | DIRECT_TARGET
ATOM,v5/config/shared/atoms/CARDIOLOGY.json,CARDIOLOGY,ATTRWT,hypertension,Hypertension,ICD10,I13.10,"Hypertensive heart and chronic kidney disease without heart failure, with stage 1 through stage 4 chronic kidney disease, or unspecified chronic kidney disease",1357,200,DIRECT_TARGET,True,SOURCE_CANDIDATE,EXACT,Match only the canonical clinical concept 'Hypertension'. Do not broaden to related but clinically distinct findings.,local,True,0.143,hypertensive,2,CODE_REUSED_IN_CONFIG | LOW_LEXICAL_ALIGNMENT_REVIEW | CAN_FIRE_ALONE | DIRECT_TARGET
ATOM,v5/config/shared/atoms/CARDIOLOGY.json,CARDIOLOGY,ATTRWT,hypertension,Hypertension,SNOMED_CT,59621000,,0,0,DIRECT_TARGET,True,SOURCE_CANDIDATE,EXACT,Match only the canonical clinical concept 'Hypertension'. Do not broaden to related but clinically distinct findings.,,,0.0,,3,NOT_IN_WAREHOUSE_VOCABULARY | CODE_REUSED_IN_CONFIG | CAN_FIRE_ALONE | DIRECT_TARGET
ATOM,v5/config/shared/atoms/CARDIOLOGY.json,CARDIOLOGY,ATTRWT,hypertrophic_cardiomyopathy,Hypertrophic cardiomyopathy,ICD10,I42.2,Other hypertrophic cardiomyopathy,3940,318,DIRECT_TARGET,True,SOURCE_CANDIDATE,EXACT,Match only the canonical clinical concept 'Hypertrophic cardiomyopathy'. Do not broaden to related but clinically distinct findings.,local,True,1.0,"cardiomyopathy, hypertrophic",4,CODE_REUSED_IN_CONFIG | CAN_FIRE_ALONE | DIRECT_TARGET
ATOM,v5/config/shared/atoms/CARDIOLOGY.json,CARDIOLOGY,ATTRWT,hypertrophic_cardiomyopathy,Hypertrophic cardiomyopathy,ICD10,I42.1,Obstructive hypertrophic cardiomyopathy,2494,204,DIRECT_TARGET,True,SOURCE_CANDIDATE,EXACT,Match only the canonical clinical concept 'Hypertrophic cardiomyopathy'. Do not broaden to related but clinically distinct findings.,local,True,0.667,"cardiomyopathy, hypertrophic",4,CODE_REUSED_IN_CONFIG | CAN_FIRE_ALONE | DIRECT_TARGET
ATOM,v5/config/shared/atoms/CARDIOLOGY.json,CARDIOLOGY,ATTRWT,hypertrophic_cardiomyopathy,Hypertrophic cardiomyopathy,SNOMED_CT,233873004,,0,0,DIRECT_TARGET,True,SOURCE_CANDIDATE,EXACT,Match only the canonical clinical concept 'Hypertrophic cardiomyopathy'. Do not broaden to related but clinically distinct findings.,,,0.0,,3,NOT_IN_WAREHOUSE_VOCABULARY | CODE_REUSED_IN_CONFIG | CAN_FIRE_ALONE | DIRECT_TARGET
ATOM,v5/config/shared/atoms/CARDIOLOGY.json,CARDIOLOGY,ATTRWT,hypertrophic_cardiomyopathy,Hypertrophic cardiomyopathy,SNOMED_CT,45227007,,0,0,DIRECT_TARGET,True,SOURCE_CANDIDATE,EXACT,Match only the canonical clinical concept 'Hypertrophic cardiomyopathy'. Do not broaden to related but clinically distinct findings.,,,0.0,,2,NOT_IN_WAREHOUSE_VOCABULARY | CODE_REUSED_IN_CONFIG | CAN_FIRE_ALONE | DIRECT_TARGET
ATOM,v5/config/shared/atoms/CARDIOLOGY.json,CARDIOLOGY,ATTRWT,hypertrophic_cardiomyopathy,Hypertrophic cardiomyopathy,SNOMED_CT,195020003,,0,0,DIRECT_TARGET,True,SOURCE_CANDIDATE,EXACT,Match only the canonical clinical concept 'Hypertrophic cardiomyopathy'. Do not broaden to related but clinically distinct findings.,,,0.0,,1,NOT_IN_WAREHOUSE_VOCABULARY | CAN_FIRE_ALONE | DIRECT_TARGET
ATOM,v5/config/shared/atoms/CARDIOLOGY.json,CARDIOLOGY,ATTRV | ATTRWT,lflg_as,Low-flow low-gradient aortic stenosis,ICD10,I35.0,Nonrheumatic aortic (valve) stenosis,25738,1666,DIRECT_TARGET,True,SOURCE_CANDIDATE,EXACT,Require explicit low-flow/low-gradient aortic-stenosis wording or equivalent combined documentation. Generic aortic stenosis or severe AS alone must not create this atom.,local,True,0.5,"aortic, stenosi",4,CODE_REUSED_IN_CONFIG | CAN_FIRE_ALONE | DIRECT_TARGET
ATOM,v5/config/shared/atoms/CARDIOLOGY.json,CARDIOLOGY,ATTRV | ATTRWT,lflg_as,Low-flow low-gradient aortic stenosis,SNOMED_CT,60573004,,0,0,DIRECT_TARGET,True,SOURCE_CANDIDATE,EXACT,Require explicit low-flow/low-gradient aortic-stenosis wording or equivalent combined documentation. Generic aortic stenosis or severe AS alone must not create this atom.,,,0.0,,2,NOT_IN_WAREHOUSE_VOCABULARY | CODE_REUSED_IN_CONFIG | CAN_FIRE_ALONE | DIRECT_TARGET
ATOM,v5/config/shared/atoms/CARDIOLOGY.json,CARDIOLOGY,AL | ATTRWT,low_ecg_voltage,Low QRS voltage,ICD10,R94.31,Abnormal electrocardiogram [ECG] [EKG],16773,6593,DIRECT_TARGET,True,SOURCE_CANDIDATE,EXACT,Match only the canonical clinical concept 'Low QRS voltage'. Do not broaden to related but clinically distinct findings.,local,True,0.25,ecg,2,CODE_REUSED_IN_CONFIG | CAN_FIRE_ALONE | DIRECT_TARGET
ATOM,v5/config/shared/atoms/CARDIOLOGY.json,CARDIOLOGY,AL | ATTRWT,low_ecg_voltage,Low QRS voltage,SNOMED_CT,251146004,,0,0,DIRECT_TARGET,True,SOURCE_CANDIDATE,EXACT,Match only the canonical clinical concept 'Low QRS voltage'. Do not broaden to related but clinically distinct findings.,,,0.0,,1,NOT_IN_WAREHOUSE_VOCABULARY | CAN_FIRE_ALONE | DIRECT_TARGET
ATOM,v5/config/shared/atoms/CARDIOLOGY.json,CARDIOLOGY,AL | ATTRWT,low_ecg_voltage,Low QRS voltage,SNOMED_CT,20329001,,0,0,DIRECT_TARGET,True,SOURCE_CANDIDATE,EXACT,Match only the canonical clinical concept 'Low QRS voltage'. Do not broaden to related but clinically distinct findings.,,,0.0,,1,NOT_IN_WAREHOUSE_VOCABULARY | CAN_FIRE_ALONE | DIRECT_TARGET
ATOM,v5/config/shared/atoms/CARDIOLOGY.json,CARDIOLOGY,AL | ATTRWT,low_ecg_voltage,Low QRS voltage,SNOMED_CT,251147008,,0,0,DIRECT_TARGET,True,SOURCE_CANDIDATE,EXACT,Match only the canonical clinical concept 'Low QRS voltage'. Do not broaden to related but clinically distinct findings.,,,0.0,,1,NOT_IN_WAREHOUSE_VOCABULARY | CAN_FIRE_ALONE | DIRECT_TARGET
ATOM,v5/config/shared/atoms/CARDIOLOGY.json,CARDIOLOGY,AL | ATTRWT,low_ecg_voltage,Low QRS voltage,SNOMED_CT,251148003,,0,0,DIRECT_TARGET,True,SOURCE_CANDIDATE,EXACT,Match only the canonical clinical concept 'Low QRS voltage'. Do not broaden to related but clinically distinct findings.,,,0.0,,1,NOT_IN_WAREHOUSE_VOCABULARY | CAN_FIRE_ALONE | DIRECT_TARGET
ATOM,v5/config/shared/atoms/CARDIOLOGY.json,CARDIOLOGY,ATTRWT,lv_cavity_geometry,Left-ventricular cavity geometry,SNOMED_CT,250929008,,0,0,DIRECT_TARGET,True,SOURCE_CANDIDATE,EXACT,Match only the canonical clinical concept 'Left-ventricular cavity geometry'. Do not broaden to related but clinically distinct findings.,,,0.0,,2,NOT_IN_WAREHOUSE_VOCABULARY | CODE_REUSED_IN_CONFIG | CAN_FIRE_ALONE | DIRECT_TARGET
ATOM,v5/config/shared/atoms/CARDIOLOGY.json,CARDIOLOGY,ATTRWT,lv_cavity_geometry,Left-ventricular cavity geometry,SNOMED_CT,250932006,,0,0,DIRECT_TARGET,True,SOURCE_CANDIDATE,EXACT,Match only the canonical clinical concept 'Left-ventricular cavity geometry'. Do not broaden to related but clinically distinct findings.,,,0.0,,2,NOT_IN_WAREHOUSE_VOCABULARY | CODE_REUSED_IN_CONFIG | CAN_FIRE_ALONE | DIRECT_TARGET
ATOM,v5/config/shared/atoms/CARDIOLOGY.json,CARDIOLOGY,ATTRWT,lv_cavity_geometry,Left-ventricular cavity geometry,SNOMED_CT,250931004,,0,0,DIRECT_TARGET,True,SOURCE_CANDIDATE,EXACT,Match only the canonical clinical concept 'Left-ventricular cavity geometry'. Do not broaden to related but clinically distinct findings.,,,0.0,,2,NOT_IN_WAREHOUSE_VOCABULARY | CODE_REUSED_IN_CONFIG | CAN_FIRE_ALONE | DIRECT_TARGET
ATOM,v5/config/shared/atoms/CARDIOLOGY.json,CARDIOLOGY,ATTRWT,lv_cavity_geometry,Left-ventricular cavity geometry,SNOMED_CT,250935008,,0,0,DIRECT_TARGET,True,SOURCE_CANDIDATE,EXACT,Match only the canonical clinical concept 'Left-ventricular cavity geometry'. Do not broaden to related but clinically distinct findings.,,,0.0,,1,NOT_IN_WAREHOUSE_VOCABULARY | CAN_FIRE_ALONE | DIRECT_TARGET
ATOM,v5/config/shared/atoms/CARDIOLOGY.json,CARDIOLOGY,ATTRWT,lv_mass_index_result,Left-ventricular mass index,SNOMED_CT,373941003,,0,0,DIRECT_TARGET,True,SOURCE_CANDIDATE,EXACT,Measurement/test route only. The existence of the test/result field does not itself establish the phenotype signal.,,,0.0,,1,NOT_IN_WAREHOUSE_VOCABULARY | CAN_FIRE_ALONE | DIRECT_TARGET
ATOM,v5/config/shared/atoms/CARDIOLOGY.json,CARDIOLOGY,ATTRWT,lv_relative_wall_thickness,Increased relative wall thickness,SNOMED_CT,34344004,,0,0,DIRECT_TARGET,True,SOURCE_CANDIDATE,EXACT,Match only the canonical clinical concept 'Increased relative wall thickness'. Do not broaden to related but clinically distinct findings.,,,0.0,,1,NOT_IN_WAREHOUSE_VOCABULARY | CAN_FIRE_ALONE | DIRECT_TARGET
ATOM,v5/config/shared/atoms/CARDIOLOGY.json,CARDIOLOGY,ATTRWT,lv_wall_measurement,LV wall thickness measurement,SNOMED_CT,45301000087103,,0,0,DIRECT_TARGET,True,SOURCE_CANDIDATE,EXACT,Measurement/test route only. The existence of the test/result field does not itself establish the phenotype signal.,,,0.0,,1,NOT_IN_WAREHOUSE_VOCABULARY | CAN_FIRE_ALONE | DIRECT_TARGET
ATOM,v5/config/shared/atoms/CARDIOLOGY.json,CARDIOLOGY,ATTRWT,lvef_result,Left-ventricular ejection fraction,SNOMED_CT,250908004,,0,0,DIRECT_TARGET,True,SOURCE_CANDIDATE,EXACT,Measurement/test route only. The existence of the test/result field does not itself establish the phenotype signal.,,,0.0,,1,NOT_IN_WAREHOUSE_VOCABULARY | CAN_FIRE_ALONE | DIRECT_TARGET
ATOM,v5/config/shared/atoms/CARDIOLOGY.json,CARDIOLOGY,ATTRV | ATTRWT,medication_dose_change,medication dose change,ICD10,I95.9,"Hypotension, unspecified",18424,2374,DIRECT_TARGET,True,SOURCE_CANDIDATE,EXACT,"Require explicit antihypertensive/heart-failure medication reduction, holding, or discontinuation. Generic words such as 'stopped', 'held', or 'dose reduced' without medication context must not create this atom.",local,True,0.0,,3,CODE_REUSED_IN_CONFIG | ZERO_LEXICAL_ALIGNMENT_REVIEW | CAN_FIRE_ALONE | DIRECT_TARGET
ATOM,v5/config/shared/atoms/CARDIOLOGY.json,CARDIOLOGY,ATTRWT,pacemaker_implantation,Pacemaker implantation,ICD10,Z95.0,Presence of cardiac pacemaker,1424,318,DIRECT_TARGET,True,SOURCE_CANDIDATE,EXACT,Match only the canonical clinical concept 'Pacemaker implantation'. Do not broaden to related but clinically distinct findings.,local,True,0.5,pacemaker,4,CODE_REUSED_IN_CONFIG | CAN_FIRE_ALONE | DIRECT_TARGET
ATOM,v5/config/shared/atoms/CARDIOLOGY.json,CARDIOLOGY,ATTRWT,pacemaker_implantation,Pacemaker implantation,SNOMED_CT,307280005,,0,0,DIRECT_TARGET,True,SOURCE_CANDIDATE,EXACT,Match only the canonical clinical concept 'Pacemaker implantation'. Do not broaden to related but clinically distinct findings.,,,0.0,,1,NOT_IN_WAREHOUSE_VOCABULARY | CAN_FIRE_ALONE | DIRECT_TARGET
ATOM,v5/config/shared/atoms/CARDIOLOGY.json,CARDIOLOGY,ATTRWT,pacemaker_implantation,Pacemaker implantation,SNOMED_CT,65219008,,0,0,DIRECT_TARGET,True,SOURCE_CANDIDATE,EXACT,Match only the canonical clinical concept 'Pacemaker implantation'. Do not broaden to related but clinically distinct findings.,,,0.0,,1,NOT_IN_WAREHOUSE_VOCABULARY | CAN_FIRE_ALONE | DIRECT_TARGET
ATOM,v5/config/shared/atoms/CARDIOLOGY.json,CARDIOLOGY,ATTRWT,pacemaker_implantation,Pacemaker implantation,SNOMED_CT,175142009,,0,0,DIRECT_TARGET,True,SOURCE_CANDIDATE,EXACT,Match only the canonical clinical concept 'Pacemaker implantation'. Do not broaden to related but clinically distinct findings.,,,0.0,,1,NOT_IN_WAREHOUSE_VOCABULARY | CAN_FIRE_ALONE | DIRECT_TARGET
ATOM,v5/config/shared/atoms/CARDIOLOGY.json,CARDIOLOGY,ATTRWT,pacemaker_implantation,Pacemaker implantation,SNOMED_CT,1231779006,,0,0,DIRECT_TARGET,True,SOURCE_CANDIDATE,EXACT,Match only the canonical clinical concept 'Pacemaker implantation'. Do not broaden to related but clinically distinct findings.,,,0.0,,1,NOT_IN_WAREHOUSE_VOCABULARY | CAN_FIRE_ALONE | DIRECT_TARGET
ATOM,v5/config/shared/atoms/CARDIOLOGY.json,CARDIOLOGY,ATTRWT,pacemaker_implantation,Pacemaker implantation,SNOMED_CT,429064006,,0,0,DIRECT_TARGET,True,SOURCE_CANDIDATE,EXACT,Match only the canonical clinical concept 'Pacemaker implantation'. Do not broaden to related but clinically distinct findings.,,,0.0,,1,NOT_IN_WAREHOUSE_VOCABULARY | CAN_FIRE_ALONE | DIRECT_TARGET
ATOM,v5/config/shared/atoms/CARDIOLOGY.json,CARDIOLOGY,ATTRWT,pacemaker_implantation,Pacemaker implantation,SNOMED_CT,429542009,,0,0,DIRECT_TARGET,True,SOURCE_CANDIDATE,EXACT,Match only the canonical clinical concept 'Pacemaker implantation'. Do not broaden to related but clinically distinct findings.,,,0.0,,1,NOT_IN_WAREHOUSE_VOCABULARY | CAN_FIRE_ALONE | DIRECT_TARGET
ATOM,v5/config/shared/atoms/CARDIOLOGY.json,CARDIOLOGY,ATTRV | ATTRWT,pacemaker_presence,pacemaker presence,ICD10,Z95.0,Presence of cardiac pacemaker,1424,318,DIRECT_TARGET,True,SOURCE_CANDIDATE,EXACT,Require explicit pacemaker presence/interrogation language. Conduction disease or atrial arrhythmia alone must not create a pacemaker atom.,local,True,1.0,"cardiac, pacemaker",4,CODE_REUSED_IN_CONFIG | CAN_FIRE_ALONE | DIRECT_TARGET
ATOM,v5/config/shared/atoms/CARDIOLOGY.json,CARDIOLOGY,AL | ATTRWT,pseudo_infarct,Pseudo-infarction ECG pattern,ICD10,R94.31,Abnormal electrocardiogram [ECG] [EKG],16773,6593,DIRECT_TARGET,True,SOURCE_CANDIDATE,EXACT,Match only the canonical clinical concept 'Pseudo-infarction ECG pattern'. Do not broaden to related but clinically distinct findings.,local,True,0.25,ecg,2,CODE_REUSED_IN_CONFIG | CAN_FIRE_ALONE | DIRECT_TARGET
ATOM,v5/config/shared/atoms/CARDIOLOGY.json,CARDIOLOGY,AL | ATTRWT,pseudo_infarct,Pseudo-infarction ECG pattern,SNOMED_CT,164918000,,0,0,DIRECT_TARGET,True,SOURCE_CANDIDATE,EXACT,Match only the canonical clinical concept 'Pseudo-infarction ECG pattern'. Do not broaden to related but clinically distinct findings.,,,0.0,,1,NOT_IN_WAREHOUSE_VOCABULARY | CAN_FIRE_ALONE | DIRECT_TARGET
ATOM,v5/config/shared/atoms/CARDIOLOGY.json,CARDIOLOGY,AL | ATTRWT,pseudo_infarct,Pseudo-infarction ECG pattern,SNOMED_CT,164917005,,0,0,DIRECT_TARGET,True,SOURCE_CANDIDATE,EXACT,Match only the canonical clinical concept 'Pseudo-infarction ECG pattern'. Do not broaden to related but clinically distinct findings.,,,0.0,,1,NOT_IN_WAREHOUSE_VOCABULARY | CAN_FIRE_ALONE | DIRECT_TARGET
ATOM,v5/config/shared/atoms/CARDIOLOGY.json,CARDIOLOGY,ATTRWT,small_lv_cavity,Small left-ventricular cavity,SNOMED_CT,250929008,,0,0,DIRECT_TARGET,True,SOURCE_CANDIDATE,EXACT,Match only the canonical clinical concept 'Small left-ventricular cavity'. Do not broaden to related but clinically distinct findings.,,,0.0,,2,NOT_IN_WAREHOUSE_VOCABULARY | CODE_REUSED_IN_CONFIG | CAN_FIRE_ALONE | DIRECT_TARGET
ATOM,v5/config/shared/atoms/CARDIOLOGY.json,CARDIOLOGY,ATTRWT,small_lv_cavity,Small left-ventricular cavity,SNOMED_CT,250932006,,0,0,DIRECT_TARGET,True,SOURCE_CANDIDATE,EXACT,Match only the canonical clinical concept 'Small left-ventricular cavity'. Do not broaden to related but clinically distinct findings.,,,0.0,,2,NOT_IN_WAREHOUSE_VOCABULARY | CODE_REUSED_IN_CONFIG | CAN_FIRE_ALONE | DIRECT_TARGET
ATOM,v5/config/shared/atoms/CARDIOLOGY.json,CARDIOLOGY,ATTRWT,small_lv_cavity,Small left-ventricular cavity,SNOMED_CT,250931004,,0,0,DIRECT_TARGET,True,SOURCE_CANDIDATE,EXACT,Match only the canonical clinical concept 'Small left-ventricular cavity'. Do not broaden to related but clinically distinct findings.,,,0.0,,2,NOT_IN_WAREHOUSE_VOCABULARY | CODE_REUSED_IN_CONFIG | CAN_FIRE_ALONE | DIRECT_TARGET
ATOM,v5/config/shared/atoms/CARDIOLOGY.json,CARDIOLOGY,ATTRWT,tavr,Aortic valve replacement,ICD10,Z95.2,Presence of prosthetic heart valve,12383,1117,DIRECT_TARGET,True,SOURCE_CANDIDATE,EXACT,Match only the canonical clinical concept 'Aortic valve replacement'. Do not broaden to related but clinically distinct findings.,local,True,0.333,valve,1,CAN_FIRE_ALONE | DIRECT_TARGET
ATOM,v5/config/shared/atoms/CARDIOLOGY.json,CARDIOLOGY,ATTRWT,tavr,Aortic valve replacement,ICD10,Z95.3,Presence of xenogenic heart valve,598,95,DIRECT_TARGET,True,SOURCE_CANDIDATE,EXACT,Match only the canonical clinical concept 'Aortic valve replacement'. Do not broaden to related but clinically distinct findings.,local,True,0.333,valve,1,CAN_FIRE_ALONE | DIRECT_TARGET
ATOM,v5/config/shared/atoms/CARDIOLOGY.json,CARDIOLOGY,ATTRWT,tavr,Aortic valve replacement,ICD10,Z95.4,Presence of other heart-valve replacement,914,107,DIRECT_TARGET,True,SOURCE_CANDIDATE,EXACT,Match only the canonical clinical concept 'Aortic valve replacement'. Do not broaden to related but clinically distinct findings.,local,True,0.667,"replace, valve",1,CAN_FIRE_ALONE | DIRECT_TARGET
ATOM,v5/config/shared/atoms/CARDIOLOGY.json,CARDIOLOGY,ATTRWT,tavr,Aortic valve replacement,SNOMED_CT,773996000,,0,0,DIRECT_TARGET,True,SOURCE_CANDIDATE,EXACT,Match only the canonical clinical concept 'Aortic valve replacement'. Do not broaden to related but clinically distinct findings.,,,0.0,,1,NOT_IN_WAREHOUSE_VOCABULARY | CAN_FIRE_ALONE | DIRECT_TARGET
ATOM,v5/config/shared/atoms/CARDIOLOGY.json,CARDIOLOGY,ATTRWT,tavr,Aortic valve replacement,SNOMED_CT,26212005,,0,0,DIRECT_TARGET,True,SOURCE_CANDIDATE,EXACT,Match only the canonical clinical concept 'Aortic valve replacement'. Do not broaden to related but clinically distinct findings.,,,0.0,,1,NOT_IN_WAREHOUSE_VOCABULARY | CAN_FIRE_ALONE | DIRECT_TARGET
ATOM,v5/config/shared/atoms/CARDIOLOGY.json,CARDIOLOGY,AL | ATTRV | ATTRWT,thick_walls,Unexplained left-ventricular wall thickness / LVH,ICD10,I51.7,Cardiomegaly,8045,2300,DIRECT_TARGET,True,SOURCE_CANDIDATE,EXACT,"Match explicit increased LV wall thickness/LVH terminology only. HFpEF, diastolic heart failure, cardiomyopathy, and generic amyloid echo descriptors are separate findings.",local,True,0.0,,4,CODE_REUSED_IN_CONFIG | ZERO_LEXICAL_ALIGNMENT_REVIEW | CAN_FIRE_ALONE | DIRECT_TARGET
ATOM,v5/config/shared/atoms/CARDIOLOGY.json,CARDIOLOGY,AL | ATTRV | ATTRWT,thick_walls,Unexplained left-ventricular wall thickness / LVH,ICD10,I42.0,Dilated cardiomyopathy,2926,375,DIRECT_TARGET,True,SOURCE_CANDIDATE,EXACT,"Match explicit increased LV wall thickness/LVH terminology only. HFpEF, diastolic heart failure, cardiomyopathy, and generic amyloid echo descriptors are separate findings.",local,True,0.0,,2,CODE_REUSED_IN_CONFIG | ZERO_LEXICAL_ALIGNMENT_REVIEW | CAN_FIRE_ALONE | DIRECT_TARGET
ATOM,v5/config/shared/atoms/CARDIOLOGY.json,CARDIOLOGY,AL | ATTRV | ATTRWT,thick_walls,Unexplained left-ventricular wall thickness / LVH,ICD10,I42.1,Obstructive hypertrophic cardiomyopathy,2494,204,DIRECT_TARGET,True,SOURCE_CANDIDATE,EXACT,"Match explicit increased LV wall thickness/LVH terminology only. HFpEF, diastolic heart failure, cardiomyopathy, and generic amyloid echo descriptors are separate findings.",local,True,0.0,,4,CODE_REUSED_IN_CONFIG | ZERO_LEXICAL_ALIGNMENT_REVIEW | CAN_FIRE_ALONE | DIRECT_TARGET
ATOM,v5/config/shared/atoms/CARDIOLOGY.json,CARDIOLOGY,AL | ATTRV | ATTRWT,thick_walls,Unexplained left-ventricular wall thickness / LVH,ICD10,I42.2,Other hypertrophic cardiomyopathy,3940,318,DIRECT_TARGET,True,SOURCE_CANDIDATE,EXACT,"Match explicit increased LV wall thickness/LVH terminology only. HFpEF, diastolic heart failure, cardiomyopathy, and generic amyloid echo descriptors are separate findings.",local,True,0.0,,4,CODE_REUSED_IN_CONFIG | ZERO_LEXICAL_ALIGNMENT_REVIEW | CAN_FIRE_ALONE | DIRECT_TARGET
ATOM,v5/config/shared/atoms/CARDIOLOGY.json,CARDIOLOGY,AL | ATTRV | ATTRWT,thick_walls,Unexplained left-ventricular wall thickness / LVH,ICD10,I42.3,Endomyocardial (eosinophilic) disease,2,1,DIRECT_TARGET,True,SOURCE_CANDIDATE,EXACT,"Match explicit increased LV wall thickness/LVH terminology only. HFpEF, diastolic heart failure, cardiomyopathy, and generic amyloid echo descriptors are separate findings.",local,True,0.0,,1,ZERO_LEXICAL_ALIGNMENT_REVIEW | CAN_FIRE_ALONE | DIRECT_TARGET
ATOM,v5/config/shared/atoms/CARDIOLOGY.json,CARDIOLOGY,AL | ATTRV | ATTRWT,thick_walls,Unexplained left-ventricular wall thickness / LVH,ICD10,I42.4,Endocardial fibroelastosis,38,5,DIRECT_TARGET,True,SOURCE_CANDIDATE,EXACT,"Match explicit increased LV wall thickness/LVH terminology only. HFpEF, diastolic heart failure, cardiomyopathy, and generic amyloid echo descriptors are separate findings.",local,True,0.0,,1,ZERO_LEXICAL_ALIGNMENT_REVIEW | CAN_FIRE_ALONE | DIRECT_TARGET
ATOM,v5/config/shared/atoms/CARDIOLOGY.json,CARDIOLOGY,AL | ATTRV | ATTRWT,thick_walls,Unexplained left-ventricular wall thickness / LVH,ICD10,I42.5,Other restrictive cardiomyopathy,257,22,DIRECT_TARGET,True,SOURCE_CANDIDATE,EXACT,"Match explicit increased LV wall thickness/LVH terminology only. HFpEF, diastolic heart failure, cardiomyopathy, and generic amyloid echo descriptors are separate findings.",local,True,0.0,,2,CODE_REUSED_IN_CONFIG | ZERO_LEXICAL_ALIGNMENT_REVIEW | CAN_FIRE_ALONE | DIRECT_TARGET
ATOM,v5/config/shared/atoms/CARDIOLOGY.json,CARDIOLOGY,AL | ATTRV | ATTRWT,thick_walls,Unexplained left-ventricular wall thickness / LVH,ICD10,I42.6,Alcoholic cardiomyopathy,57,11,DIRECT_TARGET,True,SOURCE_CANDIDATE,EXACT,"Match explicit increased LV wall thickness/LVH terminology only. HFpEF, diastolic heart failure, cardiomyopathy, and generic amyloid echo descriptors are separate findings.",local,True,0.0,,2,CODE_REUSED_IN_CONFIG | ZERO_LEXICAL_ALIGNMENT_REVIEW | CAN_FIRE_ALONE | DIRECT_TARGET
ATOM,v5/config/shared/atoms/CARDIOLOGY.json,CARDIOLOGY,AL | ATTRV | ATTRWT,thick_walls,Unexplained left-ventricular wall thickness / LVH,ICD10,I42.7,Cardiomyopathy due to drug and external agent,562,81,DIRECT_TARGET,True,SOURCE_CANDIDATE,EXACT,"Match explicit increased LV wall thickness/LVH terminology only. HFpEF, diastolic heart failure, cardiomyopathy, and generic amyloid echo descriptors are separate findings.",local,True,0.0,,1,ZERO_LEXICAL_ALIGNMENT_REVIEW | CAN_FIRE_ALONE | DIRECT_TARGET
ATOM,v5/config/shared/atoms/CARDIOLOGY.json,CARDIOLOGY,AL | ATTRV | ATTRWT,thick_walls,Unexplained left-ventricular wall thickness / LVH,ICD10,I42.8,Other cardiomyopathies,6092,497,DIRECT_TARGET,True,SOURCE_CANDIDATE,EXACT,"Match explicit increased LV wall thickness/LVH terminology only. HFpEF, diastolic heart failure, cardiomyopathy, and generic amyloid echo descriptors are separate findings.",local,True,0.0,,2,CODE_REUSED_IN_CONFIG | ZERO_LEXICAL_ALIGNMENT_REVIEW | CAN_FIRE_ALONE | DIRECT_TARGET
ATOM,v5/config/shared/atoms/CARDIOLOGY.json,CARDIOLOGY,AL | ATTRV | ATTRWT,thick_walls,Unexplained left-ventricular wall thickness / LVH,ICD10,I42.9,"Cardiomyopathy, unspecified",5730,716,DIRECT_TARGET,True,SOURCE_CANDIDATE,EXACT,"Match explicit increased LV wall thickness/LVH terminology only. HFpEF, diastolic heart failure, cardiomyopathy, and generic amyloid echo descriptors are separate findings.",local,True,0.0,,3,CODE_REUSED_IN_CONFIG | ZERO_LEXICAL_ALIGNMENT_REVIEW | CAN_FIRE_ALONE | DIRECT_TARGET
ATOM,v5/config/shared/atoms/CARDIOLOGY.json,CARDIOLOGY,AL | ATTRV | ATTRWT,thick_walls,Unexplained left-ventricular wall thickness / LVH,ICD10,I50.32,Chronic diastolic (congestive) heart failure,23838,2077,DIRECT_TARGET,True,SOURCE_CANDIDATE,EXACT,"Match explicit increased LV wall thickness/LVH terminology only. HFpEF, diastolic heart failure, cardiomyopathy, and generic amyloid echo descriptors are separate findings.",local,True,0.0,,3,CODE_REUSED_IN_CONFIG | ZERO_LEXICAL_ALIGNMENT_REVIEW | CAN_FIRE_ALONE | DIRECT_TARGET
ATOM,v5/config/shared/atoms/CARDIOLOGY.json,CARDIOLOGY,AL | ATTRV | ATTRWT,thick_walls,Unexplained left-ventricular wall thickness / LVH,ICD10,I50.33,Acute on chronic diastolic (congestive) heart failure,5789,570,DIRECT_TARGET,True,SOURCE_CANDIDATE,EXACT,"Match explicit increased LV wall thickness/LVH terminology only. HFpEF, diastolic heart failure, cardiomyopathy, and generic amyloid echo descriptors are separate findings.",local,True,0.0,,2,CODE_REUSED_IN_CONFIG | ZERO_LEXICAL_ALIGNMENT_REVIEW | CAN_FIRE_ALONE | DIRECT_TARGET
ATOM,v5/config/shared/atoms/CARDIOLOGY.json,CARDIOLOGY,AL | ATTRV | ATTRWT,thick_walls,Unexplained left-ventricular wall thickness / LVH,SNOMED_CT,55827005,,0,0,DIRECT_TARGET,True,SOURCE_CANDIDATE,EXACT,"Match explicit increased LV wall thickness/LVH terminology only. HFpEF, diastolic heart failure, cardiomyopathy, and generic amyloid echo descriptors are separate findings.",,,0.0,,1,NOT_IN_WAREHOUSE_VOCABULARY | CAN_FIRE_ALONE | DIRECT_TARGET
ATOM,v5/config/shared/atoms/CARDIOLOGY.json,CARDIOLOGY,AL | ATTRV | ATTRWT,thick_walls,Unexplained left-ventricular wall thickness / LVH,SNOMED_CT,8186001,,0,0,DIRECT_TARGET,True,SOURCE_CANDIDATE,EXACT,"Match explicit increased LV wall thickness/LVH terminology only. HFpEF, diastolic heart failure, cardiomyopathy, and generic amyloid echo descriptors are separate findings.",,,0.0,,2,NOT_IN_WAREHOUSE_VOCABULARY | CODE_REUSED_IN_CONFIG | CAN_FIRE_ALONE | DIRECT_TARGET
ATOM,v5/config/shared/atoms/CARDIOLOGY.json,CARDIOLOGY,,wt09_competing_hf_cause,Competing cause of heart failure,ICD10,I10,Essential (primary) hypertension,1286844,71150,DIRECT_TARGET,True,SOURCE_CANDIDATE,EXACT,Use only as a documented competing explanation; it must be clearly established and sufficiently explanatory before it can block/down-weight a signal.,local,True,0.333,hypertension,5,CODE_REUSED_IN_CONFIG | CAN_FIRE_ALONE | DIRECT_TARGET
ATOM,v5/config/shared/atoms/CARDIOLOGY.json,CARDIOLOGY,,wt09_competing_hf_cause,Competing cause of heart failure,ICD10,I11.0,Hypertensive heart disease with heart failure,12226,2429,DIRECT_TARGET,True,SOURCE_CANDIDATE,EXACT,Use only as a documented competing explanation; it must be clearly established and sufficiently explanatory before it can block/down-weight a signal.,local,True,1.0,"failure, heart, hypertensive",5,CODE_REUSED_IN_CONFIG | CAN_FIRE_ALONE | DIRECT_TARGET
ATOM,v5/config/shared/atoms/CARDIOLOGY.json,CARDIOLOGY,,wt09_competing_hf_cause,Competing cause of heart failure,ICD10,I11.9,Hypertensive heart disease without heart failure,7874,827,DIRECT_TARGET,True,SOURCE_CANDIDATE,EXACT,Use only as a documented competing explanation; it must be clearly established and sufficiently explanatory before it can block/down-weight a signal.,local,True,1.0,"failure, heart, hypertensive",4,CODE_REUSED_IN_CONFIG | CAN_FIRE_ALONE | DIRECT_TARGET
ATOM,v5/config/shared/atoms/CARDIOLOGY.json,CARDIOLOGY,,wt09_competing_hf_cause,Competing cause of heart failure,ICD10,I13.0,"Hypertensive heart and chronic kidney disease with heart failure and stage 1 through stage 4 chronic kidney disease, or unspecified chronic kidney disease",3924,744,DIRECT_TARGET,True,SOURCE_CANDIDATE,EXACT,Use only as a documented competing explanation; it must be clearly established and sufficiently explanatory before it can block/down-weight a signal.,local,True,0.429,"failure, heart, hypertensive",1,CAN_FIRE_ALONE | DIRECT_TARGET
ATOM,v5/config/shared/atoms/CARDIOLOGY.json,CARDIOLOGY,,wt09_competing_hf_cause,Competing cause of heart failure,ICD10,I25.5,Ischemic cardiomyopathy,2233,416,DIRECT_TARGET,True,SOURCE_CANDIDATE,EXACT,Use only as a documented competing explanation; it must be clearly established and sufficiently explanatory before it can block/down-weight a signal.,local,True,0.5,ischemic,2,CODE_REUSED_IN_CONFIG | CAN_FIRE_ALONE | DIRECT_TARGET
ATOM,v5/config/shared/atoms/CARDIOLOGY.json,CARDIOLOGY,,wt09_competing_hf_cause,Competing cause of heart failure,ICD10,I35.0,Nonrheumatic aortic (valve) stenosis,25738,1666,DIRECT_TARGET,True,SOURCE_CANDIDATE,EXACT,Use only as a documented competing explanation; it must be clearly established and sufficiently explanatory before it can block/down-weight a signal.,local,True,0.0,,4,CODE_REUSED_IN_CONFIG | ZERO_LEXICAL_ALIGNMENT_REVIEW | CAN_FIRE_ALONE | DIRECT_TARGET
ATOM,v5/config/shared/atoms/CARDIOLOGY.json,CARDIOLOGY,,wt09_competing_hf_cause,Competing cause of heart failure,ICD10,I34.0,Nonrheumatic mitral (valve) insufficiency,12728,1187,DIRECT_TARGET,True,SOURCE_CANDIDATE,EXACT,Use only as a documented competing explanation; it must be clearly established and sufficiently explanatory before it can block/down-weight a signal.,local,True,0.0,,2,CODE_REUSED_IN_CONFIG | ZERO_LEXICAL_ALIGNMENT_REVIEW | CAN_FIRE_ALONE | DIRECT_TARGET
ATOM,v5/config/shared/atoms/CARDIOLOGY.json,CARDIOLOGY,,wt09_competing_hf_cause,Competing cause of heart failure,ICD10,I42.0,Dilated cardiomyopathy,2926,375,DIRECT_TARGET,True,SOURCE_CANDIDATE,EXACT,Use only as a documented competing explanation; it must be clearly established and sufficiently explanatory before it can block/down-weight a signal.,local,True,0.0,,2,CODE_REUSED_IN_CONFIG | ZERO_LEXICAL_ALIGNMENT_REVIEW | CAN_FIRE_ALONE | DIRECT_TARGET
ATOM,v5/config/shared/atoms/CARDIOLOGY.json,CARDIOLOGY,,wt09_competing_hf_cause,Competing cause of heart failure,ICD10,I42.1,Obstructive hypertrophic cardiomyopathy,2494,204,DIRECT_TARGET,True,SOURCE_CANDIDATE,EXACT,Use only as a documented competing explanation; it must be clearly established and sufficiently explanatory before it can block/down-weight a signal.,local,True,0.0,,4,CODE_REUSED_IN_CONFIG | ZERO_LEXICAL_ALIGNMENT_REVIEW | CAN_FIRE_ALONE | DIRECT_TARGET
ATOM,v5/config/shared/atoms/CARDIOLOGY.json,CARDIOLOGY,,wt09_competing_hf_cause,Competing cause of heart failure,SNOMED_CT,64715009,,0,0,DIRECT_TARGET,True,SOURCE_CANDIDATE,EXACT,Use only as a documented competing explanation; it must be clearly established and sufficiently explanatory before it can block/down-weight a signal.,,,0.0,,3,NOT_IN_WAREHOUSE_VOCABULARY | CODE_REUSED_IN_CONFIG | CAN_FIRE_ALONE | DIRECT_TARGET
ATOM,v5/config/shared/atoms/CARDIOLOGY.json,CARDIOLOGY,,wt09_competing_hf_cause,Competing cause of heart failure,SNOMED_CT,59621000,,0,0,DIRECT_TARGET,True,SOURCE_CANDIDATE,EXACT,Use only as a documented competing explanation; it must be clearly established and sufficiently explanatory before it can block/down-weight a signal.,,,0.0,,3,NOT_IN_WAREHOUSE_VOCABULARY | CODE_REUSED_IN_CONFIG | CAN_FIRE_ALONE | DIRECT_TARGET
ATOM,v5/config/shared/atoms/CARDIOLOGY.json,CARDIOLOGY,,wt09_competing_hf_cause,Competing cause of heart failure,SNOMED_CT,426856002,,0,0,DIRECT_TARGET,True,SOURCE_CANDIDATE,EXACT,Use only as a documented competing explanation; it must be clearly established and sufficiently explanatory before it can block/down-weight a signal.,,,0.0,,1,NOT_IN_WAREHOUSE_VOCABULARY | CAN_FIRE_ALONE | DIRECT_TARGET
ATOM,v5/config/shared/atoms/CARDIOLOGY.json,CARDIOLOGY,,wt09_competing_hf_cause,Competing cause of heart failure,SNOMED_CT,60573004,,0,0,DIRECT_TARGET,True,SOURCE_CANDIDATE,EXACT,Use only as a documented competing explanation; it must be clearly established and sufficiently explanatory before it can block/down-weight a signal.,,,0.0,,2,NOT_IN_WAREHOUSE_VOCABULARY | CODE_REUSED_IN_CONFIG | CAN_FIRE_ALONE | DIRECT_TARGET
ATOM,v5/config/shared/atoms/CARDIOLOGY.json,CARDIOLOGY,,wt09_competing_hf_cause,Competing cause of heart failure,SNOMED_CT,48724000,,0,0,DIRECT_TARGET,True,SOURCE_CANDIDATE,EXACT,Use only as a documented competing explanation; it must be clearly established and sufficiently explanatory before it can block/down-weight a signal.,,,0.0,,1,NOT_IN_WAREHOUSE_VOCABULARY | CAN_FIRE_ALONE | DIRECT_TARGET
ATOM,v5/config/shared/atoms/CARDIOLOGY.json,CARDIOLOGY,,wt09_competing_hf_cause,Competing cause of heart failure,SNOMED_CT,399020009,,0,0,DIRECT_TARGET,True,SOURCE_CANDIDATE,EXACT,Use only as a documented competing explanation; it must be clearly established and sufficiently explanatory before it can block/down-weight a signal.,,,0.0,,1,NOT_IN_WAREHOUSE_VOCABULARY | CAN_FIRE_ALONE | DIRECT_TARGET
ATOM,v5/config/shared/atoms/CARDIOLOGY.json,CARDIOLOGY,,wt09_competing_hf_cause,Competing cause of heart failure,SNOMED_CT,233873004,,0,0,DIRECT_TARGET,True,SOURCE_CANDIDATE,EXACT,Use only as a documented competing explanation; it must be clearly established and sufficiently explanatory before it can block/down-weight a signal.,,,0.0,,3,NOT_IN_WAREHOUSE_VOCABULARY | CODE_REUSED_IN_CONFIG | CAN_FIRE_ALONE | DIRECT_TARGET
ATOM,v5/config/shared/atoms/CARDIOLOGY.json,CARDIOLOGY,,wt09_competing_hf_cause,Competing cause of heart failure,SNOMED_CT,111000119104,,0,0,DIRECT_TARGET,True,SOURCE_CANDIDATE,EXACT,Use only as a documented competing explanation; it must be clearly established and sufficiently explanatory before it can block/down-weight a signal.,,,0.0,,1,NOT_IN_WAREHOUSE_VOCABULARY | CAN_FIRE_ALONE | DIRECT_TARGET
ATOM,v5/config/shared/atoms/CARDIOLOGY.json,CARDIOLOGY,,wt09_competing_hf_cause,Competing cause of heart failure,SNOMED_CT,703274008,,0,0,DIRECT_TARGET,True,SOURCE_CANDIDATE,EXACT,Use only as a documented competing explanation; it must be clearly established and sufficiently explanatory before it can block/down-weight a signal.,,,0.0,,1,NOT_IN_WAREHOUSE_VOCABULARY | CAN_FIRE_ALONE | DIRECT_TARGET
ATOM,v5/config/shared/atoms/CARDIOLOGY.json,CARDIOLOGY,,wt11_competing_af_cause,Competing cause of atrial fibrillation,ICD10,I10,Essential (primary) hypertension,1286844,71150,DIRECT_TARGET,True,SOURCE_CANDIDATE,EXACT,Use only as a documented competing explanation; it must be clearly established and sufficiently explanatory before it can block/down-weight a signal.,local,True,0.333,hypertension,5,CODE_REUSED_IN_CONFIG | CAN_FIRE_ALONE | DIRECT_TARGET
ATOM,v5/config/shared/atoms/CARDIOLOGY.json,CARDIOLOGY,,wt11_competing_af_cause,Competing cause of atrial fibrillation,ICD10,I34.9,"Nonrheumatic mitral valve disorder, unspecified",36,10,DIRECT_TARGET,True,SOURCE_CANDIDATE,EXACT,Use only as a documented competing explanation; it must be clearly established and sufficiently explanatory before it can block/down-weight a signal.,local,True,0.667,"mitral, valve",1,CAN_FIRE_ALONE | DIRECT_TARGET
ATOM,v5/config/shared/atoms/CARDIOLOGY.json,CARDIOLOGY,,wt11_competing_af_cause,Competing cause of atrial fibrillation,ICD10,I34.0,Nonrheumatic mitral (valve) insufficiency,12728,1187,DIRECT_TARGET,True,SOURCE_CANDIDATE,EXACT,Use only as a documented competing explanation; it must be clearly established and sufficiently explanatory before it can block/down-weight a signal.,local,True,0.5,"mitral, valve",2,CODE_REUSED_IN_CONFIG | CAN_FIRE_ALONE | DIRECT_TARGET
ATOM,v5/config/shared/atoms/CARDIOLOGY.json,CARDIOLOGY,,wt11_competing_af_cause,Competing cause of atrial fibrillation,ICD10,I05.0,Rheumatic mitral stenosis,2693,177,DIRECT_TARGET,True,SOURCE_CANDIDATE,EXACT,Use only as a documented competing explanation; it must be clearly established and sufficiently explanatory before it can block/down-weight a signal.,local,True,0.333,mitral,1,CAN_FIRE_ALONE | DIRECT_TARGET
ATOM,v5/config/shared/atoms/CARDIOLOGY.json,CARDIOLOGY,,wt11_competing_af_cause,Competing cause of atrial fibrillation,ICD10,E05.9,,0,0,DIRECT_TARGET,True,SOURCE_CANDIDATE,EXACT,Use only as a documented competing explanation; it must be clearly established and sufficiently explanatory before it can block/down-weight a signal.,,,0.0,,2,NOT_IN_WAREHOUSE_VOCABULARY | CODE_REUSED_IN_CONFIG | CAN_FIRE_ALONE | DIRECT_TARGET
ATOM,v5/config/shared/atoms/CARDIOLOGY.json,CARDIOLOGY,,wt11_competing_af_cause,Competing cause of atrial fibrillation,ICD10,G47.33,Obstructive sleep apnea (adult) (pediatric),188953,20072,DIRECT_TARGET,True,SOURCE_CANDIDATE,EXACT,Use only as a documented competing explanation; it must be clearly established and sufficiently explanatory before it can block/down-weight a signal.,local,True,0.4,"apnea, sleep",1,CAN_FIRE_ALONE | DIRECT_TARGET
ATOM,v5/config/shared/atoms/CARDIOLOGY.json,CARDIOLOGY,,wt11_competing_af_cause,Competing cause of atrial fibrillation,ICD10,E66.9,"Obesity, unspecified",34183,7295,DIRECT_TARGET,True,SOURCE_CANDIDATE,EXACT,Use only as a documented competing explanation; it must be clearly established and sufficiently explanatory before it can block/down-weight a signal.,local,True,1.0,obesity,2,CODE_REUSED_IN_CONFIG | CAN_FIRE_ALONE | DIRECT_TARGET
ATOM,v5/config/shared/atoms/CARDIOLOGY.json,CARDIOLOGY,,wt11_competing_af_cause,Competing cause of atrial fibrillation,ICD10,F10.20,"Alcohol dependence, uncomplicated",3509,580,DIRECT_TARGET,True,SOURCE_CANDIDATE,EXACT,Use only as a documented competing explanation; it must be clearly established and sufficiently explanatory before it can block/down-weight a signal.,local,True,0.333,alcohol,1,CAN_FIRE_ALONE | DIRECT_TARGET
ATOM,v5/config/shared/atoms/CARDIOLOGY.json,CARDIOLOGY,,wt11_competing_af_cause,Competing cause of atrial fibrillation,ICD10,I11.0,Hypertensive heart disease with heart failure,12226,2429,DIRECT_TARGET,True,SOURCE_CANDIDATE,EXACT,Use only as a documented competing explanation; it must be clearly established and sufficiently explanatory before it can block/down-weight a signal.,local,True,0.0,,5,CODE_REUSED_IN_CONFIG | ZERO_LEXICAL_ALIGNMENT_REVIEW | CAN_FIRE_ALONE | DIRECT_TARGET
ATOM,v5/config/shared/atoms/CARDIOLOGY.json,CARDIOLOGY,,wt11_competing_af_cause,Competing cause of atrial fibrillation,SNOMED_CT,59621000,,0,0,DIRECT_TARGET,True,SOURCE_CANDIDATE,EXACT,Use only as a documented competing explanation; it must be clearly established and sufficiently explanatory before it can block/down-weight a signal.,,,0.0,,3,NOT_IN_WAREHOUSE_VOCABULARY | CODE_REUSED_IN_CONFIG | CAN_FIRE_ALONE | DIRECT_TARGET
ATOM,v5/config/shared/atoms/CARDIOLOGY.json,CARDIOLOGY,,wt11_competing_af_cause,Competing cause of atrial fibrillation,SNOMED_CT,11851006,,0,0,DIRECT_TARGET,True,SOURCE_CANDIDATE,EXACT,Use only as a documented competing explanation; it must be clearly established and sufficiently explanatory before it can block/down-weight a signal.,,,0.0,,1,NOT_IN_WAREHOUSE_VOCABULARY | CAN_FIRE_ALONE | DIRECT_TARGET
ATOM,v5/config/shared/atoms/CARDIOLOGY.json,CARDIOLOGY,,wt11_competing_af_cause,Competing cause of atrial fibrillation,SNOMED_CT,34486009,,0,0,DIRECT_TARGET,True,SOURCE_CANDIDATE,EXACT,Use only as a documented competing explanation; it must be clearly established and sufficiently explanatory before it can block/down-weight a signal.,,,0.0,,2,NOT_IN_WAREHOUSE_VOCABULARY | CODE_REUSED_IN_CONFIG | CAN_FIRE_ALONE | DIRECT_TARGET
ATOM,v5/config/shared/atoms/CARDIOLOGY.json,CARDIOLOGY,,wt11_competing_af_cause,Competing cause of atrial fibrillation,SNOMED_CT,90739004,,0,0,DIRECT_TARGET,True,SOURCE_CANDIDATE,EXACT,Use only as a documented competing explanation; it must be clearly established and sufficiently explanatory before it can block/down-weight a signal.,,,0.0,,1,NOT_IN_WAREHOUSE_VOCABULARY | CAN_FIRE_ALONE | DIRECT_TARGET
ATOM,v5/config/shared/atoms/CARDIOLOGY.json,CARDIOLOGY,,wt11_competing_af_cause,Competing cause of atrial fibrillation,SNOMED_CT,78275009,,0,0,DIRECT_TARGET,True,SOURCE_CANDIDATE,EXACT,Use only as a documented competing explanation; it must be clearly established and sufficiently explanatory before it can block/down-weight a signal.,,,0.0,,1,NOT_IN_WAREHOUSE_VOCABULARY | CAN_FIRE_ALONE | DIRECT_TARGET
ATOM,v5/config/shared/atoms/CARDIOLOGY.json,CARDIOLOGY,,wt11_competing_af_cause,Competing cause of atrial fibrillation,SNOMED_CT,414916001,,0,0,DIRECT_TARGET,True,SOURCE_CANDIDATE,EXACT,Use only as a documented competing explanation; it must be clearly established and sufficiently explanatory before it can block/down-weight a signal.,,,0.0,,2,NOT_IN_WAREHOUSE_VOCABULARY | CODE_REUSED_IN_CONFIG | CAN_FIRE_ALONE | DIRECT_TARGET
ATOM,v5/config/shared/atoms/CARDIOLOGY.json,CARDIOLOGY,,wt11_competing_af_cause,Competing cause of atrial fibrillation,SNOMED_CT,1336085007,,0,0,DIRECT_TARGET,True,SOURCE_CANDIDATE,EXACT,Use only as a documented competing explanation; it must be clearly established and sufficiently explanatory before it can block/down-weight a signal.,,,0.0,,1,NOT_IN_WAREHOUSE_VOCABULARY | CAN_FIRE_ALONE | DIRECT_TARGET
ATOM,v5/config/shared/atoms/CARDIOLOGY.json,CARDIOLOGY,,wt12_competing_conduction_cause,Competing cause of conduction disease,ICD10,I25.9,"Chronic ischemic heart disease, unspecified",1455,239,DIRECT_TARGET,True,SOURCE_CANDIDATE,EXACT,Use only as a documented competing explanation; it must be clearly established and sufficiently explanatory before it can block/down-weight a signal.,local,True,0.333,ischemic,1,CAN_FIRE_ALONE | DIRECT_TARGET
ATOM,v5/config/shared/atoms/CARDIOLOGY.json,CARDIOLOGY,,wt12_competing_conduction_cause,Competing cause of conduction disease,ICD10,I25.10,Atherosclerotic heart disease of native coronary artery without angina pectoris,176883,10222,DIRECT_TARGET,True,SOURCE_CANDIDATE,EXACT,Use only as a documented competing explanation; it must be clearly established and sufficiently explanatory before it can block/down-weight a signal.,local,True,0.0,,1,ZERO_LEXICAL_ALIGNMENT_REVIEW | CAN_FIRE_ALONE | DIRECT_TARGET
ATOM,v5/config/shared/atoms/CARDIOLOGY.json,CARDIOLOGY,,wt12_competing_conduction_cause,Competing cause of conduction disease,ICD10,D86.89,Sarcoidosis of other sites,2389,30,DIRECT_TARGET,True,SOURCE_CANDIDATE,EXACT,Use only as a documented competing explanation; it must be clearly established and sufficiently explanatory before it can block/down-weight a signal.,local,True,0.5,sarcoidosi,1,CAN_FIRE_ALONE | DIRECT_TARGET
ATOM,v5/config/shared/atoms/CARDIOLOGY.json,CARDIOLOGY,,wt12_competing_conduction_cause,Competing cause of conduction disease,ICD10,A69.29,Other conditions associated with Lyme disease,13,3,DIRECT_TARGET,True,SOURCE_CANDIDATE,EXACT,Use only as a documented competing explanation; it must be clearly established and sufficiently explanatory before it can block/down-weight a signal.,local,True,0.5,lyme,1,CAN_FIRE_ALONE | DIRECT_TARGET
ATOM,v5/config/shared/atoms/CARDIOLOGY.json,CARDIOLOGY,,wt12_competing_conduction_cause,Competing cause of conduction disease,ICD10,I40.9,"Acute myocarditis, unspecified",177,21,DIRECT_TARGET,True,SOURCE_CANDIDATE,EXACT,Use only as a documented competing explanation; it must be clearly established and sufficiently explanatory before it can block/down-weight a signal.,local,True,0.0,,1,ZERO_LEXICAL_ALIGNMENT_REVIEW | CAN_FIRE_ALONE | DIRECT_TARGET
ATOM,v5/config/shared/atoms/CARDIOLOGY.json,CARDIOLOGY,,wt12_competing_conduction_cause,Competing cause of conduction disease,ICD10,R00.1,"Bradycardia, unspecified",20156,4324,DIRECT_TARGET,True,SOURCE_CANDIDATE,EXACT,Use only as a documented competing explanation; it must be clearly established and sufficiently explanatory before it can block/down-weight a signal.,local,True,0.0,,1,ZERO_LEXICAL_ALIGNMENT_REVIEW | CAN_FIRE_ALONE | DIRECT_TARGET
ATOM,v5/config/shared/atoms/CARDIOLOGY.json,CARDIOLOGY,,wt12_competing_conduction_cause,Competing cause of conduction disease,ICD10,I51.7,Cardiomegaly,8045,2300,DIRECT_TARGET,True,SOURCE_CANDIDATE,EXACT,Use only as a documented competing explanation; it must be clearly established and sufficiently explanatory before it can block/down-weight a signal.,local,True,0.0,,4,CODE_REUSED_IN_CONFIG | ZERO_LEXICAL_ALIGNMENT_REVIEW | CAN_FIRE_ALONE | DIRECT_TARGET
ATOM,v5/config/shared/atoms/CARDIOLOGY.json,CARDIOLOGY,,wt12_competing_conduction_cause,Competing cause of conduction disease,SNOMED_CT,414545008,,0,0,DIRECT_TARGET,True,SOURCE_CANDIDATE,EXACT,Use only as a documented competing explanation; it must be clearly established and sufficiently explanatory before it can block/down-weight a signal.,,,0.0,,1,NOT_IN_WAREHOUSE_VOCABULARY | CAN_FIRE_ALONE | DIRECT_TARGET
ATOM,v5/config/shared/atoms/CARDIOLOGY.json,CARDIOLOGY,,wt12_competing_conduction_cause,Competing cause of conduction disease,SNOMED_CT,413838009,,0,0,DIRECT_TARGET,True,SOURCE_CANDIDATE,EXACT,Use only as a documented competing explanation; it must be clearly established and sufficiently explanatory before it can block/down-weight a signal.,,,0.0,,1,NOT_IN_WAREHOUSE_VOCABULARY | CAN_FIRE_ALONE | DIRECT_TARGET
ATOM,v5/config/shared/atoms/CARDIOLOGY.json,CARDIOLOGY,,wt12_competing_conduction_cause,Competing cause of conduction disease,SNOMED_CT,75403004,,0,0,DIRECT_TARGET,True,SOURCE_CANDIDATE,EXACT,Use only as a documented competing explanation; it must be clearly established and sufficiently explanatory before it can block/down-weight a signal.,,,0.0,,1,NOT_IN_WAREHOUSE_VOCABULARY | CAN_FIRE_ALONE | DIRECT_TARGET
ATOM,v5/config/shared/atoms/CARDIOLOGY.json,CARDIOLOGY,,wt12_competing_conduction_cause,Competing cause of conduction disease,SNOMED_CT,77863005,,0,0,DIRECT_TARGET,True,SOURCE_CANDIDATE,EXACT,Use only as a documented competing explanation; it must be clearly established and sufficiently explanatory before it can block/down-weight a signal.,,,0.0,,1,NOT_IN_WAREHOUSE_VOCABULARY | CAN_FIRE_ALONE | DIRECT_TARGET
ATOM,v5/config/shared/atoms/CARDIOLOGY.json,CARDIOLOGY,,wt12_competing_conduction_cause,Competing cause of conduction disease,SNOMED_CT,50920009,,0,0,DIRECT_TARGET,True,SOURCE_CANDIDATE,EXACT,Use only as a documented competing explanation; it must be clearly established and sufficiently explanatory before it can block/down-weight a signal.,,,0.0,,1,NOT_IN_WAREHOUSE_VOCABULARY | CAN_FIRE_ALONE | DIRECT_TARGET
ATOM,v5/config/shared/atoms/CARDIOLOGY.json,CARDIOLOGY,,wt12_competing_conduction_cause,Competing cause of conduction disease,SNOMED_CT,397841007,,0,0,DIRECT_TARGET,True,SOURCE_CANDIDATE,EXACT,Use only as a documented competing explanation; it must be clearly established and sufficiently explanatory before it can block/down-weight a signal.,,,0.0,,1,NOT_IN_WAREHOUSE_VOCABULARY | CAN_FIRE_ALONE | DIRECT_TARGET
ATOM,v5/config/shared/atoms/CARDIOLOGY.json,CARDIOLOGY,,wt12_competing_conduction_cause,Competing cause of conduction disease,SNOMED_CT,1142110005,,0,0,DIRECT_TARGET,True,SOURCE_CANDIDATE,EXACT,Use only as a documented competing explanation; it must be clearly established and sufficiently explanatory before it can block/down-weight a signal.,,,0.0,,1,NOT_IN_WAREHOUSE_VOCABULARY | CAN_FIRE_ALONE | DIRECT_TARGET
ATOM,v5/config/shared/atoms/CARDIOLOGY.json,CARDIOLOGY,,wt13_sarcomeric_hcm,Sarcomeric HCM / hypertensive remodeling,ICD10,I42.2,Other hypertrophic cardiomyopathy,3940,318,DIRECT_TARGET,True,SOURCE_CANDIDATE,EXACT,Match only the canonical clinical concept 'Sarcomeric HCM / hypertensive remodeling'. Do not broaden to related but clinically distinct findings.,local,True,0.0,,4,CODE_REUSED_IN_CONFIG | ZERO_LEXICAL_ALIGNMENT_REVIEW | CAN_FIRE_ALONE | DIRECT_TARGET
ATOM,v5/config/shared/atoms/CARDIOLOGY.json,CARDIOLOGY,,wt13_sarcomeric_hcm,Sarcomeric HCM / hypertensive remodeling,ICD10,I11.9,Hypertensive heart disease without heart failure,7874,827,DIRECT_TARGET,True,SOURCE_CANDIDATE,EXACT,Match only the canonical clinical concept 'Sarcomeric HCM / hypertensive remodeling'. Do not broaden to related but clinically distinct findings.,local,True,0.333,hypertensive,4,CODE_REUSED_IN_CONFIG | CAN_FIRE_ALONE | DIRECT_TARGET
ATOM,v5/config/shared/atoms/CARDIOLOGY.json,CARDIOLOGY,,wt13_sarcomeric_hcm,Sarcomeric HCM / hypertensive remodeling,ICD10,I11.0,Hypertensive heart disease with heart failure,12226,2429,DIRECT_TARGET,True,SOURCE_CANDIDATE,EXACT,Match only the canonical clinical concept 'Sarcomeric HCM / hypertensive remodeling'. Do not broaden to related but clinically distinct findings.,local,True,0.333,hypertensive,5,CODE_REUSED_IN_CONFIG | CAN_FIRE_ALONE | DIRECT_TARGET
ATOM,v5/config/shared/atoms/CARDIOLOGY.json,CARDIOLOGY,,wt13_sarcomeric_hcm,Sarcomeric HCM / hypertensive remodeling,ICD10,I10,Essential (primary) hypertension,1286844,71150,DIRECT_TARGET,True,SOURCE_CANDIDATE,EXACT,Match only the canonical clinical concept 'Sarcomeric HCM / hypertensive remodeling'. Do not broaden to related but clinically distinct findings.,local,True,0.0,,5,CODE_REUSED_IN_CONFIG | ZERO_LEXICAL_ALIGNMENT_REVIEW | CAN_FIRE_ALONE | DIRECT_TARGET
ATOM,v5/config/shared/atoms/CARDIOLOGY.json,CARDIOLOGY,,wt13_sarcomeric_hcm,Sarcomeric HCM / hypertensive remodeling,ICD10,Z82.41,Family history of sudden cardiac death,161,49,DIRECT_TARGET,True,SOURCE_CANDIDATE,EXACT,Match only the canonical clinical concept 'Sarcomeric HCM / hypertensive remodeling'. Do not broaden to related but clinically distinct findings.,local,True,0.75,"death, family, sudden",1,CAN_FIRE_ALONE | DIRECT_TARGET
ATOM,v5/config/shared/atoms/CARDIOLOGY.json,CARDIOLOGY,,wt13_sarcomeric_hcm,Sarcomeric HCM / hypertensive remodeling,ICD10,Z82.49,Family history of ischemic heart disease and other diseases of the circulatory system,3501,977,DIRECT_TARGET,True,SOURCE_CANDIDATE,EXACT,Match only the canonical clinical concept 'Sarcomeric HCM / hypertensive remodeling'. Do not broaden to related but clinically distinct findings.,local,True,0.167,family,1,LOW_LEXICAL_ALIGNMENT_REVIEW | CAN_FIRE_ALONE | DIRECT_TARGET
ATOM,v5/config/shared/atoms/CARDIOLOGY.json,CARDIOLOGY,,wt13_sarcomeric_hcm,Sarcomeric HCM / hypertensive remodeling,SNOMED_CT,83978005,,0,0,DIRECT_TARGET,True,SOURCE_CANDIDATE,EXACT,Match only the canonical clinical concept 'Sarcomeric HCM / hypertensive remodeling'. Do not broaden to related but clinically distinct findings.,,,0.0,,1,NOT_IN_WAREHOUSE_VOCABULARY | CAN_FIRE_ALONE | DIRECT_TARGET
ATOM,v5/config/shared/atoms/CARDIOLOGY.json,CARDIOLOGY,,wt13_sarcomeric_hcm,Sarcomeric HCM / hypertensive remodeling,SNOMED_CT,64715009,,0,0,DIRECT_TARGET,True,SOURCE_CANDIDATE,EXACT,Match only the canonical clinical concept 'Sarcomeric HCM / hypertensive remodeling'. Do not broaden to related but clinically distinct findings.,,,0.0,,3,NOT_IN_WAREHOUSE_VOCABULARY | CODE_REUSED_IN_CONFIG | CAN_FIRE_ALONE | DIRECT_TARGET
ATOM,v5/config/shared/atoms/CARDIOLOGY.json,CARDIOLOGY,,wt18_competing_hypotension,Competing cause of falling blood pressure,ICD10,E86.0,Dehydration,16563,2392,DIRECT_TARGET,True,SOURCE_CANDIDATE,EXACT,Use only as a documented competing explanation; it must be clearly established and sufficiently explanatory before it can block/down-weight a signal.,local,True,1.0,dehydr,2,CODE_REUSED_IN_CONFIG | CAN_FIRE_ALONE | DIRECT_TARGET
ATOM,v5/config/shared/atoms/CARDIOLOGY.json,CARDIOLOGY,,wt18_competing_hypotension,Competing cause of falling blood pressure,ICD10,E86.9,"Volume depletion, unspecified",948,119,DIRECT_TARGET,True,SOURCE_CANDIDATE,EXACT,Use only as a documented competing explanation; it must be clearly established and sufficiently explanatory before it can block/down-weight a signal.,local,True,0.0,,2,CODE_REUSED_IN_CONFIG | ZERO_LEXICAL_ALIGNMENT_REVIEW | CAN_FIRE_ALONE | DIRECT_TARGET
ATOM,v5/config/shared/atoms/CARDIOLOGY.json,CARDIOLOGY,,wt18_competing_hypotension,Competing cause of falling blood pressure,ICD10,N18.9,"Chronic kidney disease, unspecified",48174,1876,DIRECT_TARGET,True,SOURCE_CANDIDATE,EXACT,Use only as a documented competing explanation; it must be clearly established and sufficiently explanatory before it can block/down-weight a signal.,local,True,0.0,,7,CODE_REUSED_IN_CONFIG | ZERO_LEXICAL_ALIGNMENT_REVIEW | CAN_FIRE_ALONE | DIRECT_TARGET
ATOM,v5/config/shared/atoms/CARDIOLOGY.json,CARDIOLOGY,,wt18_competing_hypotension,Competing cause of falling blood pressure,ICD10,R54,Age-related physical debility,1318,254,DIRECT_TARGET,True,SOURCE_CANDIDATE,EXACT,Use only as a documented competing explanation; it must be clearly established and sufficiently explanatory before it can block/down-weight a signal.,local,True,0.0,,1,ZERO_LEXICAL_ALIGNMENT_REVIEW | CAN_FIRE_ALONE | DIRECT_TARGET
ATOM,v5/config/shared/atoms/CARDIOLOGY.json,CARDIOLOGY,,wt18_competing_hypotension,Competing cause of falling blood pressure,ICD10,A41.9,"Sepsis, unspecified organism",139614,7416,DIRECT_TARGET,True,SOURCE_CANDIDATE,EXACT,Use only as a documented competing explanation; it must be clearly established and sufficiently explanatory before it can block/down-weight a signal.,local,True,0.0,,3,CODE_REUSED_IN_CONFIG | ZERO_LEXICAL_ALIGNMENT_REVIEW | CAN_FIRE_ALONE | DIRECT_TARGET
ATOM,v5/config/shared/atoms/CARDIOLOGY.json,CARDIOLOGY,,wt18_competing_hypotension,Competing cause of falling blood pressure,ICD10,G90.9,"Disorder of the autonomic nervous system, unspecified",586,85,DIRECT_TARGET,True,SOURCE_CANDIDATE,EXACT,Use only as a documented competing explanation; it must be clearly established and sufficiently explanatory before it can block/down-weight a signal.,local,True,0.333,autonomic,3,CODE_REUSED_IN_CONFIG | CAN_FIRE_ALONE | DIRECT_TARGET
ATOM,v5/config/shared/atoms/CARDIOLOGY.json,CARDIOLOGY,,wt18_competing_hypotension,Competing cause of falling blood pressure,ICD10,R63.4,Abnormal weight loss,22078,3558,DIRECT_TARGET,True,SOURCE_CANDIDATE,EXACT,Use only as a documented competing explanation; it must be clearly established and sufficiently explanatory before it can block/down-weight a signal.,local,True,0.667,"loss, weight",2,CODE_REUSED_IN_CONFIG | CAN_FIRE_ALONE | DIRECT_TARGET
ATOM,v5/config/shared/atoms/CARDIOLOGY.json,CARDIOLOGY,,wt18_competing_hypotension,Competing cause of falling blood pressure,ICD10,I95.2,Hypotension due to drugs,1167,214,DIRECT_TARGET,True,SOURCE_CANDIDATE,EXACT,Use only as a documented competing explanation; it must be clearly established and sufficiently explanatory before it can block/down-weight a signal.,local,True,0.5,hypotension,2,CODE_REUSED_IN_CONFIG | CAN_FIRE_ALONE | DIRECT_TARGET
ATOM,v5/config/shared/atoms/CARDIOLOGY.json,CARDIOLOGY,,wt18_competing_hypotension,Competing cause of falling blood pressure,SNOMED_CT,34095006,,0,0,DIRECT_TARGET,True,SOURCE_CANDIDATE,EXACT,Use only as a documented competing explanation; it must be clearly established and sufficiently explanatory before it can block/down-weight a signal.,,,0.0,,2,NOT_IN_WAREHOUSE_VOCABULARY | CODE_REUSED_IN_CONFIG | CAN_FIRE_ALONE | DIRECT_TARGET
ATOM,v5/config/shared/atoms/CARDIOLOGY.json,CARDIOLOGY,,wt18_competing_hypotension,Competing cause of falling blood pressure,SNOMED_CT,248279007,,0,0,DIRECT_TARGET,True,SOURCE_CANDIDATE,EXACT,Use only as a documented competing explanation; it must be clearly established and sufficiently explanatory before it can block/down-weight a signal.,,,0.0,,1,NOT_IN_WAREHOUSE_VOCABULARY | CAN_FIRE_ALONE | DIRECT_TARGET
ATOM,v5/config/shared/atoms/CARDIOLOGY.json,CARDIOLOGY,,wt18_competing_hypotension,Competing cause of falling blood pressure,SNOMED_CT,709044004,,0,0,DIRECT_TARGET,True,SOURCE_CANDIDATE,EXACT,Use only as a documented competing explanation; it must be clearly established and sufficiently explanatory before it can block/down-weight a signal.,,,0.0,,3,NOT_IN_WAREHOUSE_VOCABULARY | CODE_REUSED_IN_CONFIG | CAN_FIRE_ALONE | DIRECT_TARGET
ATOM,v5/config/shared/atoms/CARDIOLOGY.json,CARDIOLOGY,,wt18_competing_hypotension,Competing cause of falling blood pressure,SNOMED_CT,277879009,,0,0,DIRECT_TARGET,True,SOURCE_CANDIDATE,EXACT,Use only as a documented competing explanation; it must be clearly established and sufficiently explanatory before it can block/down-weight a signal.,,,0.0,,1,NOT_IN_WAREHOUSE_VOCABULARY | CAN_FIRE_ALONE | DIRECT_TARGET
ATOM,v5/config/shared/atoms/CARDIOLOGY.json,CARDIOLOGY,,wt18_competing_hypotension,Competing cause of falling blood pressure,SNOMED_CT,262285001,,0,0,DIRECT_TARGET,True,SOURCE_CANDIDATE,EXACT,Use only as a documented competing explanation; it must be clearly established and sufficiently explanatory before it can block/down-weight a signal.,,,0.0,,1,NOT_IN_WAREHOUSE_VOCABULARY | CAN_FIRE_ALONE | DIRECT_TARGET
ATOM,v5/config/shared/atoms/CARDIOLOGY.json,CARDIOLOGY,,wt18_competing_hypotension,Competing cause of falling blood pressure,SNOMED_CT,31031000119102,,0,0,DIRECT_TARGET,True,SOURCE_CANDIDATE,EXACT,Use only as a documented competing explanation; it must be clearly established and sufficiently explanatory before it can block/down-weight a signal.,,,0.0,,1,NOT_IN_WAREHOUSE_VOCABULARY | CAN_FIRE_ALONE | DIRECT_TARGET
ATOM,v5/config/shared/atoms/CARDIOLOGY.json,CARDIOLOGY,,wt18_competing_hypotension,Competing cause of falling blood pressure,SNOMED_CT,91302008,,0,0,DIRECT_TARGET,True,SOURCE_CANDIDATE,EXACT,Use only as a documented competing explanation; it must be clearly established and sufficiently explanatory before it can block/down-weight a signal.,,,0.0,,3,NOT_IN_WAREHOUSE_VOCABULARY | CODE_REUSED_IN_CONFIG | CAN_FIRE_ALONE | DIRECT_TARGET
ATOM,v5/config/shared/atoms/CARDIOLOGY.json,CARDIOLOGY,,al17_competing_biomarker,Competing cause of cardiac biomarker elevation,ICD10,A41.9,"Sepsis, unspecified organism",139614,7416,DIRECT_TARGET,True,SOURCE_CANDIDATE,EXACT,Use only as a clearly documented competing explanation that adequately explains the target finding; FALSE or UNKNOWN must not block.,local,True,0.5,sepsi,3,CODE_REUSED_IN_CONFIG | CAN_FIRE_ALONE | DIRECT_TARGET
ATOM,v5/config/shared/atoms/CARDIOLOGY.json,CARDIOLOGY,,al17_competing_biomarker,Competing cause of cardiac biomarker elevation,ICD10,I21.9,"Acute myocardial infarction, unspecified",1018,158,DIRECT_TARGET,True,SOURCE_CANDIDATE,EXACT,Use only as a clearly documented competing explanation that adequately explains the target finding; FALSE or UNKNOWN must not block.,local,True,1.0,"acute, infarction, myocardial",1,CAN_FIRE_ALONE | DIRECT_TARGET
ATOM,v5/config/shared/atoms/CARDIOLOGY.json,CARDIOLOGY,,al17_competing_biomarker,Competing cause of cardiac biomarker elevation,ICD10,I26.99,Other pulmonary embolism without acute cor pulmonale,14912,1086,DIRECT_TARGET,True,SOURCE_CANDIDATE,EXACT,Use only as a clearly documented competing explanation that adequately explains the target finding; FALSE or UNKNOWN must not block.,local,True,0.2,acute,3,CODE_REUSED_IN_CONFIG | CAN_FIRE_ALONE | DIRECT_TARGET
ATOM,v5/config/shared/atoms/CARDIOLOGY.json,CARDIOLOGY,,al17_competing_biomarker,Competing cause of cardiac biomarker elevation,ICD10,I48.91,Unspecified atrial fibrillation,47508,3798,DIRECT_TARGET,True,SOURCE_CANDIDATE,EXACT,Use only as a clearly documented competing explanation that adequately explains the target finding; FALSE or UNKNOWN must not block.,local,True,1.0,"atrial, fibrill",3,CODE_REUSED_IN_CONFIG | CAN_FIRE_ALONE | DIRECT_TARGET
ATOM,v5/config/shared/atoms/CARDIOLOGY.json,CARDIOLOGY,,al17_competing_biomarker,Competing cause of cardiac biomarker elevation,ICD10,N18.4,"Chronic kidney disease, stage 4 (severe)",61150,2206,DIRECT_TARGET,True,SOURCE_CANDIDATE,EXACT,Use only as a clearly documented competing explanation that adequately explains the target finding; FALSE or UNKNOWN must not block.,local,True,0.0,,4,CODE_REUSED_IN_CONFIG | ZERO_LEXICAL_ALIGNMENT_REVIEW | CAN_FIRE_ALONE | DIRECT_TARGET
ATOM,v5/config/shared/atoms/CARDIOLOGY.json,CARDIOLOGY,,al17_competing_biomarker,Competing cause of cardiac biomarker elevation,ICD10,N18.5,"Chronic kidney disease, stage 5",53561,1260,DIRECT_TARGET,True,SOURCE_CANDIDATE,EXACT,Use only as a clearly documented competing explanation that adequately explains the target finding; FALSE or UNKNOWN must not block.,local,True,0.0,,4,CODE_REUSED_IN_CONFIG | ZERO_LEXICAL_ALIGNMENT_REVIEW | CAN_FIRE_ALONE | DIRECT_TARGET
ATOM,v5/config/shared/atoms/CARDIOLOGY.json,CARDIOLOGY,,al17_competing_biomarker,Competing cause of cardiac biomarker elevation,ICD10,N18.9,"Chronic kidney disease, unspecified",48174,1876,DIRECT_TARGET,True,SOURCE_CANDIDATE,EXACT,Use only as a clearly documented competing explanation that adequately explains the target finding; FALSE or UNKNOWN must not block.,local,True,0.0,,7,CODE_REUSED_IN_CONFIG | ZERO_LEXICAL_ALIGNMENT_REVIEW | CAN_FIRE_ALONE | DIRECT_TARGET
ATOM,v5/config/shared/atoms/CARDIOLOGY.json,CARDIOLOGY,,al17_competing_biomarker,Competing cause of cardiac biomarker elevation,SNOMED_CT,394659003,,0,0,DIRECT_TARGET,True,SOURCE_CANDIDATE,EXACT,Use only as a clearly documented competing explanation that adequately explains the target finding; FALSE or UNKNOWN must not block.,,,0.0,,1,NOT_IN_WAREHOUSE_VOCABULARY | CAN_FIRE_ALONE | DIRECT_TARGET
ATOM,v5/config/shared/atoms/CARDIOLOGY.json,CARDIOLOGY,,al17_competing_biomarker,Competing cause of cardiac biomarker elevation,SNOMED_CT,49436004,,0,0,DIRECT_TARGET,True,SOURCE_CANDIDATE,EXACT,Use only as a clearly documented competing explanation that adequately explains the target finding; FALSE or UNKNOWN must not block.,,,0.0,,3,NOT_IN_WAREHOUSE_VOCABULARY | CODE_REUSED_IN_CONFIG | CAN_FIRE_ALONE | DIRECT_TARGET
ATOM,v5/config/shared/atoms/CARDIOLOGY.json,CARDIOLOGY,,al17_competing_biomarker,Competing cause of cardiac biomarker elevation,SNOMED_CT,59282003,,0,0,DIRECT_TARGET,True,SOURCE_CANDIDATE,EXACT,Use only as a clearly documented competing explanation that adequately explains the target finding; FALSE or UNKNOWN must not block.,,,0.0,,3,NOT_IN_WAREHOUSE_VOCABULARY | CODE_REUSED_IN_CONFIG | CAN_FIRE_ALONE | DIRECT_TARGET
ATOM,v5/config/shared/atoms/CARDIOLOGY.json,CARDIOLOGY,,al17_competing_biomarker,Competing cause of cardiac biomarker elevation,SNOMED_CT,709044004,,0,0,DIRECT_TARGET,True,SOURCE_CANDIDATE,EXACT,Use only as a clearly documented competing explanation that adequately explains the target finding; FALSE or UNKNOWN must not block.,,,0.0,,3,NOT_IN_WAREHOUSE_VOCABULARY | CODE_REUSED_IN_CONFIG | CAN_FIRE_ALONE | DIRECT_TARGET
ATOM,v5/config/shared/atoms/CARDIOLOGY.json,CARDIOLOGY,,al17_competing_biomarker,Competing cause of cardiac biomarker elevation,SNOMED_CT,91302008,,0,0,DIRECT_TARGET,True,SOURCE_CANDIDATE,EXACT,Use only as a clearly documented competing explanation that adequately explains the target finding; FALSE or UNKNOWN must not block.,,,0.0,,3,NOT_IN_WAREHOUSE_VOCABULARY | CODE_REUSED_IN_CONFIG | CAN_FIRE_ALONE | DIRECT_TARGET
ATOM,v5/config/shared/atoms/CARDIOLOGY.json,CARDIOLOGY,,al20_competing_dyspnea,Competing cause of dyspnea,ICD10,D64.9,"Anemia, unspecified",110557,11621,DIRECT_TARGET,True,SOURCE_CANDIDATE,EXACT,Use only as a clearly documented competing explanation that adequately explains the target finding; FALSE or UNKNOWN must not block.,local,True,1.0,anemia,2,CODE_REUSED_IN_CONFIG | CAN_FIRE_ALONE | DIRECT_TARGET
ATOM,v5/config/shared/atoms/CARDIOLOGY.json,CARDIOLOGY,,al20_competing_dyspnea,Competing cause of dyspnea,ICD10,E66.9,"Obesity, unspecified",34183,7295,DIRECT_TARGET,True,SOURCE_CANDIDATE,EXACT,Use only as a clearly documented competing explanation that adequately explains the target finding; FALSE or UNKNOWN must not block.,local,True,1.0,obesity,2,CODE_REUSED_IN_CONFIG | CAN_FIRE_ALONE | DIRECT_TARGET
ATOM,v5/config/shared/atoms/CARDIOLOGY.json,CARDIOLOGY,,al20_competing_dyspnea,Competing cause of dyspnea,ICD10,I26.99,Other pulmonary embolism without acute cor pulmonale,14912,1086,DIRECT_TARGET,True,SOURCE_CANDIDATE,EXACT,Use only as a clearly documented competing explanation that adequately explains the target finding; FALSE or UNKNOWN must not block.,local,True,0.4,"embolism, pulmonary",3,CODE_REUSED_IN_CONFIG | CAN_FIRE_ALONE | DIRECT_TARGET
ATOM,v5/config/shared/atoms/CARDIOLOGY.json,CARDIOLOGY,,al20_competing_dyspnea,Competing cause of dyspnea,ICD10,I50.9,"Heart failure, unspecified",60615,5219,DIRECT_TARGET,True,SOURCE_CANDIDATE,EXACT,Use only as a clearly documented competing explanation that adequately explains the target finding; FALSE or UNKNOWN must not block.,local,True,0.0,,5,CODE_REUSED_IN_CONFIG | ZERO_LEXICAL_ALIGNMENT_REVIEW | CAN_FIRE_ALONE | DIRECT_TARGET
ATOM,v5/config/shared/atoms/CARDIOLOGY.json,CARDIOLOGY,,al20_competing_dyspnea,Competing cause of dyspnea,ICD10,J44.9,"Chronic obstructive pulmonary disease, unspecified",67873,2957,DIRECT_TARGET,True,SOURCE_CANDIDATE,EXACT,Use only as a clearly documented competing explanation that adequately explains the target finding; FALSE or UNKNOWN must not block.,local,True,0.333,pulmonary,1,CAN_FIRE_ALONE | DIRECT_TARGET
ATOM,v5/config/shared/atoms/CARDIOLOGY.json,CARDIOLOGY,,al20_competing_dyspnea,Competing cause of dyspnea,ICD10,J45.909,"Unspecified asthma, uncomplicated",21382,3680,DIRECT_TARGET,True,SOURCE_CANDIDATE,EXACT,Use only as a clearly documented competing explanation that adequately explains the target finding; FALSE or UNKNOWN must not block.,local,True,0.5,asthma,1,CAN_FIRE_ALONE | DIRECT_TARGET
ATOM,v5/config/shared/atoms/CARDIOLOGY.json,CARDIOLOGY,,al20_competing_dyspnea,Competing cause of dyspnea,ICD10,J84.9,"Interstitial pulmonary disease, unspecified",93007,1283,DIRECT_TARGET,True,SOURCE_CANDIDATE,EXACT,Use only as a clearly documented competing explanation that adequately explains the target finding; FALSE or UNKNOWN must not block.,local,True,0.5,pulmonary,1,CAN_FIRE_ALONE | DIRECT_TARGET
ATOM,v5/config/shared/atoms/CARDIOLOGY.json,CARDIOLOGY,,al20_competing_dyspnea,Competing cause of dyspnea,SNOMED_CT,13645005,,0,0,DIRECT_TARGET,True,SOURCE_CANDIDATE,EXACT,Use only as a clearly documented competing explanation that adequately explains the target finding; FALSE or UNKNOWN must not block.,,,0.0,,1,NOT_IN_WAREHOUSE_VOCABULARY | CAN_FIRE_ALONE | DIRECT_TARGET
ATOM,v5/config/shared/atoms/CARDIOLOGY.json,CARDIOLOGY,,al20_competing_dyspnea,Competing cause of dyspnea,SNOMED_CT,195967001,,0,0,DIRECT_TARGET,True,SOURCE_CANDIDATE,EXACT,Use only as a clearly documented competing explanation that adequately explains the target finding; FALSE or UNKNOWN must not block.,,,0.0,,1,NOT_IN_WAREHOUSE_VOCABULARY | CAN_FIRE_ALONE | DIRECT_TARGET
ATOM,v5/config/shared/atoms/CARDIOLOGY.json,CARDIOLOGY,,al20_competing_dyspnea,Competing cause of dyspnea,SNOMED_CT,233703007,,0,0,DIRECT_TARGET,True,SOURCE_CANDIDATE,EXACT,Use only as a clearly documented competing explanation that adequately explains the target finding; FALSE or UNKNOWN must not block.,,,0.0,,1,NOT_IN_WAREHOUSE_VOCABULARY | CAN_FIRE_ALONE | DIRECT_TARGET
ATOM,v5/config/shared/atoms/CARDIOLOGY.json,CARDIOLOGY,,al20_competing_dyspnea,Competing cause of dyspnea,SNOMED_CT,271737000,,0,0,DIRECT_TARGET,True,SOURCE_CANDIDATE,EXACT,Use only as a clearly documented competing explanation that adequately explains the target finding; FALSE or UNKNOWN must not block.,,,0.0,,2,NOT_IN_WAREHOUSE_VOCABULARY | CODE_REUSED_IN_CONFIG | CAN_FIRE_ALONE | DIRECT_TARGET
ATOM,v5/config/shared/atoms/CARDIOLOGY.json,CARDIOLOGY,,al20_competing_dyspnea,Competing cause of dyspnea,SNOMED_CT,414916001,,0,0,DIRECT_TARGET,True,SOURCE_CANDIDATE,EXACT,Use only as a clearly documented competing explanation that adequately explains the target finding; FALSE or UNKNOWN must not block.,,,0.0,,2,NOT_IN_WAREHOUSE_VOCABULARY | CODE_REUSED_IN_CONFIG | CAN_FIRE_ALONE | DIRECT_TARGET
ATOM,v5/config/shared/atoms/CARDIOLOGY.json,CARDIOLOGY,,al20_competing_dyspnea,Competing cause of dyspnea,SNOMED_CT,59282003,,0,0,DIRECT_TARGET,True,SOURCE_CANDIDATE,EXACT,Use only as a clearly documented competing explanation that adequately explains the target finding; FALSE or UNKNOWN must not block.,,,0.0,,3,NOT_IN_WAREHOUSE_VOCABULARY | CODE_REUSED_IN_CONFIG | CAN_FIRE_ALONE | DIRECT_TARGET
ATOM,v5/config/shared/atoms/CARDIOLOGY.json,CARDIOLOGY,,al29_competing_hypotension,Competing cause of hypotension or syncope,ICD10,A41.9,"Sepsis, unspecified organism",139614,7416,DIRECT_TARGET,True,SOURCE_CANDIDATE,EXACT,Use only as a clearly documented competing explanation that adequately explains the target finding; FALSE or UNKNOWN must not block.,local,True,0.5,sepsi,3,CODE_REUSED_IN_CONFIG | CAN_FIRE_ALONE | DIRECT_TARGET
ATOM,v5/config/shared/atoms/CARDIOLOGY.json,CARDIOLOGY,,al29_competing_hypotension,Competing cause of hypotension or syncope,ICD10,D64.9,"Anemia, unspecified",110557,11621,DIRECT_TARGET,True,SOURCE_CANDIDATE,EXACT,Use only as a clearly documented competing explanation that adequately explains the target finding; FALSE or UNKNOWN must not block.,local,True,1.0,anemia,2,CODE_REUSED_IN_CONFIG | CAN_FIRE_ALONE | DIRECT_TARGET
ATOM,v5/config/shared/atoms/CARDIOLOGY.json,CARDIOLOGY,,al29_competing_hypotension,Competing cause of hypotension or syncope,ICD10,E27.40,Unspecified adrenocortical insufficiency,2844,306,DIRECT_TARGET,True,SOURCE_CANDIDATE,EXACT,Use only as a clearly documented competing explanation that adequately explains the target finding; FALSE or UNKNOWN must not block.,local,True,0.5,insufficiency,1,CAN_FIRE_ALONE | DIRECT_TARGET
ATOM,v5/config/shared/atoms/CARDIOLOGY.json,CARDIOLOGY,,al29_competing_hypotension,Competing cause of hypotension or syncope,ICD10,E86.0,Dehydration,16563,2392,DIRECT_TARGET,True,SOURCE_CANDIDATE,EXACT,Use only as a clearly documented competing explanation that adequately explains the target finding; FALSE or UNKNOWN must not block.,local,True,1.0,dehydr,2,CODE_REUSED_IN_CONFIG | CAN_FIRE_ALONE | DIRECT_TARGET
ATOM,v5/config/shared/atoms/CARDIOLOGY.json,CARDIOLOGY,,al29_competing_hypotension,Competing cause of hypotension or syncope,ICD10,E86.9,"Volume depletion, unspecified",948,119,DIRECT_TARGET,True,SOURCE_CANDIDATE,EXACT,Use only as a clearly documented competing explanation that adequately explains the target finding; FALSE or UNKNOWN must not block.,local,True,0.0,,2,CODE_REUSED_IN_CONFIG | ZERO_LEXICAL_ALIGNMENT_REVIEW | CAN_FIRE_ALONE | DIRECT_TARGET
ATOM,v5/config/shared/atoms/CARDIOLOGY.json,CARDIOLOGY,,al29_competing_hypotension,Competing cause of hypotension or syncope,ICD10,I49.9,"Cardiac arrhythmia, unspecified",4206,1005,DIRECT_TARGET,True,SOURCE_CANDIDATE,EXACT,Use only as a clearly documented competing explanation that adequately explains the target finding; FALSE or UNKNOWN must not block.,local,True,0.5,arrhythmia,1,CAN_FIRE_ALONE | DIRECT_TARGET
ATOM,v5/config/shared/atoms/CARDIOLOGY.json,CARDIOLOGY,,al29_competing_hypotension,Competing cause of hypotension or syncope,ICD10,I95.2,Hypotension due to drugs,1167,214,DIRECT_TARGET,True,SOURCE_CANDIDATE,EXACT,Use only as a clearly documented competing explanation that adequately explains the target finding; FALSE or UNKNOWN must not block.,local,True,0.5,hypotension,2,CODE_REUSED_IN_CONFIG | CAN_FIRE_ALONE | DIRECT_TARGET
ATOM,v5/config/shared/atoms/CARDIOLOGY.json,CARDIOLOGY,,al29_competing_hypotension,Competing cause of hypotension or syncope,SNOMED_CT,234171009,,0,0,DIRECT_TARGET,True,SOURCE_CANDIDATE,EXACT,Use only as a clearly documented competing explanation that adequately explains the target finding; FALSE or UNKNOWN must not block.,,,0.0,,1,NOT_IN_WAREHOUSE_VOCABULARY | CAN_FIRE_ALONE | DIRECT_TARGET
ATOM,v5/config/shared/atoms/CARDIOLOGY.json,CARDIOLOGY,,al29_competing_hypotension,Competing cause of hypotension or syncope,SNOMED_CT,271737000,,0,0,DIRECT_TARGET,True,SOURCE_CANDIDATE,EXACT,Use only as a clearly documented competing explanation that adequately explains the target finding; FALSE or UNKNOWN must not block.,,,0.0,,2,NOT_IN_WAREHOUSE_VOCABULARY | CODE_REUSED_IN_CONFIG | CAN_FIRE_ALONE | DIRECT_TARGET
ATOM,v5/config/shared/atoms/CARDIOLOGY.json,CARDIOLOGY,,al29_competing_hypotension,Competing cause of hypotension or syncope,SNOMED_CT,34095006,,0,0,DIRECT_TARGET,True,SOURCE_CANDIDATE,EXACT,Use only as a clearly documented competing explanation that adequately explains the target finding; FALSE or UNKNOWN must not block.,,,0.0,,2,NOT_IN_WAREHOUSE_VOCABULARY | CODE_REUSED_IN_CONFIG | CAN_FIRE_ALONE | DIRECT_TARGET
ATOM,v5/config/shared/atoms/CARDIOLOGY.json,CARDIOLOGY,,al29_competing_hypotension,Competing cause of hypotension or syncope,SNOMED_CT,698247007,,0,0,DIRECT_TARGET,True,SOURCE_CANDIDATE,EXACT,Use only as a clearly documented competing explanation that adequately explains the target finding; FALSE or UNKNOWN must not block.,,,0.0,,1,NOT_IN_WAREHOUSE_VOCABULARY | CAN_FIRE_ALONE | DIRECT_TARGET
ATOM,v5/config/shared/atoms/CARDIOLOGY.json,CARDIOLOGY,,al29_competing_hypotension,Competing cause of hypotension or syncope,SNOMED_CT,766986002,,0,0,DIRECT_TARGET,True,SOURCE_CANDIDATE,EXACT,Use only as a clearly documented competing explanation that adequately explains the target finding; FALSE or UNKNOWN must not block.,,,0.0,,1,NOT_IN_WAREHOUSE_VOCABULARY | CAN_FIRE_ALONE | DIRECT_TARGET
ATOM,v5/config/shared/atoms/CARDIOLOGY.json,CARDIOLOGY,,al29_competing_hypotension,Competing cause of hypotension or syncope,SNOMED_CT,91302008,,0,0,DIRECT_TARGET,True,SOURCE_CANDIDATE,EXACT,Use only as a clearly documented competing explanation that adequately explains the target finding; FALSE or UNKNOWN must not block.,,,0.0,,3,NOT_IN_WAREHOUSE_VOCABULARY | CODE_REUSED_IN_CONFIG | CAN_FIRE_ALONE | DIRECT_TARGET
ATOM,v5/config/shared/atoms/CARDIOLOGY.json,CARDIOLOGY,,al33_competing_cardiomyopathy,Competing cause of cardiomyopathy,ICD10,I10,Essential (primary) hypertension,1286844,71150,DIRECT_TARGET,True,SOURCE_CANDIDATE,EXACT,Use only as a clearly documented competing explanation that adequately explains the target finding; FALSE or UNKNOWN must not block.,local,True,0.333,hypertension,5,CODE_REUSED_IN_CONFIG | CAN_FIRE_ALONE | DIRECT_TARGET
ATOM,v5/config/shared/atoms/CARDIOLOGY.json,CARDIOLOGY,,al33_competing_cardiomyopathy,Competing cause of cardiomyopathy,ICD10,I11.0,Hypertensive heart disease with heart failure,12226,2429,DIRECT_TARGET,True,SOURCE_CANDIDATE,EXACT,Use only as a clearly documented competing explanation that adequately explains the target finding; FALSE or UNKNOWN must not block.,local,True,0.667,"heart, hypertensive",5,CODE_REUSED_IN_CONFIG | CAN_FIRE_ALONE | DIRECT_TARGET
ATOM,v5/config/shared/atoms/CARDIOLOGY.json,CARDIOLOGY,,al33_competing_cardiomyopathy,Competing cause of cardiomyopathy,ICD10,I11.9,Hypertensive heart disease without heart failure,7874,827,DIRECT_TARGET,True,SOURCE_CANDIDATE,EXACT,Use only as a clearly documented competing explanation that adequately explains the target finding; FALSE or UNKNOWN must not block.,local,True,0.667,"heart, hypertensive",4,CODE_REUSED_IN_CONFIG | CAN_FIRE_ALONE | DIRECT_TARGET
ATOM,v5/config/shared/atoms/CARDIOLOGY.json,CARDIOLOGY,,al33_competing_cardiomyopathy,Competing cause of cardiomyopathy,ICD10,I25.5,Ischemic cardiomyopathy,2233,416,DIRECT_TARGET,True,SOURCE_CANDIDATE,EXACT,Use only as a clearly documented competing explanation that adequately explains the target finding; FALSE or UNKNOWN must not block.,local,True,1.0,"cardiomyopathy, ischemic",2,CODE_REUSED_IN_CONFIG | CAN_FIRE_ALONE | DIRECT_TARGET
ATOM,v5/config/shared/atoms/CARDIOLOGY.json,CARDIOLOGY,,al33_competing_cardiomyopathy,Competing cause of cardiomyopathy,ICD10,I35.0,Nonrheumatic aortic (valve) stenosis,25738,1666,DIRECT_TARGET,True,SOURCE_CANDIDATE,EXACT,Use only as a clearly documented competing explanation that adequately explains the target finding; FALSE or UNKNOWN must not block.,local,True,0.0,,4,CODE_REUSED_IN_CONFIG | ZERO_LEXICAL_ALIGNMENT_REVIEW | CAN_FIRE_ALONE | DIRECT_TARGET
ATOM,v5/config/shared/atoms/CARDIOLOGY.json,CARDIOLOGY,,al33_competing_cardiomyopathy,Competing cause of cardiomyopathy,ICD10,I42.1,Obstructive hypertrophic cardiomyopathy,2494,204,DIRECT_TARGET,True,SOURCE_CANDIDATE,EXACT,Use only as a clearly documented competing explanation that adequately explains the target finding; FALSE or UNKNOWN must not block.,local,True,0.333,cardiomyopathy,4,CODE_REUSED_IN_CONFIG | CAN_FIRE_ALONE | DIRECT_TARGET
ATOM,v5/config/shared/atoms/CARDIOLOGY.json,CARDIOLOGY,,al33_competing_cardiomyopathy,Competing cause of cardiomyopathy,ICD10,I42.6,Alcoholic cardiomyopathy,57,11,DIRECT_TARGET,True,SOURCE_CANDIDATE,EXACT,Use only as a clearly documented competing explanation that adequately explains the target finding; FALSE or UNKNOWN must not block.,local,True,0.5,cardiomyopathy,2,CODE_REUSED_IN_CONFIG | CAN_FIRE_ALONE | DIRECT_TARGET
ATOM,v5/config/shared/atoms/CARDIOLOGY.json,CARDIOLOGY,,al33_competing_cardiomyopathy,Competing cause of cardiomyopathy,SNOMED_CT,108701000119102,,0,0,DIRECT_TARGET,True,SOURCE_CANDIDATE,EXACT,Use only as a clearly documented competing explanation that adequately explains the target finding; FALSE or UNKNOWN must not block.,,,0.0,,1,NOT_IN_WAREHOUSE_VOCABULARY | CAN_FIRE_ALONE | DIRECT_TARGET
ATOM,v5/config/shared/atoms/CARDIOLOGY.json,CARDIOLOGY,,al33_competing_cardiomyopathy,Competing cause of cardiomyopathy,SNOMED_CT,1234750000,,0,0,DIRECT_TARGET,True,SOURCE_CANDIDATE,EXACT,Use only as a clearly documented competing explanation that adequately explains the target finding; FALSE or UNKNOWN must not block.,,,0.0,,1,NOT_IN_WAREHOUSE_VOCABULARY | CAN_FIRE_ALONE | DIRECT_TARGET
ATOM,v5/config/shared/atoms/CARDIOLOGY.json,CARDIOLOGY,,al33_competing_cardiomyopathy,Competing cause of cardiomyopathy,SNOMED_CT,1354544003,,0,0,DIRECT_TARGET,True,SOURCE_CANDIDATE,EXACT,Use only as a clearly documented competing explanation that adequately explains the target finding; FALSE or UNKNOWN must not block.,,,0.0,,1,NOT_IN_WAREHOUSE_VOCABULARY | CAN_FIRE_ALONE | DIRECT_TARGET
ATOM,v5/config/shared/atoms/CARDIOLOGY.json,CARDIOLOGY,,al33_competing_cardiomyopathy,Competing cause of cardiomyopathy,SNOMED_CT,194849004,,0,0,DIRECT_TARGET,True,SOURCE_CANDIDATE,EXACT,Use only as a clearly documented competing explanation that adequately explains the target finding; FALSE or UNKNOWN must not block.,,,0.0,,1,NOT_IN_WAREHOUSE_VOCABULARY | CAN_FIRE_ALONE | DIRECT_TARGET
ATOM,v5/config/shared/atoms/CARDIOLOGY.json,CARDIOLOGY,,al33_competing_cardiomyopathy,Competing cause of cardiomyopathy,SNOMED_CT,233873004,,0,0,DIRECT_TARGET,True,SOURCE_CANDIDATE,EXACT,Use only as a clearly documented competing explanation that adequately explains the target finding; FALSE or UNKNOWN must not block.,,,0.0,,3,NOT_IN_WAREHOUSE_VOCABULARY | CODE_REUSED_IN_CONFIG | CAN_FIRE_ALONE | DIRECT_TARGET
ATOM,v5/config/shared/atoms/CARDIOLOGY.json,CARDIOLOGY,,al33_competing_cardiomyopathy,Competing cause of cardiomyopathy,SNOMED_CT,368009,,0,0,DIRECT_TARGET,True,SOURCE_CANDIDATE,EXACT,Use only as a clearly documented competing explanation that adequately explains the target finding; FALSE or UNKNOWN must not block.,,,0.0,,1,NOT_IN_WAREHOUSE_VOCABULARY | CAN_FIRE_ALONE | DIRECT_TARGET
ATOM,v5/config/shared/atoms/CARDIOLOGY.json,CARDIOLOGY,,al33_competing_cardiomyopathy,Competing cause of cardiomyopathy,SNOMED_CT,45227007,,0,0,DIRECT_TARGET,True,SOURCE_CANDIDATE,EXACT,Use only as a clearly documented competing explanation that adequately explains the target finding; FALSE or UNKNOWN must not block.,,,0.0,,2,NOT_IN_WAREHOUSE_VOCABULARY | CODE_REUSED_IN_CONFIG | CAN_FIRE_ALONE | DIRECT_TARGET
ATOM,v5/config/shared/atoms/CARDIOLOGY.json,CARDIOLOGY,,al33_competing_cardiomyopathy,Competing cause of cardiomyopathy,SNOMED_CT,471858004,,0,0,DIRECT_TARGET,True,SOURCE_CANDIDATE,EXACT,Use only as a clearly documented competing explanation that adequately explains the target finding; FALSE or UNKNOWN must not block.,,,0.0,,1,NOT_IN_WAREHOUSE_VOCABULARY | CAN_FIRE_ALONE | DIRECT_TARGET
ATOM,v5/config/shared/atoms/CARDIOLOGY.json,CARDIOLOGY,,al33_competing_cardiomyopathy,Competing cause of cardiomyopathy,SNOMED_CT,64715009,,0,0,DIRECT_TARGET,True,SOURCE_CANDIDATE,EXACT,Use only as a clearly documented competing explanation that adequately explains the target finding; FALSE or UNKNOWN must not block.,,,0.0,,3,NOT_IN_WAREHOUSE_VOCABULARY | CODE_REUSED_IN_CONFIG | CAN_FIRE_ALONE | DIRECT_TARGET
ATOM,v5/config/shared/atoms/CARDIOLOGY.json,CARDIOLOGY,,al33_competing_cardiomyopathy,Competing cause of cardiomyopathy,SNOMED_CT,715655000,,0,0,DIRECT_TARGET,True,SOURCE_CANDIDATE,EXACT,Use only as a clearly documented competing explanation that adequately explains the target finding; FALSE or UNKNOWN must not block.,,,0.0,,2,NOT_IN_WAREHOUSE_VOCABULARY | CODE_REUSED_IN_CONFIG | CAN_FIRE_ALONE | DIRECT_TARGET
ATOM,v5/config/shared/atoms/CARDIOLOGY.json,CARDIOLOGY,AL,cardiomegaly,Cardiomegaly,ICD10,I51.7,Cardiomegaly,8045,2300,DIRECT_TARGET,True,SOURCE_CANDIDATE,EXACT,Match only the canonical clinical concept 'Cardiomegaly'. Related findings must remain separate atoms or rule context.,local,True,1.0,cardiomegaly,4,CODE_REUSED_IN_CONFIG | CAN_FIRE_ALONE | DIRECT_TARGET
ATOM,v5/config/shared/atoms/CARDIOLOGY.json,CARDIOLOGY,AL,cardiomegaly,Cardiomegaly,SNOMED_CT,8186001,,0,0,DIRECT_TARGET,True,SOURCE_CANDIDATE,EXACT,Match only the canonical clinical concept 'Cardiomegaly'. Related findings must remain separate atoms or rule context.,,,0.0,,2,NOT_IN_WAREHOUSE_VOCABULARY | CODE_REUSED_IN_CONFIG | CAN_FIRE_ALONE | DIRECT_TARGET
ATOM,v5/config/shared/atoms/CARDIOLOGY.json,CARDIOLOGY,AL,dyspnea,Dyspnea / shortness of breath,ICD10,R06.00,"Dyspnea, unspecified",24824,3640,DIRECT_TARGET,True,SOURCE_CANDIDATE,EXACT,Match only the canonical clinical concept 'Dyspnea / shortness of breath'. Related findings must remain separate atoms or rule context.,local,True,1.0,dyspnea,1,CAN_FIRE_ALONE | DIRECT_TARGET
ATOM,v5/config/shared/atoms/CARDIOLOGY.json,CARDIOLOGY,AL,dyspnea,Dyspnea / shortness of breath,ICD10,R06.01,Orthopnea,862,197,DIRECT_TARGET,True,SOURCE_CANDIDATE,EXACT,Match only the canonical clinical concept 'Dyspnea / shortness of breath'. Related findings must remain separate atoms or rule context.,local,True,1.0,orthopnea,1,CAN_FIRE_ALONE | DIRECT_TARGET
ATOM,v5/config/shared/atoms/CARDIOLOGY.json,CARDIOLOGY,AL,dyspnea,Dyspnea / shortness of breath,ICD10,R06.02,Shortness of breath,174062,18735,DIRECT_TARGET,True,SOURCE_CANDIDATE,EXACT,Match only the canonical clinical concept 'Dyspnea / shortness of breath'. Related findings must remain separate atoms or rule context.,local,True,1.0,"breath, shortness",1,CAN_FIRE_ALONE | DIRECT_TARGET
ATOM,v5/config/shared/atoms/CARDIOLOGY.json,CARDIOLOGY,AL,dyspnea,Dyspnea / shortness of breath,ICD10,R06.09,Other forms of dyspnea,31398,4923,DIRECT_TARGET,True,SOURCE_CANDIDATE,EXACT,Match only the canonical clinical concept 'Dyspnea / shortness of breath'. Related findings must remain separate atoms or rule context.,local,True,0.5,dyspnea,1,CAN_FIRE_ALONE | DIRECT_TARGET
ATOM,v5/config/shared/atoms/CARDIOLOGY.json,CARDIOLOGY,AL,dyspnea,Dyspnea / shortness of breath,SNOMED_CT,267036007,,0,0,DIRECT_TARGET,True,SOURCE_CANDIDATE,EXACT,Match only the canonical clinical concept 'Dyspnea / shortness of breath'. Related findings must remain separate atoms or rule context.,,,0.0,,1,NOT_IN_WAREHOUSE_VOCABULARY | CAN_FIRE_ALONE | DIRECT_TARGET
ATOM,v5/config/shared/atoms/CARDIOLOGY.json,CARDIOLOGY,AL,hypotension,Hypotension,ICD10,I95.1,Orthostatic hypotension,4432,721,DIRECT_TARGET,True,SOURCE_CANDIDATE,EXACT,Match only the canonical clinical concept 'Hypotension'. Related findings must remain separate atoms or rule context.,local,True,0.5,hypotension,2,CODE_REUSED_IN_CONFIG | CAN_FIRE_ALONE | DIRECT_TARGET
ATOM,v5/config/shared/atoms/CARDIOLOGY.json,CARDIOLOGY,AL,hypotension,Hypotension,ICD10,I95.89,Other hypotension,3551,462,DIRECT_TARGET,True,SOURCE_CANDIDATE,EXACT,Match only the canonical clinical concept 'Hypotension'. Related findings must remain separate atoms or rule context.,local,True,1.0,hypotension,1,CAN_FIRE_ALONE | DIRECT_TARGET
ATOM,v5/config/shared/atoms/CARDIOLOGY.json,CARDIOLOGY,AL,hypotension,Hypotension,ICD10,I95.9,"Hypotension, unspecified",18424,2374,DIRECT_TARGET,True,SOURCE_CANDIDATE,EXACT,Match only the canonical clinical concept 'Hypotension'. Related findings must remain separate atoms or rule context.,local,True,1.0,hypotension,3,CODE_REUSED_IN_CONFIG | CAN_FIRE_ALONE | DIRECT_TARGET
ATOM,v5/config/shared/atoms/CARDIOLOGY.json,CARDIOLOGY,AL,hypotension,Hypotension,SNOMED_CT,45007003,,0,0,DIRECT_TARGET,True,SOURCE_CANDIDATE,EXACT,Match only the canonical clinical concept 'Hypotension'. Related findings must remain separate atoms or rule context.,,,0.0,,1,NOT_IN_WAREHOUSE_VOCABULARY | CAN_FIRE_ALONE | DIRECT_TARGET
ATOM,v5/config/shared/atoms/CARDIOLOGY.json,CARDIOLOGY,AL,ntprobnp_result,NT-proBNP result,SNOMED_CT,414799001,,0,0,DIRECT_TARGET,True,SOURCE_CANDIDATE,EXACT,Measurement/result route only; existence of the test does not independently establish the signal.,,,0.0,,1,NOT_IN_WAREHOUSE_VOCABULARY | CAN_FIRE_ALONE | DIRECT_TARGET
ATOM,v5/config/shared/atoms/CARDIOLOGY.json,CARDIOLOGY,AL,pericardial_effusion,Pericardial effusion,ICD10,I31.3,Pericardial effusion (noninflammatory),2948,206,DIRECT_TARGET,True,SOURCE_CANDIDATE,EXACT,Match only the canonical clinical concept 'Pericardial effusion'. Related findings must remain separate atoms or rule context.,local,True,0.667,"effusion, pericardial",1,CAN_FIRE_ALONE | DIRECT_TARGET
ATOM,v5/config/shared/atoms/CARDIOLOGY.json,CARDIOLOGY,AL,pericardial_effusion,Pericardial effusion,ICD10,I31.39,Other pericardial effusion (noninflammatory),5362,592,DIRECT_TARGET,True,SOURCE_CANDIDATE,EXACT,Match only the canonical clinical concept 'Pericardial effusion'. Related findings must remain separate atoms or rule context.,local,True,0.667,"effusion, pericardial",1,CAN_FIRE_ALONE | DIRECT_TARGET
ATOM,v5/config/shared/atoms/CARDIOLOGY.json,CARDIOLOGY,AL,pericardial_effusion,Pericardial effusion,ICD10,I31.8,Other specified diseases of pericardium,39,11,DIRECT_TARGET,True,SOURCE_CANDIDATE,EXACT,Match only the canonical clinical concept 'Pericardial effusion'. Related findings must remain separate atoms or rule context.,local,True,0.0,,1,ZERO_LEXICAL_ALIGNMENT_REVIEW | CAN_FIRE_ALONE | DIRECT_TARGET
ATOM,v5/config/shared/atoms/CARDIOLOGY.json,CARDIOLOGY,AL,pericardial_effusion,Pericardial effusion,SNOMED_CT,373945007,,0,0,DIRECT_TARGET,True,SOURCE_CANDIDATE,EXACT,Match only the canonical clinical concept 'Pericardial effusion'. Related findings must remain separate atoms or rule context.,,,0.0,,1,NOT_IN_WAREHOUSE_VOCABULARY | CAN_FIRE_ALONE | DIRECT_TARGET
ATOM,v5/config/shared/atoms/CARDIOLOGY.json,CARDIOLOGY,AL,restrictive_cardiomyopathy,Restrictive cardiomyopathy,ICD10,I42.5,Other restrictive cardiomyopathy,257,22,DIRECT_TARGET,True,SOURCE_CANDIDATE,EXACT,Match only the canonical clinical concept 'Restrictive cardiomyopathy'. Related findings must remain separate atoms or rule context.,local,True,1.0,"cardiomyopathy, restrictive",2,CODE_REUSED_IN_CONFIG | CAN_FIRE_ALONE | DIRECT_TARGET
ATOM,v5/config/shared/atoms/CARDIOLOGY.json,CARDIOLOGY,AL,restrictive_cardiomyopathy,Restrictive cardiomyopathy,ICD10,I42.8,Other cardiomyopathies,6092,497,DIRECT_TARGET,True,SOURCE_CANDIDATE,EXACT,Match only the canonical clinical concept 'Restrictive cardiomyopathy'. Related findings must remain separate atoms or rule context.,local,True,0.0,,2,CODE_REUSED_IN_CONFIG | ZERO_LEXICAL_ALIGNMENT_REVIEW | CAN_FIRE_ALONE | DIRECT_TARGET
ATOM,v5/config/shared/atoms/CARDIOLOGY.json,CARDIOLOGY,AL,restrictive_cardiomyopathy,Restrictive cardiomyopathy,ICD10,I42.9,"Cardiomyopathy, unspecified",5730,716,DIRECT_TARGET,True,SOURCE_CANDIDATE,EXACT,Match only the canonical clinical concept 'Restrictive cardiomyopathy'. Related findings must remain separate atoms or rule context.,local,True,1.0,cardiomyopathy,3,CODE_REUSED_IN_CONFIG | CAN_FIRE_ALONE | DIRECT_TARGET
ATOM,v5/config/shared/atoms/CARDIOLOGY.json,CARDIOLOGY,AL,restrictive_cardiomyopathy,Restrictive cardiomyopathy,SNOMED_CT,415295002,,0,0,DIRECT_TARGET,True,SOURCE_CANDIDATE,EXACT,Match only the canonical clinical concept 'Restrictive cardiomyopathy'. Related findings must remain separate atoms or rule context.,,,0.0,,1,NOT_IN_WAREHOUSE_VOCABULARY | CAN_FIRE_ALONE | DIRECT_TARGET
ATOM,v5/config/shared/atoms/CARDIOLOGY.json,CARDIOLOGY,AL,restrictive_filling,Restrictive filling / grade III diastolic dysfunction,SNOMED_CT,395704004,,0,0,DIRECT_TARGET,True,SOURCE_CANDIDATE,EXACT,Match only the canonical clinical concept 'Restrictive filling / grade III diastolic dysfunction'. Related findings must remain separate atoms or rule context.,,,0.0,,1,NOT_IN_WAREHOUSE_VOCABULARY | CAN_FIRE_ALONE | DIRECT_TARGET
ATOM,v5/config/shared/atoms/CARDIOLOGY.json,CARDIOLOGY,AL,troponin_result,Troponin result,SNOMED_CT,105000003,,0,0,DIRECT_TARGET,True,SOURCE_CANDIDATE,EXACT,Measurement/result route only; existence of the test does not independently establish the signal.,,,0.0,,1,NOT_IN_WAREHOUSE_VOCABULARY | CAN_FIRE_ALONE | DIRECT_TARGET
ATOM,v5/config/shared/atoms/DERMATOLOGY.json,DERMATOLOGY,,al08_competing_purpura,Competing cause of purpura or bruising,ICD10,D69.2,Other nonthrombocytopenic purpura,768,123,DIRECT_TARGET,True,SOURCE_CANDIDATE,EXACT,Use only as a clearly documented competing explanation that adequately explains the target finding; FALSE or UNKNOWN must not block.,local,True,0.5,purpura,2,CODE_REUSED_IN_CONFIG | CAN_FIRE_ALONE | DIRECT_TARGET
ATOM,v5/config/shared/atoms/DERMATOLOGY.json,DERMATOLOGY,,al08_competing_purpura,Competing cause of purpura or bruising,ICD10,D69.59,Other secondary thrombocytopenia,500,44,DIRECT_TARGET,True,SOURCE_CANDIDATE,EXACT,Use only as a clearly documented competing explanation that adequately explains the target finding; FALSE or UNKNOWN must not block.,local,True,0.5,thrombocytopenia,1,CAN_FIRE_ALONE | DIRECT_TARGET
ATOM,v5/config/shared/atoms/DERMATOLOGY.json,DERMATOLOGY,,al08_competing_purpura,Competing cause of purpura or bruising,ICD10,D69.6,"Thrombocytopenia, unspecified",26679,1897,DIRECT_TARGET,True,SOURCE_CANDIDATE,EXACT,Use only as a clearly documented competing explanation that adequately explains the target finding; FALSE or UNKNOWN must not block.,local,True,1.0,thrombocytopenia,1,CAN_FIRE_ALONE | DIRECT_TARGET
ATOM,v5/config/shared/atoms/DERMATOLOGY.json,DERMATOLOGY,,al08_competing_purpura,Competing cause of purpura or bruising,ICD10,E54,Ascorbic acid deficiency,45,12,DIRECT_TARGET,True,SOURCE_CANDIDATE,EXACT,Use only as a clearly documented competing explanation that adequately explains the target finding; FALSE or UNKNOWN must not block.,local,True,0.0,,1,ZERO_LEXICAL_ALIGNMENT_REVIEW | CAN_FIRE_ALONE | DIRECT_TARGET
ATOM,v5/config/shared/atoms/DERMATOLOGY.json,DERMATOLOGY,,al08_competing_purpura,Competing cause of purpura or bruising,ICD10,Z79.01,Long term (current) use of anticoagulants,18453,898,DIRECT_TARGET,True,SOURCE_CANDIDATE,EXACT,Use only as a clearly documented competing explanation that adequately explains the target finding; FALSE or UNKNOWN must not block.,local,True,0.0,,1,ZERO_LEXICAL_ALIGNMENT_REVIEW | CAN_FIRE_ALONE | DIRECT_TARGET
ATOM,v5/config/shared/atoms/DERMATOLOGY.json,DERMATOLOGY,,al08_competing_purpura,Competing cause of purpura or bruising,ICD10,Z79.52,Long term (current) use of systemic steroids,1593,257,DIRECT_TARGET,True,SOURCE_CANDIDATE,EXACT,Use only as a clearly documented competing explanation that adequately explains the target finding; FALSE or UNKNOWN must not block.,local,True,0.167,steroid,1,LOW_LEXICAL_ALIGNMENT_REVIEW | CAN_FIRE_ALONE | DIRECT_TARGET
ATOM,v5/config/shared/atoms/DERMATOLOGY.json,DERMATOLOGY,,al08_competing_purpura,Competing cause of purpura or bruising,SNOMED_CT,109957002,,0,0,DIRECT_TARGET,True,SOURCE_CANDIDATE,EXACT,Use only as a clearly documented competing explanation that adequately explains the target finding; FALSE or UNKNOWN must not block.,,,0.0,,1,NOT_IN_WAREHOUSE_VOCABULARY | CAN_FIRE_ALONE | DIRECT_TARGET
ATOM,v5/config/shared/atoms/DERMATOLOGY.json,DERMATOLOGY,,al08_competing_purpura,Competing cause of purpura or bruising,SNOMED_CT,302215000,,0,0,DIRECT_TARGET,True,SOURCE_CANDIDATE,EXACT,Use only as a clearly documented competing explanation that adequately explains the target finding; FALSE or UNKNOWN must not block.,,,0.0,,1,NOT_IN_WAREHOUSE_VOCABULARY | CAN_FIRE_ALONE | DIRECT_TARGET
ATOM,v5/config/shared/atoms/DERMATOLOGY.json,DERMATOLOGY,,al08_competing_purpura,Competing cause of purpura or bruising,SNOMED_CT,415116008,,0,0,DIRECT_TARGET,True,SOURCE_CANDIDATE,EXACT,Use only as a clearly documented competing explanation that adequately explains the target finding; FALSE or UNKNOWN must not block.,,,0.0,,1,NOT_IN_WAREHOUSE_VOCABULARY | CAN_FIRE_ALONE | DIRECT_TARGET
ATOM,v5/config/shared/atoms/DERMATOLOGY.json,DERMATOLOGY,,al08_competing_purpura,Competing cause of purpura or bruising,SNOMED_CT,449681000124101,,0,0,DIRECT_TARGET,True,SOURCE_CANDIDATE,EXACT,Use only as a clearly documented competing explanation that adequately explains the target finding; FALSE or UNKNOWN must not block.,,,0.0,,1,NOT_IN_WAREHOUSE_VOCABULARY | CAN_FIRE_ALONE | DIRECT_TARGET
ATOM,v5/config/shared/atoms/DERMATOLOGY.json,DERMATOLOGY,,al08_competing_purpura,Competing cause of purpura or bruising,SNOMED_CT,53751009,,0,0,DIRECT_TARGET,True,SOURCE_CANDIDATE,EXACT,Use only as a clearly documented competing explanation that adequately explains the target finding; FALSE or UNKNOWN must not block.,,,0.0,,1,NOT_IN_WAREHOUSE_VOCABULARY | CAN_FIRE_ALONE | DIRECT_TARGET
ATOM,v5/config/shared/atoms/DERMATOLOGY.json,DERMATOLOGY,,al08_competing_purpura,Competing cause of purpura or bruising,SNOMED_CT,711150003,,0,0,DIRECT_TARGET,True,SOURCE_CANDIDATE,EXACT,Use only as a clearly documented competing explanation that adequately explains the target finding; FALSE or UNKNOWN must not block.,,,0.0,,1,NOT_IN_WAREHOUSE_VOCABULARY | CAN_FIRE_ALONE | DIRECT_TARGET
ATOM,v5/config/shared/atoms/DERMATOLOGY.json,DERMATOLOGY,,al08_competing_purpura,Competing cause of purpura or bruising,SNOMED_CT,76169001,,0,0,DIRECT_TARGET,True,SOURCE_CANDIDATE,EXACT,Use only as a clearly documented competing explanation that adequately explains the target finding; FALSE or UNKNOWN must not block.,,,0.0,,1,NOT_IN_WAREHOUSE_VOCABULARY | CAN_FIRE_ALONE | DIRECT_TARGET
ATOM,v5/config/shared/atoms/DERMATOLOGY.json,DERMATOLOGY,,al08_competing_purpura,Competing cause of purpura or bruising,SNOMED_CT,81500003,,0,0,DIRECT_TARGET,True,SOURCE_CANDIDATE,EXACT,Use only as a clearly documented competing explanation that adequately explains the target finding; FALSE or UNKNOWN must not block.,,,0.0,,1,NOT_IN_WAREHOUSE_VOCABULARY | CAN_FIRE_ALONE | DIRECT_TARGET
ATOM,v5/config/shared/atoms/DERMATOLOGY.json,DERMATOLOGY,AL,ecchymosis,Spontaneous unexplained ecchymosis,ICD10,D69.2,Other nonthrombocytopenic purpura,768,123,DIRECT_TARGET,True,SOURCE_CANDIDATE,EXACT,Match only the canonical clinical concept 'Spontaneous unexplained ecchymosis'. Related findings must remain separate atoms or rule context.,local,True,0.0,,2,CODE_REUSED_IN_CONFIG | ZERO_LEXICAL_ALIGNMENT_REVIEW | CAN_FIRE_ALONE | DIRECT_TARGET
ATOM,v5/config/shared/atoms/DERMATOLOGY.json,DERMATOLOGY,AL,ecchymosis,Spontaneous unexplained ecchymosis,ICD10,R23.3,Spontaneous ecchymoses,4650,830,DIRECT_TARGET,True,SOURCE_CANDIDATE,EXACT,Match only the canonical clinical concept 'Spontaneous unexplained ecchymosis'. Related findings must remain separate atoms or rule context.,local,True,1.0,"ecchymose, spontaneou",1,CAN_FIRE_ALONE | DIRECT_TARGET
ATOM,v5/config/shared/atoms/DERMATOLOGY.json,DERMATOLOGY,AL,ecchymosis,Spontaneous unexplained ecchymosis,SNOMED_CT,1156411007,,0,0,DIRECT_TARGET,True,SOURCE_CANDIDATE,EXACT,Match only the canonical clinical concept 'Spontaneous unexplained ecchymosis'. Related findings must remain separate atoms or rule context.,,,0.0,,1,NOT_IN_WAREHOUSE_VOCABULARY | CAN_FIRE_ALONE | DIRECT_TARGET
ATOM,v5/config/shared/atoms/DERMATOLOGY.json,DERMATOLOGY,AL,ecchymosis,Spontaneous unexplained ecchymosis,SNOMED_CT,302228007,,0,0,DIRECT_TARGET,True,SOURCE_CANDIDATE,EXACT,Match only the canonical clinical concept 'Spontaneous unexplained ecchymosis'. Related findings must remain separate atoms or rule context.,,,0.0,,1,NOT_IN_WAREHOUSE_VOCABULARY | CAN_FIRE_ALONE | DIRECT_TARGET
ATOM,v5/config/shared/atoms/ENT.json,ENT,,al07_competing_macroglossia,Competing cause of macroglossia,ICD10,E03.9,"Hypothyroidism, unspecified",149203,11667,DIRECT_TARGET,True,SOURCE_CANDIDATE,EXACT,Use only as a clearly documented competing explanation that adequately explains the target finding; FALSE or UNKNOWN must not block.,local,True,1.0,hypothyroidism,1,CAN_FIRE_ALONE | DIRECT_TARGET
ATOM,v5/config/shared/atoms/ENT.json,ENT,,al07_competing_macroglossia,Competing cause of macroglossia,ICD10,E22.0,Acromegaly and pituitary gigantism,976,27,DIRECT_TARGET,True,SOURCE_CANDIDATE,EXACT,Use only as a clearly documented competing explanation that adequately explains the target finding; FALSE or UNKNOWN must not block.,local,True,0.333,acromegaly,1,CAN_FIRE_ALONE | DIRECT_TARGET
ATOM,v5/config/shared/atoms/ENT.json,ENT,,al07_competing_macroglossia,Competing cause of macroglossia,ICD10,Q90.9,"Down syndrome, unspecified",7745,520,DIRECT_TARGET,True,SOURCE_CANDIDATE,EXACT,Use only as a clearly documented competing explanation that adequately explains the target finding; FALSE or UNKNOWN must not block.,local,True,1.0,down,1,CAN_FIRE_ALONE | DIRECT_TARGET
ATOM,v5/config/shared/atoms/ENT.json,ENT,,al07_competing_macroglossia,Competing cause of macroglossia,ICD10,T78.3XXA,"Angioneurotic edema, initial encounter",2373,308,DIRECT_TARGET,True,SOURCE_CANDIDATE,EXACT,Use only as a clearly documented competing explanation that adequately explains the target finding; FALSE or UNKNOWN must not block.,local,True,0.0,,1,ZERO_LEXICAL_ALIGNMENT_REVIEW | CAN_FIRE_ALONE | DIRECT_TARGET
ATOM,v5/config/shared/atoms/ENT.json,ENT,,al07_competing_macroglossia,Competing cause of macroglossia,SNOMED_CT,403607004,,0,0,DIRECT_TARGET,True,SOURCE_CANDIDATE,EXACT,Use only as a clearly documented competing explanation that adequately explains the target finding; FALSE or UNKNOWN must not block.,,,0.0,,1,NOT_IN_WAREHOUSE_VOCABULARY | CAN_FIRE_ALONE | DIRECT_TARGET
ATOM,v5/config/shared/atoms/ENT.json,ENT,,al07_competing_macroglossia,Competing cause of macroglossia,SNOMED_CT,40930008,,0,0,DIRECT_TARGET,True,SOURCE_CANDIDATE,EXACT,Use only as a clearly documented competing explanation that adequately explains the target finding; FALSE or UNKNOWN must not block.,,,0.0,,2,NOT_IN_WAREHOUSE_VOCABULARY | CODE_REUSED_IN_CONFIG | CAN_FIRE_ALONE | DIRECT_TARGET
ATOM,v5/config/shared/atoms/ENT.json,ENT,,al07_competing_macroglossia,Competing cause of macroglossia,SNOMED_CT,41040004,,0,0,DIRECT_TARGET,True,SOURCE_CANDIDATE,EXACT,Use only as a clearly documented competing explanation that adequately explains the target finding; FALSE or UNKNOWN must not block.,,,0.0,,1,NOT_IN_WAREHOUSE_VOCABULARY | CAN_FIRE_ALONE | DIRECT_TARGET
ATOM,v5/config/shared/atoms/ENT.json,ENT,,al07_competing_macroglossia,Competing cause of macroglossia,SNOMED_CT,41291007,,0,0,DIRECT_TARGET,True,SOURCE_CANDIDATE,EXACT,Use only as a clearly documented competing explanation that adequately explains the target finding; FALSE or UNKNOWN must not block.,,,0.0,,1,NOT_IN_WAREHOUSE_VOCABULARY | CAN_FIRE_ALONE | DIRECT_TARGET
ATOM,v5/config/shared/atoms/ENT.json,ENT,,al07_competing_macroglossia,Competing cause of macroglossia,SNOMED_CT,448667002,,0,0,DIRECT_TARGET,True,SOURCE_CANDIDATE,EXACT,Use only as a clearly documented competing explanation that adequately explains the target finding; FALSE or UNKNOWN must not block.,,,0.0,,1,NOT_IN_WAREHOUSE_VOCABULARY | CAN_FIRE_ALONE | DIRECT_TARGET
ATOM,v5/config/shared/atoms/ENT.json,ENT,,al07_competing_macroglossia,Competing cause of macroglossia,SNOMED_CT,74107003,,0,0,DIRECT_TARGET,True,SOURCE_CANDIDATE,EXACT,Use only as a clearly documented competing explanation that adequately explains the target finding; FALSE or UNKNOWN must not block.,,,0.0,,1,NOT_IN_WAREHOUSE_VOCABULARY | CAN_FIRE_ALONE | DIRECT_TARGET
ATOM,v5/config/shared/atoms/GASTROENTEROLOGY.json,GASTROENTEROLOGY,ATTRV,choking,choking,ICD10,R13.10,"Dysphagia, unspecified",24927,5113,DIRECT_TARGET,True,SOURCE_CANDIDATE,EXACT,"Match explicit choking/aspiration-with-swallowing language. Dysarthria, hoarseness, and dysphagia are related but separate atoms.",local,True,0.0,,4,CODE_REUSED_IN_CONFIG | ZERO_LEXICAL_ALIGNMENT_REVIEW | CAN_FIRE_ALONE | DIRECT_TARGET
ATOM,v5/config/shared/atoms/GASTROENTEROLOGY.json,GASTROENTEROLOGY,ATTRV,choking,choking,ICD10,R13.19,Other dysphagia,6359,1226,DIRECT_TARGET,True,SOURCE_CANDIDATE,EXACT,"Match explicit choking/aspiration-with-swallowing language. Dysarthria, hoarseness, and dysphagia are related but separate atoms.",local,True,0.0,,4,CODE_REUSED_IN_CONFIG | ZERO_LEXICAL_ALIGNMENT_REVIEW | CAN_FIRE_ALONE | DIRECT_TARGET
ATOM,v5/config/shared/atoms/GASTROENTEROLOGY.json,GASTROENTEROLOGY,ATTRV,choking,choking,ICD10,R49.0,Dysphonia,5858,1222,DIRECT_TARGET,True,SOURCE_CANDIDATE,EXACT,"Match explicit choking/aspiration-with-swallowing language. Dysarthria, hoarseness, and dysphagia are related but separate atoms.",local,True,0.0,,4,CODE_REUSED_IN_CONFIG | ZERO_LEXICAL_ALIGNMENT_REVIEW | CAN_FIRE_ALONE | DIRECT_TARGET
ATOM,v5/config/shared/atoms/GASTROENTEROLOGY.json,GASTROENTEROLOGY,ATTRV,choking,choking,ICD10,R47.1,Dysarthria and anarthria,2605,402,DIRECT_TARGET,True,SOURCE_CANDIDATE,EXACT,"Match explicit choking/aspiration-with-swallowing language. Dysarthria, hoarseness, and dysphagia are related but separate atoms.",local,True,0.0,,4,CODE_REUSED_IN_CONFIG | ZERO_LEXICAL_ALIGNMENT_REVIEW | CAN_FIRE_ALONE | DIRECT_TARGET
ATOM,v5/config/shared/atoms/GASTROENTEROLOGY.json,GASTROENTEROLOGY,AL | ATTRV,constipation,constipation,ICD10,R19.7,"Diarrhea, unspecified",79604,13107,DIRECT_TARGET,True,SOURCE_CANDIDATE,EXACT,"Match constipation-specific wording only. Diarrhea, alternating bowel habit, or generic dysmotility must be represented by their own atoms.",local,True,0.0,,3,CODE_REUSED_IN_CONFIG | ZERO_LEXICAL_ALIGNMENT_REVIEW | CAN_FIRE_ALONE | DIRECT_TARGET
ATOM,v5/config/shared/atoms/GASTROENTEROLOGY.json,GASTROENTEROLOGY,AL | ATTRV,constipation,constipation,ICD10,K59.1,Functional diarrhea,1251,220,DIRECT_TARGET,True,SOURCE_CANDIDATE,EXACT,"Match constipation-specific wording only. Diarrhea, alternating bowel habit, or generic dysmotility must be represented by their own atoms.",local,True,0.0,,3,CODE_REUSED_IN_CONFIG | ZERO_LEXICAL_ALIGNMENT_REVIEW | CAN_FIRE_ALONE | DIRECT_TARGET
ATOM,v5/config/shared/atoms/GASTROENTEROLOGY.json,GASTROENTEROLOGY,AL | ATTRV,constipation,constipation,ICD10,K59.00,"Constipation, unspecified",49346,11282,DIRECT_TARGET,True,SOURCE_CANDIDATE,EXACT,"Match constipation-specific wording only. Diarrhea, alternating bowel habit, or generic dysmotility must be represented by their own atoms.",local,True,1.0,constip,3,CODE_REUSED_IN_CONFIG | CAN_FIRE_ALONE | DIRECT_TARGET
ATOM,v5/config/shared/atoms/GASTROENTEROLOGY.json,GASTROENTEROLOGY,AL | ATTRV,constipation,constipation,ICD10,K59.8,Other specified functional intestinal disorders,23,1,DIRECT_TARGET,True,SOURCE_CANDIDATE,EXACT,"Match constipation-specific wording only. Diarrhea, alternating bowel habit, or generic dysmotility must be represented by their own atoms.",local,True,0.0,,3,CODE_REUSED_IN_CONFIG | ZERO_LEXICAL_ALIGNMENT_REVIEW | CAN_FIRE_ALONE | DIRECT_TARGET
ATOM,v5/config/shared/atoms/GASTROENTEROLOGY.json,GASTROENTEROLOGY,AL | ATTRV | ATTRWT,delayed_gastric_emptying,delayed gastric emptying,ICD10,K31.84,Gastroparesis,6831,805,DIRECT_TARGET,True,SOURCE_CANDIDATE,EXACT,Require explicit delayed/impaired gastric-emptying language. Symptoms alone do not establish delayed gastric emptying.,local,True,0.0,,6,CODE_REUSED_IN_CONFIG | ZERO_LEXICAL_ALIGNMENT_REVIEW | CAN_FIRE_ALONE | DIRECT_TARGET
ATOM,v5/config/shared/atoms/GASTROENTEROLOGY.json,GASTROENTEROLOGY,AL | ATTRV | ATTRWT,delayed_gastric_emptying,delayed gastric emptying,ICD10,R68.81,Early satiety,1161,349,DIRECT_TARGET,True,SOURCE_CANDIDATE,EXACT,Require explicit delayed/impaired gastric-emptying language. Symptoms alone do not establish delayed gastric emptying.,local,True,0.0,,5,CODE_REUSED_IN_CONFIG | ZERO_LEXICAL_ALIGNMENT_REVIEW | CAN_FIRE_ALONE | DIRECT_TARGET
ATOM,v5/config/shared/atoms/GASTROENTEROLOGY.json,GASTROENTEROLOGY,AL | ATTRV | ATTRWT,delayed_gastric_emptying,delayed gastric emptying,ICD10,R11.2,"Nausea with vomiting, unspecified",127557,18268,DIRECT_TARGET,True,SOURCE_CANDIDATE,EXACT,Require explicit delayed/impaired gastric-emptying language. Symptoms alone do not establish delayed gastric emptying.,local,True,0.0,,5,CODE_REUSED_IN_CONFIG | ZERO_LEXICAL_ALIGNMENT_REVIEW | CAN_FIRE_ALONE | DIRECT_TARGET
ATOM,v5/config/shared/atoms/GASTROENTEROLOGY.json,GASTROENTEROLOGY,AL | ATTRV,diarrhea,diarrhea,ICD10,R19.7,"Diarrhea, unspecified",79604,13107,DIRECT_TARGET,True,SOURCE_CANDIDATE,EXACT,"Match diarrhea/loose-stool wording only. Constipation, alternating bowel habit, or generic dysmotility must be represented by their own atoms.",local,True,1.0,diarrhea,3,CODE_REUSED_IN_CONFIG | CAN_FIRE_ALONE | DIRECT_TARGET
ATOM,v5/config/shared/atoms/GASTROENTEROLOGY.json,GASTROENTEROLOGY,AL | ATTRV,diarrhea,diarrhea,ICD10,K59.1,Functional diarrhea,1251,220,DIRECT_TARGET,True,SOURCE_CANDIDATE,EXACT,"Match diarrhea/loose-stool wording only. Constipation, alternating bowel habit, or generic dysmotility must be represented by their own atoms.",local,True,0.5,diarrhea,3,CODE_REUSED_IN_CONFIG | CAN_FIRE_ALONE | DIRECT_TARGET
ATOM,v5/config/shared/atoms/GASTROENTEROLOGY.json,GASTROENTEROLOGY,AL | ATTRV,diarrhea,diarrhea,ICD10,K59.00,"Constipation, unspecified",49346,11282,DIRECT_TARGET,True,SOURCE_CANDIDATE,EXACT,"Match diarrhea/loose-stool wording only. Constipation, alternating bowel habit, or generic dysmotility must be represented by their own atoms.",local,True,0.0,,3,CODE_REUSED_IN_CONFIG | ZERO_LEXICAL_ALIGNMENT_REVIEW | CAN_FIRE_ALONE | DIRECT_TARGET
ATOM,v5/config/shared/atoms/GASTROENTEROLOGY.json,GASTROENTEROLOGY,AL | ATTRV,diarrhea,diarrhea,ICD10,K59.8,Other specified functional intestinal disorders,23,1,DIRECT_TARGET,True,SOURCE_CANDIDATE,EXACT,"Match diarrhea/loose-stool wording only. Constipation, alternating bowel habit, or generic dysmotility must be represented by their own atoms.",local,True,0.0,,3,CODE_REUSED_IN_CONFIG | ZERO_LEXICAL_ALIGNMENT_REVIEW | CAN_FIRE_ALONE | DIRECT_TARGET
ATOM,v5/config/shared/atoms/GASTROENTEROLOGY.json,GASTROENTEROLOGY,ATTRV,dysarthria,dysarthria,ICD10,R13.10,"Dysphagia, unspecified",24927,5113,DIRECT_TARGET,True,SOURCE_CANDIDATE,EXACT,"Match speech-articulation impairment only. Dysphagia, choking, and hoarseness must not independently create dysarthria.",local,True,0.0,,4,CODE_REUSED_IN_CONFIG | ZERO_LEXICAL_ALIGNMENT_REVIEW | CAN_FIRE_ALONE | DIRECT_TARGET
ATOM,v5/config/shared/atoms/GASTROENTEROLOGY.json,GASTROENTEROLOGY,ATTRV,dysarthria,dysarthria,ICD10,R13.19,Other dysphagia,6359,1226,DIRECT_TARGET,True,SOURCE_CANDIDATE,EXACT,"Match speech-articulation impairment only. Dysphagia, choking, and hoarseness must not independently create dysarthria.",local,True,0.0,,4,CODE_REUSED_IN_CONFIG | ZERO_LEXICAL_ALIGNMENT_REVIEW | CAN_FIRE_ALONE | DIRECT_TARGET
ATOM,v5/config/shared/atoms/GASTROENTEROLOGY.json,GASTROENTEROLOGY,ATTRV,dysarthria,dysarthria,ICD10,R49.0,Dysphonia,5858,1222,DIRECT_TARGET,True,SOURCE_CANDIDATE,EXACT,"Match speech-articulation impairment only. Dysphagia, choking, and hoarseness must not independently create dysarthria.",local,True,0.0,,4,CODE_REUSED_IN_CONFIG | ZERO_LEXICAL_ALIGNMENT_REVIEW | CAN_FIRE_ALONE | DIRECT_TARGET
ATOM,v5/config/shared/atoms/GASTROENTEROLOGY.json,GASTROENTEROLOGY,ATTRV,dysarthria,dysarthria,ICD10,R47.1,Dysarthria and anarthria,2605,402,DIRECT_TARGET,True,SOURCE_CANDIDATE,EXACT,"Match speech-articulation impairment only. Dysphagia, choking, and hoarseness must not independently create dysarthria.",local,True,0.5,dysarthria,4,CODE_REUSED_IN_CONFIG | CAN_FIRE_ALONE | DIRECT_TARGET
ATOM,v5/config/shared/atoms/GASTROENTEROLOGY.json,GASTROENTEROLOGY,AL | ATTRV,dysphagia,dysphagia,ICD10,R13.10,"Dysphagia, unspecified",24927,5113,DIRECT_TARGET,True,SOURCE_CANDIDATE,EXACT,Match swallowing difficulty only. Dysarthria and hoarseness must not independently create dysphagia.,local,True,1.0,dysphagia,4,CODE_REUSED_IN_CONFIG | CAN_FIRE_ALONE | DIRECT_TARGET
ATOM,v5/config/shared/atoms/GASTROENTEROLOGY.json,GASTROENTEROLOGY,AL | ATTRV,dysphagia,dysphagia,ICD10,R13.19,Other dysphagia,6359,1226,DIRECT_TARGET,True,SOURCE_CANDIDATE,EXACT,Match swallowing difficulty only. Dysarthria and hoarseness must not independently create dysphagia.,local,True,1.0,dysphagia,4,CODE_REUSED_IN_CONFIG | CAN_FIRE_ALONE | DIRECT_TARGET
ATOM,v5/config/shared/atoms/GASTROENTEROLOGY.json,GASTROENTEROLOGY,AL | ATTRV,dysphagia,dysphagia,ICD10,R49.0,Dysphonia,5858,1222,DIRECT_TARGET,True,SOURCE_CANDIDATE,EXACT,Match swallowing difficulty only. Dysarthria and hoarseness must not independently create dysphagia.,local,True,0.0,,4,CODE_REUSED_IN_CONFIG | ZERO_LEXICAL_ALIGNMENT_REVIEW | CAN_FIRE_ALONE | DIRECT_TARGET
ATOM,v5/config/shared/atoms/GASTROENTEROLOGY.json,GASTROENTEROLOGY,AL | ATTRV,dysphagia,dysphagia,ICD10,R47.1,Dysarthria and anarthria,2605,402,DIRECT_TARGET,True,SOURCE_CANDIDATE,EXACT,Match swallowing difficulty only. Dysarthria and hoarseness must not independently create dysphagia.,local,True,0.0,,4,CODE_REUSED_IN_CONFIG | ZERO_LEXICAL_ALIGNMENT_REVIEW | CAN_FIRE_ALONE | DIRECT_TARGET
ATOM,v5/config/shared/atoms/GASTROENTEROLOGY.json,GASTROENTEROLOGY,AL | ATTRV,early_satiety,early satiety,ICD10,K31.84,Gastroparesis,6831,805,DIRECT_TARGET,True,SOURCE_CANDIDATE,EXACT,"Match early/premature satiety or equivalent fullness wording only; nausea, vomiting, and gastroparesis are related but not lexical synonyms.",local,True,0.0,,6,CODE_REUSED_IN_CONFIG | ZERO_LEXICAL_ALIGNMENT_REVIEW | CAN_FIRE_ALONE | DIRECT_TARGET
ATOM,v5/config/shared/atoms/GASTROENTEROLOGY.json,GASTROENTEROLOGY,AL | ATTRV,early_satiety,early satiety,ICD10,R68.81,Early satiety,1161,349,DIRECT_TARGET,True,SOURCE_CANDIDATE,EXACT,"Match early/premature satiety or equivalent fullness wording only; nausea, vomiting, and gastroparesis are related but not lexical synonyms.",local,True,1.0,"early, satiety",5,CODE_REUSED_IN_CONFIG | CAN_FIRE_ALONE | DIRECT_TARGET
ATOM,v5/config/shared/atoms/GASTROENTEROLOGY.json,GASTROENTEROLOGY,AL | ATTRV,early_satiety,early satiety,ICD10,R11.2,"Nausea with vomiting, unspecified",127557,18268,DIRECT_TARGET,True,SOURCE_CANDIDATE,EXACT,"Match early/premature satiety or equivalent fullness wording only; nausea, vomiting, and gastroparesis are related but not lexical synonyms.",local,True,0.0,,5,CODE_REUSED_IN_CONFIG | ZERO_LEXICAL_ALIGNMENT_REVIEW | CAN_FIRE_ALONE | DIRECT_TARGET
ATOM,v5/config/shared/atoms/GASTROENTEROLOGY.json,GASTROENTEROLOGY,ATTRV,hoarseness,hoarseness,ICD10,R13.10,"Dysphagia, unspecified",24927,5113,DIRECT_TARGET,True,SOURCE_CANDIDATE,EXACT,"Match voice/phonation changes only. Dysphagia, choking, and dysarthria must not independently create hoarseness.",local,True,0.0,,4,CODE_REUSED_IN_CONFIG | ZERO_LEXICAL_ALIGNMENT_REVIEW | CAN_FIRE_ALONE | DIRECT_TARGET
ATOM,v5/config/shared/atoms/GASTROENTEROLOGY.json,GASTROENTEROLOGY,ATTRV,hoarseness,hoarseness,ICD10,R13.19,Other dysphagia,6359,1226,DIRECT_TARGET,True,SOURCE_CANDIDATE,EXACT,"Match voice/phonation changes only. Dysphagia, choking, and dysarthria must not independently create hoarseness.",local,True,0.0,,4,CODE_REUSED_IN_CONFIG | ZERO_LEXICAL_ALIGNMENT_REVIEW | CAN_FIRE_ALONE | DIRECT_TARGET
ATOM,v5/config/shared/atoms/GASTROENTEROLOGY.json,GASTROENTEROLOGY,ATTRV,hoarseness,hoarseness,ICD10,R49.0,Dysphonia,5858,1222,DIRECT_TARGET,True,SOURCE_CANDIDATE,EXACT,"Match voice/phonation changes only. Dysphagia, choking, and dysarthria must not independently create hoarseness.",local,True,1.0,dysphonia,4,CODE_REUSED_IN_CONFIG | CAN_FIRE_ALONE | DIRECT_TARGET
ATOM,v5/config/shared/atoms/GASTROENTEROLOGY.json,GASTROENTEROLOGY,ATTRV,hoarseness,hoarseness,ICD10,R47.1,Dysarthria and anarthria,2605,402,DIRECT_TARGET,True,SOURCE_CANDIDATE,EXACT,"Match voice/phonation changes only. Dysphagia, choking, and dysarthria must not independently create hoarseness.",local,True,0.0,,4,CODE_REUSED_IN_CONFIG | ZERO_LEXICAL_ALIGNMENT_REVIEW | CAN_FIRE_ALONE | DIRECT_TARGET
ATOM,v5/config/shared/atoms/GASTROENTEROLOGY.json,GASTROENTEROLOGY,AL | ATTRV,nausea,nausea,ICD10,K31.84,Gastroparesis,6831,805,DIRECT_TARGET,True,SOURCE_CANDIDATE,EXACT,"Match nausea/queasiness language only. Gastroparesis, vomiting, delayed gastric emptying, or early satiety must not independently create nausea.",local,True,0.0,,6,CODE_REUSED_IN_CONFIG | ZERO_LEXICAL_ALIGNMENT_REVIEW | CAN_FIRE_ALONE | DIRECT_TARGET
ATOM,v5/config/shared/atoms/GASTROENTEROLOGY.json,GASTROENTEROLOGY,AL | ATTRV,nausea,nausea,ICD10,R68.81,Early satiety,1161,349,DIRECT_TARGET,True,SOURCE_CANDIDATE,EXACT,"Match nausea/queasiness language only. Gastroparesis, vomiting, delayed gastric emptying, or early satiety must not independently create nausea.",local,True,0.0,,5,CODE_REUSED_IN_CONFIG | ZERO_LEXICAL_ALIGNMENT_REVIEW | CAN_FIRE_ALONE | DIRECT_TARGET
ATOM,v5/config/shared/atoms/GASTROENTEROLOGY.json,GASTROENTEROLOGY,AL | ATTRV,nausea,nausea,ICD10,R11.2,"Nausea with vomiting, unspecified",127557,18268,DIRECT_TARGET,True,SOURCE_CANDIDATE,EXACT,"Match nausea/queasiness language only. Gastroparesis, vomiting, delayed gastric emptying, or early satiety must not independently create nausea.",local,True,0.5,nausea,5,CODE_REUSED_IN_CONFIG | CAN_FIRE_ALONE | DIRECT_TARGET
ATOM,v5/config/shared/atoms/GASTROENTEROLOGY.json,GASTROENTEROLOGY,AL | ATTRV,vomiting,vomiting,ICD10,K31.84,Gastroparesis,6831,805,DIRECT_TARGET,True,SOURCE_CANDIDATE,EXACT,"Match vomiting/emesis language only. Gastroparesis, nausea, delayed gastric emptying, and early satiety must not independently create vomiting.",local,True,0.0,,6,CODE_REUSED_IN_CONFIG | ZERO_LEXICAL_ALIGNMENT_REVIEW | CAN_FIRE_ALONE | DIRECT_TARGET
ATOM,v5/config/shared/atoms/GASTROENTEROLOGY.json,GASTROENTEROLOGY,AL | ATTRV,vomiting,vomiting,ICD10,R68.81,Early satiety,1161,349,DIRECT_TARGET,True,SOURCE_CANDIDATE,EXACT,"Match vomiting/emesis language only. Gastroparesis, nausea, delayed gastric emptying, and early satiety must not independently create vomiting.",local,True,0.0,,5,CODE_REUSED_IN_CONFIG | ZERO_LEXICAL_ALIGNMENT_REVIEW | CAN_FIRE_ALONE | DIRECT_TARGET
ATOM,v5/config/shared/atoms/GASTROENTEROLOGY.json,GASTROENTEROLOGY,AL | ATTRV,vomiting,vomiting,ICD10,R11.2,"Nausea with vomiting, unspecified",127557,18268,DIRECT_TARGET,True,SOURCE_CANDIDATE,EXACT,"Match vomiting/emesis language only. Gastroparesis, nausea, delayed gastric emptying, and early satiety must not independently create vomiting.",local,True,0.5,vomit,5,CODE_REUSED_IN_CONFIG | CAN_FIRE_ALONE | DIRECT_TARGET
ATOM,v5/config/shared/atoms/GASTROENTEROLOGY.json,GASTROENTEROLOGY,AL,abdominal_pain,Unexplained abdominal pain,ICD10,R10.10,"Upper abdominal pain, unspecified",18723,2915,DIRECT_TARGET,True,SOURCE_CANDIDATE,EXACT,Match only the canonical clinical concept 'Unexplained abdominal pain'. Related findings must remain separate atoms or rule context.,local,True,0.667,"abdominal, pain",1,CAN_FIRE_ALONE | DIRECT_TARGET
ATOM,v5/config/shared/atoms/GASTROENTEROLOGY.json,GASTROENTEROLOGY,AL,abdominal_pain,Unexplained abdominal pain,ICD10,R10.13,Epigastric pain,101649,15230,DIRECT_TARGET,True,SOURCE_CANDIDATE,EXACT,Match only the canonical clinical concept 'Unexplained abdominal pain'. Related findings must remain separate atoms or rule context.,local,True,1.0,"epigastric, pain",1,CAN_FIRE_ALONE | DIRECT_TARGET
ATOM,v5/config/shared/atoms/GASTROENTEROLOGY.json,GASTROENTEROLOGY,AL,abdominal_pain,Unexplained abdominal pain,ICD10,R10.84,Generalized abdominal pain,123133,15564,DIRECT_TARGET,True,SOURCE_CANDIDATE,EXACT,Match only the canonical clinical concept 'Unexplained abdominal pain'. Related findings must remain separate atoms or rule context.,local,True,0.667,"abdominal, pain",1,CAN_FIRE_ALONE | DIRECT_TARGET
ATOM,v5/config/shared/atoms/GASTROENTEROLOGY.json,GASTROENTEROLOGY,AL,abdominal_pain,Unexplained abdominal pain,ICD10,R10.9,Unspecified abdominal pain,149193,21694,DIRECT_TARGET,True,SOURCE_CANDIDATE,EXACT,Match only the canonical clinical concept 'Unexplained abdominal pain'. Related findings must remain separate atoms or rule context.,local,True,1.0,"abdominal, pain",1,CAN_FIRE_ALONE | DIRECT_TARGET
ATOM,v5/config/shared/atoms/GASTROENTEROLOGY.json,GASTROENTEROLOGY,AL,abdominal_pain,Unexplained abdominal pain,SNOMED_CT,21522001,,0,0,DIRECT_TARGET,True,SOURCE_CANDIDATE,EXACT,Match only the canonical clinical concept 'Unexplained abdominal pain'. Related findings must remain separate atoms or rule context.,,,0.0,,1,NOT_IN_WAREHOUSE_VOCABULARY | CAN_FIRE_ALONE | DIRECT_TARGET
ATOM,v5/config/shared/atoms/GENERAL_MEDICINE.json,GENERAL_MEDICINE,,al34_competing_edema,Competing cause of edema,ICD10,I50.9,"Heart failure, unspecified",60615,5219,DIRECT_TARGET,True,SOURCE_CANDIDATE,EXACT,Use only as a clearly documented competing explanation that adequately explains the target finding; FALSE or UNKNOWN must not block.,local,True,1.0,"failure, heart",5,CODE_REUSED_IN_CONFIG | CAN_FIRE_ALONE | DIRECT_TARGET
ATOM,v5/config/shared/atoms/GENERAL_MEDICINE.json,GENERAL_MEDICINE,,al34_competing_edema,Competing cause of edema,ICD10,I87.2,Venous insufficiency (chronic) (peripheral),21317,2205,DIRECT_TARGET,True,SOURCE_CANDIDATE,EXACT,Use only as a clearly documented competing explanation that adequately explains the target finding; FALSE or UNKNOWN must not block.,local,True,0.5,"insufficiency, venou",2,CODE_REUSED_IN_CONFIG | CAN_FIRE_ALONE | DIRECT_TARGET
ATOM,v5/config/shared/atoms/GENERAL_MEDICINE.json,GENERAL_MEDICINE,,al34_competing_edema,Competing cause of edema,ICD10,I89.0,"Lymphedema, not elsewhere classified",16685,754,DIRECT_TARGET,True,SOURCE_CANDIDATE,EXACT,Use only as a clearly documented competing explanation that adequately explains the target finding; FALSE or UNKNOWN must not block.,local,True,0.5,lymphedema,1,CAN_FIRE_ALONE | DIRECT_TARGET
ATOM,v5/config/shared/atoms/GENERAL_MEDICINE.json,GENERAL_MEDICINE,,al34_competing_edema,Competing cause of edema,ICD10,K70.30,Alcoholic cirrhosis of liver without ascites,135279,2372,DIRECT_TARGET,True,SOURCE_CANDIDATE,EXACT,Use only as a clearly documented competing explanation that adequately explains the target finding; FALSE or UNKNOWN must not block.,local,True,0.25,cirrhosi,4,CODE_REUSED_IN_CONFIG | CAN_FIRE_ALONE | DIRECT_TARGET
ATOM,v5/config/shared/atoms/GENERAL_MEDICINE.json,GENERAL_MEDICINE,,al34_competing_edema,Competing cause of edema,ICD10,K74.60,Unspecified cirrhosis of liver,157162,5609,DIRECT_TARGET,True,SOURCE_CANDIDATE,EXACT,Use only as a clearly documented competing explanation that adequately explains the target finding; FALSE or UNKNOWN must not block.,local,True,0.5,cirrhosi,4,CODE_REUSED_IN_CONFIG | CAN_FIRE_ALONE | DIRECT_TARGET
ATOM,v5/config/shared/atoms/GENERAL_MEDICINE.json,GENERAL_MEDICINE,,al34_competing_edema,Competing cause of edema,ICD10,N18.9,"Chronic kidney disease, unspecified",48174,1876,DIRECT_TARGET,True,SOURCE_CANDIDATE,EXACT,Use only as a clearly documented competing explanation that adequately explains the target finding; FALSE or UNKNOWN must not block.,local,True,0.0,,7,CODE_REUSED_IN_CONFIG | ZERO_LEXICAL_ALIGNMENT_REVIEW | CAN_FIRE_ALONE | DIRECT_TARGET
ATOM,v5/config/shared/atoms/GENERAL_MEDICINE.json,GENERAL_MEDICINE,,al34_competing_edema,Competing cause of edema,SNOMED_CT,19943007,,0,0,DIRECT_TARGET,True,SOURCE_CANDIDATE,EXACT,Use only as a clearly documented competing explanation that adequately explains the target finding; FALSE or UNKNOWN must not block.,,,0.0,,4,NOT_IN_WAREHOUSE_VOCABULARY | CODE_REUSED_IN_CONFIG | CAN_FIRE_ALONE | DIRECT_TARGET
ATOM,v5/config/shared/atoms/GENERAL_MEDICINE.json,GENERAL_MEDICINE,,al34_competing_edema,Competing cause of edema,SNOMED_CT,20696009,,0,0,DIRECT_TARGET,True,SOURCE_CANDIDATE,EXACT,Use only as a clearly documented competing explanation that adequately explains the target finding; FALSE or UNKNOWN must not block.,,,0.0,,2,NOT_IN_WAREHOUSE_VOCABULARY | CODE_REUSED_IN_CONFIG | CAN_FIRE_ALONE | DIRECT_TARGET
ATOM,v5/config/shared/atoms/GENERAL_MEDICINE.json,GENERAL_MEDICINE,,al34_competing_edema,Competing cause of edema,SNOMED_CT,234097001,,0,0,DIRECT_TARGET,True,SOURCE_CANDIDATE,EXACT,Use only as a clearly documented competing explanation that adequately explains the target finding; FALSE or UNKNOWN must not block.,,,0.0,,1,NOT_IN_WAREHOUSE_VOCABULARY | CAN_FIRE_ALONE | DIRECT_TARGET
ATOM,v5/config/shared/atoms/GENERAL_MEDICINE.json,GENERAL_MEDICINE,,al34_competing_edema,Competing cause of edema,SNOMED_CT,40930008,,0,0,DIRECT_TARGET,True,SOURCE_CANDIDATE,EXACT,Use only as a clearly documented competing explanation that adequately explains the target finding; FALSE or UNKNOWN must not block.,,,0.0,,2,NOT_IN_WAREHOUSE_VOCABULARY | CODE_REUSED_IN_CONFIG | CAN_FIRE_ALONE | DIRECT_TARGET
ATOM,v5/config/shared/atoms/GENERAL_MEDICINE.json,GENERAL_MEDICINE,,al34_competing_edema,Competing cause of edema,SNOMED_CT,84114007,,0,0,DIRECT_TARGET,True,SOURCE_CANDIDATE,EXACT,Use only as a clearly documented competing explanation that adequately explains the target finding; FALSE or UNKNOWN must not block.,,,0.0,,5,NOT_IN_WAREHOUSE_VOCABULARY | CODE_REUSED_IN_CONFIG | CAN_FIRE_ALONE | DIRECT_TARGET
ATOM,v5/config/shared/atoms/GENERAL_MEDICINE.json,GENERAL_MEDICINE,AL,fatigue,Fatigue,ICD10,R53.81,Other malaise,14226,1687,DIRECT_TARGET,True,SOURCE_CANDIDATE,EXACT,Match only the canonical clinical concept 'Fatigue'. Related findings must remain separate atoms or rule context.,local,True,0.0,,2,CODE_REUSED_IN_CONFIG | ZERO_LEXICAL_ALIGNMENT_REVIEW | CAN_FIRE_ALONE | DIRECT_TARGET
ATOM,v5/config/shared/atoms/GENERAL_MEDICINE.json,GENERAL_MEDICINE,AL,fatigue,Fatigue,ICD10,R53.82,"Chronic fatigue, unspecified",23073,4070,DIRECT_TARGET,True,SOURCE_CANDIDATE,EXACT,Match only the canonical clinical concept 'Fatigue'. Related findings must remain separate atoms or rule context.,local,True,0.5,fatigue,1,CAN_FIRE_ALONE | DIRECT_TARGET
ATOM,v5/config/shared/atoms/GENERAL_MEDICINE.json,GENERAL_MEDICINE,AL,fatigue,Fatigue,ICD10,R53.83,Other fatigue,99092,15401,DIRECT_TARGET,True,SOURCE_CANDIDATE,EXACT,Match only the canonical clinical concept 'Fatigue'. Related findings must remain separate atoms or rule context.,local,True,1.0,fatigue,1,CAN_FIRE_ALONE | DIRECT_TARGET
ATOM,v5/config/shared/atoms/GENERAL_MEDICINE.json,GENERAL_MEDICINE,AL,fatigue,Fatigue,SNOMED_CT,84229001,,0,0,DIRECT_TARGET,True,SOURCE_CANDIDATE,EXACT,Match only the canonical clinical concept 'Fatigue'. Related findings must remain separate atoms or rule context.,,,0.0,,1,NOT_IN_WAREHOUSE_VOCABULARY | CAN_FIRE_ALONE | DIRECT_TARGET
ATOM,v5/config/shared/atoms/GENERAL_MEDICINE.json,GENERAL_MEDICINE,AL,malaise,Malaise,ICD10,R53.8,,0,0,DIRECT_TARGET,True,SOURCE_CANDIDATE,EXACT,Match only the canonical clinical concept 'Malaise'. Related findings must remain separate atoms or rule context.,,,0.0,,1,NOT_IN_WAREHOUSE_VOCABULARY | CAN_FIRE_ALONE | DIRECT_TARGET
ATOM,v5/config/shared/atoms/GENERAL_MEDICINE.json,GENERAL_MEDICINE,AL,malaise,Malaise,ICD10,R53.81,Other malaise,14226,1687,DIRECT_TARGET,True,SOURCE_CANDIDATE,EXACT,Match only the canonical clinical concept 'Malaise'. Related findings must remain separate atoms or rule context.,local,True,1.0,malaise,2,CODE_REUSED_IN_CONFIG | CAN_FIRE_ALONE | DIRECT_TARGET
ATOM,v5/config/shared/atoms/GENERAL_MEDICINE.json,GENERAL_MEDICINE,AL,malaise,Malaise,SNOMED_CT,367391008,,0,0,DIRECT_TARGET,True,SOURCE_CANDIDATE,EXACT,Match only the canonical clinical concept 'Malaise'. Related findings must remain separate atoms or rule context.,,,0.0,,1,NOT_IN_WAREHOUSE_VOCABULARY | CAN_FIRE_ALONE | DIRECT_TARGET
ATOM,v5/config/shared/atoms/GENERAL_MEDICINE.json,GENERAL_MEDICINE,AL,other_serosal_effusion,Other serosal effusion,ICD10,K66.8,Other specified disorders of peritoneum,5259,233,DIRECT_TARGET,True,SOURCE_CANDIDATE,EXACT,Match only the canonical clinical concept 'Other serosal effusion'. Related findings must remain separate atoms or rule context.,local,True,0.0,,1,ZERO_LEXICAL_ALIGNMENT_REVIEW | CAN_FIRE_ALONE | DIRECT_TARGET
ATOM,v5/config/shared/atoms/GENERAL_MEDICINE.json,GENERAL_MEDICINE,AL,other_serosal_effusion,Other serosal effusion,ICD10,R18.8,Other ascites,24848,1879,DIRECT_TARGET,True,SOURCE_CANDIDATE,EXACT,Match only the canonical clinical concept 'Other serosal effusion'. Related findings must remain separate atoms or rule context.,local,True,1.0,ascite,1,CAN_FIRE_ALONE | DIRECT_TARGET
ATOM,v5/config/shared/atoms/GENERAL_MEDICINE.json,GENERAL_MEDICINE,AL,other_serosal_effusion,Other serosal effusion,SNOMED_CT,389026000,,0,0,DIRECT_TARGET,True,SOURCE_CANDIDATE,EXACT,Match only the canonical clinical concept 'Other serosal effusion'. Related findings must remain separate atoms or rule context.,,,0.0,,1,NOT_IN_WAREHOUSE_VOCABULARY | CAN_FIRE_ALONE | DIRECT_TARGET
ATOM,v5/config/shared/atoms/GENERAL_MEDICINE.json,GENERAL_MEDICINE,AL,subjective_weakness,Subjective weakness,ICD10,R53.1,Weakness,32016,4143,DIRECT_TARGET,True,SOURCE_CANDIDATE,EXACT,Match only the canonical clinical concept 'Subjective weakness'. Related findings must remain separate atoms or rule context.,local,True,1.0,weakness,1,CAN_FIRE_ALONE | DIRECT_TARGET
ATOM,v5/config/shared/atoms/GENERAL_MEDICINE.json,GENERAL_MEDICINE,AL,subjective_weakness,Subjective weakness,SNOMED_CT,126013009,,0,0,DIRECT_TARGET,True,SOURCE_CANDIDATE,EXACT,Match only the canonical clinical concept 'Subjective weakness'. Related findings must remain separate atoms or rule context.,,,0.0,,1,NOT_IN_WAREHOUSE_VOCABULARY | CAN_FIRE_ALONE | DIRECT_TARGET
ATOM,v5/config/shared/atoms/HEMATOLOGY.json,HEMATOLOGY,AL | ATTRWT,plasma_cell_dyscrasia,Plasma-cell dyscrasia / multiple myeloma,ICD10,C90.00,Multiple myeloma not having achieved remission,26090,237,DIRECT_TARGET,True,SOURCE_CANDIDATE,EXACT,Match only the canonical clinical concept 'Plasma-cell dyscrasia / multiple myeloma'. Do not broaden to related but clinically distinct findings.,local,True,0.4,"multiple, myeloma",1,CAN_FIRE_ALONE | DIRECT_TARGET
ATOM,v5/config/shared/atoms/HEMATOLOGY.json,HEMATOLOGY,AL | ATTRWT,plasma_cell_dyscrasia,Plasma-cell dyscrasia / multiple myeloma,ICD10,C90.01,Multiple myeloma in remission,1485,40,DIRECT_TARGET,True,SOURCE_CANDIDATE,EXACT,Match only the canonical clinical concept 'Plasma-cell dyscrasia / multiple myeloma'. Do not broaden to related but clinically distinct findings.,local,True,0.667,"multiple, myeloma",1,CAN_FIRE_ALONE | DIRECT_TARGET
ATOM,v5/config/shared/atoms/HEMATOLOGY.json,HEMATOLOGY,AL | ATTRWT,plasma_cell_dyscrasia,Plasma-cell dyscrasia / multiple myeloma,ICD10,C90.10,Plasma cell leukemia not having achieved remission,274,5,DIRECT_TARGET,True,SOURCE_CANDIDATE,EXACT,Match only the canonical clinical concept 'Plasma-cell dyscrasia / multiple myeloma'. Do not broaden to related but clinically distinct findings.,local,True,0.333,"cell, plasma",1,CAN_FIRE_ALONE | DIRECT_TARGET
ATOM,v5/config/shared/atoms/HEMATOLOGY.json,HEMATOLOGY,AL | ATTRWT,plasma_cell_dyscrasia,Plasma-cell dyscrasia / multiple myeloma,ICD10,C90.30,Solitary plasmacytoma not having achieved remission,498,16,DIRECT_TARGET,True,SOURCE_CANDIDATE,EXACT,Match only the canonical clinical concept 'Plasma-cell dyscrasia / multiple myeloma'. Do not broaden to related but clinically distinct findings.,local,True,0.2,plasmacytoma,1,CAN_FIRE_ALONE | DIRECT_TARGET
ATOM,v5/config/shared/atoms/HEMATOLOGY.json,HEMATOLOGY,AL | ATTRWT,plasma_cell_dyscrasia,Plasma-cell dyscrasia / multiple myeloma,ICD10,C90.20,Extramedullary plasmacytoma not having achieved remission,30,4,DIRECT_TARGET,True,SOURCE_CANDIDATE,EXACT,Match only the canonical clinical concept 'Plasma-cell dyscrasia / multiple myeloma'. Do not broaden to related but clinically distinct findings.,local,True,0.2,plasmacytoma,1,CAN_FIRE_ALONE | DIRECT_TARGET
ATOM,v5/config/shared/atoms/HEMATOLOGY.json,HEMATOLOGY,AL | ATTRWT,plasma_cell_dyscrasia,Plasma-cell dyscrasia / multiple myeloma,ICD10,E85.81,Light chain (AL) amyloidosis,778,24,DIRECT_TARGET,True,SOURCE_CANDIDATE,EXACT,Match only the canonical clinical concept 'Plasma-cell dyscrasia / multiple myeloma'. Do not broaden to related but clinically distinct findings.,local,True,0.0,,3,CODE_REUSED_IN_CONFIG | ZERO_LEXICAL_ALIGNMENT_REVIEW | CAN_FIRE_ALONE | DIRECT_TARGET
ATOM,v5/config/shared/atoms/HEMATOLOGY.json,HEMATOLOGY,AL | ATTRWT,plasma_cell_dyscrasia,Plasma-cell dyscrasia / multiple myeloma,SNOMED_CT,415111003,,0,0,DIRECT_TARGET,True,SOURCE_CANDIDATE,EXACT,Match only the canonical clinical concept 'Plasma-cell dyscrasia / multiple myeloma'. Do not broaden to related but clinically distinct findings.,,,0.0,,1,NOT_IN_WAREHOUSE_VOCABULARY | CAN_FIRE_ALONE | DIRECT_TARGET
ATOM,v5/config/shared/atoms/HEMATOLOGY.json,HEMATOLOGY,AL | ATTRWT,plasma_cell_dyscrasia,Plasma-cell dyscrasia / multiple myeloma,SNOMED_CT,09989006,,0,0,DIRECT_TARGET,True,SOURCE_CANDIDATE,EXACT,Match only the canonical clinical concept 'Plasma-cell dyscrasia / multiple myeloma'. Do not broaden to related but clinically distinct findings.,,,0.0,,1,NOT_IN_WAREHOUSE_VOCABULARY | CAN_FIRE_ALONE | DIRECT_TARGET
ATOM,v5/config/shared/atoms/HEMATOLOGY.json,HEMATOLOGY,AL | ATTRWT,plasma_cell_dyscrasia,Plasma-cell dyscrasia / multiple myeloma,SNOMED_CT,413587002,,0,0,DIRECT_TARGET,True,SOURCE_CANDIDATE,EXACT,Match only the canonical clinical concept 'Plasma-cell dyscrasia / multiple myeloma'. Do not broaden to related but clinically distinct findings.,,,0.0,,1,NOT_IN_WAREHOUSE_VOCABULARY | CAN_FIRE_ALONE | DIRECT_TARGET
ATOM,v5/config/shared/atoms/HEMATOLOGY.json,HEMATOLOGY,AL | ATTRWT,plasma_cell_dyscrasia,Plasma-cell dyscrasia / multiple myeloma,SNOMED_CT,415112005,,0,0,DIRECT_TARGET,True,SOURCE_CANDIDATE,EXACT,Match only the canonical clinical concept 'Plasma-cell dyscrasia / multiple myeloma'. Do not broaden to related but clinically distinct findings.,,,0.0,,1,NOT_IN_WAREHOUSE_VOCABULARY | CAN_FIRE_ALONE | DIRECT_TARGET
ATOM,v5/config/shared/atoms/HEMATOLOGY.json,HEMATOLOGY,AL | ATTRWT,plasma_cell_dyscrasia,Plasma-cell dyscrasia / multiple myeloma,SNOMED_CT,128922003,,0,0,DIRECT_TARGET,True,SOURCE_CANDIDATE,EXACT,Match only the canonical clinical concept 'Plasma-cell dyscrasia / multiple myeloma'. Do not broaden to related but clinically distinct findings.,,,0.0,,1,NOT_IN_WAREHOUSE_VOCABULARY | CAN_FIRE_ALONE | DIRECT_TARGET
ATOM,v5/config/shared/atoms/HEMATOLOGY.json,HEMATOLOGY,AL,myeloma_therapy_exposure,Anti-myeloma therapy exposure,ICD10,Z51.1,,0,0,DIRECT_TARGET,True,SOURCE_CANDIDATE,EXACT,Match only the canonical clinical concept 'Anti-myeloma therapy exposure'. Related findings must remain separate atoms or rule context.,,,0.0,,1,NOT_IN_WAREHOUSE_VOCABULARY | CAN_FIRE_ALONE | DIRECT_TARGET
ATOM,v5/config/shared/atoms/HEMATOLOGY.json,HEMATOLOGY,AL,myeloma_therapy_exposure,Anti-myeloma therapy exposure,ICD10,Z51.11,Encounter for antineoplastic chemotherapy,37386,1034,DIRECT_TARGET,True,SOURCE_CANDIDATE,EXACT,Match only the canonical clinical concept 'Anti-myeloma therapy exposure'. Related findings must remain separate atoms or rule context.,local,True,0.0,,1,ZERO_LEXICAL_ALIGNMENT_REVIEW | CAN_FIRE_ALONE | DIRECT_TARGET
ATOM,v5/config/shared/atoms/HEMATOLOGY.json,HEMATOLOGY,AL,myeloma_therapy_exposure,Anti-myeloma therapy exposure,ICD10,Z92.21,Personal history of antineoplastic chemotherapy,4625,339,DIRECT_TARGET,True,SOURCE_CANDIDATE,EXACT,Match only the canonical clinical concept 'Anti-myeloma therapy exposure'. Related findings must remain separate atoms or rule context.,local,True,0.0,,1,ZERO_LEXICAL_ALIGNMENT_REVIEW | CAN_FIRE_ALONE | DIRECT_TARGET
ATOM,v5/config/shared/atoms/HEMATOLOGY.json,HEMATOLOGY,AL,myeloma_therapy_exposure,Anti-myeloma therapy exposure,SNOMED_CT,363688001,,0,0,DIRECT_TARGET,True,SOURCE_CANDIDATE,EXACT,Match only the canonical clinical concept 'Anti-myeloma therapy exposure'. Related findings must remain separate atoms or rule context.,,,0.0,,1,NOT_IN_WAREHOUSE_VOCABULARY | CAN_FIRE_ALONE | DIRECT_TARGET
ATOM,v5/config/shared/atoms/HEPATOLOGY.json,HEPATOLOGY,,al18_congestive_hepatopathy,Congestive hepatopathy or competing liver disease,ICD10,C78.7,Secondary malignant neoplasm of liver and intrahepatic bile duct,6801,246,DIRECT_TARGET,True,SOURCE_CANDIDATE,EXACT,Match only the canonical clinical concept 'Congestive hepatopathy or competing liver disease'. Related findings must remain separate atoms or rule context.,local,True,0.143,liver,1,LOW_LEXICAL_ALIGNMENT_REVIEW | CAN_FIRE_ALONE | DIRECT_TARGET
ATOM,v5/config/shared/atoms/HEPATOLOGY.json,HEPATOLOGY,,al18_congestive_hepatopathy,Congestive hepatopathy or competing liver disease,ICD10,K70.30,Alcoholic cirrhosis of liver without ascites,135279,2372,DIRECT_TARGET,True,SOURCE_CANDIDATE,EXACT,Match only the canonical clinical concept 'Congestive hepatopathy or competing liver disease'. Related findings must remain separate atoms or rule context.,local,True,0.5,"cirrhosi, liver",4,CODE_REUSED_IN_CONFIG | CAN_FIRE_ALONE | DIRECT_TARGET
ATOM,v5/config/shared/atoms/HEPATOLOGY.json,HEPATOLOGY,,al18_congestive_hepatopathy,Congestive hepatopathy or competing liver disease,ICD10,K74.3,Primary biliary cirrhosis,23013,425,DIRECT_TARGET,True,SOURCE_CANDIDATE,EXACT,Match only the canonical clinical concept 'Congestive hepatopathy or competing liver disease'. Related findings must remain separate atoms or rule context.,local,True,0.333,cirrhosi,1,CAN_FIRE_ALONE | DIRECT_TARGET
ATOM,v5/config/shared/atoms/HEPATOLOGY.json,HEPATOLOGY,,al18_congestive_hepatopathy,Congestive hepatopathy or competing liver disease,ICD10,K74.60,Unspecified cirrhosis of liver,157162,5609,DIRECT_TARGET,True,SOURCE_CANDIDATE,EXACT,Match only the canonical clinical concept 'Congestive hepatopathy or competing liver disease'. Related findings must remain separate atoms or rule context.,local,True,1.0,"cirrhosi, liver",4,CODE_REUSED_IN_CONFIG | CAN_FIRE_ALONE | DIRECT_TARGET
ATOM,v5/config/shared/atoms/HEPATOLOGY.json,HEPATOLOGY,,al18_congestive_hepatopathy,Congestive hepatopathy or competing liver disease,ICD10,K75.81,Nonalcoholic steatohepatitis (NASH),120334,1871,DIRECT_TARGET,True,SOURCE_CANDIDATE,EXACT,Match only the canonical clinical concept 'Congestive hepatopathy or competing liver disease'. Related findings must remain separate atoms or rule context.,local,True,0.0,,1,ZERO_LEXICAL_ALIGNMENT_REVIEW | CAN_FIRE_ALONE | DIRECT_TARGET
ATOM,v5/config/shared/atoms/HEPATOLOGY.json,HEPATOLOGY,,al18_congestive_hepatopathy,Congestive hepatopathy or competing liver disease,ICD10,K76.0,"Fatty (change of) liver, not elsewhere classified",70727,6279,DIRECT_TARGET,True,SOURCE_CANDIDATE,EXACT,Match only the canonical clinical concept 'Congestive hepatopathy or competing liver disease'. Related findings must remain separate atoms or rule context.,local,True,0.5,"fatty, liver",1,CAN_FIRE_ALONE | DIRECT_TARGET
ATOM,v5/config/shared/atoms/HEPATOLOGY.json,HEPATOLOGY,,al18_congestive_hepatopathy,Congestive hepatopathy or competing liver disease,ICD10,K76.1,Chronic passive congestion of liver,211,36,DIRECT_TARGET,True,SOURCE_CANDIDATE,EXACT,Match only the canonical clinical concept 'Congestive hepatopathy or competing liver disease'. Related findings must remain separate atoms or rule context.,local,True,0.5,"congestion, liver",1,CAN_FIRE_ALONE | DIRECT_TARGET
ATOM,v5/config/shared/atoms/HEPATOLOGY.json,HEPATOLOGY,,al18_congestive_hepatopathy,Congestive hepatopathy or competing liver disease,ICD10,K76.9,"Liver disease, unspecified",22676,2143,DIRECT_TARGET,True,SOURCE_CANDIDATE,EXACT,Match only the canonical clinical concept 'Congestive hepatopathy or competing liver disease'. Related findings must remain separate atoms or rule context.,local,True,1.0,liver,2,CODE_REUSED_IN_CONFIG | CAN_FIRE_ALONE | DIRECT_TARGET
ATOM,v5/config/shared/atoms/HEPATOLOGY.json,HEPATOLOGY,,al18_congestive_hepatopathy,Congestive hepatopathy or competing liver disease,SNOMED_CT,197321007,,0,0,DIRECT_TARGET,True,SOURCE_CANDIDATE,EXACT,Match only the canonical clinical concept 'Congestive hepatopathy or competing liver disease'. Related findings must remain separate atoms or rule context.,,,0.0,,1,NOT_IN_WAREHOUSE_VOCABULARY | CAN_FIRE_ALONE | DIRECT_TARGET
ATOM,v5/config/shared/atoms/HEPATOLOGY.json,HEPATOLOGY,,al18_congestive_hepatopathy,Congestive hepatopathy or competing liver disease,SNOMED_CT,19943007,,0,0,DIRECT_TARGET,True,SOURCE_CANDIDATE,EXACT,Match only the canonical clinical concept 'Congestive hepatopathy or competing liver disease'. Related findings must remain separate atoms or rule context.,,,0.0,,4,NOT_IN_WAREHOUSE_VOCABULARY | CODE_REUSED_IN_CONFIG | CAN_FIRE_ALONE | DIRECT_TARGET
ATOM,v5/config/shared/atoms/HEPATOLOGY.json,HEPATOLOGY,,al18_congestive_hepatopathy,Congestive hepatopathy or competing liver disease,SNOMED_CT,31712002,,0,0,DIRECT_TARGET,True,SOURCE_CANDIDATE,EXACT,Match only the canonical clinical concept 'Congestive hepatopathy or competing liver disease'. Related findings must remain separate atoms or rule context.,,,0.0,,1,NOT_IN_WAREHOUSE_VOCABULARY | CAN_FIRE_ALONE | DIRECT_TARGET
ATOM,v5/config/shared/atoms/HEPATOLOGY.json,HEPATOLOGY,,al18_congestive_hepatopathy,Congestive hepatopathy or competing liver disease,SNOMED_CT,328383001,,0,0,DIRECT_TARGET,True,SOURCE_CANDIDATE,EXACT,Match only the canonical clinical concept 'Congestive hepatopathy or competing liver disease'. Related findings must remain separate atoms or rule context.,,,0.0,,2,NOT_IN_WAREHOUSE_VOCABULARY | CODE_REUSED_IN_CONFIG | CAN_FIRE_ALONE | DIRECT_TARGET
ATOM,v5/config/shared/atoms/HEPATOLOGY.json,HEPATOLOGY,,al18_congestive_hepatopathy,Congestive hepatopathy or competing liver disease,SNOMED_CT,34736002,,0,0,DIRECT_TARGET,True,SOURCE_CANDIDATE,EXACT,Match only the canonical clinical concept 'Congestive hepatopathy or competing liver disease'. Related findings must remain separate atoms or rule context.,,,0.0,,1,NOT_IN_WAREHOUSE_VOCABULARY | CAN_FIRE_ALONE | DIRECT_TARGET
ATOM,v5/config/shared/atoms/HEPATOLOGY.json,HEPATOLOGY,,al18_congestive_hepatopathy,Congestive hepatopathy or competing liver disease,SNOMED_CT,76281005,,0,0,DIRECT_TARGET,True,SOURCE_CANDIDATE,EXACT,Match only the canonical clinical concept 'Congestive hepatopathy or competing liver disease'. Related findings must remain separate atoms or rule context.,,,0.0,,1,NOT_IN_WAREHOUSE_VOCABULARY | CAN_FIRE_ALONE | DIRECT_TARGET
ATOM,v5/config/shared/atoms/HEPATOLOGY.json,HEPATOLOGY,,al18_congestive_hepatopathy,Congestive hepatopathy or competing liver disease,SNOMED_CT,94381002,,0,0,DIRECT_TARGET,True,SOURCE_CANDIDATE,EXACT,Match only the canonical clinical concept 'Congestive hepatopathy or competing liver disease'. Related findings must remain separate atoms or rule context.,,,0.0,,1,NOT_IN_WAREHOUSE_VOCABULARY | CAN_FIRE_ALONE | DIRECT_TARGET
ATOM,v5/config/shared/atoms/HEPATOLOGY.json,HEPATOLOGY,AL,hepatic_alp_elevation,Cholestatic alkaline phosphatase elevation,ICD10,R74.0,Nonspecific elevation of levels of transaminase and lactic acid dehydrogenase [LDH],1584,233,DIRECT_TARGET,True,SOURCE_CANDIDATE,EXACT,Match only the canonical clinical concept 'Cholestatic alkaline phosphatase elevation'. Related findings must remain separate atoms or rule context.,local,True,0.125,elevation,1,LOW_LEXICAL_ALIGNMENT_REVIEW | CAN_FIRE_ALONE | DIRECT_TARGET
ATOM,v5/config/shared/atoms/HEPATOLOGY.json,HEPATOLOGY,AL,hepatic_alp_elevation,Cholestatic alkaline phosphatase elevation,ICD10,R94.5,Abnormal results of liver function studies,10743,1179,DIRECT_TARGET,True,SOURCE_CANDIDATE,EXACT,Match only the canonical clinical concept 'Cholestatic alkaline phosphatase elevation'. Related findings must remain separate atoms or rule context.,local,True,0.0,,1,ZERO_LEXICAL_ALIGNMENT_REVIEW | CAN_FIRE_ALONE | DIRECT_TARGET
ATOM,v5/config/shared/atoms/HEPATOLOGY.json,HEPATOLOGY,AL,hepatic_alp_elevation,Cholestatic alkaline phosphatase elevation,SNOMED_CT,166627004,,0,0,DIRECT_TARGET,True,SOURCE_CANDIDATE,EXACT,Match only the canonical clinical concept 'Cholestatic alkaline phosphatase elevation'. Related findings must remain separate atoms or rule context.,,,0.0,,1,NOT_IN_WAREHOUSE_VOCABULARY | CAN_FIRE_ALONE | DIRECT_TARGET
ATOM,v5/config/shared/atoms/HEPATOLOGY.json,HEPATOLOGY,AL,hepatomegaly,Hepatomegaly,ICD10,R16.0,"Hepatomegaly, not elsewhere classified",24310,1530,DIRECT_TARGET,True,SOURCE_CANDIDATE,EXACT,Match only the canonical clinical concept 'Hepatomegaly'. Related findings must remain separate atoms or rule context.,local,True,0.5,hepatomegaly,1,CAN_FIRE_ALONE | DIRECT_TARGET
ATOM,v5/config/shared/atoms/HEPATOLOGY.json,HEPATOLOGY,AL,hepatomegaly,Hepatomegaly,ICD10,R16.2,"Hepatomegaly with splenomegaly, not elsewhere classified",346,26,DIRECT_TARGET,True,SOURCE_CANDIDATE,EXACT,Match only the canonical clinical concept 'Hepatomegaly'. Related findings must remain separate atoms or rule context.,local,True,0.333,hepatomegaly,1,CAN_FIRE_ALONE | DIRECT_TARGET
ATOM,v5/config/shared/atoms/HEPATOLOGY.json,HEPATOLOGY,AL,hepatomegaly,Hepatomegaly,SNOMED_CT,80515008,,0,0,DIRECT_TARGET,True,SOURCE_CANDIDATE,EXACT,Match only the canonical clinical concept 'Hepatomegaly'. Related findings must remain separate atoms or rule context.,,,0.0,,1,NOT_IN_WAREHOUSE_VOCABULARY | CAN_FIRE_ALONE | DIRECT_TARGET
ATOM,v5/config/shared/atoms/MULTISPECIALTY.json,AUDIOLOGY,ATTRWT,age_excessive_snhl,Bilateral sensorineural hearing loss disproportionate to age,ICD10,H90.3,"Sensorineural hearing loss, bilateral",75664,7714,DIRECT_TARGET,True,SOURCE_CANDIDATE,EXACT,Match only the canonical clinical concept 'Bilateral sensorineural hearing loss disproportionate to age'. Do not broaden to related but clinically distinct findings.,local,True,1.0,"bilateral, hearing, loss, sensorineural",1,CAN_FIRE_ALONE | DIRECT_TARGET
ATOM,v5/config/shared/atoms/MULTISPECIALTY.json,AUDIOLOGY,ATTRWT,age_excessive_snhl,Bilateral sensorineural hearing loss disproportionate to age,ICD10,H90.5,Unspecified sensorineural hearing loss,2138,443,DIRECT_TARGET,True,SOURCE_CANDIDATE,EXACT,Match only the canonical clinical concept 'Bilateral sensorineural hearing loss disproportionate to age'. Do not broaden to related but clinically distinct findings.,local,True,1.0,"hearing, loss, sensorineural",1,CAN_FIRE_ALONE | DIRECT_TARGET
ATOM,v5/config/shared/atoms/MULTISPECIALTY.json,AUDIOLOGY,ATTRWT,age_excessive_snhl,Bilateral sensorineural hearing loss disproportionate to age,ICD10,H91.8X3,"Other specified hearing loss, bilateral",618,206,DIRECT_TARGET,True,SOURCE_CANDIDATE,EXACT,Match only the canonical clinical concept 'Bilateral sensorineural hearing loss disproportionate to age'. Do not broaden to related but clinically distinct findings.,local,True,1.0,"bilateral, hearing, loss",1,CAN_FIRE_ALONE | DIRECT_TARGET
ATOM,v5/config/shared/atoms/MULTISPECIALTY.json,AUDIOLOGY,ATTRWT,age_excessive_snhl,Bilateral sensorineural hearing loss disproportionate to age,ICD10,H91.8X9,"Other specified hearing loss, unspecified ear",220,70,DIRECT_TARGET,True,SOURCE_CANDIDATE,EXACT,Match only the canonical clinical concept 'Bilateral sensorineural hearing loss disproportionate to age'. Do not broaden to related but clinically distinct findings.,local,True,0.667,"hearing, loss",1,CAN_FIRE_ALONE | DIRECT_TARGET
ATOM,v5/config/shared/atoms/MULTISPECIALTY.json,AUDIOLOGY,ATTRWT,age_excessive_snhl,Bilateral sensorineural hearing loss disproportionate to age,SNOMED_CT,194424005,,0,0,DIRECT_TARGET,True,SOURCE_CANDIDATE,EXACT,Match only the canonical clinical concept 'Bilateral sensorineural hearing loss disproportionate to age'. Do not broaden to related but clinically distinct findings.,,,0.0,,1,NOT_IN_WAREHOUSE_VOCABULARY | CAN_FIRE_ALONE | DIRECT_TARGET
ATOM,v5/config/shared/atoms/MULTISPECIALTY.json,AUDIOLOGY,ATTRWT,age_excessive_snhl,Bilateral sensorineural hearing loss disproportionate to age,SNOMED_CT,1055224002,,0,0,DIRECT_TARGET,True,SOURCE_CANDIDATE,EXACT,Match only the canonical clinical concept 'Bilateral sensorineural hearing loss disproportionate to age'. Do not broaden to related but clinically distinct findings.,,,0.0,,1,NOT_IN_WAREHOUSE_VOCABULARY | CAN_FIRE_ALONE | DIRECT_TARGET
ATOM,v5/config/shared/atoms/MULTISPECIALTY.json,AUDIOLOGY,ATTRWT,age_excessive_snhl,Bilateral sensorineural hearing loss disproportionate to age,SNOMED_CT,609125008,,0,0,DIRECT_TARGET,True,SOURCE_CANDIDATE,EXACT,Match only the canonical clinical concept 'Bilateral sensorineural hearing loss disproportionate to age'. Do not broaden to related but clinically distinct findings.,,,0.0,,1,NOT_IN_WAREHOUSE_VOCABULARY | CAN_FIRE_ALONE | DIRECT_TARGET
ATOM,v5/config/shared/atoms/MULTISPECIALTY.json,MULTISPECIALTY,ATTRV,autoimmune_disease,autoimmune disease,ICD10,M35.9,"Systemic involvement of connective tissue, unspecified",9772,231,DIRECT_TARGET,True,SOURCE_CANDIDATE,EXACT,Require an actual autoimmune diagnosis/disorder. A positive autoantibody or an inflammatory/demyelinating neuropathy pattern alone does not establish systemic autoimmune disease.,local,True,0.25,systemic,1,CAN_FIRE_ALONE | DIRECT_TARGET
ATOM,v5/config/shared/atoms/MULTISPECIALTY.json,MULTISPECIALTY,ATTRV,autoimmune_disease,autoimmune disease,ICD10,R76.0,Raised antibody titer,8653,517,DIRECT_TARGET,True,SOURCE_CANDIDATE,EXACT,Require an actual autoimmune diagnosis/disorder. A positive autoantibody or an inflammatory/demyelinating neuropathy pattern alone does not establish systemic autoimmune disease.,local,True,0.0,,1,ZERO_LEXICAL_ALIGNMENT_REVIEW | CAN_FIRE_ALONE | DIRECT_TARGET
ATOM,v5/config/shared/atoms/MULTISPECIALTY.json,MULTISPECIALTY,ATTRV,diabetes,diabetes,ICD10,E11.9,Type 2 diabetes mellitus without complications,362240,22732,DIRECT_TARGET,True,SOURCE_CANDIDATE,EXACT,"Match diabetes diagnoses/terminology only. HbA1c values, neuropathy progression, ataxia, or phenotype mismatch must not independently create a diabetes atom.",local,True,0.75,"diabete, mellitu, type",1,CAN_FIRE_ALONE | DIRECT_TARGET
ATOM,v5/config/shared/atoms/MULTISPECIALTY.json,MULTISPECIALTY,ATTRV,diabetes,diabetes,ICD10,E11.42,Type 2 diabetes mellitus with diabetic polyneuropathy,135908,7129,DIRECT_TARGET,True,SOURCE_CANDIDATE,EXACT,"Match diabetes diagnoses/terminology only. HbA1c values, neuropathy progression, ataxia, or phenotype mismatch must not independently create a diabetes atom.",local,True,0.8,"diabete, diabetic, mellitu, type",1,CAN_FIRE_ALONE | DIRECT_TARGET
ATOM,v5/config/shared/atoms/MULTISPECIALTY.json,MULTISPECIALTY,ATTRV,diabetes,diabetes,SNOMED_CT,44054006,,0,0,DIRECT_TARGET,True,SOURCE_CANDIDATE,EXACT,"Match diabetes diagnoses/terminology only. HbA1c values, neuropathy progression, ataxia, or phenotype mismatch must not independently create a diabetes atom.",,,0.0,,1,NOT_IN_WAREHOUSE_VOCABULARY | CAN_FIRE_ALONE | DIRECT_TARGET
ATOM,v5/config/shared/atoms/MULTISPECIALTY.json,LABORATORY,ATTRWT,elevated_uric_acid,Elevated serum uric acid,ICD10,E79.0,Hyperuricemia without signs of inflammatory arthritis and tophaceous disease,994,180,DIRECT_TARGET,True,SOURCE_CANDIDATE,EXACT,Match only the canonical clinical concept 'Elevated serum uric acid'. Do not broaden to related but clinically distinct findings.,local,True,0.2,hyperuricemia,1,CAN_FIRE_ALONE | DIRECT_TARGET
ATOM,v5/config/shared/atoms/MULTISPECIALTY.json,LABORATORY,ATTRWT,elevated_uric_acid,Elevated serum uric acid,SNOMED_CT,49099001,,0,0,DIRECT_TARGET,True,SOURCE_CANDIDATE,EXACT,Match only the canonical clinical concept 'Elevated serum uric acid'. Do not broaden to related but clinically distinct findings.,,,0.0,,1,NOT_IN_WAREHOUSE_VOCABULARY | CAN_FIRE_ALONE | DIRECT_TARGET
ATOM,v5/config/shared/atoms/MULTISPECIALTY.json,LABORATORY,ATTRWT,elevated_uric_acid,Elevated serum uric acid,SNOMED_CT,269859006,,0,0,DIRECT_TARGET,True,SOURCE_CANDIDATE,EXACT,Match only the canonical clinical concept 'Elevated serum uric acid'. Do not broaden to related but clinically distinct findings.,,,0.0,,1,NOT_IN_WAREHOUSE_VOCABULARY | CAN_FIRE_ALONE | DIRECT_TARGET
ATOM,v5/config/shared/atoms/MULTISPECIALTY.json,MULTISPECIALTY,AL | ATTRV | ATTRWT,fhx_adult_onset_neuropathy,Family history of unexplained adult-onset progressive neuropathy,ICD10,Z82.0,Family history of epilepsy and other diseases of the nervous system,243,74,DIRECT_TARGET,True,SOURCE_CANDIDATE,EXACT,Supportive family-history signal only. Require a first- or second-degree relative with adult-onset progressive unexplained neuropathy; do not infer ATTR or a pathogenic TTR variant from this history.,local,True,0.2,family,1,CAN_FIRE_ALONE | DIRECT_TARGET
ATOM,v5/config/shared/atoms/MULTISPECIALTY.json,MULTISPECIALTY,AL | ATTRV | ATTRWT,fhx_established_attr,First-degree family history of genetically or clinically established ATTR amyloidosis,ICD10,Z83.49,"Family history of other endocrine, nutritional and metabolic diseases",1630,438,DIRECT_TARGET,True,SOURCE_CANDIDATE,EXACT,FAMILY_MEMBER experiencer is mandatory. Generic patient-level TTR/ATTR genetic terminology must not satisfy this atom unless the phrase is attributed to a relative with established ATTR/TTR disease or a pathogenic TTR result.,local,True,0.2,family,1,CAN_FIRE_ALONE | DIRECT_TARGET
ATOM,v5/config/shared/atoms/MULTISPECIALTY.json,MULTISPECIALTY,AL | ATTRV | ATTRWT,fhx_established_attr,First-degree family history of genetically or clinically established ATTR amyloidosis,ICD10,Z15.89,Genetic susceptibility to other disease,2186,256,DIRECT_TARGET,True,SOURCE_CANDIDATE,EXACT,FAMILY_MEMBER experiencer is mandatory. Generic patient-level TTR/ATTR genetic terminology must not satisfy this atom unless the phrase is attributed to a relative with established ATTR/TTR disease or a pathogenic TTR result.,local,True,0.0,,1,ZERO_LEXICAL_ALIGNMENT_REVIEW | CAN_FIRE_ALONE | DIRECT_TARGET
ATOM,v5/config/shared/atoms/MULTISPECIALTY.json,MULTISPECIALTY,AL | ATTRV | ATTRWT,fhx_established_attr,First-degree family history of genetically or clinically established ATTR amyloidosis,ICD10,Z14.8,Genetic carrier of other disease,1118,276,DIRECT_TARGET,True,SOURCE_CANDIDATE,EXACT,FAMILY_MEMBER experiencer is mandatory. Generic patient-level TTR/ATTR genetic terminology must not satisfy this atom unless the phrase is attributed to a relative with established ATTR/TTR disease or a pathogenic TTR result.,local,True,0.0,,1,ZERO_LEXICAL_ALIGNMENT_REVIEW | CAN_FIRE_ALONE | DIRECT_TARGET
ATOM,v5/config/shared/atoms/MULTISPECIALTY.json,MULTISPECIALTY,AL | ATTRV,unintentional_weight_loss,Unintentional weight loss / declining BMI,ICD10,R63.4,Abnormal weight loss,22078,3558,DIRECT_TARGET,True,SOURCE_CANDIDATE,EXACT,Match involuntary/unexplained weight-loss language. Eating-disorder diagnoses themselves must not be converted into unintentional weight loss; intentional weight loss or a clear competing cause should not qualify.,local,True,0.667,"loss, weight",2,CODE_REUSED_IN_CONFIG | CAN_FIRE_ALONE | DIRECT_TARGET
ATOM,v5/config/shared/atoms/MULTISPECIALTY.json,MULTISPECIALTY,AL | ATTRV,unintentional_weight_loss,Unintentional weight loss / declining BMI,ICD10,R64,Cachexia,493,42,DIRECT_TARGET,True,SOURCE_CANDIDATE,EXACT,Match involuntary/unexplained weight-loss language. Eating-disorder diagnoses themselves must not be converted into unintentional weight loss; intentional weight loss or a clear competing cause should not qualify.,local,True,1.0,cachexia,1,CAN_FIRE_ALONE | DIRECT_TARGET
ATOM,v5/config/shared/atoms/MULTISPECIALTY.json,MULTISPECIALTY,AL | ATTRV,unintentional_weight_loss,Unintentional weight loss / declining BMI,ICD10,F50.00,"Anorexia nervosa, unspecified",314,25,DIRECT_TARGET,True,SOURCE_CANDIDATE,EXACT,Match involuntary/unexplained weight-loss language. Eating-disorder diagnoses themselves must not be converted into unintentional weight loss; intentional weight loss or a clear competing cause should not qualify.,local,True,0.0,,1,ZERO_LEXICAL_ALIGNMENT_REVIEW | CAN_FIRE_ALONE | DIRECT_TARGET
ATOM,v5/config/shared/atoms/MULTISPECIALTY.json,MULTISPECIALTY,AL | ATTRV,unintentional_weight_loss,Unintentional weight loss / declining BMI,ICD10,F50.010,"Anorexia nervosa, restricting type, mild",4,1,DIRECT_TARGET,True,SOURCE_CANDIDATE,EXACT,Match involuntary/unexplained weight-loss language. Eating-disorder diagnoses themselves must not be converted into unintentional weight loss; intentional weight loss or a clear competing cause should not qualify.,local,True,0.0,,1,ZERO_LEXICAL_ALIGNMENT_REVIEW | CAN_FIRE_ALONE | DIRECT_TARGET
ATOM,v5/config/shared/atoms/MULTISPECIALTY.json,MULTISPECIALTY,AL | ATTRV,unintentional_weight_loss,Unintentional weight loss / declining BMI,ICD10,F50.011,"Anorexia nervosa, restricting type, moderate",27,4,DIRECT_TARGET,True,SOURCE_CANDIDATE,EXACT,Match involuntary/unexplained weight-loss language. Eating-disorder diagnoses themselves must not be converted into unintentional weight loss; intentional weight loss or a clear competing cause should not qualify.,local,True,0.0,,1,ZERO_LEXICAL_ALIGNMENT_REVIEW | CAN_FIRE_ALONE | DIRECT_TARGET
ATOM,v5/config/shared/atoms/MULTISPECIALTY.json,MULTISPECIALTY,AL | ATTRV,unintentional_weight_loss,Unintentional weight loss / declining BMI,ICD10,F50.012,"Anorexia nervosa, restricting type, severe",1,1,DIRECT_TARGET,True,SOURCE_CANDIDATE,EXACT,Match involuntary/unexplained weight-loss language. Eating-disorder diagnoses themselves must not be converted into unintentional weight loss; intentional weight loss or a clear competing cause should not qualify.,local,True,0.2,severe,1,CAN_FIRE_ALONE | DIRECT_TARGET
ATOM,v5/config/shared/atoms/MULTISPECIALTY.json,MULTISPECIALTY,AL | ATTRV,unintentional_weight_loss,Unintentional weight loss / declining BMI,ICD10,F50.013,,0,0,DIRECT_TARGET,True,SOURCE_CANDIDATE,EXACT,Match involuntary/unexplained weight-loss language. Eating-disorder diagnoses themselves must not be converted into unintentional weight loss; intentional weight loss or a clear competing cause should not qualify.,,,0.0,,1,NOT_IN_WAREHOUSE_VOCABULARY | CAN_FIRE_ALONE | DIRECT_TARGET
ATOM,v5/config/shared/atoms/MULTISPECIALTY.json,MULTISPECIALTY,AL | ATTRV,unintentional_weight_loss,Unintentional weight loss / declining BMI,ICD10,F50.014,"Anorexia nervosa, restricting type, in remission",9,3,DIRECT_TARGET,True,SOURCE_CANDIDATE,EXACT,Match involuntary/unexplained weight-loss language. Eating-disorder diagnoses themselves must not be converted into unintentional weight loss; intentional weight loss or a clear competing cause should not qualify.,local,True,0.0,,1,ZERO_LEXICAL_ALIGNMENT_REVIEW | CAN_FIRE_ALONE | DIRECT_TARGET
ATOM,v5/config/shared/atoms/MULTISPECIALTY.json,MULTISPECIALTY,AL | ATTRV,unintentional_weight_loss,Unintentional weight loss / declining BMI,ICD10,F50.019,"Anorexia nervosa, restricting type, unspecified",9,2,DIRECT_TARGET,True,SOURCE_CANDIDATE,EXACT,Match involuntary/unexplained weight-loss language. Eating-disorder diagnoses themselves must not be converted into unintentional weight loss; intentional weight loss or a clear competing cause should not qualify.,local,True,0.0,,1,ZERO_LEXICAL_ALIGNMENT_REVIEW | CAN_FIRE_ALONE | DIRECT_TARGET
ATOM,v5/config/shared/atoms/MULTISPECIALTY.json,MULTISPECIALTY,AL | ATTRV,unintentional_weight_loss,Unintentional weight loss / declining BMI,ICD10,F50.020,"Anorexia nervosa, binge eating/purging type, mild",3,1,DIRECT_TARGET,True,SOURCE_CANDIDATE,EXACT,Match involuntary/unexplained weight-loss language. Eating-disorder diagnoses themselves must not be converted into unintentional weight loss; intentional weight loss or a clear competing cause should not qualify.,local,True,0.0,,1,ZERO_LEXICAL_ALIGNMENT_REVIEW | CAN_FIRE_ALONE | DIRECT_TARGET
ATOM,v5/config/shared/atoms/MULTISPECIALTY.json,MULTISPECIALTY,AL | ATTRV,unintentional_weight_loss,Unintentional weight loss / declining BMI,ICD10,F50.021,,0,0,DIRECT_TARGET,True,SOURCE_CANDIDATE,EXACT,Match involuntary/unexplained weight-loss language. Eating-disorder diagnoses themselves must not be converted into unintentional weight loss; intentional weight loss or a clear competing cause should not qualify.,,,0.0,,1,NOT_IN_WAREHOUSE_VOCABULARY | CAN_FIRE_ALONE | DIRECT_TARGET
ATOM,v5/config/shared/atoms/MULTISPECIALTY.json,MULTISPECIALTY,AL | ATTRV,unintentional_weight_loss,Unintentional weight loss / declining BMI,ICD10,F50.022,,0,0,DIRECT_TARGET,True,SOURCE_CANDIDATE,EXACT,Match involuntary/unexplained weight-loss language. Eating-disorder diagnoses themselves must not be converted into unintentional weight loss; intentional weight loss or a clear competing cause should not qualify.,,,0.0,,1,NOT_IN_WAREHOUSE_VOCABULARY | CAN_FIRE_ALONE | DIRECT_TARGET
ATOM,v5/config/shared/atoms/MULTISPECIALTY.json,MULTISPECIALTY,AL | ATTRV,unintentional_weight_loss,Unintentional weight loss / declining BMI,ICD10,F50.023,,0,0,DIRECT_TARGET,True,SOURCE_CANDIDATE,EXACT,Match involuntary/unexplained weight-loss language. Eating-disorder diagnoses themselves must not be converted into unintentional weight loss; intentional weight loss or a clear competing cause should not qualify.,,,0.0,,1,NOT_IN_WAREHOUSE_VOCABULARY | CAN_FIRE_ALONE | DIRECT_TARGET
ATOM,v5/config/shared/atoms/MULTISPECIALTY.json,MULTISPECIALTY,AL | ATTRV,unintentional_weight_loss,Unintentional weight loss / declining BMI,ICD10,F50.024,"Anorexia nervosa, binge eating/purging type, in remission",8,1,DIRECT_TARGET,True,SOURCE_CANDIDATE,EXACT,Match involuntary/unexplained weight-loss language. Eating-disorder diagnoses themselves must not be converted into unintentional weight loss; intentional weight loss or a clear competing cause should not qualify.,local,True,0.0,,1,ZERO_LEXICAL_ALIGNMENT_REVIEW | CAN_FIRE_ALONE | DIRECT_TARGET
ATOM,v5/config/shared/atoms/MULTISPECIALTY.json,MULTISPECIALTY,AL | ATTRV,unintentional_weight_loss,Unintentional weight loss / declining BMI,ICD10,F50.029,"Anorexia nervosa, binge eating/purging type, unspecified",14,2,DIRECT_TARGET,True,SOURCE_CANDIDATE,EXACT,Match involuntary/unexplained weight-loss language. Eating-disorder diagnoses themselves must not be converted into unintentional weight loss; intentional weight loss or a clear competing cause should not qualify.,local,True,0.0,,1,ZERO_LEXICAL_ALIGNMENT_REVIEW | CAN_FIRE_ALONE | DIRECT_TARGET
ATOM,v5/config/shared/atoms/MULTISPECIALTY.json,MULTISPECIALTY,AL | ATTRV,unintentional_weight_loss,Unintentional weight loss / declining BMI,ICD10,K31.84,Gastroparesis,6831,805,DIRECT_TARGET,True,SOURCE_CANDIDATE,EXACT,Match involuntary/unexplained weight-loss language. Eating-disorder diagnoses themselves must not be converted into unintentional weight loss; intentional weight loss or a clear competing cause should not qualify.,local,True,1.0,gastroparesi,6,CODE_REUSED_IN_CONFIG | CAN_FIRE_ALONE | DIRECT_TARGET
ATOM,v5/config/shared/atoms/MULTISPECIALTY.json,MULTISPECIALTY,AL | ATTRV,unintentional_weight_loss,Unintentional weight loss / declining BMI,SNOMED_CT,89362005,,0,0,DIRECT_TARGET,True,SOURCE_CANDIDATE,EXACT,Match involuntary/unexplained weight-loss language. Eating-disorder diagnoses themselves must not be converted into unintentional weight loss; intentional weight loss or a clear competing cause should not qualify.,,,0.0,,1,NOT_IN_WAREHOUSE_VOCABULARY | CAN_FIRE_ALONE | DIRECT_TARGET
ATOM,v5/config/shared/atoms/MULTISPECIALTY.json,AUDIOLOGY,,wt21_competing_hearing_loss,Competing cause of sensorineural hearing loss,ICD10,H91.10,,0,0,DIRECT_TARGET,True,SOURCE_CANDIDATE,EXACT,Use only as a documented competing explanation; it must be clearly established and sufficiently explanatory before it can block/down-weight a signal.,,,0.0,,1,NOT_IN_WAREHOUSE_VOCABULARY | CAN_FIRE_ALONE | DIRECT_TARGET
ATOM,v5/config/shared/atoms/MULTISPECIALTY.json,AUDIOLOGY,,wt21_competing_hearing_loss,Competing cause of sensorineural hearing loss,ICD10,H91.13,"Presbycusis, bilateral",84,24,DIRECT_TARGET,True,SOURCE_CANDIDATE,EXACT,Use only as a documented competing explanation; it must be clearly established and sufficiently explanatory before it can block/down-weight a signal.,local,True,0.5,presbycusi,1,CAN_FIRE_ALONE | DIRECT_TARGET
ATOM,v5/config/shared/atoms/MULTISPECIALTY.json,AUDIOLOGY,,wt21_competing_hearing_loss,Competing cause of sensorineural hearing loss,ICD10,H83.3X3,"Noise effects on inner ear, bilateral",75,27,DIRECT_TARGET,True,SOURCE_CANDIDATE,EXACT,Use only as a documented competing explanation; it must be clearly established and sufficiently explanatory before it can block/down-weight a signal.,local,True,0.2,noise,1,CAN_FIRE_ALONE | DIRECT_TARGET
ATOM,v5/config/shared/atoms/MULTISPECIALTY.json,AUDIOLOGY,,wt21_competing_hearing_loss,Competing cause of sensorineural hearing loss,ICD10,H83.3X9,"Noise effects on inner ear, unspecified ear",7,4,DIRECT_TARGET,True,SOURCE_CANDIDATE,EXACT,Use only as a documented competing explanation; it must be clearly established and sufficiently explanatory before it can block/down-weight a signal.,local,True,0.25,noise,1,CAN_FIRE_ALONE | DIRECT_TARGET
ATOM,v5/config/shared/atoms/MULTISPECIALTY.json,AUDIOLOGY,,wt21_competing_hearing_loss,Competing cause of sensorineural hearing loss,ICD10,H91.03,"Ototoxic hearing loss, bilateral",49,9,DIRECT_TARGET,True,SOURCE_CANDIDATE,EXACT,Use only as a documented competing explanation; it must be clearly established and sufficiently explanatory before it can block/down-weight a signal.,local,True,0.75,"hearing, loss, ototoxic",1,CAN_FIRE_ALONE | DIRECT_TARGET
ATOM,v5/config/shared/atoms/MULTISPECIALTY.json,AUDIOLOGY,,wt21_competing_hearing_loss,Competing cause of sensorineural hearing loss,ICD10,H91.09,"Ototoxic hearing loss, unspecified ear",21,6,DIRECT_TARGET,True,SOURCE_CANDIDATE,EXACT,Use only as a documented competing explanation; it must be clearly established and sufficiently explanatory before it can block/down-weight a signal.,local,True,0.75,"hearing, loss, ototoxic",1,CAN_FIRE_ALONE | DIRECT_TARGET
ATOM,v5/config/shared/atoms/MULTISPECIALTY.json,AUDIOLOGY,,wt21_competing_hearing_loss,Competing cause of sensorineural hearing loss,ICD10,H81.03,"Meniere's disease, bilateral",404,38,DIRECT_TARGET,True,SOURCE_CANDIDATE,EXACT,Use only as a documented competing explanation; it must be clearly established and sufficiently explanatory before it can block/down-weight a signal.,local,True,0.5,meniere,1,CAN_FIRE_ALONE | DIRECT_TARGET
ATOM,v5/config/shared/atoms/MULTISPECIALTY.json,AUDIOLOGY,,wt21_competing_hearing_loss,Competing cause of sensorineural hearing loss,ICD10,H81.09,"Meniere's disease, unspecified ear",220,39,DIRECT_TARGET,True,SOURCE_CANDIDATE,EXACT,Use only as a documented competing explanation; it must be clearly established and sufficiently explanatory before it can block/down-weight a signal.,local,True,0.5,meniere,1,CAN_FIRE_ALONE | DIRECT_TARGET
ATOM,v5/config/shared/atoms/MULTISPECIALTY.json,AUDIOLOGY,,wt21_competing_hearing_loss,Competing cause of sensorineural hearing loss,SNOMED_CT,49526009,,0,0,DIRECT_TARGET,True,SOURCE_CANDIDATE,EXACT,Use only as a documented competing explanation; it must be clearly established and sufficiently explanatory before it can block/down-weight a signal.,,,0.0,,1,NOT_IN_WAREHOUSE_VOCABULARY | CAN_FIRE_ALONE | DIRECT_TARGET
ATOM,v5/config/shared/atoms/MULTISPECIALTY.json,AUDIOLOGY,,wt21_competing_hearing_loss,Competing cause of sensorineural hearing loss,SNOMED_CT,73415002,,0,0,DIRECT_TARGET,True,SOURCE_CANDIDATE,EXACT,Use only as a documented competing explanation; it must be clearly established and sufficiently explanatory before it can block/down-weight a signal.,,,0.0,,1,NOT_IN_WAREHOUSE_VOCABULARY | CAN_FIRE_ALONE | DIRECT_TARGET
ATOM,v5/config/shared/atoms/MULTISPECIALTY.json,AUDIOLOGY,,wt21_competing_hearing_loss,Competing cause of sensorineural hearing loss,SNOMED_CT,9062008,,0,0,DIRECT_TARGET,True,SOURCE_CANDIDATE,EXACT,Use only as a documented competing explanation; it must be clearly established and sufficiently explanatory before it can block/down-weight a signal.,,,0.0,,1,NOT_IN_WAREHOUSE_VOCABULARY | CAN_FIRE_ALONE | DIRECT_TARGET
ATOM,v5/config/shared/atoms/MULTISPECIALTY.json,AUDIOLOGY,,wt21_competing_hearing_loss,Competing cause of sensorineural hearing loss,SNOMED_CT,267677007,,0,0,DIRECT_TARGET,True,SOURCE_CANDIDATE,EXACT,Use only as a documented competing explanation; it must be clearly established and sufficiently explanatory before it can block/down-weight a signal.,,,0.0,,1,NOT_IN_WAREHOUSE_VOCABULARY | CAN_FIRE_ALONE | DIRECT_TARGET
ATOM,v5/config/shared/atoms/MULTISPECIALTY.json,AUDIOLOGY,,wt21_competing_hearing_loss,Competing cause of sensorineural hearing loss,SNOMED_CT,13445001,,0,0,DIRECT_TARGET,True,SOURCE_CANDIDATE,EXACT,Use only as a documented competing explanation; it must be clearly established and sufficiently explanatory before it can block/down-weight a signal.,,,0.0,,1,NOT_IN_WAREHOUSE_VOCABULARY | CAN_FIRE_ALONE | DIRECT_TARGET
ATOM,v5/config/shared/atoms/NEPHROLOGY.json,NEPHROLOGY,AL | ATTRWT,egfr_result,Estimated glomerular filtration rate,ICD10,N18.3,"Chronic kidney disease, stage 3 (moderate)",3320,525,DIRECT_TARGET,True,SOURCE_CANDIDATE,EXACT,Match only the canonical clinical concept 'Estimated glomerular filtration rate'. Do not broaden to related but clinically distinct findings.,local,True,0.25,stage,3,CODE_REUSED_IN_CONFIG | CAN_FIRE_ALONE | DIRECT_TARGET
ATOM,v5/config/shared/atoms/NEPHROLOGY.json,NEPHROLOGY,AL | ATTRWT,egfr_result,Estimated glomerular filtration rate,ICD10,N18.4,"Chronic kidney disease, stage 4 (severe)",61150,2206,DIRECT_TARGET,True,SOURCE_CANDIDATE,EXACT,Match only the canonical clinical concept 'Estimated glomerular filtration rate'. Do not broaden to related but clinically distinct findings.,local,True,0.25,stage,4,CODE_REUSED_IN_CONFIG | CAN_FIRE_ALONE | DIRECT_TARGET
ATOM,v5/config/shared/atoms/NEPHROLOGY.json,NEPHROLOGY,AL | ATTRWT,egfr_result,Estimated glomerular filtration rate,ICD10,N18.5,"Chronic kidney disease, stage 5",53561,1260,DIRECT_TARGET,True,SOURCE_CANDIDATE,EXACT,Match only the canonical clinical concept 'Estimated glomerular filtration rate'. Do not broaden to related but clinically distinct findings.,local,True,0.333,stage,4,CODE_REUSED_IN_CONFIG | CAN_FIRE_ALONE | DIRECT_TARGET
ATOM,v5/config/shared/atoms/NEPHROLOGY.json,NEPHROLOGY,AL | ATTRWT,egfr_result,Estimated glomerular filtration rate,ICD10,N18.9,"Chronic kidney disease, unspecified",48174,1876,DIRECT_TARGET,True,SOURCE_CANDIDATE,EXACT,Match only the canonical clinical concept 'Estimated glomerular filtration rate'. Do not broaden to related but clinically distinct findings.,local,True,0.0,,7,CODE_REUSED_IN_CONFIG | ZERO_LEXICAL_ALIGNMENT_REVIEW | CAN_FIRE_ALONE | DIRECT_TARGET
ATOM,v5/config/shared/atoms/NEPHROLOGY.json,NEPHROLOGY,AL | ATTRWT,egfr_result,Estimated glomerular filtration rate,SNOMED_CT,80274001,,0,0,DIRECT_TARGET,True,SOURCE_CANDIDATE,EXACT,Match only the canonical clinical concept 'Estimated glomerular filtration rate'. Do not broaden to related but clinically distinct findings.,,,0.0,,1,NOT_IN_WAREHOUSE_VOCABULARY | CAN_FIRE_ALONE | DIRECT_TARGET
ATOM,v5/config/shared/atoms/NEPHROLOGY.json,NEPHROLOGY,AL | ATTRWT,hypoalbuminemia,Marked hypoalbuminemia,ICD10,E88.09,"Other disorders of plasma-protein metabolism, not elsewhere classified",2111,209,DIRECT_TARGET,True,SOURCE_CANDIDATE,EXACT,Match only the canonical clinical concept 'Marked hypoalbuminemia'. Do not broaden to related but clinically distinct findings.,local,True,0.0,,1,ZERO_LEXICAL_ALIGNMENT_REVIEW | CAN_FIRE_ALONE | DIRECT_TARGET
ATOM,v5/config/shared/atoms/NEPHROLOGY.json,NEPHROLOGY,AL | ATTRWT,hypoalbuminemia,Marked hypoalbuminemia,ICD10,E88.0,,0,0,DIRECT_TARGET,True,SOURCE_CANDIDATE,EXACT,Match only the canonical clinical concept 'Marked hypoalbuminemia'. Do not broaden to related but clinically distinct findings.,,,0.0,,1,NOT_IN_WAREHOUSE_VOCABULARY | CAN_FIRE_ALONE | DIRECT_TARGET
ATOM,v5/config/shared/atoms/NEPHROLOGY.json,NEPHROLOGY,AL | ATTRWT,hypoalbuminemia,Marked hypoalbuminemia,ICD10,R77.8,Other specified abnormalities of plasma proteins,3232,305,DIRECT_TARGET,True,SOURCE_CANDIDATE,EXACT,Match only the canonical clinical concept 'Marked hypoalbuminemia'. Do not broaden to related but clinically distinct findings.,local,True,0.0,,1,ZERO_LEXICAL_ALIGNMENT_REVIEW | CAN_FIRE_ALONE | DIRECT_TARGET
ATOM,v5/config/shared/atoms/NEPHROLOGY.json,NEPHROLOGY,AL | ATTRWT,hypoalbuminemia,Marked hypoalbuminemia,SNOMED_CT,119247004,,0,0,DIRECT_TARGET,True,SOURCE_CANDIDATE,EXACT,Match only the canonical clinical concept 'Marked hypoalbuminemia'. Do not broaden to related but clinically distinct findings.,,,0.0,,1,NOT_IN_WAREHOUSE_VOCABULARY | CAN_FIRE_ALONE | DIRECT_TARGET
ATOM,v5/config/shared/atoms/NEPHROLOGY.json,NEPHROLOGY,ATTRV,microalbuminuria,Persistent albuminuria / low-grade protein loss,ICD10,R80.9,"Proteinuria, unspecified",9355,1463,DIRECT_TARGET,True,SOURCE_CANDIDATE,EXACT,Match albuminuria/microalbumin-specific language. Generic proteinuria remains a separate renal atom; V17 combines persistent unexplained renal findings at the AST level.,local,True,0.0,,3,CODE_REUSED_IN_CONFIG | ZERO_LEXICAL_ALIGNMENT_REVIEW | CAN_FIRE_ALONE | DIRECT_TARGET
ATOM,v5/config/shared/atoms/NEPHROLOGY.json,NEPHROLOGY,,al03_competing_proteinuria,Competing cause of proteinuria,ICD10,E10.21,Type 1 diabetes mellitus with diabetic nephropathy,3408,154,DIRECT_TARGET,True,SOURCE_CANDIDATE,EXACT,Use only as a clearly documented competing explanation that adequately explains the target finding; FALSE or UNKNOWN must not block.,local,True,0.4,"diabetic, nephropathy",2,CODE_REUSED_IN_CONFIG | CAN_FIRE_ALONE | DIRECT_TARGET
ATOM,v5/config/shared/atoms/NEPHROLOGY.json,NEPHROLOGY,,al03_competing_proteinuria,Competing cause of proteinuria,ICD10,E11.21,Type 2 diabetes mellitus with diabetic nephropathy,164501,3153,DIRECT_TARGET,True,SOURCE_CANDIDATE,EXACT,Use only as a clearly documented competing explanation that adequately explains the target finding; FALSE or UNKNOWN must not block.,local,True,0.4,"diabetic, nephropathy",2,CODE_REUSED_IN_CONFIG | CAN_FIRE_ALONE | DIRECT_TARGET
ATOM,v5/config/shared/atoms/NEPHROLOGY.json,NEPHROLOGY,,al03_competing_proteinuria,Competing cause of proteinuria,ICD10,I12.9,"Hypertensive chronic kidney disease with stage 1 through stage 4 chronic kidney disease, or unspecified chronic kidney disease",146038,4196,DIRECT_TARGET,True,SOURCE_CANDIDATE,EXACT,Use only as a clearly documented competing explanation that adequately explains the target finding; FALSE or UNKNOWN must not block.,local,True,0.2,hypertensive,1,CAN_FIRE_ALONE | DIRECT_TARGET
ATOM,v5/config/shared/atoms/NEPHROLOGY.json,NEPHROLOGY,,al03_competing_proteinuria,Competing cause of proteinuria,ICD10,I13.10,"Hypertensive heart and chronic kidney disease without heart failure, with stage 1 through stage 4 chronic kidney disease, or unspecified chronic kidney disease",1357,200,DIRECT_TARGET,True,SOURCE_CANDIDATE,EXACT,Use only as a clearly documented competing explanation that adequately explains the target finding; FALSE or UNKNOWN must not block.,local,True,0.143,hypertensive,2,CODE_REUSED_IN_CONFIG | LOW_LEXICAL_ALIGNMENT_REVIEW | CAN_FIRE_ALONE | DIRECT_TARGET
ATOM,v5/config/shared/atoms/NEPHROLOGY.json,NEPHROLOGY,,al03_competing_proteinuria,Competing cause of proteinuria,ICD10,N04.1,Nephrotic syndrome with focal and segmental glomerular lesions,6190,35,DIRECT_TARGET,True,SOURCE_CANDIDATE,EXACT,Use only as a clearly documented competing explanation that adequately explains the target finding; FALSE or UNKNOWN must not block.,local,True,0.2,glomerular,2,CODE_REUSED_IN_CONFIG | CAN_FIRE_ALONE | DIRECT_TARGET
ATOM,v5/config/shared/atoms/NEPHROLOGY.json,NEPHROLOGY,,al03_competing_proteinuria,Competing cause of proteinuria,ICD10,N04.2,Nephrotic syndrome with diffuse membranous glomerulonephritis,274,4,DIRECT_TARGET,True,SOURCE_CANDIDATE,EXACT,Use only as a clearly documented competing explanation that adequately explains the target finding; FALSE or UNKNOWN must not block.,local,True,0.25,membranou,2,CODE_REUSED_IN_CONFIG | CAN_FIRE_ALONE | DIRECT_TARGET
ATOM,v5/config/shared/atoms/NEPHROLOGY.json,NEPHROLOGY,,al03_competing_proteinuria,Competing cause of proteinuria,ICD10,N05.2,Unspecified nephritic syndrome with diffuse membranous glomerulonephritis,1394,25,DIRECT_TARGET,True,SOURCE_CANDIDATE,EXACT,Use only as a clearly documented competing explanation that adequately explains the target finding; FALSE or UNKNOWN must not block.,local,True,0.25,membranou,1,CAN_FIRE_ALONE | DIRECT_TARGET
ATOM,v5/config/shared/atoms/NEPHROLOGY.json,NEPHROLOGY,,al03_competing_proteinuria,Competing cause of proteinuria,ICD10,N18.9,"Chronic kidney disease, unspecified",48174,1876,DIRECT_TARGET,True,SOURCE_CANDIDATE,EXACT,Use only as a clearly documented competing explanation that adequately explains the target finding; FALSE or UNKNOWN must not block.,local,True,0.0,,7,CODE_REUSED_IN_CONFIG | ZERO_LEXICAL_ALIGNMENT_REVIEW | CAN_FIRE_ALONE | DIRECT_TARGET
ATOM,v5/config/shared/atoms/NEPHROLOGY.json,NEPHROLOGY,,al03_competing_proteinuria,Competing cause of proteinuria,SNOMED_CT,236403004,,0,0,DIRECT_TARGET,True,SOURCE_CANDIDATE,EXACT,Use only as a clearly documented competing explanation that adequately explains the target finding; FALSE or UNKNOWN must not block.,,,0.0,,2,NOT_IN_WAREHOUSE_VOCABULARY | CODE_REUSED_IN_CONFIG | CAN_FIRE_ALONE | DIRECT_TARGET
ATOM,v5/config/shared/atoms/NEPHROLOGY.json,NEPHROLOGY,,al03_competing_proteinuria,Competing cause of proteinuria,SNOMED_CT,236407003,,0,0,DIRECT_TARGET,True,SOURCE_CANDIDATE,EXACT,Use only as a clearly documented competing explanation that adequately explains the target finding; FALSE or UNKNOWN must not block.,,,0.0,,1,NOT_IN_WAREHOUSE_VOCABULARY | CAN_FIRE_ALONE | DIRECT_TARGET
ATOM,v5/config/shared/atoms/NEPHROLOGY.json,NEPHROLOGY,,al03_competing_proteinuria,Competing cause of proteinuria,SNOMED_CT,236500003,,0,0,DIRECT_TARGET,True,SOURCE_CANDIDATE,EXACT,Use only as a clearly documented competing explanation that adequately explains the target finding; FALSE or UNKNOWN must not block.,,,0.0,,2,NOT_IN_WAREHOUSE_VOCABULARY | CODE_REUSED_IN_CONFIG | CAN_FIRE_ALONE | DIRECT_TARGET
ATOM,v5/config/shared/atoms/NEPHROLOGY.json,NEPHROLOGY,,al03_competing_proteinuria,Competing cause of proteinuria,SNOMED_CT,36171008,,0,0,DIRECT_TARGET,True,SOURCE_CANDIDATE,EXACT,Use only as a clearly documented competing explanation that adequately explains the target finding; FALSE or UNKNOWN must not block.,,,0.0,,1,NOT_IN_WAREHOUSE_VOCABULARY | CAN_FIRE_ALONE | DIRECT_TARGET
ATOM,v5/config/shared/atoms/NEPHROLOGY.json,NEPHROLOGY,,al03_competing_proteinuria,Competing cause of proteinuria,SNOMED_CT,38481006,,0,0,DIRECT_TARGET,True,SOURCE_CANDIDATE,EXACT,Use only as a clearly documented competing explanation that adequately explains the target finding; FALSE or UNKNOWN must not block.,,,0.0,,1,NOT_IN_WAREHOUSE_VOCABULARY | CAN_FIRE_ALONE | DIRECT_TARGET
ATOM,v5/config/shared/atoms/NEPHROLOGY.json,NEPHROLOGY,,al03_competing_proteinuria,Competing cause of proteinuria,SNOMED_CT,77182004,,0,0,DIRECT_TARGET,True,SOURCE_CANDIDATE,EXACT,Use only as a clearly documented competing explanation that adequately explains the target finding; FALSE or UNKNOWN must not block.,,,0.0,,2,NOT_IN_WAREHOUSE_VOCABULARY | CODE_REUSED_IN_CONFIG | CAN_FIRE_ALONE | DIRECT_TARGET
ATOM,v5/config/shared/atoms/NEPHROLOGY.json,NEPHROLOGY,,al04_competing_nephrotic,Competing cause of nephrotic syndrome,ICD10,E10.21,Type 1 diabetes mellitus with diabetic nephropathy,3408,154,DIRECT_TARGET,True,SOURCE_CANDIDATE,EXACT,Use only as a clearly documented competing explanation that adequately explains the target finding; FALSE or UNKNOWN must not block.,local,True,0.4,"diabetic, nephropathy",2,CODE_REUSED_IN_CONFIG | CAN_FIRE_ALONE | DIRECT_TARGET
ATOM,v5/config/shared/atoms/NEPHROLOGY.json,NEPHROLOGY,,al04_competing_nephrotic,Competing cause of nephrotic syndrome,ICD10,E11.21,Type 2 diabetes mellitus with diabetic nephropathy,164501,3153,DIRECT_TARGET,True,SOURCE_CANDIDATE,EXACT,Use only as a clearly documented competing explanation that adequately explains the target finding; FALSE or UNKNOWN must not block.,local,True,0.4,"diabetic, nephropathy",2,CODE_REUSED_IN_CONFIG | CAN_FIRE_ALONE | DIRECT_TARGET
ATOM,v5/config/shared/atoms/NEPHROLOGY.json,NEPHROLOGY,,al04_competing_nephrotic,Competing cause of nephrotic syndrome,ICD10,E85.3,Secondary systemic amyloidosis,7,2,DIRECT_TARGET,True,SOURCE_CANDIDATE,EXACT,Use only as a clearly documented competing explanation that adequately explains the target finding; FALSE or UNKNOWN must not block.,local,True,0.667,"amyloidosi, systemic",2,CODE_REUSED_IN_CONFIG | CAN_FIRE_ALONE | DIRECT_TARGET
ATOM,v5/config/shared/atoms/NEPHROLOGY.json,NEPHROLOGY,,al04_competing_nephrotic,Competing cause of nephrotic syndrome,ICD10,N04.0,Nephrotic syndrome with minor glomerular abnormality,536,13,DIRECT_TARGET,True,SOURCE_CANDIDATE,EXACT,Use only as a clearly documented competing explanation that adequately explains the target finding; FALSE or UNKNOWN must not block.,local,True,0.5,"glomerular, nephrotic",1,CAN_FIRE_ALONE | DIRECT_TARGET
ATOM,v5/config/shared/atoms/NEPHROLOGY.json,NEPHROLOGY,,al04_competing_nephrotic,Competing cause of nephrotic syndrome,ICD10,N04.1,Nephrotic syndrome with focal and segmental glomerular lesions,6190,35,DIRECT_TARGET,True,SOURCE_CANDIDATE,EXACT,Use only as a clearly documented competing explanation that adequately explains the target finding; FALSE or UNKNOWN must not block.,local,True,0.4,"glomerular, nephrotic",2,CODE_REUSED_IN_CONFIG | CAN_FIRE_ALONE | DIRECT_TARGET
ATOM,v5/config/shared/atoms/NEPHROLOGY.json,NEPHROLOGY,,al04_competing_nephrotic,Competing cause of nephrotic syndrome,ICD10,N04.2,Nephrotic syndrome with diffuse membranous glomerulonephritis,274,4,DIRECT_TARGET,True,SOURCE_CANDIDATE,EXACT,Use only as a clearly documented competing explanation that adequately explains the target finding; FALSE or UNKNOWN must not block.,local,True,0.5,"membranou, nephrotic",2,CODE_REUSED_IN_CONFIG | CAN_FIRE_ALONE | DIRECT_TARGET
ATOM,v5/config/shared/atoms/NEPHROLOGY.json,NEPHROLOGY,,al04_competing_nephrotic,Competing cause of nephrotic syndrome,SNOMED_CT,236403004,,0,0,DIRECT_TARGET,True,SOURCE_CANDIDATE,EXACT,Use only as a clearly documented competing explanation that adequately explains the target finding; FALSE or UNKNOWN must not block.,,,0.0,,2,NOT_IN_WAREHOUSE_VOCABULARY | CODE_REUSED_IN_CONFIG | CAN_FIRE_ALONE | DIRECT_TARGET
ATOM,v5/config/shared/atoms/NEPHROLOGY.json,NEPHROLOGY,,al04_competing_nephrotic,Competing cause of nephrotic syndrome,SNOMED_CT,236500003,,0,0,DIRECT_TARGET,True,SOURCE_CANDIDATE,EXACT,Use only as a clearly documented competing explanation that adequately explains the target finding; FALSE or UNKNOWN must not block.,,,0.0,,2,NOT_IN_WAREHOUSE_VOCABULARY | CODE_REUSED_IN_CONFIG | CAN_FIRE_ALONE | DIRECT_TARGET
ATOM,v5/config/shared/atoms/NEPHROLOGY.json,NEPHROLOGY,,al04_competing_nephrotic,Competing cause of nephrotic syndrome,SNOMED_CT,274945004,,0,0,DIRECT_TARGET,True,SOURCE_CANDIDATE,EXACT,Use only as a clearly documented competing explanation that adequately explains the target finding; FALSE or UNKNOWN must not block.,,,0.0,,1,NOT_IN_WAREHOUSE_VOCABULARY | CAN_FIRE_ALONE | DIRECT_TARGET
ATOM,v5/config/shared/atoms/NEPHROLOGY.json,NEPHROLOGY,,al04_competing_nephrotic,Competing cause of nephrotic syndrome,SNOMED_CT,44785005,,0,0,DIRECT_TARGET,True,SOURCE_CANDIDATE,EXACT,Use only as a clearly documented competing explanation that adequately explains the target finding; FALSE or UNKNOWN must not block.,,,0.0,,1,NOT_IN_WAREHOUSE_VOCABULARY | CAN_FIRE_ALONE | DIRECT_TARGET
ATOM,v5/config/shared/atoms/NEPHROLOGY.json,NEPHROLOGY,,al04_competing_nephrotic,Competing cause of nephrotic syndrome,SNOMED_CT,77182004,,0,0,DIRECT_TARGET,True,SOURCE_CANDIDATE,EXACT,Use only as a clearly documented competing explanation that adequately explains the target finding; FALSE or UNKNOWN must not block.,,,0.0,,2,NOT_IN_WAREHOUSE_VOCABULARY | CODE_REUSED_IN_CONFIG | CAN_FIRE_ALONE | DIRECT_TARGET
ATOM,v5/config/shared/atoms/NEPHROLOGY.json,NEPHROLOGY,,al05_competing_hypoalbuminemia,Competing cause of hypoalbuminemia or edema,ICD10,E43,Unspecified severe protein-calorie malnutrition,1899,203,DIRECT_TARGET,True,SOURCE_CANDIDATE,EXACT,Use only as a clearly documented competing explanation that adequately explains the target finding; FALSE or UNKNOWN must not block.,local,True,0.5,"malnutrition, protein",1,CAN_FIRE_ALONE | DIRECT_TARGET
ATOM,v5/config/shared/atoms/NEPHROLOGY.json,NEPHROLOGY,,al05_competing_hypoalbuminemia,Competing cause of hypoalbuminemia or edema,ICD10,E46,Unspecified protein-calorie malnutrition,1504,200,DIRECT_TARGET,True,SOURCE_CANDIDATE,EXACT,Use only as a clearly documented competing explanation that adequately explains the target finding; FALSE or UNKNOWN must not block.,local,True,0.667,"malnutrition, protein",1,CAN_FIRE_ALONE | DIRECT_TARGET
ATOM,v5/config/shared/atoms/NEPHROLOGY.json,NEPHROLOGY,,al05_competing_hypoalbuminemia,Competing cause of hypoalbuminemia or edema,ICD10,I50.9,"Heart failure, unspecified",60615,5219,DIRECT_TARGET,True,SOURCE_CANDIDATE,EXACT,Use only as a clearly documented competing explanation that adequately explains the target finding; FALSE or UNKNOWN must not block.,local,True,1.0,"failure, heart",5,CODE_REUSED_IN_CONFIG | CAN_FIRE_ALONE | DIRECT_TARGET
ATOM,v5/config/shared/atoms/NEPHROLOGY.json,NEPHROLOGY,,al05_competing_hypoalbuminemia,Competing cause of hypoalbuminemia or edema,ICD10,I87.2,Venous insufficiency (chronic) (peripheral),21317,2205,DIRECT_TARGET,True,SOURCE_CANDIDATE,EXACT,Use only as a clearly documented competing explanation that adequately explains the target finding; FALSE or UNKNOWN must not block.,local,True,0.5,"insufficiency, venou",2,CODE_REUSED_IN_CONFIG | CAN_FIRE_ALONE | DIRECT_TARGET
ATOM,v5/config/shared/atoms/NEPHROLOGY.json,NEPHROLOGY,,al05_competing_hypoalbuminemia,Competing cause of hypoalbuminemia or edema,ICD10,K70.30,Alcoholic cirrhosis of liver without ascites,135279,2372,DIRECT_TARGET,True,SOURCE_CANDIDATE,EXACT,Use only as a clearly documented competing explanation that adequately explains the target finding; FALSE or UNKNOWN must not block.,local,True,0.25,cirrhosi,4,CODE_REUSED_IN_CONFIG | CAN_FIRE_ALONE | DIRECT_TARGET
ATOM,v5/config/shared/atoms/NEPHROLOGY.json,NEPHROLOGY,,al05_competing_hypoalbuminemia,Competing cause of hypoalbuminemia or edema,ICD10,K74.60,Unspecified cirrhosis of liver,157162,5609,DIRECT_TARGET,True,SOURCE_CANDIDATE,EXACT,Use only as a clearly documented competing explanation that adequately explains the target finding; FALSE or UNKNOWN must not block.,local,True,0.5,cirrhosi,4,CODE_REUSED_IN_CONFIG | CAN_FIRE_ALONE | DIRECT_TARGET
ATOM,v5/config/shared/atoms/NEPHROLOGY.json,NEPHROLOGY,,al05_competing_hypoalbuminemia,Competing cause of hypoalbuminemia or edema,ICD10,K76.9,"Liver disease, unspecified",22676,2143,DIRECT_TARGET,True,SOURCE_CANDIDATE,EXACT,Use only as a clearly documented competing explanation that adequately explains the target finding; FALSE or UNKNOWN must not block.,local,True,0.0,,2,CODE_REUSED_IN_CONFIG | ZERO_LEXICAL_ALIGNMENT_REVIEW | CAN_FIRE_ALONE | DIRECT_TARGET
ATOM,v5/config/shared/atoms/NEPHROLOGY.json,NEPHROLOGY,,al05_competing_hypoalbuminemia,Competing cause of hypoalbuminemia or edema,ICD10,N18.9,"Chronic kidney disease, unspecified",48174,1876,DIRECT_TARGET,True,SOURCE_CANDIDATE,EXACT,Use only as a clearly documented competing explanation that adequately explains the target finding; FALSE or UNKNOWN must not block.,local,True,0.0,,7,CODE_REUSED_IN_CONFIG | ZERO_LEXICAL_ALIGNMENT_REVIEW | CAN_FIRE_ALONE | DIRECT_TARGET
ATOM,v5/config/shared/atoms/NEPHROLOGY.json,NEPHROLOGY,,al05_competing_hypoalbuminemia,Competing cause of hypoalbuminemia or edema,SNOMED_CT,19943007,,0,0,DIRECT_TARGET,True,SOURCE_CANDIDATE,EXACT,Use only as a clearly documented competing explanation that adequately explains the target finding; FALSE or UNKNOWN must not block.,,,0.0,,4,NOT_IN_WAREHOUSE_VOCABULARY | CODE_REUSED_IN_CONFIG | CAN_FIRE_ALONE | DIRECT_TARGET
ATOM,v5/config/shared/atoms/NEPHROLOGY.json,NEPHROLOGY,,al05_competing_hypoalbuminemia,Competing cause of hypoalbuminemia or edema,SNOMED_CT,20696009,,0,0,DIRECT_TARGET,True,SOURCE_CANDIDATE,EXACT,Use only as a clearly documented competing explanation that adequately explains the target finding; FALSE or UNKNOWN must not block.,,,0.0,,2,NOT_IN_WAREHOUSE_VOCABULARY | CODE_REUSED_IN_CONFIG | CAN_FIRE_ALONE | DIRECT_TARGET
ATOM,v5/config/shared/atoms/NEPHROLOGY.json,NEPHROLOGY,,al05_competing_hypoalbuminemia,Competing cause of hypoalbuminemia or edema,SNOMED_CT,2492009,,0,0,DIRECT_TARGET,True,SOURCE_CANDIDATE,EXACT,Use only as a clearly documented competing explanation that adequately explains the target finding; FALSE or UNKNOWN must not block.,,,0.0,,1,NOT_IN_WAREHOUSE_VOCABULARY | CAN_FIRE_ALONE | DIRECT_TARGET
ATOM,v5/config/shared/atoms/NEPHROLOGY.json,NEPHROLOGY,,al05_competing_hypoalbuminemia,Competing cause of hypoalbuminemia or edema,SNOMED_CT,328383001,,0,0,DIRECT_TARGET,True,SOURCE_CANDIDATE,EXACT,Use only as a clearly documented competing explanation that adequately explains the target finding; FALSE or UNKNOWN must not block.,,,0.0,,2,NOT_IN_WAREHOUSE_VOCABULARY | CODE_REUSED_IN_CONFIG | CAN_FIRE_ALONE | DIRECT_TARGET
ATOM,v5/config/shared/atoms/NEPHROLOGY.json,NEPHROLOGY,,al05_competing_hypoalbuminemia,Competing cause of hypoalbuminemia or edema,SNOMED_CT,66972006,,0,0,DIRECT_TARGET,True,SOURCE_CANDIDATE,EXACT,Use only as a clearly documented competing explanation that adequately explains the target finding; FALSE or UNKNOWN must not block.,,,0.0,,1,NOT_IN_WAREHOUSE_VOCABULARY | CAN_FIRE_ALONE | DIRECT_TARGET
ATOM,v5/config/shared/atoms/NEPHROLOGY.json,NEPHROLOGY,,al05_competing_hypoalbuminemia,Competing cause of hypoalbuminemia or edema,SNOMED_CT,709044004,,0,0,DIRECT_TARGET,True,SOURCE_CANDIDATE,EXACT,Use only as a clearly documented competing explanation that adequately explains the target finding; FALSE or UNKNOWN must not block.,,,0.0,,3,NOT_IN_WAREHOUSE_VOCABULARY | CODE_REUSED_IN_CONFIG | CAN_FIRE_ALONE | DIRECT_TARGET
ATOM,v5/config/shared/atoms/NEPHROLOGY.json,NEPHROLOGY,,al05_competing_hypoalbuminemia,Competing cause of hypoalbuminemia or edema,SNOMED_CT,84114007,,0,0,DIRECT_TARGET,True,SOURCE_CANDIDATE,EXACT,Use only as a clearly documented competing explanation that adequately explains the target finding; FALSE or UNKNOWN must not block.,,,0.0,,5,NOT_IN_WAREHOUSE_VOCABULARY | CODE_REUSED_IN_CONFIG | CAN_FIRE_ALONE | DIRECT_TARGET
ATOM,v5/config/shared/atoms/NEPHROLOGY.json,NEPHROLOGY,AL,creatinine_result,Serum creatinine result,SNOMED_CT,166717003,,0,0,DIRECT_TARGET,True,SOURCE_CANDIDATE,EXACT,Measurement/result route only; existence of the test does not independently establish the signal.,,,0.0,,1,NOT_IN_WAREHOUSE_VOCABULARY | CAN_FIRE_ALONE | DIRECT_TARGET
ATOM,v5/config/shared/atoms/NEPHROLOGY.json,NEPHROLOGY,AL,falling_egfr,Falling eGFR / rising creatinine,ICD10,N17.9,"Acute kidney failure, unspecified",109089,7003,DIRECT_TARGET,True,SOURCE_CANDIDATE,EXACT,Match only the canonical clinical concept 'Falling eGFR / rising creatinine'. Related findings must remain separate atoms or rule context.,local,True,0.0,,1,ZERO_LEXICAL_ALIGNMENT_REVIEW | CAN_FIRE_ALONE | DIRECT_TARGET
ATOM,v5/config/shared/atoms/NEPHROLOGY.json,NEPHROLOGY,AL,falling_egfr,Falling eGFR / rising creatinine,ICD10,N18.3,"Chronic kidney disease, stage 3 (moderate)",3320,525,DIRECT_TARGET,True,SOURCE_CANDIDATE,EXACT,Match only the canonical clinical concept 'Falling eGFR / rising creatinine'. Related findings must remain separate atoms or rule context.,local,True,0.0,,3,CODE_REUSED_IN_CONFIG | ZERO_LEXICAL_ALIGNMENT_REVIEW | CAN_FIRE_ALONE | DIRECT_TARGET
ATOM,v5/config/shared/atoms/NEPHROLOGY.json,NEPHROLOGY,AL,falling_egfr,Falling eGFR / rising creatinine,ICD10,N18.4,"Chronic kidney disease, stage 4 (severe)",61150,2206,DIRECT_TARGET,True,SOURCE_CANDIDATE,EXACT,Match only the canonical clinical concept 'Falling eGFR / rising creatinine'. Related findings must remain separate atoms or rule context.,local,True,0.0,,4,CODE_REUSED_IN_CONFIG | ZERO_LEXICAL_ALIGNMENT_REVIEW | CAN_FIRE_ALONE | DIRECT_TARGET
ATOM,v5/config/shared/atoms/NEPHROLOGY.json,NEPHROLOGY,AL,falling_egfr,Falling eGFR / rising creatinine,ICD10,N18.5,"Chronic kidney disease, stage 5",53561,1260,DIRECT_TARGET,True,SOURCE_CANDIDATE,EXACT,Match only the canonical clinical concept 'Falling eGFR / rising creatinine'. Related findings must remain separate atoms or rule context.,local,True,0.0,,4,CODE_REUSED_IN_CONFIG | ZERO_LEXICAL_ALIGNMENT_REVIEW | CAN_FIRE_ALONE | DIRECT_TARGET
ATOM,v5/config/shared/atoms/NEPHROLOGY.json,NEPHROLOGY,AL,falling_egfr,Falling eGFR / rising creatinine,SNOMED_CT,863929001,,0,0,DIRECT_TARGET,True,SOURCE_CANDIDATE,EXACT,Match only the canonical clinical concept 'Falling eGFR / rising creatinine'. Related findings must remain separate atoms or rule context.,,,0.0,,1,NOT_IN_WAREHOUSE_VOCABULARY | CAN_FIRE_ALONE | DIRECT_TARGET
ATOM,v5/config/shared/atoms/NEPHROLOGY.json,NEPHROLOGY,AL,kidney_failure,Kidney failure / end-stage renal disease,ICD10,N18.5,"Chronic kidney disease, stage 5",53561,1260,DIRECT_TARGET,True,SOURCE_CANDIDATE,EXACT,Match only the canonical clinical concept 'Kidney failure / end-stage renal disease'. Related findings must remain separate atoms or rule context.,local,True,0.667,"kidney, stage",4,CODE_REUSED_IN_CONFIG | CAN_FIRE_ALONE | DIRECT_TARGET
ATOM,v5/config/shared/atoms/NEPHROLOGY.json,NEPHROLOGY,AL,kidney_failure,Kidney failure / end-stage renal disease,ICD10,N18.6,End stage renal disease,2959296,3752,DIRECT_TARGET,True,SOURCE_CANDIDATE,EXACT,Match only the canonical clinical concept 'Kidney failure / end-stage renal disease'. Related findings must remain separate atoms or rule context.,local,True,1.0,"end, renal, stage",1,CAN_FIRE_ALONE | DIRECT_TARGET
ATOM,v5/config/shared/atoms/NEPHROLOGY.json,NEPHROLOGY,AL,kidney_failure,Kidney failure / end-stage renal disease,ICD10,N19,Unspecified kidney failure,3012,162,DIRECT_TARGET,True,SOURCE_CANDIDATE,EXACT,Match only the canonical clinical concept 'Kidney failure / end-stage renal disease'. Related findings must remain separate atoms or rule context.,local,True,1.0,"failure, kidney",2,CODE_REUSED_IN_CONFIG | CAN_FIRE_ALONE | DIRECT_TARGET
ATOM,v5/config/shared/atoms/NEPHROLOGY.json,NEPHROLOGY,AL,kidney_failure,Kidney failure / end-stage renal disease,ICD10,Z99.2,Dependence on renal dialysis,2268,166,DIRECT_TARGET,True,SOURCE_CANDIDATE,EXACT,Match only the canonical clinical concept 'Kidney failure / end-stage renal disease'. Related findings must remain separate atoms or rule context.,local,True,0.667,"dialysi, renal",1,CAN_FIRE_ALONE | DIRECT_TARGET
ATOM,v5/config/shared/atoms/NEPHROLOGY.json,NEPHROLOGY,AL,kidney_failure,Kidney failure / end-stage renal disease,SNOMED_CT,90688005,,0,0,DIRECT_TARGET,True,SOURCE_CANDIDATE,EXACT,Match only the canonical clinical concept 'Kidney failure / end-stage renal disease'. Related findings must remain separate atoms or rule context.,,,0.0,,1,NOT_IN_WAREHOUSE_VOCABULARY | CAN_FIRE_ALONE | DIRECT_TARGET
ATOM,v5/config/shared/atoms/NEPHROLOGY.json,NEPHROLOGY,AL,nephrotic_syndrome,Nephrotic syndrome,ICD10,N04.8,Nephrotic syndrome with other morphologic changes,9,3,DIRECT_TARGET,True,SOURCE_CANDIDATE,EXACT,Match only the canonical clinical concept 'Nephrotic syndrome'. Related findings must remain separate atoms or rule context.,local,True,0.333,nephrotic,1,CAN_FIRE_ALONE | DIRECT_TARGET
ATOM,v5/config/shared/atoms/NEPHROLOGY.json,NEPHROLOGY,AL,nephrotic_syndrome,Nephrotic syndrome,ICD10,N04.9,Nephrotic syndrome with unspecified morphologic changes,9810,241,DIRECT_TARGET,True,SOURCE_CANDIDATE,EXACT,Match only the canonical clinical concept 'Nephrotic syndrome'. Related findings must remain separate atoms or rule context.,local,True,0.333,nephrotic,2,CODE_REUSED_IN_CONFIG | CAN_FIRE_ALONE | DIRECT_TARGET
ATOM,v5/config/shared/atoms/NEPHROLOGY.json,NEPHROLOGY,AL,nephrotic_syndrome,Nephrotic syndrome,SNOMED_CT,52254009,,0,0,DIRECT_TARGET,True,SOURCE_CANDIDATE,EXACT,Match only the canonical clinical concept 'Nephrotic syndrome'. Related findings must remain separate atoms or rule context.,,,0.0,,2,NOT_IN_WAREHOUSE_VOCABULARY | CODE_REUSED_IN_CONFIG | CAN_FIRE_ALONE | DIRECT_TARGET
ATOM,v5/config/shared/atoms/NEPHROLOGY.json,NEPHROLOGY,AL,peripheral_edema,Peripheral edema / anasarca,ICD10,R60.0,Localized edema,33492,5150,DIRECT_TARGET,True,SOURCE_CANDIDATE,EXACT,Match only the canonical clinical concept 'Peripheral edema / anasarca'. Related findings must remain separate atoms or rule context.,local,True,0.5,edema,1,CAN_FIRE_ALONE | DIRECT_TARGET
ATOM,v5/config/shared/atoms/NEPHROLOGY.json,NEPHROLOGY,AL,peripheral_edema,Peripheral edema / anasarca,ICD10,R60.1,Generalized edema,4951,440,DIRECT_TARGET,True,SOURCE_CANDIDATE,EXACT,Match only the canonical clinical concept 'Peripheral edema / anasarca'. Related findings must remain separate atoms or rule context.,local,True,1.0,"edema, generaliz",1,CAN_FIRE_ALONE | DIRECT_TARGET
ATOM,v5/config/shared/atoms/NEPHROLOGY.json,NEPHROLOGY,AL,peripheral_edema,Peripheral edema / anasarca,ICD10,R60.9,"Edema, unspecified",7918,1359,DIRECT_TARGET,True,SOURCE_CANDIDATE,EXACT,Match only the canonical clinical concept 'Peripheral edema / anasarca'. Related findings must remain separate atoms or rule context.,local,True,1.0,edema,1,CAN_FIRE_ALONE | DIRECT_TARGET
ATOM,v5/config/shared/atoms/NEPHROLOGY.json,NEPHROLOGY,AL,peripheral_edema,Peripheral edema / anasarca,SNOMED_CT,271809000,,0,0,DIRECT_TARGET,True,SOURCE_CANDIDATE,EXACT,Match only the canonical clinical concept 'Peripheral edema / anasarca'. Related findings must remain separate atoms or rule context.,,,0.0,,1,NOT_IN_WAREHOUSE_VOCABULARY | CAN_FIRE_ALONE | DIRECT_TARGET
ATOM,v5/config/shared/atoms/NEPHROLOGY.json,NEPHROLOGY,AL,peripheral_edema,Peripheral edema / anasarca,SNOMED_CT,74011000119107,,0,0,DIRECT_TARGET,True,SOURCE_CANDIDATE,EXACT,Match only the canonical clinical concept 'Peripheral edema / anasarca'. Related findings must remain separate atoms or rule context.,,,0.0,,1,NOT_IN_WAREHOUSE_VOCABULARY | CAN_FIRE_ALONE | DIRECT_TARGET
ATOM,v5/config/shared/atoms/NEPHROLOGY.json,NEPHROLOGY,AL,persistent_proteinuria,Persistent proteinuria,ICD10,R80.0,Isolated proteinuria,326,61,DIRECT_TARGET,True,SOURCE_CANDIDATE,EXACT,Match only the canonical clinical concept 'Persistent proteinuria'. Related findings must remain separate atoms or rule context.,local,True,0.5,proteinuria,1,CAN_FIRE_ALONE | DIRECT_TARGET
ATOM,v5/config/shared/atoms/NEPHROLOGY.json,NEPHROLOGY,AL,persistent_proteinuria,Persistent proteinuria,ICD10,R80.1,"Persistent proteinuria, unspecified",3717,514,DIRECT_TARGET,True,SOURCE_CANDIDATE,EXACT,Match only the canonical clinical concept 'Persistent proteinuria'. Related findings must remain separate atoms or rule context.,local,True,1.0,"persistent, proteinuria",2,CODE_REUSED_IN_CONFIG | CAN_FIRE_ALONE | DIRECT_TARGET
ATOM,v5/config/shared/atoms/NEPHROLOGY.json,NEPHROLOGY,AL,persistent_proteinuria,Persistent proteinuria,ICD10,R80.8,Other proteinuria,755,128,DIRECT_TARGET,True,SOURCE_CANDIDATE,EXACT,Match only the canonical clinical concept 'Persistent proteinuria'. Related findings must remain separate atoms or rule context.,local,True,1.0,proteinuria,1,CAN_FIRE_ALONE | DIRECT_TARGET
ATOM,v5/config/shared/atoms/NEPHROLOGY.json,NEPHROLOGY,AL,persistent_proteinuria,Persistent proteinuria,ICD10,R80.9,"Proteinuria, unspecified",9355,1463,DIRECT_TARGET,True,SOURCE_CANDIDATE,EXACT,Match only the canonical clinical concept 'Persistent proteinuria'. Related findings must remain separate atoms or rule context.,local,True,1.0,proteinuria,3,CODE_REUSED_IN_CONFIG | CAN_FIRE_ALONE | DIRECT_TARGET
ATOM,v5/config/shared/atoms/NEPHROLOGY.json,NEPHROLOGY,AL,persistent_proteinuria,Persistent proteinuria,SNOMED_CT,12511000132108,,0,0,DIRECT_TARGET,True,SOURCE_CANDIDATE,EXACT,Match only the canonical clinical concept 'Persistent proteinuria'. Related findings must remain separate atoms or rule context.,,,0.0,,1,NOT_IN_WAREHOUSE_VOCABULARY | CAN_FIRE_ALONE | DIRECT_TARGET
ATOM,v5/config/shared/atoms/NEPHROLOGY.json,NEPHROLOGY,AL,progressive_proteinuria,Progressive proteinuria,ICD10,R80.1,"Persistent proteinuria, unspecified",3717,514,DIRECT_TARGET,True,SOURCE_CANDIDATE,EXACT,Match only the canonical clinical concept 'Progressive proteinuria'. Related findings must remain separate atoms or rule context.,local,True,0.5,proteinuria,2,CODE_REUSED_IN_CONFIG | CAN_FIRE_ALONE | DIRECT_TARGET
ATOM,v5/config/shared/atoms/NEPHROLOGY.json,NEPHROLOGY,AL,progressive_proteinuria,Progressive proteinuria,ICD10,R80.9,"Proteinuria, unspecified",9355,1463,DIRECT_TARGET,True,SOURCE_CANDIDATE,EXACT,Match only the canonical clinical concept 'Progressive proteinuria'. Related findings must remain separate atoms or rule context.,local,True,1.0,proteinuria,3,CODE_REUSED_IN_CONFIG | CAN_FIRE_ALONE | DIRECT_TARGET
ATOM,v5/config/shared/atoms/NEPHROLOGY.json,NEPHROLOGY,AL,progressive_proteinuria,Progressive proteinuria,SNOMED_CT,29738008,,0,0,DIRECT_TARGET,True,SOURCE_CANDIDATE,EXACT,Match only the canonical clinical concept 'Progressive proteinuria'. Related findings must remain separate atoms or rule context.,,,0.0,,1,NOT_IN_WAREHOUSE_VOCABULARY | CAN_FIRE_ALONE | DIRECT_TARGET
ATOM,v5/config/shared/atoms/NEPHROLOGY.json,NEPHROLOGY,AL,renal_dysfunction,Renal dysfunction / chronic kidney disease,ICD10,N18.3,"Chronic kidney disease, stage 3 (moderate)",3320,525,DIRECT_TARGET,True,SOURCE_CANDIDATE,EXACT,Match only the canonical clinical concept 'Renal dysfunction / chronic kidney disease'. Related findings must remain separate atoms or rule context.,local,True,0.75,"chronic, kidney, stage",3,CODE_REUSED_IN_CONFIG | CAN_FIRE_ALONE | DIRECT_TARGET
ATOM,v5/config/shared/atoms/NEPHROLOGY.json,NEPHROLOGY,AL,renal_dysfunction,Renal dysfunction / chronic kidney disease,ICD10,N18.4,"Chronic kidney disease, stage 4 (severe)",61150,2206,DIRECT_TARGET,True,SOURCE_CANDIDATE,EXACT,Match only the canonical clinical concept 'Renal dysfunction / chronic kidney disease'. Related findings must remain separate atoms or rule context.,local,True,0.75,"chronic, kidney, stage",4,CODE_REUSED_IN_CONFIG | CAN_FIRE_ALONE | DIRECT_TARGET
ATOM,v5/config/shared/atoms/NEPHROLOGY.json,NEPHROLOGY,AL,renal_dysfunction,Renal dysfunction / chronic kidney disease,ICD10,N18.9,"Chronic kidney disease, unspecified",48174,1876,DIRECT_TARGET,True,SOURCE_CANDIDATE,EXACT,Match only the canonical clinical concept 'Renal dysfunction / chronic kidney disease'. Related findings must remain separate atoms or rule context.,local,True,1.0,"chronic, kidney",7,CODE_REUSED_IN_CONFIG | CAN_FIRE_ALONE | DIRECT_TARGET
ATOM,v5/config/shared/atoms/NEPHROLOGY.json,NEPHROLOGY,AL,renal_dysfunction,Renal dysfunction / chronic kidney disease,ICD10,N19,Unspecified kidney failure,3012,162,DIRECT_TARGET,True,SOURCE_CANDIDATE,EXACT,Match only the canonical clinical concept 'Renal dysfunction / chronic kidney disease'. Related findings must remain separate atoms or rule context.,local,True,0.5,kidney,2,CODE_REUSED_IN_CONFIG | CAN_FIRE_ALONE | DIRECT_TARGET
ATOM,v5/config/shared/atoms/NEPHROLOGY.json,NEPHROLOGY,AL,renal_dysfunction,Renal dysfunction / chronic kidney disease,SNOMED_CT,236423003,,0,0,DIRECT_TARGET,True,SOURCE_CANDIDATE,EXACT,Match only the canonical clinical concept 'Renal dysfunction / chronic kidney disease'. Related findings must remain separate atoms or rule context.,,,0.0,,1,NOT_IN_WAREHOUSE_VOCABULARY | CAN_FIRE_ALONE | DIRECT_TARGET
ATOM,v5/config/shared/atoms/NEUROLOGY.json,NEUROLOGY,ATTRV,charcot_arthropathy,charcot arthropathy,ICD10,L97.409,Non-pressure chronic ulcer of unspecified heel and midfoot with unspecified severity,158,15,DIRECT_TARGET,True,SOURCE_CANDIDATE,EXACT,Match Charcot/neuroarthropathy language only. Ulcers and trophic skin changes are separate downstream manifestations.,local,True,0.0,,3,CODE_REUSED_IN_CONFIG | ZERO_LEXICAL_ALIGNMENT_REVIEW | CAN_FIRE_ALONE | DIRECT_TARGET
ATOM,v5/config/shared/atoms/NEUROLOGY.json,NEUROLOGY,ATTRV,charcot_arthropathy,charcot arthropathy,ICD10,L97.411,Non-pressure chronic ulcer of right heel and midfoot limited to breakdown of skin,162,34,DIRECT_TARGET,True,SOURCE_CANDIDATE,EXACT,Match Charcot/neuroarthropathy language only. Ulcers and trophic skin changes are separate downstream manifestations.,local,True,0.0,,3,CODE_REUSED_IN_CONFIG | ZERO_LEXICAL_ALIGNMENT_REVIEW | CAN_FIRE_ALONE | DIRECT_TARGET
ATOM,v5/config/shared/atoms/NEUROLOGY.json,NEUROLOGY,ATTRV,charcot_arthropathy,charcot arthropathy,ICD10,L97.412,Non-pressure chronic ulcer of right heel and midfoot with fat layer exposed,1852,88,DIRECT_TARGET,True,SOURCE_CANDIDATE,EXACT,Match Charcot/neuroarthropathy language only. Ulcers and trophic skin changes are separate downstream manifestations.,local,True,0.0,,3,CODE_REUSED_IN_CONFIG | ZERO_LEXICAL_ALIGNMENT_REVIEW | CAN_FIRE_ALONE | DIRECT_TARGET
ATOM,v5/config/shared/atoms/NEUROLOGY.json,NEUROLOGY,ATTRV,charcot_arthropathy,charcot arthropathy,ICD10,L97.413,Non-pressure chronic ulcer of right heel and midfoot with necrosis of muscle,103,10,DIRECT_TARGET,True,SOURCE_CANDIDATE,EXACT,Match Charcot/neuroarthropathy language only. Ulcers and trophic skin changes are separate downstream manifestations.,local,True,0.0,,3,CODE_REUSED_IN_CONFIG | ZERO_LEXICAL_ALIGNMENT_REVIEW | CAN_FIRE_ALONE | DIRECT_TARGET
ATOM,v5/config/shared/atoms/NEUROLOGY.json,NEUROLOGY,ATTRV,charcot_arthropathy,charcot arthropathy,ICD10,L97.414,Non-pressure chronic ulcer of right heel and midfoot with necrosis of bone,10,4,DIRECT_TARGET,True,SOURCE_CANDIDATE,EXACT,Match Charcot/neuroarthropathy language only. Ulcers and trophic skin changes are separate downstream manifestations.,local,True,0.0,,3,CODE_REUSED_IN_CONFIG | ZERO_LEXICAL_ALIGNMENT_REVIEW | CAN_FIRE_ALONE | DIRECT_TARGET
ATOM,v5/config/shared/atoms/NEUROLOGY.json,NEUROLOGY,ATTRV,charcot_arthropathy,charcot arthropathy,ICD10,L97.415,Non-pressure chronic ulcer of right heel and midfoot with muscle involvement without evidence of necrosis,98,8,DIRECT_TARGET,True,SOURCE_CANDIDATE,EXACT,Match Charcot/neuroarthropathy language only. Ulcers and trophic skin changes are separate downstream manifestations.,local,True,0.0,,3,CODE_REUSED_IN_CONFIG | ZERO_LEXICAL_ALIGNMENT_REVIEW | CAN_FIRE_ALONE | DIRECT_TARGET
ATOM,v5/config/shared/atoms/NEUROLOGY.json,NEUROLOGY,ATTRV,charcot_arthropathy,charcot arthropathy,ICD10,L97.416,Non-pressure chronic ulcer of right heel and midfoot with bone involvement without evidence of necrosis,280,8,DIRECT_TARGET,True,SOURCE_CANDIDATE,EXACT,Match Charcot/neuroarthropathy language only. Ulcers and trophic skin changes are separate downstream manifestations.,local,True,0.0,,3,CODE_REUSED_IN_CONFIG | ZERO_LEXICAL_ALIGNMENT_REVIEW | CAN_FIRE_ALONE | DIRECT_TARGET
ATOM,v5/config/shared/atoms/NEUROLOGY.json,NEUROLOGY,ATTRV,charcot_arthropathy,charcot arthropathy,ICD10,L97.418,Non-pressure chronic ulcer of right heel and midfoot with other specified severity,6,3,DIRECT_TARGET,True,SOURCE_CANDIDATE,EXACT,Match Charcot/neuroarthropathy language only. Ulcers and trophic skin changes are separate downstream manifestations.,local,True,0.0,,3,CODE_REUSED_IN_CONFIG | ZERO_LEXICAL_ALIGNMENT_REVIEW | CAN_FIRE_ALONE | DIRECT_TARGET
ATOM,v5/config/shared/atoms/NEUROLOGY.json,NEUROLOGY,ATTRV,charcot_arthropathy,charcot arthropathy,ICD10,L97.419,Non-pressure chronic ulcer of right heel and midfoot with unspecified severity,175,33,DIRECT_TARGET,True,SOURCE_CANDIDATE,EXACT,Match Charcot/neuroarthropathy language only. Ulcers and trophic skin changes are separate downstream manifestations.,local,True,0.0,,3,CODE_REUSED_IN_CONFIG | ZERO_LEXICAL_ALIGNMENT_REVIEW | CAN_FIRE_ALONE | DIRECT_TARGET
ATOM,v5/config/shared/atoms/NEUROLOGY.json,NEUROLOGY,ATTRV,charcot_arthropathy,charcot arthropathy,ICD10,L97.421,Non-pressure chronic ulcer of left heel and midfoot limited to breakdown of skin,217,37,DIRECT_TARGET,True,SOURCE_CANDIDATE,EXACT,Match Charcot/neuroarthropathy language only. Ulcers and trophic skin changes are separate downstream manifestations.,local,True,0.0,,3,CODE_REUSED_IN_CONFIG | ZERO_LEXICAL_ALIGNMENT_REVIEW | CAN_FIRE_ALONE | DIRECT_TARGET
ATOM,v5/config/shared/atoms/NEUROLOGY.json,NEUROLOGY,ATTRV,charcot_arthropathy,charcot arthropathy,ICD10,L97.422,Non-pressure chronic ulcer of left heel and midfoot with fat layer exposed,1100,77,DIRECT_TARGET,True,SOURCE_CANDIDATE,EXACT,Match Charcot/neuroarthropathy language only. Ulcers and trophic skin changes are separate downstream manifestations.,local,True,0.0,,3,CODE_REUSED_IN_CONFIG | ZERO_LEXICAL_ALIGNMENT_REVIEW | CAN_FIRE_ALONE | DIRECT_TARGET
ATOM,v5/config/shared/atoms/NEUROLOGY.json,NEUROLOGY,ATTRV,charcot_arthropathy,charcot arthropathy,ICD10,L97.423,Non-pressure chronic ulcer of left heel and midfoot with necrosis of muscle,85,7,DIRECT_TARGET,True,SOURCE_CANDIDATE,EXACT,Match Charcot/neuroarthropathy language only. Ulcers and trophic skin changes are separate downstream manifestations.,local,True,0.0,,3,CODE_REUSED_IN_CONFIG | ZERO_LEXICAL_ALIGNMENT_REVIEW | CAN_FIRE_ALONE | DIRECT_TARGET
ATOM,v5/config/shared/atoms/NEUROLOGY.json,NEUROLOGY,ATTRV,charcot_arthropathy,charcot arthropathy,ICD10,L97.424,Non-pressure chronic ulcer of left heel and midfoot with necrosis of bone,56,4,DIRECT_TARGET,True,SOURCE_CANDIDATE,EXACT,Match Charcot/neuroarthropathy language only. Ulcers and trophic skin changes are separate downstream manifestations.,local,True,0.0,,3,CODE_REUSED_IN_CONFIG | ZERO_LEXICAL_ALIGNMENT_REVIEW | CAN_FIRE_ALONE | DIRECT_TARGET
ATOM,v5/config/shared/atoms/NEUROLOGY.json,NEUROLOGY,ATTRV,charcot_arthropathy,charcot arthropathy,ICD10,L97.425,Non-pressure chronic ulcer of left heel and midfoot with muscle involvement without evidence of necrosis,67,6,DIRECT_TARGET,True,SOURCE_CANDIDATE,EXACT,Match Charcot/neuroarthropathy language only. Ulcers and trophic skin changes are separate downstream manifestations.,local,True,0.0,,3,CODE_REUSED_IN_CONFIG | ZERO_LEXICAL_ALIGNMENT_REVIEW | CAN_FIRE_ALONE | DIRECT_TARGET
ATOM,v5/config/shared/atoms/NEUROLOGY.json,NEUROLOGY,ATTRV,charcot_arthropathy,charcot arthropathy,ICD10,L97.426,Non-pressure chronic ulcer of left heel and midfoot with bone involvement without evidence of necrosis,11,3,DIRECT_TARGET,True,SOURCE_CANDIDATE,EXACT,Match Charcot/neuroarthropathy language only. Ulcers and trophic skin changes are separate downstream manifestations.,local,True,0.0,,3,CODE_REUSED_IN_CONFIG | ZERO_LEXICAL_ALIGNMENT_REVIEW | CAN_FIRE_ALONE | DIRECT_TARGET
ATOM,v5/config/shared/atoms/NEUROLOGY.json,NEUROLOGY,ATTRV,charcot_arthropathy,charcot arthropathy,ICD10,L97.428,Non-pressure chronic ulcer of left heel and midfoot with other specified severity,17,3,DIRECT_TARGET,True,SOURCE_CANDIDATE,EXACT,Match Charcot/neuroarthropathy language only. Ulcers and trophic skin changes are separate downstream manifestations.,local,True,0.0,,3,CODE_REUSED_IN_CONFIG | ZERO_LEXICAL_ALIGNMENT_REVIEW | CAN_FIRE_ALONE | DIRECT_TARGET
ATOM,v5/config/shared/atoms/NEUROLOGY.json,NEUROLOGY,ATTRV,charcot_arthropathy,charcot arthropathy,ICD10,L97.429,Non-pressure chronic ulcer of left heel and midfoot with unspecified severity,304,48,DIRECT_TARGET,True,SOURCE_CANDIDATE,EXACT,Match Charcot/neuroarthropathy language only. Ulcers and trophic skin changes are separate downstream manifestations.,local,True,0.0,,3,CODE_REUSED_IN_CONFIG | ZERO_LEXICAL_ALIGNMENT_REVIEW | CAN_FIRE_ALONE | DIRECT_TARGET
ATOM,v5/config/shared/atoms/NEUROLOGY.json,NEUROLOGY,ATTRV,charcot_arthropathy,charcot arthropathy,ICD10,L97.501,Non-pressure chronic ulcer of other part of unspecified foot limited to breakdown of skin,164,32,DIRECT_TARGET,True,SOURCE_CANDIDATE,EXACT,Match Charcot/neuroarthropathy language only. Ulcers and trophic skin changes are separate downstream manifestations.,local,True,0.167,foot,3,CODE_REUSED_IN_CONFIG | LOW_LEXICAL_ALIGNMENT_REVIEW | CAN_FIRE_ALONE | DIRECT_TARGET
ATOM,v5/config/shared/atoms/NEUROLOGY.json,NEUROLOGY,ATTRV,charcot_arthropathy,charcot arthropathy,ICD10,L97.502,Non-pressure chronic ulcer of other part of unspecified foot with fat layer exposed,177,10,DIRECT_TARGET,True,SOURCE_CANDIDATE,EXACT,Match Charcot/neuroarthropathy language only. Ulcers and trophic skin changes are separate downstream manifestations.,local,True,0.167,foot,3,CODE_REUSED_IN_CONFIG | LOW_LEXICAL_ALIGNMENT_REVIEW | CAN_FIRE_ALONE | DIRECT_TARGET
ATOM,v5/config/shared/atoms/NEUROLOGY.json,NEUROLOGY,ATTRV,charcot_arthropathy,charcot arthropathy,ICD10,L97.503,Non-pressure chronic ulcer of other part of unspecified foot with necrosis of muscle,27,2,DIRECT_TARGET,True,SOURCE_CANDIDATE,EXACT,Match Charcot/neuroarthropathy language only. Ulcers and trophic skin changes are separate downstream manifestations.,local,True,0.167,foot,3,CODE_REUSED_IN_CONFIG | LOW_LEXICAL_ALIGNMENT_REVIEW | CAN_FIRE_ALONE | DIRECT_TARGET
ATOM,v5/config/shared/atoms/NEUROLOGY.json,NEUROLOGY,ATTRV,charcot_arthropathy,charcot arthropathy,ICD10,L97.504,Non-pressure chronic ulcer of other part of unspecified foot with necrosis of bone,2,1,DIRECT_TARGET,True,SOURCE_CANDIDATE,EXACT,Match Charcot/neuroarthropathy language only. Ulcers and trophic skin changes are separate downstream manifestations.,local,True,0.167,foot,3,CODE_REUSED_IN_CONFIG | LOW_LEXICAL_ALIGNMENT_REVIEW | CAN_FIRE_ALONE | DIRECT_TARGET
ATOM,v5/config/shared/atoms/NEUROLOGY.json,NEUROLOGY,ATTRV,charcot_arthropathy,charcot arthropathy,ICD10,L97.505,Non-pressure chronic ulcer of other part of unspecified foot with muscle involvement without evidence of necrosis,65,2,DIRECT_TARGET,True,SOURCE_CANDIDATE,EXACT,Match Charcot/neuroarthropathy language only. Ulcers and trophic skin changes are separate downstream manifestations.,local,True,0.167,foot,3,CODE_REUSED_IN_CONFIG | LOW_LEXICAL_ALIGNMENT_REVIEW | CAN_FIRE_ALONE | DIRECT_TARGET
ATOM,v5/config/shared/atoms/NEUROLOGY.json,NEUROLOGY,ATTRV,charcot_arthropathy,charcot arthropathy,ICD10,L97.506,Non-pressure chronic ulcer of other part of unspecified foot with bone involvement without evidence of necrosis,7,2,DIRECT_TARGET,True,SOURCE_CANDIDATE,EXACT,Match Charcot/neuroarthropathy language only. Ulcers and trophic skin changes are separate downstream manifestations.,local,True,0.167,foot,3,CODE_REUSED_IN_CONFIG | LOW_LEXICAL_ALIGNMENT_REVIEW | CAN_FIRE_ALONE | DIRECT_TARGET
ATOM,v5/config/shared/atoms/NEUROLOGY.json,NEUROLOGY,ATTRV,charcot_arthropathy,charcot arthropathy,ICD10,L97.508,Non-pressure chronic ulcer of other part of unspecified foot with other specified severity,6,4,DIRECT_TARGET,True,SOURCE_CANDIDATE,EXACT,Match Charcot/neuroarthropathy language only. Ulcers and trophic skin changes are separate downstream manifestations.,local,True,0.167,foot,3,CODE_REUSED_IN_CONFIG | LOW_LEXICAL_ALIGNMENT_REVIEW | CAN_FIRE_ALONE | DIRECT_TARGET
ATOM,v5/config/shared/atoms/NEUROLOGY.json,NEUROLOGY,ATTRV,charcot_arthropathy,charcot arthropathy,ICD10,L97.509,Non-pressure chronic ulcer of other part of unspecified foot with unspecified severity,540,76,DIRECT_TARGET,True,SOURCE_CANDIDATE,EXACT,Match Charcot/neuroarthropathy language only. Ulcers and trophic skin changes are separate downstream manifestations.,local,True,0.167,foot,3,CODE_REUSED_IN_CONFIG | LOW_LEXICAL_ALIGNMENT_REVIEW | CAN_FIRE_ALONE | DIRECT_TARGET
ATOM,v5/config/shared/atoms/NEUROLOGY.json,NEUROLOGY,ATTRV,charcot_arthropathy,charcot arthropathy,ICD10,L97.511,Non-pressure chronic ulcer of other part of right foot limited to breakdown of skin,3655,382,DIRECT_TARGET,True,SOURCE_CANDIDATE,EXACT,Match Charcot/neuroarthropathy language only. Ulcers and trophic skin changes are separate downstream manifestations.,local,True,0.167,foot,3,CODE_REUSED_IN_CONFIG | LOW_LEXICAL_ALIGNMENT_REVIEW | CAN_FIRE_ALONE | DIRECT_TARGET
ATOM,v5/config/shared/atoms/NEUROLOGY.json,NEUROLOGY,ATTRV,charcot_arthropathy,charcot arthropathy,ICD10,L97.512,Non-pressure chronic ulcer of other part of right foot with fat layer exposed,14546,563,DIRECT_TARGET,True,SOURCE_CANDIDATE,EXACT,Match Charcot/neuroarthropathy language only. Ulcers and trophic skin changes are separate downstream manifestations.,local,True,0.167,foot,3,CODE_REUSED_IN_CONFIG | LOW_LEXICAL_ALIGNMENT_REVIEW | CAN_FIRE_ALONE | DIRECT_TARGET
ATOM,v5/config/shared/atoms/NEUROLOGY.json,NEUROLOGY,ATTRV,charcot_arthropathy,charcot arthropathy,ICD10,L97.513,Non-pressure chronic ulcer of other part of right foot with necrosis of muscle,1195,67,DIRECT_TARGET,True,SOURCE_CANDIDATE,EXACT,Match Charcot/neuroarthropathy language only. Ulcers and trophic skin changes are separate downstream manifestations.,local,True,0.167,foot,3,CODE_REUSED_IN_CONFIG | LOW_LEXICAL_ALIGNMENT_REVIEW | CAN_FIRE_ALONE | DIRECT_TARGET
ATOM,v5/config/shared/atoms/NEUROLOGY.json,NEUROLOGY,ATTRV,charcot_arthropathy,charcot arthropathy,ICD10,L97.514,Non-pressure chronic ulcer of other part of right foot with necrosis of bone,938,40,DIRECT_TARGET,True,SOURCE_CANDIDATE,EXACT,Match Charcot/neuroarthropathy language only. Ulcers and trophic skin changes are separate downstream manifestations.,local,True,0.167,foot,3,CODE_REUSED_IN_CONFIG | LOW_LEXICAL_ALIGNMENT_REVIEW | CAN_FIRE_ALONE | DIRECT_TARGET
ATOM,v5/config/shared/atoms/NEUROLOGY.json,NEUROLOGY,ATTRV,charcot_arthropathy,charcot arthropathy,ICD10,L97.515,Non-pressure chronic ulcer of other part of right foot with muscle involvement without evidence of necrosis,674,41,DIRECT_TARGET,True,SOURCE_CANDIDATE,EXACT,Match Charcot/neuroarthropathy language only. Ulcers and trophic skin changes are separate downstream manifestations.,local,True,0.167,foot,3,CODE_REUSED_IN_CONFIG | LOW_LEXICAL_ALIGNMENT_REVIEW | CAN_FIRE_ALONE | DIRECT_TARGET
ATOM,v5/config/shared/atoms/NEUROLOGY.json,NEUROLOGY,ATTRV,charcot_arthropathy,charcot arthropathy,ICD10,L97.516,Non-pressure chronic ulcer of other part of right foot with bone involvement without evidence of necrosis,1115,31,DIRECT_TARGET,True,SOURCE_CANDIDATE,EXACT,Match Charcot/neuroarthropathy language only. Ulcers and trophic skin changes are separate downstream manifestations.,local,True,0.167,foot,3,CODE_REUSED_IN_CONFIG | LOW_LEXICAL_ALIGNMENT_REVIEW | CAN_FIRE_ALONE | DIRECT_TARGET
ATOM,v5/config/shared/atoms/NEUROLOGY.json,NEUROLOGY,ATTRV,charcot_arthropathy,charcot arthropathy,ICD10,L97.518,Non-pressure chronic ulcer of other part of right foot with other specified severity,583,58,DIRECT_TARGET,True,SOURCE_CANDIDATE,EXACT,Match Charcot/neuroarthropathy language only. Ulcers and trophic skin changes are separate downstream manifestations.,local,True,0.167,foot,3,CODE_REUSED_IN_CONFIG | LOW_LEXICAL_ALIGNMENT_REVIEW | CAN_FIRE_ALONE | DIRECT_TARGET
ATOM,v5/config/shared/atoms/NEUROLOGY.json,NEUROLOGY,ATTRV,charcot_arthropathy,charcot arthropathy,ICD10,L97.519,Non-pressure chronic ulcer of other part of right foot with unspecified severity,3581,405,DIRECT_TARGET,True,SOURCE_CANDIDATE,EXACT,Match Charcot/neuroarthropathy language only. Ulcers and trophic skin changes are separate downstream manifestations.,local,True,0.167,foot,3,CODE_REUSED_IN_CONFIG | LOW_LEXICAL_ALIGNMENT_REVIEW | CAN_FIRE_ALONE | DIRECT_TARGET
ATOM,v5/config/shared/atoms/NEUROLOGY.json,NEUROLOGY,ATTRV,charcot_arthropathy,charcot arthropathy,ICD10,L97.521,Non-pressure chronic ulcer of other part of left foot limited to breakdown of skin,2964,336,DIRECT_TARGET,True,SOURCE_CANDIDATE,EXACT,Match Charcot/neuroarthropathy language only. Ulcers and trophic skin changes are separate downstream manifestations.,local,True,0.167,foot,3,CODE_REUSED_IN_CONFIG | LOW_LEXICAL_ALIGNMENT_REVIEW | CAN_FIRE_ALONE | DIRECT_TARGET
ATOM,v5/config/shared/atoms/NEUROLOGY.json,NEUROLOGY,ATTRV,charcot_arthropathy,charcot arthropathy,ICD10,L97.522,Non-pressure chronic ulcer of other part of left foot with fat layer exposed,8640,490,DIRECT_TARGET,True,SOURCE_CANDIDATE,EXACT,Match Charcot/neuroarthropathy language only. Ulcers and trophic skin changes are separate downstream manifestations.,local,True,0.167,foot,3,CODE_REUSED_IN_CONFIG | LOW_LEXICAL_ALIGNMENT_REVIEW | CAN_FIRE_ALONE | DIRECT_TARGET
ATOM,v5/config/shared/atoms/NEUROLOGY.json,NEUROLOGY,ATTRV,charcot_arthropathy,charcot arthropathy,ICD10,L97.523,Non-pressure chronic ulcer of other part of left foot with necrosis of muscle,1303,47,DIRECT_TARGET,True,SOURCE_CANDIDATE,EXACT,Match Charcot/neuroarthropathy language only. Ulcers and trophic skin changes are separate downstream manifestations.,local,True,0.167,foot,3,CODE_REUSED_IN_CONFIG | LOW_LEXICAL_ALIGNMENT_REVIEW | CAN_FIRE_ALONE | DIRECT_TARGET
ATOM,v5/config/shared/atoms/NEUROLOGY.json,NEUROLOGY,ATTRV,charcot_arthropathy,charcot arthropathy,ICD10,L97.524,Non-pressure chronic ulcer of other part of left foot with necrosis of bone,642,38,DIRECT_TARGET,True,SOURCE_CANDIDATE,EXACT,Match Charcot/neuroarthropathy language only. Ulcers and trophic skin changes are separate downstream manifestations.,local,True,0.167,foot,3,CODE_REUSED_IN_CONFIG | LOW_LEXICAL_ALIGNMENT_REVIEW | CAN_FIRE_ALONE | DIRECT_TARGET
ATOM,v5/config/shared/atoms/NEUROLOGY.json,NEUROLOGY,ATTRV,charcot_arthropathy,charcot arthropathy,ICD10,L97.525,Non-pressure chronic ulcer of other part of left foot with muscle involvement without evidence of necrosis,621,33,DIRECT_TARGET,True,SOURCE_CANDIDATE,EXACT,Match Charcot/neuroarthropathy language only. Ulcers and trophic skin changes are separate downstream manifestations.,local,True,0.167,foot,3,CODE_REUSED_IN_CONFIG | LOW_LEXICAL_ALIGNMENT_REVIEW | CAN_FIRE_ALONE | DIRECT_TARGET
ATOM,v5/config/shared/atoms/NEUROLOGY.json,NEUROLOGY,ATTRV,charcot_arthropathy,charcot arthropathy,ICD10,L97.526,Non-pressure chronic ulcer of other part of left foot with bone involvement without evidence of necrosis,171,17,DIRECT_TARGET,True,SOURCE_CANDIDATE,EXACT,Match Charcot/neuroarthropathy language only. Ulcers and trophic skin changes are separate downstream manifestations.,local,True,0.167,foot,3,CODE_REUSED_IN_CONFIG | LOW_LEXICAL_ALIGNMENT_REVIEW | CAN_FIRE_ALONE | DIRECT_TARGET
ATOM,v5/config/shared/atoms/NEUROLOGY.json,NEUROLOGY,ATTRV,charcot_arthropathy,charcot arthropathy,ICD10,L97.528,Non-pressure chronic ulcer of other part of left foot with other specified severity,576,44,DIRECT_TARGET,True,SOURCE_CANDIDATE,EXACT,Match Charcot/neuroarthropathy language only. Ulcers and trophic skin changes are separate downstream manifestations.,local,True,0.167,foot,3,CODE_REUSED_IN_CONFIG | LOW_LEXICAL_ALIGNMENT_REVIEW | CAN_FIRE_ALONE | DIRECT_TARGET
ATOM,v5/config/shared/atoms/NEUROLOGY.json,NEUROLOGY,ATTRV,charcot_arthropathy,charcot arthropathy,ICD10,L97.529,Non-pressure chronic ulcer of other part of left foot with unspecified severity,4250,339,DIRECT_TARGET,True,SOURCE_CANDIDATE,EXACT,Match Charcot/neuroarthropathy language only. Ulcers and trophic skin changes are separate downstream manifestations.,local,True,0.167,foot,3,CODE_REUSED_IN_CONFIG | LOW_LEXICAL_ALIGNMENT_REVIEW | CAN_FIRE_ALONE | DIRECT_TARGET
ATOM,v5/config/shared/atoms/NEUROLOGY.json,NEUROLOGY,ATTRV,charcot_arthropathy,charcot arthropathy,ICD10,M14.671,"Charcot's joint, right ankle and foot",2184,152,DIRECT_TARGET,True,SOURCE_CANDIDATE,EXACT,Match Charcot/neuroarthropathy language only. Ulcers and trophic skin changes are separate downstream manifestations.,local,True,0.6,"charcot, foot, joint",3,CODE_REUSED_IN_CONFIG | CAN_FIRE_ALONE | DIRECT_TARGET
ATOM,v5/config/shared/atoms/NEUROLOGY.json,NEUROLOGY,ATTRV,charcot_arthropathy,charcot arthropathy,ICD10,M14.672,"Charcot's joint, left ankle and foot",2904,140,DIRECT_TARGET,True,SOURCE_CANDIDATE,EXACT,Match Charcot/neuroarthropathy language only. Ulcers and trophic skin changes are separate downstream manifestations.,local,True,0.6,"charcot, foot, joint",3,CODE_REUSED_IN_CONFIG | CAN_FIRE_ALONE | DIRECT_TARGET
ATOM,v5/config/shared/atoms/NEUROLOGY.json,NEUROLOGY,ATTRV,cidp,Chronic inflammatory demyelinating polyneuropathy,ICD10,G61.81,Chronic inflammatory demyelinating polyneuritis,5027,70,DIRECT_TARGET,True,SOURCE_CANDIDATE,EXACT,Match explicit CIDP/chronic inflammatory demyelinating neuropathy terminology. Treatment exposure or treatment failure alone must not create a CIDP diagnosis atom.,local,True,0.75,"chronic, demyelinat, inflammatory",2,CODE_REUSED_IN_CONFIG | CAN_FIRE_ALONE | DIRECT_TARGET
ATOM,v5/config/shared/atoms/NEUROLOGY.json,NEUROLOGY,ATTRV,cidp,Chronic inflammatory demyelinating polyneuropathy,SNOMED_CT,51689008,,0,0,DIRECT_TARGET,True,SOURCE_CANDIDATE,EXACT,Match explicit CIDP/chronic inflammatory demyelinating neuropathy terminology. Treatment exposure or treatment failure alone must not create a CIDP diagnosis atom.,,,0.0,,2,NOT_IN_WAREHOUSE_VOCABULARY | CODE_REUSED_IN_CONFIG | CAN_FIRE_ALONE | DIRECT_TARGET
ATOM,v5/config/shared/atoms/NEUROLOGY.json,NEUROLOGY,AL | ATTRV | ATTRWT,dysautonomia,Autonomic dysfunction / dysautonomia,ICD10,G90.8,Other disorders of autonomic nervous system,123,12,DIRECT_TARGET,True,SOURCE_CANDIDATE,EXACT,Match explicit dysautonomia/autonomic-neuropathy/autonomic-failure terminology only. Individual autonomic symptoms such as sweating abnormality or orthostatic symptoms should remain in their own atoms unless the clinician explicitly labels dysautonomia.,local,True,0.75,"autonomic, nervou, system",2,CODE_REUSED_IN_CONFIG | CAN_FIRE_ALONE | DIRECT_TARGET
ATOM,v5/config/shared/atoms/NEUROLOGY.json,NEUROLOGY,AL | ATTRV | ATTRWT,dysautonomia,Autonomic dysfunction / dysautonomia,ICD10,G90.9,"Disorder of the autonomic nervous system, unspecified",586,85,DIRECT_TARGET,True,SOURCE_CANDIDATE,EXACT,Match explicit dysautonomia/autonomic-neuropathy/autonomic-failure terminology only. Individual autonomic symptoms such as sweating abnormality or orthostatic symptoms should remain in their own atoms unless the clinician explicitly labels dysautonomia.,local,True,1.0,"autonomic, nervou, system",3,CODE_REUSED_IN_CONFIG | CAN_FIRE_ALONE | DIRECT_TARGET
ATOM,v5/config/shared/atoms/NEUROLOGY.json,NEUROLOGY,ATTRV,erectile_dysfunction,erectile dysfunction,ICD10,N52.9,"Male erectile dysfunction, unspecified",10193,2077,DIRECT_TARGET,True,SOURCE_CANDIDATE,EXACT,,local,True,0.667,"dysfunction, erectile",1,CAN_FIRE_ALONE | DIRECT_TARGET
ATOM,v5/config/shared/atoms/NEUROLOGY.json,NEUROLOGY,AL | ATTRV | ATTRWT,gastroparesis,Gastroparesis / delayed gastric emptying,ICD10,K31.84,Gastroparesis,6831,805,DIRECT_TARGET,True,SOURCE_CANDIDATE,EXACT,"Require explicit gastroparesis/gastric-stasis language. Nausea, vomiting, or early satiety alone must not be converted into gastroparesis.",local,True,1.0,gastroparesi,6,CODE_REUSED_IN_CONFIG | CAN_FIRE_ALONE | DIRECT_TARGET
ATOM,v5/config/shared/atoms/NEUROLOGY.json,NEUROLOGY,AL | ATTRV | ATTRWT,gastroparesis,Gastroparesis / delayed gastric emptying,ICD10,R68.81,Early satiety,1161,349,DIRECT_TARGET,True,SOURCE_CANDIDATE,EXACT,"Require explicit gastroparesis/gastric-stasis language. Nausea, vomiting, or early satiety alone must not be converted into gastroparesis.",local,True,0.0,,5,CODE_REUSED_IN_CONFIG | ZERO_LEXICAL_ALIGNMENT_REVIEW | CAN_FIRE_ALONE | DIRECT_TARGET
ATOM,v5/config/shared/atoms/NEUROLOGY.json,NEUROLOGY,AL | ATTRV | ATTRWT,gastroparesis,Gastroparesis / delayed gastric emptying,ICD10,R11.2,"Nausea with vomiting, unspecified",127557,18268,DIRECT_TARGET,True,SOURCE_CANDIDATE,EXACT,"Require explicit gastroparesis/gastric-stasis language. Nausea, vomiting, or early satiety alone must not be converted into gastroparesis.",local,True,0.0,,5,CODE_REUSED_IN_CONFIG | ZERO_LEXICAL_ALIGNMENT_REVIEW | CAN_FIRE_ALONE | DIRECT_TARGET
ATOM,v5/config/shared/atoms/NEUROLOGY.json,NEUROLOGY,AL | ATTRV | ATTRWT,gi_dysmotility,Unexplained gastrointestinal dysmotility,ICD10,R19.7,"Diarrhea, unspecified",79604,13107,DIRECT_TARGET,True,SOURCE_CANDIDATE,EXACT,"Require persistent/objective or specialist-documented unexplained dysmotility. Do not treat transient postoperative, medication-related, mechanical, or acute infectious symptoms as ATTR-compatible autonomic disease.",local,True,0.0,,3,CODE_REUSED_IN_CONFIG | ZERO_LEXICAL_ALIGNMENT_REVIEW | CAN_FIRE_ALONE | DIRECT_TARGET
ATOM,v5/config/shared/atoms/NEUROLOGY.json,NEUROLOGY,AL | ATTRV | ATTRWT,gi_dysmotility,Unexplained gastrointestinal dysmotility,ICD10,K59.1,Functional diarrhea,1251,220,DIRECT_TARGET,True,SOURCE_CANDIDATE,EXACT,"Require persistent/objective or specialist-documented unexplained dysmotility. Do not treat transient postoperative, medication-related, mechanical, or acute infectious symptoms as ATTR-compatible autonomic disease.",local,True,0.0,,3,CODE_REUSED_IN_CONFIG | ZERO_LEXICAL_ALIGNMENT_REVIEW | CAN_FIRE_ALONE | DIRECT_TARGET
ATOM,v5/config/shared/atoms/NEUROLOGY.json,NEUROLOGY,AL | ATTRV | ATTRWT,gi_dysmotility,Unexplained gastrointestinal dysmotility,ICD10,K59.00,"Constipation, unspecified",49346,11282,DIRECT_TARGET,True,SOURCE_CANDIDATE,EXACT,"Require persistent/objective or specialist-documented unexplained dysmotility. Do not treat transient postoperative, medication-related, mechanical, or acute infectious symptoms as ATTR-compatible autonomic disease.",local,True,0.0,,3,CODE_REUSED_IN_CONFIG | ZERO_LEXICAL_ALIGNMENT_REVIEW | CAN_FIRE_ALONE | DIRECT_TARGET
ATOM,v5/config/shared/atoms/NEUROLOGY.json,NEUROLOGY,AL | ATTRV | ATTRWT,gi_dysmotility,Unexplained gastrointestinal dysmotility,ICD10,K59.8,Other specified functional intestinal disorders,23,1,DIRECT_TARGET,True,SOURCE_CANDIDATE,EXACT,"Require persistent/objective or specialist-documented unexplained dysmotility. Do not treat transient postoperative, medication-related, mechanical, or acute infectious symptoms as ATTR-compatible autonomic disease.",local,True,0.333,intestinal,3,CODE_REUSED_IN_CONFIG | CAN_FIRE_ALONE | DIRECT_TARGET
ATOM,v5/config/shared/atoms/NEUROLOGY.json,NEUROLOGY,ATTRV,immunotherapy_exposure,immunotherapy exposure,ICD10,G61.81,Chronic inflammatory demyelinating polyneuritis,5027,70,DIRECT_TARGET,True,SOURCE_CANDIDATE,EXACT,Match actual immunotherapy/corticosteroid/plasma-exchange exposure terms. CIDP diagnosis and lack of response are separate concepts.,local,True,0.0,,2,CODE_REUSED_IN_CONFIG | ZERO_LEXICAL_ALIGNMENT_REVIEW | CAN_FIRE_ALONE | DIRECT_TARGET
ATOM,v5/config/shared/atoms/NEUROLOGY.json,NEUROLOGY,ATTRV,immunotherapy_exposure,immunotherapy exposure,SNOMED_CT,51689008,,0,0,DIRECT_TARGET,True,SOURCE_CANDIDATE,EXACT,Match actual immunotherapy/corticosteroid/plasma-exchange exposure terms. CIDP diagnosis and lack of response are separate concepts.,,,0.0,,2,NOT_IN_WAREHOUSE_VOCABULARY | CODE_REUSED_IN_CONFIG | CAN_FIRE_ALONE | DIRECT_TARGET
ATOM,v5/config/shared/atoms/NEUROLOGY.json,NEUROLOGY,ATTRWT,mild_sensory_polyneuropathy,Mild-to-moderate length-dependent sensory polyneuropathy,ICD10,G62.9,"Polyneuropathy, unspecified",23002,3637,DIRECT_TARGET,True,SOURCE_CANDIDATE,EXACT,Match only the canonical clinical concept 'Mild-to-moderate length-dependent sensory polyneuropathy'. Do not broaden to related but clinically distinct findings.,local,True,1.0,polyneuropathy,1,CAN_FIRE_ALONE | DIRECT_TARGET
ATOM,v5/config/shared/atoms/NEUROLOGY.json,NEUROLOGY,ATTRWT,mild_sensory_polyneuropathy,Mild-to-moderate length-dependent sensory polyneuropathy,ICD10,G62.89,Other specified polyneuropathies,2545,408,DIRECT_TARGET,True,SOURCE_CANDIDATE,EXACT,Match only the canonical clinical concept 'Mild-to-moderate length-dependent sensory polyneuropathy'. Do not broaden to related but clinically distinct findings.,local,True,0.0,,1,ZERO_LEXICAL_ALIGNMENT_REVIEW | CAN_FIRE_ALONE | DIRECT_TARGET
ATOM,v5/config/shared/atoms/NEUROLOGY.json,NEUROLOGY,ATTRWT,mild_sensory_polyneuropathy,Mild-to-moderate length-dependent sensory polyneuropathy,ICD10,G60.9,"Hereditary and idiopathic neuropathy, unspecified",1561,249,DIRECT_TARGET,True,SOURCE_CANDIDATE,EXACT,Match only the canonical clinical concept 'Mild-to-moderate length-dependent sensory polyneuropathy'. Do not broaden to related but clinically distinct findings.,local,True,0.333,neuropathy,2,CODE_REUSED_IN_CONFIG | CAN_FIRE_ALONE | DIRECT_TARGET
ATOM,v5/config/shared/atoms/NEUROLOGY.json,NEUROLOGY,ATTRWT,mild_sensory_polyneuropathy,Mild-to-moderate length-dependent sensory polyneuropathy,SNOMED_CT,13694005,,0,0,DIRECT_TARGET,True,SOURCE_CANDIDATE,EXACT,Match only the canonical clinical concept 'Mild-to-moderate length-dependent sensory polyneuropathy'. Do not broaden to related but clinically distinct findings.,,,0.0,,1,NOT_IN_WAREHOUSE_VOCABULARY | CAN_FIRE_ALONE | DIRECT_TARGET
ATOM,v5/config/shared/atoms/NEUROLOGY.json,NEUROLOGY,ATTRWT,mild_sensory_polyneuropathy,Mild-to-moderate length-dependent sensory polyneuropathy,SNOMED_CT,789588003,,0,0,DIRECT_TARGET,True,SOURCE_CANDIDATE,EXACT,Match only the canonical clinical concept 'Mild-to-moderate length-dependent sensory polyneuropathy'. Do not broaden to related but clinically distinct findings.,,,0.0,,1,NOT_IN_WAREHOUSE_VOCABULARY | CAN_FIRE_ALONE | DIRECT_TARGET
ATOM,v5/config/shared/atoms/NEUROLOGY.json,NEUROLOGY,ATTRWT,mild_sensory_polyneuropathy,Mild-to-moderate length-dependent sensory polyneuropathy,SNOMED_CT,1155933006,,0,0,DIRECT_TARGET,True,SOURCE_CANDIDATE,EXACT,Match only the canonical clinical concept 'Mild-to-moderate length-dependent sensory polyneuropathy'. Do not broaden to related but clinically distinct findings.,,,0.0,,1,NOT_IN_WAREHOUSE_VOCABULARY | CAN_FIRE_ALONE | DIRECT_TARGET
ATOM,v5/config/shared/atoms/NEUROLOGY.json,NEUROLOGY,ATTRV,neurogenic_bladder,neurogenic bladder,ICD10,N31.9,"Neuromuscular dysfunction of bladder, unspecified",6855,768,DIRECT_TARGET,True,SOURCE_CANDIDATE,EXACT,Match explicit neurogenic/autonomic/atonic bladder language. Retention or incontinence alone do not establish a neurogenic bladder diagnosis.,local,True,1.0,"bladder, dysfunction, neuromuscular",3,CODE_REUSED_IN_CONFIG | CAN_FIRE_ALONE | DIRECT_TARGET
ATOM,v5/config/shared/atoms/NEUROLOGY.json,NEUROLOGY,ATTRV,neurogenic_bladder,neurogenic bladder,ICD10,R33.9,"Retention of urine, unspecified",11547,1762,DIRECT_TARGET,True,SOURCE_CANDIDATE,EXACT,Match explicit neurogenic/autonomic/atonic bladder language. Retention or incontinence alone do not establish a neurogenic bladder diagnosis.,local,True,0.0,,3,CODE_REUSED_IN_CONFIG | ZERO_LEXICAL_ALIGNMENT_REVIEW | CAN_FIRE_ALONE | DIRECT_TARGET
ATOM,v5/config/shared/atoms/NEUROLOGY.json,NEUROLOGY,ATTRV,neurogenic_bladder,neurogenic bladder,ICD10,R32,Unspecified urinary incontinence,8418,2071,DIRECT_TARGET,True,SOURCE_CANDIDATE,EXACT,Match explicit neurogenic/autonomic/atonic bladder language. Retention or incontinence alone do not establish a neurogenic bladder diagnosis.,local,True,0.5,urinary,3,CODE_REUSED_IN_CONFIG | CAN_FIRE_ALONE | DIRECT_TARGET
ATOM,v5/config/shared/atoms/NEUROLOGY.json,NEUROLOGY,AL | ATTRV,orthostatic_intolerance,orthostatic intolerance,ICD10,I95.1,Orthostatic hypotension,4432,721,DIRECT_TARGET,True,SOURCE_CANDIDATE,EXACT,Symptom/intolerance wording on standing. Objective orthostatic hypotension may be represented separately; generic dysautonomia or sweating abnormalities must not create this atom.,local,True,1.0,"hypotension, orthostatic",2,CODE_REUSED_IN_CONFIG | CAN_FIRE_ALONE | DIRECT_TARGET
ATOM,v5/config/shared/atoms/NEUROLOGY.json,NEUROLOGY,AL | ATTRV,orthostatic_intolerance,orthostatic intolerance,ICD10,G90.8,Other disorders of autonomic nervous system,123,12,DIRECT_TARGET,True,SOURCE_CANDIDATE,EXACT,Symptom/intolerance wording on standing. Objective orthostatic hypotension may be represented separately; generic dysautonomia or sweating abnormalities must not create this atom.,local,True,0.0,,2,CODE_REUSED_IN_CONFIG | ZERO_LEXICAL_ALIGNMENT_REVIEW | CAN_FIRE_ALONE | DIRECT_TARGET
ATOM,v5/config/shared/atoms/NEUROLOGY.json,NEUROLOGY,AL | ATTRV,orthostatic_intolerance,orthostatic intolerance,ICD10,G90.9,"Disorder of the autonomic nervous system, unspecified",586,85,DIRECT_TARGET,True,SOURCE_CANDIDATE,EXACT,Symptom/intolerance wording on standing. Objective orthostatic hypotension may be represented separately; generic dysautonomia or sweating abnormalities must not create this atom.,local,True,0.0,,3,CODE_REUSED_IN_CONFIG | ZERO_LEXICAL_ALIGNMENT_REVIEW | CAN_FIRE_ALONE | DIRECT_TARGET
ATOM,v5/config/shared/atoms/NEUROLOGY.json,NEUROLOGY,AL | ATTRV,orthostatic_intolerance,orthostatic intolerance,SNOMED_CT,28651003,,0,0,DIRECT_TARGET,True,SOURCE_CANDIDATE,EXACT,Symptom/intolerance wording on standing. Objective orthostatic hypotension may be represented separately; generic dysautonomia or sweating abnormalities must not create this atom.,,,0.0,,1,NOT_IN_WAREHOUSE_VOCABULARY | CAN_FIRE_ALONE | DIRECT_TARGET
ATOM,v5/config/shared/atoms/NEUROLOGY.json,NEUROLOGY,ATTRV,plantar_ulcer,plantar ulcer,ICD10,L97.409,Non-pressure chronic ulcer of unspecified heel and midfoot with unspecified severity,158,15,DIRECT_TARGET,True,SOURCE_CANDIDATE,EXACT,Match plantar/neuropathic foot-ulcer language only. Charcot arthropathy and generic trophic change must not independently create an ulcer atom.,local,True,0.143,ulcer,3,CODE_REUSED_IN_CONFIG | LOW_LEXICAL_ALIGNMENT_REVIEW | CAN_FIRE_ALONE | DIRECT_TARGET
ATOM,v5/config/shared/atoms/NEUROLOGY.json,NEUROLOGY,ATTRV,plantar_ulcer,plantar ulcer,ICD10,L97.411,Non-pressure chronic ulcer of right heel and midfoot limited to breakdown of skin,162,34,DIRECT_TARGET,True,SOURCE_CANDIDATE,EXACT,Match plantar/neuropathic foot-ulcer language only. Charcot arthropathy and generic trophic change must not independently create an ulcer atom.,local,True,0.125,ulcer,3,CODE_REUSED_IN_CONFIG | LOW_LEXICAL_ALIGNMENT_REVIEW | CAN_FIRE_ALONE | DIRECT_TARGET
ATOM,v5/config/shared/atoms/NEUROLOGY.json,NEUROLOGY,ATTRV,plantar_ulcer,plantar ulcer,ICD10,L97.412,Non-pressure chronic ulcer of right heel and midfoot with fat layer exposed,1852,88,DIRECT_TARGET,True,SOURCE_CANDIDATE,EXACT,Match plantar/neuropathic foot-ulcer language only. Charcot arthropathy and generic trophic change must not independently create an ulcer atom.,local,True,0.125,ulcer,3,CODE_REUSED_IN_CONFIG | LOW_LEXICAL_ALIGNMENT_REVIEW | CAN_FIRE_ALONE | DIRECT_TARGET
ATOM,v5/config/shared/atoms/NEUROLOGY.json,NEUROLOGY,ATTRV,plantar_ulcer,plantar ulcer,ICD10,L97.413,Non-pressure chronic ulcer of right heel and midfoot with necrosis of muscle,103,10,DIRECT_TARGET,True,SOURCE_CANDIDATE,EXACT,Match plantar/neuropathic foot-ulcer language only. Charcot arthropathy and generic trophic change must not independently create an ulcer atom.,local,True,0.125,ulcer,3,CODE_REUSED_IN_CONFIG | LOW_LEXICAL_ALIGNMENT_REVIEW | CAN_FIRE_ALONE | DIRECT_TARGET
ATOM,v5/config/shared/atoms/NEUROLOGY.json,NEUROLOGY,ATTRV,plantar_ulcer,plantar ulcer,ICD10,L97.414,Non-pressure chronic ulcer of right heel and midfoot with necrosis of bone,10,4,DIRECT_TARGET,True,SOURCE_CANDIDATE,EXACT,Match plantar/neuropathic foot-ulcer language only. Charcot arthropathy and generic trophic change must not independently create an ulcer atom.,local,True,0.125,ulcer,3,CODE_REUSED_IN_CONFIG | LOW_LEXICAL_ALIGNMENT_REVIEW | CAN_FIRE_ALONE | DIRECT_TARGET
ATOM,v5/config/shared/atoms/NEUROLOGY.json,NEUROLOGY,ATTRV,plantar_ulcer,plantar ulcer,ICD10,L97.415,Non-pressure chronic ulcer of right heel and midfoot with muscle involvement without evidence of necrosis,98,8,DIRECT_TARGET,True,SOURCE_CANDIDATE,EXACT,Match plantar/neuropathic foot-ulcer language only. Charcot arthropathy and generic trophic change must not independently create an ulcer atom.,local,True,0.125,ulcer,3,CODE_REUSED_IN_CONFIG | LOW_LEXICAL_ALIGNMENT_REVIEW | CAN_FIRE_ALONE | DIRECT_TARGET
ATOM,v5/config/shared/atoms/NEUROLOGY.json,NEUROLOGY,ATTRV,plantar_ulcer,plantar ulcer,ICD10,L97.416,Non-pressure chronic ulcer of right heel and midfoot with bone involvement without evidence of necrosis,280,8,DIRECT_TARGET,True,SOURCE_CANDIDATE,EXACT,Match plantar/neuropathic foot-ulcer language only. Charcot arthropathy and generic trophic change must not independently create an ulcer atom.,local,True,0.125,ulcer,3,CODE_REUSED_IN_CONFIG | LOW_LEXICAL_ALIGNMENT_REVIEW | CAN_FIRE_ALONE | DIRECT_TARGET
ATOM,v5/config/shared/atoms/NEUROLOGY.json,NEUROLOGY,ATTRV,plantar_ulcer,plantar ulcer,ICD10,L97.418,Non-pressure chronic ulcer of right heel and midfoot with other specified severity,6,3,DIRECT_TARGET,True,SOURCE_CANDIDATE,EXACT,Match plantar/neuropathic foot-ulcer language only. Charcot arthropathy and generic trophic change must not independently create an ulcer atom.,local,True,0.125,ulcer,3,CODE_REUSED_IN_CONFIG | LOW_LEXICAL_ALIGNMENT_REVIEW | CAN_FIRE_ALONE | DIRECT_TARGET
ATOM,v5/config/shared/atoms/NEUROLOGY.json,NEUROLOGY,ATTRV,plantar_ulcer,plantar ulcer,ICD10,L97.419,Non-pressure chronic ulcer of right heel and midfoot with unspecified severity,175,33,DIRECT_TARGET,True,SOURCE_CANDIDATE,EXACT,Match plantar/neuropathic foot-ulcer language only. Charcot arthropathy and generic trophic change must not independently create an ulcer atom.,local,True,0.125,ulcer,3,CODE_REUSED_IN_CONFIG | LOW_LEXICAL_ALIGNMENT_REVIEW | CAN_FIRE_ALONE | DIRECT_TARGET
ATOM,v5/config/shared/atoms/NEUROLOGY.json,NEUROLOGY,ATTRV,plantar_ulcer,plantar ulcer,ICD10,L97.421,Non-pressure chronic ulcer of left heel and midfoot limited to breakdown of skin,217,37,DIRECT_TARGET,True,SOURCE_CANDIDATE,EXACT,Match plantar/neuropathic foot-ulcer language only. Charcot arthropathy and generic trophic change must not independently create an ulcer atom.,local,True,0.125,ulcer,3,CODE_REUSED_IN_CONFIG | LOW_LEXICAL_ALIGNMENT_REVIEW | CAN_FIRE_ALONE | DIRECT_TARGET
ATOM,v5/config/shared/atoms/NEUROLOGY.json,NEUROLOGY,ATTRV,plantar_ulcer,plantar ulcer,ICD10,L97.422,Non-pressure chronic ulcer of left heel and midfoot with fat layer exposed,1100,77,DIRECT_TARGET,True,SOURCE_CANDIDATE,EXACT,Match plantar/neuropathic foot-ulcer language only. Charcot arthropathy and generic trophic change must not independently create an ulcer atom.,local,True,0.125,ulcer,3,CODE_REUSED_IN_CONFIG | LOW_LEXICAL_ALIGNMENT_REVIEW | CAN_FIRE_ALONE | DIRECT_TARGET
ATOM,v5/config/shared/atoms/NEUROLOGY.json,NEUROLOGY,ATTRV,plantar_ulcer,plantar ulcer,ICD10,L97.423,Non-pressure chronic ulcer of left heel and midfoot with necrosis of muscle,85,7,DIRECT_TARGET,True,SOURCE_CANDIDATE,EXACT,Match plantar/neuropathic foot-ulcer language only. Charcot arthropathy and generic trophic change must not independently create an ulcer atom.,local,True,0.125,ulcer,3,CODE_REUSED_IN_CONFIG | LOW_LEXICAL_ALIGNMENT_REVIEW | CAN_FIRE_ALONE | DIRECT_TARGET
ATOM,v5/config/shared/atoms/NEUROLOGY.json,NEUROLOGY,ATTRV,plantar_ulcer,plantar ulcer,ICD10,L97.424,Non-pressure chronic ulcer of left heel and midfoot with necrosis of bone,56,4,DIRECT_TARGET,True,SOURCE_CANDIDATE,EXACT,Match plantar/neuropathic foot-ulcer language only. Charcot arthropathy and generic trophic change must not independently create an ulcer atom.,local,True,0.125,ulcer,3,CODE_REUSED_IN_CONFIG | LOW_LEXICAL_ALIGNMENT_REVIEW | CAN_FIRE_ALONE | DIRECT_TARGET
ATOM,v5/config/shared/atoms/NEUROLOGY.json,NEUROLOGY,ATTRV,plantar_ulcer,plantar ulcer,ICD10,L97.425,Non-pressure chronic ulcer of left heel and midfoot with muscle involvement without evidence of necrosis,67,6,DIRECT_TARGET,True,SOURCE_CANDIDATE,EXACT,Match plantar/neuropathic foot-ulcer language only. Charcot arthropathy and generic trophic change must not independently create an ulcer atom.,local,True,0.125,ulcer,3,CODE_REUSED_IN_CONFIG | LOW_LEXICAL_ALIGNMENT_REVIEW | CAN_FIRE_ALONE | DIRECT_TARGET
ATOM,v5/config/shared/atoms/NEUROLOGY.json,NEUROLOGY,ATTRV,plantar_ulcer,plantar ulcer,ICD10,L97.426,Non-pressure chronic ulcer of left heel and midfoot with bone involvement without evidence of necrosis,11,3,DIRECT_TARGET,True,SOURCE_CANDIDATE,EXACT,Match plantar/neuropathic foot-ulcer language only. Charcot arthropathy and generic trophic change must not independently create an ulcer atom.,local,True,0.125,ulcer,3,CODE_REUSED_IN_CONFIG | LOW_LEXICAL_ALIGNMENT_REVIEW | CAN_FIRE_ALONE | DIRECT_TARGET
ATOM,v5/config/shared/atoms/NEUROLOGY.json,NEUROLOGY,ATTRV,plantar_ulcer,plantar ulcer,ICD10,L97.428,Non-pressure chronic ulcer of left heel and midfoot with other specified severity,17,3,DIRECT_TARGET,True,SOURCE_CANDIDATE,EXACT,Match plantar/neuropathic foot-ulcer language only. Charcot arthropathy and generic trophic change must not independently create an ulcer atom.,local,True,0.125,ulcer,3,CODE_REUSED_IN_CONFIG | LOW_LEXICAL_ALIGNMENT_REVIEW | CAN_FIRE_ALONE | DIRECT_TARGET
ATOM,v5/config/shared/atoms/NEUROLOGY.json,NEUROLOGY,ATTRV,plantar_ulcer,plantar ulcer,ICD10,L97.429,Non-pressure chronic ulcer of left heel and midfoot with unspecified severity,304,48,DIRECT_TARGET,True,SOURCE_CANDIDATE,EXACT,Match plantar/neuropathic foot-ulcer language only. Charcot arthropathy and generic trophic change must not independently create an ulcer atom.,local,True,0.125,ulcer,3,CODE_REUSED_IN_CONFIG | LOW_LEXICAL_ALIGNMENT_REVIEW | CAN_FIRE_ALONE | DIRECT_TARGET
ATOM,v5/config/shared/atoms/NEUROLOGY.json,NEUROLOGY,ATTRV,plantar_ulcer,plantar ulcer,ICD10,L97.501,Non-pressure chronic ulcer of other part of unspecified foot limited to breakdown of skin,164,32,DIRECT_TARGET,True,SOURCE_CANDIDATE,EXACT,Match plantar/neuropathic foot-ulcer language only. Charcot arthropathy and generic trophic change must not independently create an ulcer atom.,local,True,0.25,"foot, ulcer",3,CODE_REUSED_IN_CONFIG | CAN_FIRE_ALONE | DIRECT_TARGET
ATOM,v5/config/shared/atoms/NEUROLOGY.json,NEUROLOGY,ATTRV,plantar_ulcer,plantar ulcer,ICD10,L97.502,Non-pressure chronic ulcer of other part of unspecified foot with fat layer exposed,177,10,DIRECT_TARGET,True,SOURCE_CANDIDATE,EXACT,Match plantar/neuropathic foot-ulcer language only. Charcot arthropathy and generic trophic change must not independently create an ulcer atom.,local,True,0.25,"foot, ulcer",3,CODE_REUSED_IN_CONFIG | CAN_FIRE_ALONE | DIRECT_TARGET
ATOM,v5/config/shared/atoms/NEUROLOGY.json,NEUROLOGY,ATTRV,plantar_ulcer,plantar ulcer,ICD10,L97.503,Non-pressure chronic ulcer of other part of unspecified foot with necrosis of muscle,27,2,DIRECT_TARGET,True,SOURCE_CANDIDATE,EXACT,Match plantar/neuropathic foot-ulcer language only. Charcot arthropathy and generic trophic change must not independently create an ulcer atom.,local,True,0.25,"foot, ulcer",3,CODE_REUSED_IN_CONFIG | CAN_FIRE_ALONE | DIRECT_TARGET
ATOM,v5/config/shared/atoms/NEUROLOGY.json,NEUROLOGY,ATTRV,plantar_ulcer,plantar ulcer,ICD10,L97.504,Non-pressure chronic ulcer of other part of unspecified foot with necrosis of bone,2,1,DIRECT_TARGET,True,SOURCE_CANDIDATE,EXACT,Match plantar/neuropathic foot-ulcer language only. Charcot arthropathy and generic trophic change must not independently create an ulcer atom.,local,True,0.25,"foot, ulcer",3,CODE_REUSED_IN_CONFIG | CAN_FIRE_ALONE | DIRECT_TARGET
ATOM,v5/config/shared/atoms/NEUROLOGY.json,NEUROLOGY,ATTRV,plantar_ulcer,plantar ulcer,ICD10,L97.505,Non-pressure chronic ulcer of other part of unspecified foot with muscle involvement without evidence of necrosis,65,2,DIRECT_TARGET,True,SOURCE_CANDIDATE,EXACT,Match plantar/neuropathic foot-ulcer language only. Charcot arthropathy and generic trophic change must not independently create an ulcer atom.,local,True,0.25,"foot, ulcer",3,CODE_REUSED_IN_CONFIG | CAN_FIRE_ALONE | DIRECT_TARGET
ATOM,v5/config/shared/atoms/NEUROLOGY.json,NEUROLOGY,ATTRV,plantar_ulcer,plantar ulcer,ICD10,L97.506,Non-pressure chronic ulcer of other part of unspecified foot with bone involvement without evidence of necrosis,7,2,DIRECT_TARGET,True,SOURCE_CANDIDATE,EXACT,Match plantar/neuropathic foot-ulcer language only. Charcot arthropathy and generic trophic change must not independently create an ulcer atom.,local,True,0.25,"foot, ulcer",3,CODE_REUSED_IN_CONFIG | CAN_FIRE_ALONE | DIRECT_TARGET
ATOM,v5/config/shared/atoms/NEUROLOGY.json,NEUROLOGY,ATTRV,plantar_ulcer,plantar ulcer,ICD10,L97.508,Non-pressure chronic ulcer of other part of unspecified foot with other specified severity,6,4,DIRECT_TARGET,True,SOURCE_CANDIDATE,EXACT,Match plantar/neuropathic foot-ulcer language only. Charcot arthropathy and generic trophic change must not independently create an ulcer atom.,local,True,0.286,"foot, ulcer",3,CODE_REUSED_IN_CONFIG | CAN_FIRE_ALONE | DIRECT_TARGET
ATOM,v5/config/shared/atoms/NEUROLOGY.json,NEUROLOGY,ATTRV,plantar_ulcer,plantar ulcer,ICD10,L97.509,Non-pressure chronic ulcer of other part of unspecified foot with unspecified severity,540,76,DIRECT_TARGET,True,SOURCE_CANDIDATE,EXACT,Match plantar/neuropathic foot-ulcer language only. Charcot arthropathy and generic trophic change must not independently create an ulcer atom.,local,True,0.286,"foot, ulcer",3,CODE_REUSED_IN_CONFIG | CAN_FIRE_ALONE | DIRECT_TARGET
ATOM,v5/config/shared/atoms/NEUROLOGY.json,NEUROLOGY,ATTRV,plantar_ulcer,plantar ulcer,ICD10,L97.511,Non-pressure chronic ulcer of other part of right foot limited to breakdown of skin,3655,382,DIRECT_TARGET,True,SOURCE_CANDIDATE,EXACT,Match plantar/neuropathic foot-ulcer language only. Charcot arthropathy and generic trophic change must not independently create an ulcer atom.,local,True,0.25,"foot, ulcer",3,CODE_REUSED_IN_CONFIG | CAN_FIRE_ALONE | DIRECT_TARGET
ATOM,v5/config/shared/atoms/NEUROLOGY.json,NEUROLOGY,ATTRV,plantar_ulcer,plantar ulcer,ICD10,L97.512,Non-pressure chronic ulcer of other part of right foot with fat layer exposed,14546,563,DIRECT_TARGET,True,SOURCE_CANDIDATE,EXACT,Match plantar/neuropathic foot-ulcer language only. Charcot arthropathy and generic trophic change must not independently create an ulcer atom.,local,True,0.25,"foot, ulcer",3,CODE_REUSED_IN_CONFIG | CAN_FIRE_ALONE | DIRECT_TARGET
ATOM,v5/config/shared/atoms/NEUROLOGY.json,NEUROLOGY,ATTRV,plantar_ulcer,plantar ulcer,ICD10,L97.513,Non-pressure chronic ulcer of other part of right foot with necrosis of muscle,1195,67,DIRECT_TARGET,True,SOURCE_CANDIDATE,EXACT,Match plantar/neuropathic foot-ulcer language only. Charcot arthropathy and generic trophic change must not independently create an ulcer atom.,local,True,0.25,"foot, ulcer",3,CODE_REUSED_IN_CONFIG | CAN_FIRE_ALONE | DIRECT_TARGET
ATOM,v5/config/shared/atoms/NEUROLOGY.json,NEUROLOGY,ATTRV,plantar_ulcer,plantar ulcer,ICD10,L97.514,Non-pressure chronic ulcer of other part of right foot with necrosis of bone,938,40,DIRECT_TARGET,True,SOURCE_CANDIDATE,EXACT,Match plantar/neuropathic foot-ulcer language only. Charcot arthropathy and generic trophic change must not independently create an ulcer atom.,local,True,0.25,"foot, ulcer",3,CODE_REUSED_IN_CONFIG | CAN_FIRE_ALONE | DIRECT_TARGET
ATOM,v5/config/shared/atoms/NEUROLOGY.json,NEUROLOGY,ATTRV,plantar_ulcer,plantar ulcer,ICD10,L97.515,Non-pressure chronic ulcer of other part of right foot with muscle involvement without evidence of necrosis,674,41,DIRECT_TARGET,True,SOURCE_CANDIDATE,EXACT,Match plantar/neuropathic foot-ulcer language only. Charcot arthropathy and generic trophic change must not independently create an ulcer atom.,local,True,0.25,"foot, ulcer",3,CODE_REUSED_IN_CONFIG | CAN_FIRE_ALONE | DIRECT_TARGET
ATOM,v5/config/shared/atoms/NEUROLOGY.json,NEUROLOGY,ATTRV,plantar_ulcer,plantar ulcer,ICD10,L97.516,Non-pressure chronic ulcer of other part of right foot with bone involvement without evidence of necrosis,1115,31,DIRECT_TARGET,True,SOURCE_CANDIDATE,EXACT,Match plantar/neuropathic foot-ulcer language only. Charcot arthropathy and generic trophic change must not independently create an ulcer atom.,local,True,0.25,"foot, ulcer",3,CODE_REUSED_IN_CONFIG | CAN_FIRE_ALONE | DIRECT_TARGET
ATOM,v5/config/shared/atoms/NEUROLOGY.json,NEUROLOGY,ATTRV,plantar_ulcer,plantar ulcer,ICD10,L97.518,Non-pressure chronic ulcer of other part of right foot with other specified severity,583,58,DIRECT_TARGET,True,SOURCE_CANDIDATE,EXACT,Match plantar/neuropathic foot-ulcer language only. Charcot arthropathy and generic trophic change must not independently create an ulcer atom.,local,True,0.25,"foot, ulcer",3,CODE_REUSED_IN_CONFIG | CAN_FIRE_ALONE | DIRECT_TARGET
ATOM,v5/config/shared/atoms/NEUROLOGY.json,NEUROLOGY,ATTRV,plantar_ulcer,plantar ulcer,ICD10,L97.519,Non-pressure chronic ulcer of other part of right foot with unspecified severity,3581,405,DIRECT_TARGET,True,SOURCE_CANDIDATE,EXACT,Match plantar/neuropathic foot-ulcer language only. Charcot arthropathy and generic trophic change must not independently create an ulcer atom.,local,True,0.25,"foot, ulcer",3,CODE_REUSED_IN_CONFIG | CAN_FIRE_ALONE | DIRECT_TARGET
ATOM,v5/config/shared/atoms/NEUROLOGY.json,NEUROLOGY,ATTRV,plantar_ulcer,plantar ulcer,ICD10,L97.521,Non-pressure chronic ulcer of other part of left foot limited to breakdown of skin,2964,336,DIRECT_TARGET,True,SOURCE_CANDIDATE,EXACT,Match plantar/neuropathic foot-ulcer language only. Charcot arthropathy and generic trophic change must not independently create an ulcer atom.,local,True,0.25,"foot, ulcer",3,CODE_REUSED_IN_CONFIG | CAN_FIRE_ALONE | DIRECT_TARGET
ATOM,v5/config/shared/atoms/NEUROLOGY.json,NEUROLOGY,ATTRV,plantar_ulcer,plantar ulcer,ICD10,L97.522,Non-pressure chronic ulcer of other part of left foot with fat layer exposed,8640,490,DIRECT_TARGET,True,SOURCE_CANDIDATE,EXACT,Match plantar/neuropathic foot-ulcer language only. Charcot arthropathy and generic trophic change must not independently create an ulcer atom.,local,True,0.25,"foot, ulcer",3,CODE_REUSED_IN_CONFIG | CAN_FIRE_ALONE | DIRECT_TARGET
ATOM,v5/config/shared/atoms/NEUROLOGY.json,NEUROLOGY,ATTRV,plantar_ulcer,plantar ulcer,ICD10,L97.523,Non-pressure chronic ulcer of other part of left foot with necrosis of muscle,1303,47,DIRECT_TARGET,True,SOURCE_CANDIDATE,EXACT,Match plantar/neuropathic foot-ulcer language only. Charcot arthropathy and generic trophic change must not independently create an ulcer atom.,local,True,0.25,"foot, ulcer",3,CODE_REUSED_IN_CONFIG | CAN_FIRE_ALONE | DIRECT_TARGET
ATOM,v5/config/shared/atoms/NEUROLOGY.json,NEUROLOGY,ATTRV,plantar_ulcer,plantar ulcer,ICD10,L97.524,Non-pressure chronic ulcer of other part of left foot with necrosis of bone,642,38,DIRECT_TARGET,True,SOURCE_CANDIDATE,EXACT,Match plantar/neuropathic foot-ulcer language only. Charcot arthropathy and generic trophic change must not independently create an ulcer atom.,local,True,0.25,"foot, ulcer",3,CODE_REUSED_IN_CONFIG | CAN_FIRE_ALONE | DIRECT_TARGET
ATOM,v5/config/shared/atoms/NEUROLOGY.json,NEUROLOGY,ATTRV,plantar_ulcer,plantar ulcer,ICD10,L97.525,Non-pressure chronic ulcer of other part of left foot with muscle involvement without evidence of necrosis,621,33,DIRECT_TARGET,True,SOURCE_CANDIDATE,EXACT,Match plantar/neuropathic foot-ulcer language only. Charcot arthropathy and generic trophic change must not independently create an ulcer atom.,local,True,0.25,"foot, ulcer",3,CODE_REUSED_IN_CONFIG | CAN_FIRE_ALONE | DIRECT_TARGET
ATOM,v5/config/shared/atoms/NEUROLOGY.json,NEUROLOGY,ATTRV,plantar_ulcer,plantar ulcer,ICD10,L97.526,Non-pressure chronic ulcer of other part of left foot with bone involvement without evidence of necrosis,171,17,DIRECT_TARGET,True,SOURCE_CANDIDATE,EXACT,Match plantar/neuropathic foot-ulcer language only. Charcot arthropathy and generic trophic change must not independently create an ulcer atom.,local,True,0.25,"foot, ulcer",3,CODE_REUSED_IN_CONFIG | CAN_FIRE_ALONE | DIRECT_TARGET
ATOM,v5/config/shared/atoms/NEUROLOGY.json,NEUROLOGY,ATTRV,plantar_ulcer,plantar ulcer,ICD10,L97.528,Non-pressure chronic ulcer of other part of left foot with other specified severity,576,44,DIRECT_TARGET,True,SOURCE_CANDIDATE,EXACT,Match plantar/neuropathic foot-ulcer language only. Charcot arthropathy and generic trophic change must not independently create an ulcer atom.,local,True,0.25,"foot, ulcer",3,CODE_REUSED_IN_CONFIG | CAN_FIRE_ALONE | DIRECT_TARGET
ATOM,v5/config/shared/atoms/NEUROLOGY.json,NEUROLOGY,ATTRV,plantar_ulcer,plantar ulcer,ICD10,L97.529,Non-pressure chronic ulcer of other part of left foot with unspecified severity,4250,339,DIRECT_TARGET,True,SOURCE_CANDIDATE,EXACT,Match plantar/neuropathic foot-ulcer language only. Charcot arthropathy and generic trophic change must not independently create an ulcer atom.,local,True,0.25,"foot, ulcer",3,CODE_REUSED_IN_CONFIG | CAN_FIRE_ALONE | DIRECT_TARGET
ATOM,v5/config/shared/atoms/NEUROLOGY.json,NEUROLOGY,ATTRV,plantar_ulcer,plantar ulcer,ICD10,M14.671,"Charcot's joint, right ankle and foot",2184,152,DIRECT_TARGET,True,SOURCE_CANDIDATE,EXACT,Match plantar/neuropathic foot-ulcer language only. Charcot arthropathy and generic trophic change must not independently create an ulcer atom.,local,True,0.2,foot,3,CODE_REUSED_IN_CONFIG | CAN_FIRE_ALONE | DIRECT_TARGET
ATOM,v5/config/shared/atoms/NEUROLOGY.json,NEUROLOGY,ATTRV,plantar_ulcer,plantar ulcer,ICD10,M14.672,"Charcot's joint, left ankle and foot",2904,140,DIRECT_TARGET,True,SOURCE_CANDIDATE,EXACT,Match plantar/neuropathic foot-ulcer language only. Charcot arthropathy and generic trophic change must not independently create an ulcer atom.,local,True,0.2,foot,3,CODE_REUSED_IN_CONFIG | CAN_FIRE_ALONE | DIRECT_TARGET
ATOM,v5/config/shared/atoms/NEUROLOGY.json,NEUROLOGY,AL | ATTRV | ATTRWT,sfn,Small-fiber neuropathy,ICD10,G60.8,Other hereditary and idiopathic neuropathies,936,76,DIRECT_TARGET,True,SOURCE_CANDIDATE,EXACT,"Match explicit small-fiber-neuropathy terminology only. Burning feet, dysesthesia, and pain/temperature loss are separate compatible findings and should combine at the AST level.",local,True,0.0,,1,ZERO_LEXICAL_ALIGNMENT_REVIEW | CAN_FIRE_ALONE | DIRECT_TARGET
ATOM,v5/config/shared/atoms/NEUROLOGY.json,NEUROLOGY,AL | ATTRV | ATTRWT,sfn,Small-fiber neuropathy,ICD10,G60.9,"Hereditary and idiopathic neuropathy, unspecified",1561,249,DIRECT_TARGET,True,SOURCE_CANDIDATE,EXACT,"Match explicit small-fiber-neuropathy terminology only. Burning feet, dysesthesia, and pain/temperature loss are separate compatible findings and should combine at the AST level.",local,True,0.333,neuropathy,2,CODE_REUSED_IN_CONFIG | CAN_FIRE_ALONE | DIRECT_TARGET
ATOM,v5/config/shared/atoms/NEUROLOGY.json,NEUROLOGY,AL | ATTRV | ATTRWT,sfn,Small-fiber neuropathy,ICD10,R20.2,Paresthesia of skin,24650,4537,DIRECT_TARGET,True,SOURCE_CANDIDATE,EXACT,"Match explicit small-fiber-neuropathy terminology only. Burning feet, dysesthesia, and pain/temperature loss are separate compatible findings and should combine at the AST level.",local,True,0.0,,2,CODE_REUSED_IN_CONFIG | ZERO_LEXICAL_ALIGNMENT_REVIEW | CAN_FIRE_ALONE | DIRECT_TARGET
ATOM,v5/config/shared/atoms/NEUROLOGY.json,NEUROLOGY,AL | ATTRV | ATTRWT,sfn,Small-fiber neuropathy,SNOMED_CT,709489006,,0,0,DIRECT_TARGET,True,SOURCE_CANDIDATE,EXACT,"Match explicit small-fiber-neuropathy terminology only. Burning feet, dysesthesia, and pain/temperature loss are separate compatible findings and should combine at the AST level.",,,0.0,,1,NOT_IN_WAREHOUSE_VOCABULARY | CAN_FIRE_ALONE | DIRECT_TARGET
ATOM,v5/config/shared/atoms/NEUROLOGY.json,NEUROLOGY,ATTRV,trophic_change,trophic change,ICD10,L97.409,Non-pressure chronic ulcer of unspecified heel and midfoot with unspecified severity,158,15,DIRECT_TARGET,True,SOURCE_CANDIDATE,EXACT,Match trophic skin/nail/hair changes only. Plantar ulcer and Charcot arthropathy are separate atoms.,local,True,0.0,,3,CODE_REUSED_IN_CONFIG | ZERO_LEXICAL_ALIGNMENT_REVIEW | CAN_FIRE_ALONE | DIRECT_TARGET
ATOM,v5/config/shared/atoms/NEUROLOGY.json,NEUROLOGY,ATTRV,trophic_change,trophic change,ICD10,L97.411,Non-pressure chronic ulcer of right heel and midfoot limited to breakdown of skin,162,34,DIRECT_TARGET,True,SOURCE_CANDIDATE,EXACT,Match trophic skin/nail/hair changes only. Plantar ulcer and Charcot arthropathy are separate atoms.,local,True,0.1,skin,3,CODE_REUSED_IN_CONFIG | LOW_LEXICAL_ALIGNMENT_REVIEW | CAN_FIRE_ALONE | DIRECT_TARGET
ATOM,v5/config/shared/atoms/NEUROLOGY.json,NEUROLOGY,ATTRV,trophic_change,trophic change,ICD10,L97.412,Non-pressure chronic ulcer of right heel and midfoot with fat layer exposed,1852,88,DIRECT_TARGET,True,SOURCE_CANDIDATE,EXACT,Match trophic skin/nail/hair changes only. Plantar ulcer and Charcot arthropathy are separate atoms.,local,True,0.0,,3,CODE_REUSED_IN_CONFIG | ZERO_LEXICAL_ALIGNMENT_REVIEW | CAN_FIRE_ALONE | DIRECT_TARGET
ATOM,v5/config/shared/atoms/NEUROLOGY.json,NEUROLOGY,ATTRV,trophic_change,trophic change,ICD10,L97.413,Non-pressure chronic ulcer of right heel and midfoot with necrosis of muscle,103,10,DIRECT_TARGET,True,SOURCE_CANDIDATE,EXACT,Match trophic skin/nail/hair changes only. Plantar ulcer and Charcot arthropathy are separate atoms.,local,True,0.0,,3,CODE_REUSED_IN_CONFIG | ZERO_LEXICAL_ALIGNMENT_REVIEW | CAN_FIRE_ALONE | DIRECT_TARGET
ATOM,v5/config/shared/atoms/NEUROLOGY.json,NEUROLOGY,ATTRV,trophic_change,trophic change,ICD10,L97.414,Non-pressure chronic ulcer of right heel and midfoot with necrosis of bone,10,4,DIRECT_TARGET,True,SOURCE_CANDIDATE,EXACT,Match trophic skin/nail/hair changes only. Plantar ulcer and Charcot arthropathy are separate atoms.,local,True,0.0,,3,CODE_REUSED_IN_CONFIG | ZERO_LEXICAL_ALIGNMENT_REVIEW | CAN_FIRE_ALONE | DIRECT_TARGET
ATOM,v5/config/shared/atoms/NEUROLOGY.json,NEUROLOGY,ATTRV,trophic_change,trophic change,ICD10,L97.415,Non-pressure chronic ulcer of right heel and midfoot with muscle involvement without evidence of necrosis,98,8,DIRECT_TARGET,True,SOURCE_CANDIDATE,EXACT,Match trophic skin/nail/hair changes only. Plantar ulcer and Charcot arthropathy are separate atoms.,local,True,0.0,,3,CODE_REUSED_IN_CONFIG | ZERO_LEXICAL_ALIGNMENT_REVIEW | CAN_FIRE_ALONE | DIRECT_TARGET
ATOM,v5/config/shared/atoms/NEUROLOGY.json,NEUROLOGY,ATTRV,trophic_change,trophic change,ICD10,L97.416,Non-pressure chronic ulcer of right heel and midfoot with bone involvement without evidence of necrosis,280,8,DIRECT_TARGET,True,SOURCE_CANDIDATE,EXACT,Match trophic skin/nail/hair changes only. Plantar ulcer and Charcot arthropathy are separate atoms.,local,True,0.0,,3,CODE_REUSED_IN_CONFIG | ZERO_LEXICAL_ALIGNMENT_REVIEW | CAN_FIRE_ALONE | DIRECT_TARGET
ATOM,v5/config/shared/atoms/NEUROLOGY.json,NEUROLOGY,ATTRV,trophic_change,trophic change,ICD10,L97.418,Non-pressure chronic ulcer of right heel and midfoot with other specified severity,6,3,DIRECT_TARGET,True,SOURCE_CANDIDATE,EXACT,Match trophic skin/nail/hair changes only. Plantar ulcer and Charcot arthropathy are separate atoms.,local,True,0.0,,3,CODE_REUSED_IN_CONFIG | ZERO_LEXICAL_ALIGNMENT_REVIEW | CAN_FIRE_ALONE | DIRECT_TARGET
ATOM,v5/config/shared/atoms/NEUROLOGY.json,NEUROLOGY,ATTRV,trophic_change,trophic change,ICD10,L97.419,Non-pressure chronic ulcer of right heel and midfoot with unspecified severity,175,33,DIRECT_TARGET,True,SOURCE_CANDIDATE,EXACT,Match trophic skin/nail/hair changes only. Plantar ulcer and Charcot arthropathy are separate atoms.,local,True,0.0,,3,CODE_REUSED_IN_CONFIG | ZERO_LEXICAL_ALIGNMENT_REVIEW | CAN_FIRE_ALONE | DIRECT_TARGET
ATOM,v5/config/shared/atoms/NEUROLOGY.json,NEUROLOGY,ATTRV,trophic_change,trophic change,ICD10,L97.421,Non-pressure chronic ulcer of left heel and midfoot limited to breakdown of skin,217,37,DIRECT_TARGET,True,SOURCE_CANDIDATE,EXACT,Match trophic skin/nail/hair changes only. Plantar ulcer and Charcot arthropathy are separate atoms.,local,True,0.1,skin,3,CODE_REUSED_IN_CONFIG | LOW_LEXICAL_ALIGNMENT_REVIEW | CAN_FIRE_ALONE | DIRECT_TARGET
ATOM,v5/config/shared/atoms/NEUROLOGY.json,NEUROLOGY,ATTRV,trophic_change,trophic change,ICD10,L97.422,Non-pressure chronic ulcer of left heel and midfoot with fat layer exposed,1100,77,DIRECT_TARGET,True,SOURCE_CANDIDATE,EXACT,Match trophic skin/nail/hair changes only. Plantar ulcer and Charcot arthropathy are separate atoms.,local,True,0.0,,3,CODE_REUSED_IN_CONFIG | ZERO_LEXICAL_ALIGNMENT_REVIEW | CAN_FIRE_ALONE | DIRECT_TARGET
ATOM,v5/config/shared/atoms/NEUROLOGY.json,NEUROLOGY,ATTRV,trophic_change,trophic change,ICD10,L97.423,Non-pressure chronic ulcer of left heel and midfoot with necrosis of muscle,85,7,DIRECT_TARGET,True,SOURCE_CANDIDATE,EXACT,Match trophic skin/nail/hair changes only. Plantar ulcer and Charcot arthropathy are separate atoms.,local,True,0.0,,3,CODE_REUSED_IN_CONFIG | ZERO_LEXICAL_ALIGNMENT_REVIEW | CAN_FIRE_ALONE | DIRECT_TARGET
ATOM,v5/config/shared/atoms/NEUROLOGY.json,NEUROLOGY,ATTRV,trophic_change,trophic change,ICD10,L97.424,Non-pressure chronic ulcer of left heel and midfoot with necrosis of bone,56,4,DIRECT_TARGET,True,SOURCE_CANDIDATE,EXACT,Match trophic skin/nail/hair changes only. Plantar ulcer and Charcot arthropathy are separate atoms.,local,True,0.0,,3,CODE_REUSED_IN_CONFIG | ZERO_LEXICAL_ALIGNMENT_REVIEW | CAN_FIRE_ALONE | DIRECT_TARGET
ATOM,v5/config/shared/atoms/NEUROLOGY.json,NEUROLOGY,ATTRV,trophic_change,trophic change,ICD10,L97.425,Non-pressure chronic ulcer of left heel and midfoot with muscle involvement without evidence of necrosis,67,6,DIRECT_TARGET,True,SOURCE_CANDIDATE,EXACT,Match trophic skin/nail/hair changes only. Plantar ulcer and Charcot arthropathy are separate atoms.,local,True,0.0,,3,CODE_REUSED_IN_CONFIG | ZERO_LEXICAL_ALIGNMENT_REVIEW | CAN_FIRE_ALONE | DIRECT_TARGET
ATOM,v5/config/shared/atoms/NEUROLOGY.json,NEUROLOGY,ATTRV,trophic_change,trophic change,ICD10,L97.426,Non-pressure chronic ulcer of left heel and midfoot with bone involvement without evidence of necrosis,11,3,DIRECT_TARGET,True,SOURCE_CANDIDATE,EXACT,Match trophic skin/nail/hair changes only. Plantar ulcer and Charcot arthropathy are separate atoms.,local,True,0.0,,3,CODE_REUSED_IN_CONFIG | ZERO_LEXICAL_ALIGNMENT_REVIEW | CAN_FIRE_ALONE | DIRECT_TARGET
ATOM,v5/config/shared/atoms/NEUROLOGY.json,NEUROLOGY,ATTRV,trophic_change,trophic change,ICD10,L97.428,Non-pressure chronic ulcer of left heel and midfoot with other specified severity,17,3,DIRECT_TARGET,True,SOURCE_CANDIDATE,EXACT,Match trophic skin/nail/hair changes only. Plantar ulcer and Charcot arthropathy are separate atoms.,local,True,0.0,,3,CODE_REUSED_IN_CONFIG | ZERO_LEXICAL_ALIGNMENT_REVIEW | CAN_FIRE_ALONE | DIRECT_TARGET
ATOM,v5/config/shared/atoms/NEUROLOGY.json,NEUROLOGY,ATTRV,trophic_change,trophic change,ICD10,L97.429,Non-pressure chronic ulcer of left heel and midfoot with unspecified severity,304,48,DIRECT_TARGET,True,SOURCE_CANDIDATE,EXACT,Match trophic skin/nail/hair changes only. Plantar ulcer and Charcot arthropathy are separate atoms.,local,True,0.0,,3,CODE_REUSED_IN_CONFIG | ZERO_LEXICAL_ALIGNMENT_REVIEW | CAN_FIRE_ALONE | DIRECT_TARGET
ATOM,v5/config/shared/atoms/NEUROLOGY.json,NEUROLOGY,ATTRV,trophic_change,trophic change,ICD10,L97.501,Non-pressure chronic ulcer of other part of unspecified foot limited to breakdown of skin,164,32,DIRECT_TARGET,True,SOURCE_CANDIDATE,EXACT,Match trophic skin/nail/hair changes only. Plantar ulcer and Charcot arthropathy are separate atoms.,local,True,0.222,"foot, skin",3,CODE_REUSED_IN_CONFIG | CAN_FIRE_ALONE | DIRECT_TARGET
ATOM,v5/config/shared/atoms/NEUROLOGY.json,NEUROLOGY,ATTRV,trophic_change,trophic change,ICD10,L97.502,Non-pressure chronic ulcer of other part of unspecified foot with fat layer exposed,177,10,DIRECT_TARGET,True,SOURCE_CANDIDATE,EXACT,Match trophic skin/nail/hair changes only. Plantar ulcer and Charcot arthropathy are separate atoms.,local,True,0.111,foot,3,CODE_REUSED_IN_CONFIG | LOW_LEXICAL_ALIGNMENT_REVIEW | CAN_FIRE_ALONE | DIRECT_TARGET
ATOM,v5/config/shared/atoms/NEUROLOGY.json,NEUROLOGY,ATTRV,trophic_change,trophic change,ICD10,L97.503,Non-pressure chronic ulcer of other part of unspecified foot with necrosis of muscle,27,2,DIRECT_TARGET,True,SOURCE_CANDIDATE,EXACT,Match trophic skin/nail/hair changes only. Plantar ulcer and Charcot arthropathy are separate atoms.,local,True,0.125,foot,3,CODE_REUSED_IN_CONFIG | LOW_LEXICAL_ALIGNMENT_REVIEW | CAN_FIRE_ALONE | DIRECT_TARGET
ATOM,v5/config/shared/atoms/NEUROLOGY.json,NEUROLOGY,ATTRV,trophic_change,trophic change,ICD10,L97.504,Non-pressure chronic ulcer of other part of unspecified foot with necrosis of bone,2,1,DIRECT_TARGET,True,SOURCE_CANDIDATE,EXACT,Match trophic skin/nail/hair changes only. Plantar ulcer and Charcot arthropathy are separate atoms.,local,True,0.125,foot,3,CODE_REUSED_IN_CONFIG | LOW_LEXICAL_ALIGNMENT_REVIEW | CAN_FIRE_ALONE | DIRECT_TARGET
ATOM,v5/config/shared/atoms/NEUROLOGY.json,NEUROLOGY,ATTRV,trophic_change,trophic change,ICD10,L97.505,Non-pressure chronic ulcer of other part of unspecified foot with muscle involvement without evidence of necrosis,65,2,DIRECT_TARGET,True,SOURCE_CANDIDATE,EXACT,Match trophic skin/nail/hair changes only. Plantar ulcer and Charcot arthropathy are separate atoms.,local,True,0.111,foot,3,CODE_REUSED_IN_CONFIG | LOW_LEXICAL_ALIGNMENT_REVIEW | CAN_FIRE_ALONE | DIRECT_TARGET
ATOM,v5/config/shared/atoms/NEUROLOGY.json,NEUROLOGY,ATTRV,trophic_change,trophic change,ICD10,L97.506,Non-pressure chronic ulcer of other part of unspecified foot with bone involvement without evidence of necrosis,7,2,DIRECT_TARGET,True,SOURCE_CANDIDATE,EXACT,Match trophic skin/nail/hair changes only. Plantar ulcer and Charcot arthropathy are separate atoms.,local,True,0.111,foot,3,CODE_REUSED_IN_CONFIG | LOW_LEXICAL_ALIGNMENT_REVIEW | CAN_FIRE_ALONE | DIRECT_TARGET
ATOM,v5/config/shared/atoms/NEUROLOGY.json,NEUROLOGY,ATTRV,trophic_change,trophic change,ICD10,L97.508,Non-pressure chronic ulcer of other part of unspecified foot with other specified severity,6,4,DIRECT_TARGET,True,SOURCE_CANDIDATE,EXACT,Match trophic skin/nail/hair changes only. Plantar ulcer and Charcot arthropathy are separate atoms.,local,True,0.143,foot,3,CODE_REUSED_IN_CONFIG | LOW_LEXICAL_ALIGNMENT_REVIEW | CAN_FIRE_ALONE | DIRECT_TARGET
ATOM,v5/config/shared/atoms/NEUROLOGY.json,NEUROLOGY,ATTRV,trophic_change,trophic change,ICD10,L97.509,Non-pressure chronic ulcer of other part of unspecified foot with unspecified severity,540,76,DIRECT_TARGET,True,SOURCE_CANDIDATE,EXACT,Match trophic skin/nail/hair changes only. Plantar ulcer and Charcot arthropathy are separate atoms.,local,True,0.143,foot,3,CODE_REUSED_IN_CONFIG | LOW_LEXICAL_ALIGNMENT_REVIEW | CAN_FIRE_ALONE | DIRECT_TARGET
ATOM,v5/config/shared/atoms/NEUROLOGY.json,NEUROLOGY,ATTRV,trophic_change,trophic change,ICD10,L97.511,Non-pressure chronic ulcer of other part of right foot limited to breakdown of skin,3655,382,DIRECT_TARGET,True,SOURCE_CANDIDATE,EXACT,Match trophic skin/nail/hair changes only. Plantar ulcer and Charcot arthropathy are separate atoms.,local,True,0.2,"foot, skin",3,CODE_REUSED_IN_CONFIG | CAN_FIRE_ALONE | DIRECT_TARGET
ATOM,v5/config/shared/atoms/NEUROLOGY.json,NEUROLOGY,ATTRV,trophic_change,trophic change,ICD10,L97.512,Non-pressure chronic ulcer of other part of right foot with fat layer exposed,14546,563,DIRECT_TARGET,True,SOURCE_CANDIDATE,EXACT,Match trophic skin/nail/hair changes only. Plantar ulcer and Charcot arthropathy are separate atoms.,local,True,0.1,foot,3,CODE_REUSED_IN_CONFIG | LOW_LEXICAL_ALIGNMENT_REVIEW | CAN_FIRE_ALONE | DIRECT_TARGET
ATOM,v5/config/shared/atoms/NEUROLOGY.json,NEUROLOGY,ATTRV,trophic_change,trophic change,ICD10,L97.513,Non-pressure chronic ulcer of other part of right foot with necrosis of muscle,1195,67,DIRECT_TARGET,True,SOURCE_CANDIDATE,EXACT,Match trophic skin/nail/hair changes only. Plantar ulcer and Charcot arthropathy are separate atoms.,local,True,0.111,foot,3,CODE_REUSED_IN_CONFIG | LOW_LEXICAL_ALIGNMENT_REVIEW | CAN_FIRE_ALONE | DIRECT_TARGET
ATOM,v5/config/shared/atoms/NEUROLOGY.json,NEUROLOGY,ATTRV,trophic_change,trophic change,ICD10,L97.514,Non-pressure chronic ulcer of other part of right foot with necrosis of bone,938,40,DIRECT_TARGET,True,SOURCE_CANDIDATE,EXACT,Match trophic skin/nail/hair changes only. Plantar ulcer and Charcot arthropathy are separate atoms.,local,True,0.111,foot,3,CODE_REUSED_IN_CONFIG | LOW_LEXICAL_ALIGNMENT_REVIEW | CAN_FIRE_ALONE | DIRECT_TARGET
ATOM,v5/config/shared/atoms/NEUROLOGY.json,NEUROLOGY,ATTRV,trophic_change,trophic change,ICD10,L97.515,Non-pressure chronic ulcer of other part of right foot with muscle involvement without evidence of necrosis,674,41,DIRECT_TARGET,True,SOURCE_CANDIDATE,EXACT,Match trophic skin/nail/hair changes only. Plantar ulcer and Charcot arthropathy are separate atoms.,local,True,0.1,foot,3,CODE_REUSED_IN_CONFIG | LOW_LEXICAL_ALIGNMENT_REVIEW | CAN_FIRE_ALONE | DIRECT_TARGET
ATOM,v5/config/shared/atoms/NEUROLOGY.json,NEUROLOGY,ATTRV,trophic_change,trophic change,ICD10,L97.516,Non-pressure chronic ulcer of other part of right foot with bone involvement without evidence of necrosis,1115,31,DIRECT_TARGET,True,SOURCE_CANDIDATE,EXACT,Match trophic skin/nail/hair changes only. Plantar ulcer and Charcot arthropathy are separate atoms.,local,True,0.1,foot,3,CODE_REUSED_IN_CONFIG | LOW_LEXICAL_ALIGNMENT_REVIEW | CAN_FIRE_ALONE | DIRECT_TARGET
ATOM,v5/config/shared/atoms/NEUROLOGY.json,NEUROLOGY,ATTRV,trophic_change,trophic change,ICD10,L97.518,Non-pressure chronic ulcer of other part of right foot with other specified severity,583,58,DIRECT_TARGET,True,SOURCE_CANDIDATE,EXACT,Match trophic skin/nail/hair changes only. Plantar ulcer and Charcot arthropathy are separate atoms.,local,True,0.125,foot,3,CODE_REUSED_IN_CONFIG | LOW_LEXICAL_ALIGNMENT_REVIEW | CAN_FIRE_ALONE | DIRECT_TARGET
ATOM,v5/config/shared/atoms/NEUROLOGY.json,NEUROLOGY,ATTRV,trophic_change,trophic change,ICD10,L97.519,Non-pressure chronic ulcer of other part of right foot with unspecified severity,3581,405,DIRECT_TARGET,True,SOURCE_CANDIDATE,EXACT,Match trophic skin/nail/hair changes only. Plantar ulcer and Charcot arthropathy are separate atoms.,local,True,0.125,foot,3,CODE_REUSED_IN_CONFIG | LOW_LEXICAL_ALIGNMENT_REVIEW | CAN_FIRE_ALONE | DIRECT_TARGET
ATOM,v5/config/shared/atoms/NEUROLOGY.json,NEUROLOGY,ATTRV,trophic_change,trophic change,ICD10,L97.521,Non-pressure chronic ulcer of other part of left foot limited to breakdown of skin,2964,336,DIRECT_TARGET,True,SOURCE_CANDIDATE,EXACT,Match trophic skin/nail/hair changes only. Plantar ulcer and Charcot arthropathy are separate atoms.,local,True,0.2,"foot, skin",3,CODE_REUSED_IN_CONFIG | CAN_FIRE_ALONE | DIRECT_TARGET
ATOM,v5/config/shared/atoms/NEUROLOGY.json,NEUROLOGY,ATTRV,trophic_change,trophic change,ICD10,L97.522,Non-pressure chronic ulcer of other part of left foot with fat layer exposed,8640,490,DIRECT_TARGET,True,SOURCE_CANDIDATE,EXACT,Match trophic skin/nail/hair changes only. Plantar ulcer and Charcot arthropathy are separate atoms.,local,True,0.1,foot,3,CODE_REUSED_IN_CONFIG | LOW_LEXICAL_ALIGNMENT_REVIEW | CAN_FIRE_ALONE | DIRECT_TARGET
ATOM,v5/config/shared/atoms/NEUROLOGY.json,NEUROLOGY,ATTRV,trophic_change,trophic change,ICD10,L97.523,Non-pressure chronic ulcer of other part of left foot with necrosis of muscle,1303,47,DIRECT_TARGET,True,SOURCE_CANDIDATE,EXACT,Match trophic skin/nail/hair changes only. Plantar ulcer and Charcot arthropathy are separate atoms.,local,True,0.111,foot,3,CODE_REUSED_IN_CONFIG | LOW_LEXICAL_ALIGNMENT_REVIEW | CAN_FIRE_ALONE | DIRECT_TARGET
ATOM,v5/config/shared/atoms/NEUROLOGY.json,NEUROLOGY,ATTRV,trophic_change,trophic change,ICD10,L97.524,Non-pressure chronic ulcer of other part of left foot with necrosis of bone,642,38,DIRECT_TARGET,True,SOURCE_CANDIDATE,EXACT,Match trophic skin/nail/hair changes only. Plantar ulcer and Charcot arthropathy are separate atoms.,local,True,0.111,foot,3,CODE_REUSED_IN_CONFIG | LOW_LEXICAL_ALIGNMENT_REVIEW | CAN_FIRE_ALONE | DIRECT_TARGET
ATOM,v5/config/shared/atoms/NEUROLOGY.json,NEUROLOGY,ATTRV,trophic_change,trophic change,ICD10,L97.525,Non-pressure chronic ulcer of other part of left foot with muscle involvement without evidence of necrosis,621,33,DIRECT_TARGET,True,SOURCE_CANDIDATE,EXACT,Match trophic skin/nail/hair changes only. Plantar ulcer and Charcot arthropathy are separate atoms.,local,True,0.1,foot,3,CODE_REUSED_IN_CONFIG | LOW_LEXICAL_ALIGNMENT_REVIEW | CAN_FIRE_ALONE | DIRECT_TARGET
ATOM,v5/config/shared/atoms/NEUROLOGY.json,NEUROLOGY,ATTRV,trophic_change,trophic change,ICD10,L97.526,Non-pressure chronic ulcer of other part of left foot with bone involvement without evidence of necrosis,171,17,DIRECT_TARGET,True,SOURCE_CANDIDATE,EXACT,Match trophic skin/nail/hair changes only. Plantar ulcer and Charcot arthropathy are separate atoms.,local,True,0.1,foot,3,CODE_REUSED_IN_CONFIG | LOW_LEXICAL_ALIGNMENT_REVIEW | CAN_FIRE_ALONE | DIRECT_TARGET
ATOM,v5/config/shared/atoms/NEUROLOGY.json,NEUROLOGY,ATTRV,trophic_change,trophic change,ICD10,L97.528,Non-pressure chronic ulcer of other part of left foot with other specified severity,576,44,DIRECT_TARGET,True,SOURCE_CANDIDATE,EXACT,Match trophic skin/nail/hair changes only. Plantar ulcer and Charcot arthropathy are separate atoms.,local,True,0.125,foot,3,CODE_REUSED_IN_CONFIG | LOW_LEXICAL_ALIGNMENT_REVIEW | CAN_FIRE_ALONE | DIRECT_TARGET
ATOM,v5/config/shared/atoms/NEUROLOGY.json,NEUROLOGY,ATTRV,trophic_change,trophic change,ICD10,L97.529,Non-pressure chronic ulcer of other part of left foot with unspecified severity,4250,339,DIRECT_TARGET,True,SOURCE_CANDIDATE,EXACT,Match trophic skin/nail/hair changes only. Plantar ulcer and Charcot arthropathy are separate atoms.,local,True,0.125,foot,3,CODE_REUSED_IN_CONFIG | LOW_LEXICAL_ALIGNMENT_REVIEW | CAN_FIRE_ALONE | DIRECT_TARGET
ATOM,v5/config/shared/atoms/NEUROLOGY.json,NEUROLOGY,ATTRV,trophic_change,trophic change,ICD10,M14.671,"Charcot's joint, right ankle and foot",2184,152,DIRECT_TARGET,True,SOURCE_CANDIDATE,EXACT,Match trophic skin/nail/hair changes only. Plantar ulcer and Charcot arthropathy are separate atoms.,local,True,0.2,foot,3,CODE_REUSED_IN_CONFIG | CAN_FIRE_ALONE | DIRECT_TARGET
ATOM,v5/config/shared/atoms/NEUROLOGY.json,NEUROLOGY,ATTRV,trophic_change,trophic change,ICD10,M14.672,"Charcot's joint, left ankle and foot",2904,140,DIRECT_TARGET,True,SOURCE_CANDIDATE,EXACT,Match trophic skin/nail/hair changes only. Plantar ulcer and Charcot arthropathy are separate atoms.,local,True,0.2,foot,3,CODE_REUSED_IN_CONFIG | CAN_FIRE_ALONE | DIRECT_TARGET
ATOM,v5/config/shared/atoms/NEUROLOGY.json,NEUROLOGY,ATTRV,urinary_incontinence,urinary incontinence,ICD10,N31.9,"Neuromuscular dysfunction of bladder, unspecified",6855,768,DIRECT_TARGET,True,SOURCE_CANDIDATE,EXACT,Match urine-leakage/incontinence language only. Retention and neurogenic bladder are related but separate atoms.,local,True,0.333,bladder,3,CODE_REUSED_IN_CONFIG | CAN_FIRE_ALONE | DIRECT_TARGET
ATOM,v5/config/shared/atoms/NEUROLOGY.json,NEUROLOGY,ATTRV,urinary_incontinence,urinary incontinence,ICD10,R33.9,"Retention of urine, unspecified",11547,1762,DIRECT_TARGET,True,SOURCE_CANDIDATE,EXACT,Match urine-leakage/incontinence language only. Retention and neurogenic bladder are related but separate atoms.,local,True,0.5,urine,3,CODE_REUSED_IN_CONFIG | CAN_FIRE_ALONE | DIRECT_TARGET
ATOM,v5/config/shared/atoms/NEUROLOGY.json,NEUROLOGY,ATTRV,urinary_incontinence,urinary incontinence,ICD10,R32,Unspecified urinary incontinence,8418,2071,DIRECT_TARGET,True,SOURCE_CANDIDATE,EXACT,Match urine-leakage/incontinence language only. Retention and neurogenic bladder are related but separate atoms.,local,True,1.0,"incontinence, urinary",3,CODE_REUSED_IN_CONFIG | CAN_FIRE_ALONE | DIRECT_TARGET
ATOM,v5/config/shared/atoms/NEUROLOGY.json,NEUROLOGY,ATTRV,urinary_retention,urinary retention,ICD10,N31.9,"Neuromuscular dysfunction of bladder, unspecified",6855,768,DIRECT_TARGET,True,SOURCE_CANDIDATE,EXACT,Match retention/incomplete-emptying language only. Incontinence alone must not create urinary retention.,local,True,0.333,bladder,3,CODE_REUSED_IN_CONFIG | CAN_FIRE_ALONE | DIRECT_TARGET
ATOM,v5/config/shared/atoms/NEUROLOGY.json,NEUROLOGY,ATTRV,urinary_retention,urinary retention,ICD10,R33.9,"Retention of urine, unspecified",11547,1762,DIRECT_TARGET,True,SOURCE_CANDIDATE,EXACT,Match retention/incomplete-emptying language only. Incontinence alone must not create urinary retention.,local,True,0.5,retention,3,CODE_REUSED_IN_CONFIG | CAN_FIRE_ALONE | DIRECT_TARGET
ATOM,v5/config/shared/atoms/NEUROLOGY.json,NEUROLOGY,ATTRV,urinary_retention,urinary retention,ICD10,R32,Unspecified urinary incontinence,8418,2071,DIRECT_TARGET,True,SOURCE_CANDIDATE,EXACT,Match retention/incomplete-emptying language only. Incontinence alone must not create urinary retention.,local,True,0.5,urinary,3,CODE_REUSED_IN_CONFIG | CAN_FIRE_ALONE | DIRECT_TARGET
ATOM,v5/config/shared/atoms/NEUROLOGY.json,NEUROLOGY,AL,sensory_loss,Sensory loss,ICD10,R20.0,Anesthesia of skin,32533,5954,DIRECT_TARGET,True,SOURCE_CANDIDATE,EXACT,Match only the canonical clinical concept 'Sensory loss'. Related findings must remain separate atoms or rule context.,local,True,0.0,,1,ZERO_LEXICAL_ALIGNMENT_REVIEW | CAN_FIRE_ALONE | DIRECT_TARGET
ATOM,v5/config/shared/atoms/NEUROLOGY.json,NEUROLOGY,AL,sensory_loss,Sensory loss,ICD10,R20.1,Hypoesthesia of skin,18,5,DIRECT_TARGET,True,SOURCE_CANDIDATE,EXACT,Match only the canonical clinical concept 'Sensory loss'. Related findings must remain separate atoms or rule context.,local,True,0.0,,1,ZERO_LEXICAL_ALIGNMENT_REVIEW | CAN_FIRE_ALONE | DIRECT_TARGET
ATOM,v5/config/shared/atoms/NEUROLOGY.json,NEUROLOGY,AL,sensory_loss,Sensory loss,ICD10,R20.2,Paresthesia of skin,24650,4537,DIRECT_TARGET,True,SOURCE_CANDIDATE,EXACT,Match only the canonical clinical concept 'Sensory loss'. Related findings must remain separate atoms or rule context.,local,True,0.0,,2,CODE_REUSED_IN_CONFIG | ZERO_LEXICAL_ALIGNMENT_REVIEW | CAN_FIRE_ALONE | DIRECT_TARGET
ATOM,v5/config/shared/atoms/NEUROLOGY.json,NEUROLOGY,AL,sensory_loss,Sensory loss,ICD10,R20.8,Other disturbances of skin sensation,2251,392,DIRECT_TARGET,True,SOURCE_CANDIDATE,EXACT,Match only the canonical clinical concept 'Sensory loss'. Related findings must remain separate atoms or rule context.,local,True,0.333,sensation,1,CAN_FIRE_ALONE | DIRECT_TARGET
ATOM,v5/config/shared/atoms/NEUROLOGY.json,NEUROLOGY,AL,sensory_loss,Sensory loss,ICD10,R20.9,Unspecified disturbances of skin sensation,899,218,DIRECT_TARGET,True,SOURCE_CANDIDATE,EXACT,Match only the canonical clinical concept 'Sensory loss'. Related findings must remain separate atoms or rule context.,local,True,0.333,sensation,1,CAN_FIRE_ALONE | DIRECT_TARGET
ATOM,v5/config/shared/atoms/NUTRITION.json,NUTRITION,,al09_competing_weight_loss,Competing cause of unintentional weight loss,ICD10,A15.9,Respiratory tuberculosis unspecified,2156,566,DIRECT_TARGET,True,SOURCE_CANDIDATE,EXACT,Use only as a clearly documented competing explanation that adequately explains the target finding; FALSE or UNKNOWN must not block.,local,True,0.5,tuberculosi,1,CAN_FIRE_ALONE | DIRECT_TARGET
ATOM,v5/config/shared/atoms/NUTRITION.json,NUTRITION,,al09_competing_weight_loss,Competing cause of unintentional weight loss,ICD10,C80.1,"Malignant (primary) neoplasm, unspecified",23880,618,DIRECT_TARGET,True,SOURCE_CANDIDATE,EXACT,Use only as a clearly documented competing explanation that adequately explains the target finding; FALSE or UNKNOWN must not block.,local,True,0.0,,1,ZERO_LEXICAL_ALIGNMENT_REVIEW | CAN_FIRE_ALONE | DIRECT_TARGET
ATOM,v5/config/shared/atoms/NUTRITION.json,NUTRITION,,al09_competing_weight_loss,Competing cause of unintentional weight loss,ICD10,E05.9,,0,0,DIRECT_TARGET,True,SOURCE_CANDIDATE,EXACT,Use only as a clearly documented competing explanation that adequately explains the target finding; FALSE or UNKNOWN must not block.,,,0.0,,2,NOT_IN_WAREHOUSE_VOCABULARY | CODE_REUSED_IN_CONFIG | CAN_FIRE_ALONE | DIRECT_TARGET
ATOM,v5/config/shared/atoms/NUTRITION.json,NUTRITION,,al09_competing_weight_loss,Competing cause of unintentional weight loss,ICD10,F32.9,"Major depressive disorder, single episode, unspecified",15135,2575,DIRECT_TARGET,True,SOURCE_CANDIDATE,EXACT,Use only as a clearly documented competing explanation that adequately explains the target finding; FALSE or UNKNOWN must not block.,local,True,0.0,,1,ZERO_LEXICAL_ALIGNMENT_REVIEW | CAN_FIRE_ALONE | DIRECT_TARGET
ATOM,v5/config/shared/atoms/NUTRITION.json,NUTRITION,,al09_competing_weight_loss,Competing cause of unintentional weight loss,ICD10,F33.9,"Major depressive disorder, recurrent, unspecified",6143,1021,DIRECT_TARGET,True,SOURCE_CANDIDATE,EXACT,Use only as a clearly documented competing explanation that adequately explains the target finding; FALSE or UNKNOWN must not block.,local,True,0.0,,1,ZERO_LEXICAL_ALIGNMENT_REVIEW | CAN_FIRE_ALONE | DIRECT_TARGET
ATOM,v5/config/shared/atoms/NUTRITION.json,NUTRITION,,al09_competing_weight_loss,Competing cause of unintentional weight loss,ICD10,K90.9,"Intestinal malabsorption, unspecified",1608,197,DIRECT_TARGET,True,SOURCE_CANDIDATE,EXACT,Use only as a clearly documented competing explanation that adequately explains the target finding; FALSE or UNKNOWN must not block.,local,True,0.5,malabsorption,1,CAN_FIRE_ALONE | DIRECT_TARGET
ATOM,v5/config/shared/atoms/NUTRITION.json,NUTRITION,,al09_competing_weight_loss,Competing cause of unintentional weight loss,SNOMED_CT,1240414004,,0,0,DIRECT_TARGET,True,SOURCE_CANDIDATE,EXACT,Use only as a clearly documented competing explanation that adequately explains the target finding; FALSE or UNKNOWN must not block.,,,0.0,,1,NOT_IN_WAREHOUSE_VOCABULARY | CAN_FIRE_ALONE | DIRECT_TARGET
ATOM,v5/config/shared/atoms/NUTRITION.json,NUTRITION,,al09_competing_weight_loss,Competing cause of unintentional weight loss,SNOMED_CT,32230006,,0,0,DIRECT_TARGET,True,SOURCE_CANDIDATE,EXACT,Use only as a clearly documented competing explanation that adequately explains the target finding; FALSE or UNKNOWN must not block.,,,0.0,,1,NOT_IN_WAREHOUSE_VOCABULARY | CAN_FIRE_ALONE | DIRECT_TARGET
ATOM,v5/config/shared/atoms/NUTRITION.json,NUTRITION,,al09_competing_weight_loss,Competing cause of unintentional weight loss,SNOMED_CT,34486009,,0,0,DIRECT_TARGET,True,SOURCE_CANDIDATE,EXACT,Use only as a clearly documented competing explanation that adequately explains the target finding; FALSE or UNKNOWN must not block.,,,0.0,,2,NOT_IN_WAREHOUSE_VOCABULARY | CODE_REUSED_IN_CONFIG | CAN_FIRE_ALONE | DIRECT_TARGET
ATOM,v5/config/shared/atoms/NUTRITION.json,NUTRITION,,al09_competing_weight_loss,Competing cause of unintentional weight loss,SNOMED_CT,35489007,,0,0,DIRECT_TARGET,True,SOURCE_CANDIDATE,EXACT,Use only as a clearly documented competing explanation that adequately explains the target finding; FALSE or UNKNOWN must not block.,,,0.0,,1,NOT_IN_WAREHOUSE_VOCABULARY | CAN_FIRE_ALONE | DIRECT_TARGET
ATOM,v5/config/shared/atoms/NUTRITION.json,NUTRITION,,al09_competing_weight_loss,Competing cause of unintentional weight loss,SNOMED_CT,56717001,,0,0,DIRECT_TARGET,True,SOURCE_CANDIDATE,EXACT,Use only as a clearly documented competing explanation that adequately explains the target finding; FALSE or UNKNOWN must not block.,,,0.0,,1,NOT_IN_WAREHOUSE_VOCABULARY | CAN_FIRE_ALONE | DIRECT_TARGET
ATOM,v5/config/shared/atoms/NUTRITION.json,NUTRITION,AL,weight_result,Body weight measurement,SNOMED_CT,363808001,,0,0,DIRECT_TARGET,True,SOURCE_CANDIDATE,EXACT,Measurement/result route only; existence of the test does not independently establish the signal.,,,0.0,,1,NOT_IN_WAREHOUSE_VOCABULARY | CAN_FIRE_ALONE | DIRECT_TARGET
ATOM,v5/config/shared/atoms/NUTRITION.json,NUTRITION,AL,weight_result,Body weight measurement,SNOMED_CT,448765001,,0,0,DIRECT_TARGET,True,SOURCE_CANDIDATE,EXACT,Measurement/result route only; existence of the test does not independently establish the signal.,,,0.0,,1,NOT_IN_WAREHOUSE_VOCABULARY | CAN_FIRE_ALONE | DIRECT_TARGET
ATOM,v5/config/shared/atoms/OPHTHALMOLOGY.json,OPHTHALMOLOGY,ATTRV,dry_eye,dry eye,ICD10,H40.9,Unspecified glaucoma,1763,347,DIRECT_TARGET,True,SOURCE_CANDIDATE,EXACT,Dry eye is nonspecific and must remain separate from glaucoma. Do not infer glaucoma from dry-eye terminology.,local,True,0.0,,2,CODE_REUSED_IN_CONFIG | ZERO_LEXICAL_ALIGNMENT_REVIEW | CAN_FIRE_ALONE | DIRECT_TARGET
ATOM,v5/config/shared/atoms/OPHTHALMOLOGY.json,OPHTHALMOLOGY,ATTRV,dry_eye,dry eye,ICD10,H04.123,Dry eye syndrome of bilateral lacrimal glands,2813,590,DIRECT_TARGET,True,SOURCE_CANDIDATE,EXACT,Dry eye is nonspecific and must remain separate from glaucoma. Do not infer glaucoma from dry-eye terminology.,local,True,0.4,"dry, eye",2,CODE_REUSED_IN_CONFIG | CAN_FIRE_ALONE | DIRECT_TARGET
ATOM,v5/config/shared/atoms/OPHTHALMOLOGY.json,OPHTHALMOLOGY,ATTRV,floaters,floaters,ICD10,H43.20,,0,0,DIRECT_TARGET,True,SOURCE_CANDIDATE,EXACT,Floaters are a symptom and are retrieval/corroborating evidence only. Do not convert vitreous amyloid/opacities into a floaters atom unless floaters are actually documented.,,,0.0,,2,NOT_IN_WAREHOUSE_VOCABULARY | CODE_REUSED_IN_CONFIG | CAN_FIRE_ALONE | DIRECT_TARGET
ATOM,v5/config/shared/atoms/OPHTHALMOLOGY.json,OPHTHALMOLOGY,ATTRV,floaters,floaters,ICD10,H43.21,"Crystalline deposits in vitreous body, right eye",11,4,DIRECT_TARGET,True,SOURCE_CANDIDATE,EXACT,Floaters are a symptom and are retrieval/corroborating evidence only. Do not convert vitreous amyloid/opacities into a floaters atom unless floaters are actually documented.,local,True,0.0,,2,CODE_REUSED_IN_CONFIG | ZERO_LEXICAL_ALIGNMENT_REVIEW | CAN_FIRE_ALONE | DIRECT_TARGET
ATOM,v5/config/shared/atoms/OPHTHALMOLOGY.json,OPHTHALMOLOGY,ATTRV,floaters,floaters,ICD10,H43.22,"Crystalline deposits in vitreous body, left eye",15,3,DIRECT_TARGET,True,SOURCE_CANDIDATE,EXACT,Floaters are a symptom and are retrieval/corroborating evidence only. Do not convert vitreous amyloid/opacities into a floaters atom unless floaters are actually documented.,local,True,0.0,,2,CODE_REUSED_IN_CONFIG | ZERO_LEXICAL_ALIGNMENT_REVIEW | CAN_FIRE_ALONE | DIRECT_TARGET
ATOM,v5/config/shared/atoms/OPHTHALMOLOGY.json,OPHTHALMOLOGY,ATTRV,floaters,floaters,ICD10,H43.23,,0,0,DIRECT_TARGET,True,SOURCE_CANDIDATE,EXACT,Floaters are a symptom and are retrieval/corroborating evidence only. Do not convert vitreous amyloid/opacities into a floaters atom unless floaters are actually documented.,,,0.0,,2,NOT_IN_WAREHOUSE_VOCABULARY | CODE_REUSED_IN_CONFIG | CAN_FIRE_ALONE | DIRECT_TARGET
ATOM,v5/config/shared/atoms/OPHTHALMOLOGY.json,OPHTHALMOLOGY,ATTRV,glaucoma,glaucoma,ICD10,H40.9,Unspecified glaucoma,1763,347,DIRECT_TARGET,True,SOURCE_CANDIDATE,EXACT,Glaucoma/ocular-hypertension terminology only. Dry-eye terminology must not create a glaucoma atom.,local,True,1.0,glaucoma,2,CODE_REUSED_IN_CONFIG | CAN_FIRE_ALONE | DIRECT_TARGET
ATOM,v5/config/shared/atoms/OPHTHALMOLOGY.json,OPHTHALMOLOGY,ATTRV,glaucoma,glaucoma,ICD10,H04.123,Dry eye syndrome of bilateral lacrimal glands,2813,590,DIRECT_TARGET,True,SOURCE_CANDIDATE,EXACT,Glaucoma/ocular-hypertension terminology only. Dry-eye terminology must not create a glaucoma atom.,local,True,0.0,,2,CODE_REUSED_IN_CONFIG | ZERO_LEXICAL_ALIGNMENT_REVIEW | CAN_FIRE_ALONE | DIRECT_TARGET
ATOM,v5/config/shared/atoms/OPHTHALMOLOGY.json,OPHTHALMOLOGY,ATTRV,iris_abnormality,iris abnormality,ICD10,H21.89,Other specified disorders of iris and ciliary body,11,5,DIRECT_TARGET,True,SOURCE_CANDIDATE,EXACT,Generic iris or pupillary abnormality is nonspecific. Require a characteristic ophthalmologist-confirmed amyloid-compatible pattern before contributing to V16.,local,True,0.25,iris,2,CODE_REUSED_IN_CONFIG | CAN_FIRE_ALONE | DIRECT_TARGET
ATOM,v5/config/shared/atoms/OPHTHALMOLOGY.json,OPHTHALMOLOGY,AL | ATTRV | ATTRWT,scalloped_pupil,Scalloped pupil / characteristic pupillary abnormality,ICD10,H21.89,Other specified disorders of iris and ciliary body,11,5,DIRECT_TARGET,True,SOURCE_CANDIDATE,EXACT,High-specificity ocular atom. Require scalloped/notched pupillary-margin or amyloid-iris wording; generic irregular pupil/anisocoria belongs under the broader iris-abnormality atom.,local,True,0.25,iris,2,CODE_REUSED_IN_CONFIG | CAN_FIRE_ALONE | DIRECT_TARGET
ATOM,v5/config/shared/atoms/OPHTHALMOLOGY.json,OPHTHALMOLOGY,AL | ATTRV | ATTRWT,vitreous_opacity,vitreous opacity,ICD10,H43.20,,0,0,DIRECT_TARGET,True,SOURCE_CANDIDATE,EXACT,Require explicit vitreous opacity/vitreopathy/amyloid-deposit wording. Generic floaters alone are nonspecific and must not create this atom.,,,0.0,,2,NOT_IN_WAREHOUSE_VOCABULARY | CODE_REUSED_IN_CONFIG | CAN_FIRE_ALONE | DIRECT_TARGET
ATOM,v5/config/shared/atoms/OPHTHALMOLOGY.json,OPHTHALMOLOGY,AL | ATTRV | ATTRWT,vitreous_opacity,vitreous opacity,ICD10,H43.21,"Crystalline deposits in vitreous body, right eye",11,4,DIRECT_TARGET,True,SOURCE_CANDIDATE,EXACT,Require explicit vitreous opacity/vitreopathy/amyloid-deposit wording. Generic floaters alone are nonspecific and must not create this atom.,local,True,0.333,"deposit, vitreou",2,CODE_REUSED_IN_CONFIG | CAN_FIRE_ALONE | DIRECT_TARGET
ATOM,v5/config/shared/atoms/OPHTHALMOLOGY.json,OPHTHALMOLOGY,AL | ATTRV | ATTRWT,vitreous_opacity,vitreous opacity,ICD10,H43.22,"Crystalline deposits in vitreous body, left eye",15,3,DIRECT_TARGET,True,SOURCE_CANDIDATE,EXACT,Require explicit vitreous opacity/vitreopathy/amyloid-deposit wording. Generic floaters alone are nonspecific and must not create this atom.,local,True,0.333,"deposit, vitreou",2,CODE_REUSED_IN_CONFIG | CAN_FIRE_ALONE | DIRECT_TARGET
ATOM,v5/config/shared/atoms/OPHTHALMOLOGY.json,OPHTHALMOLOGY,AL | ATTRV | ATTRWT,vitreous_opacity,vitreous opacity,ICD10,H43.23,,0,0,DIRECT_TARGET,True,SOURCE_CANDIDATE,EXACT,Require explicit vitreous opacity/vitreopathy/amyloid-deposit wording. Generic floaters alone are nonspecific and must not create this atom.,,,0.0,,2,NOT_IN_WAREHOUSE_VOCABULARY | CODE_REUSED_IN_CONFIG | CAN_FIRE_ALONE | DIRECT_TARGET
ATOM,v5/config/shared/atoms/ORTHOPEDICS_MSK.json,ORTHOPEDICS,ATTRWT,arthroplasty,Hip or knee arthroplasty,ICD10,Z96.641,Presence of right artificial hip joint,1831,209,DIRECT_TARGET,True,SOURCE_CANDIDATE,EXACT,Match only the canonical clinical concept 'Hip or knee arthroplasty'. Do not broaden to related but clinically distinct findings.,local,True,0.5,"hip, joint",1,CAN_FIRE_ALONE | DIRECT_TARGET
ATOM,v5/config/shared/atoms/ORTHOPEDICS_MSK.json,ORTHOPEDICS,ATTRWT,arthroplasty,Hip or knee arthroplasty,ICD10,Z96.642,Presence of left artificial hip joint,1367,205,DIRECT_TARGET,True,SOURCE_CANDIDATE,EXACT,Match only the canonical clinical concept 'Hip or knee arthroplasty'. Do not broaden to related but clinically distinct findings.,local,True,0.5,"hip, joint",1,CAN_FIRE_ALONE | DIRECT_TARGET
ATOM,v5/config/shared/atoms/ORTHOPEDICS_MSK.json,ORTHOPEDICS,ATTRWT,arthroplasty,Hip or knee arthroplasty,ICD10,Z96.643,"Presence of artificial hip joint, bilateral",194,30,DIRECT_TARGET,True,SOURCE_CANDIDATE,EXACT,Match only the canonical clinical concept 'Hip or knee arthroplasty'. Do not broaden to related but clinically distinct findings.,local,True,0.75,"bilateral, hip, joint",1,CAN_FIRE_ALONE | DIRECT_TARGET
ATOM,v5/config/shared/atoms/ORTHOPEDICS_MSK.json,ORTHOPEDICS,ATTRWT,arthroplasty,Hip or knee arthroplasty,ICD10,Z96.651,Presence of right artificial knee joint,5307,370,DIRECT_TARGET,True,SOURCE_CANDIDATE,EXACT,Match only the canonical clinical concept 'Hip or knee arthroplasty'. Do not broaden to related but clinically distinct findings.,local,True,0.5,"joint, knee",1,CAN_FIRE_ALONE | DIRECT_TARGET
ATOM,v5/config/shared/atoms/ORTHOPEDICS_MSK.json,ORTHOPEDICS,ATTRWT,arthroplasty,Hip or knee arthroplasty,ICD10,Z96.652,Presence of left artificial knee joint,5317,343,DIRECT_TARGET,True,SOURCE_CANDIDATE,EXACT,Match only the canonical clinical concept 'Hip or knee arthroplasty'. Do not broaden to related but clinically distinct findings.,local,True,0.5,"joint, knee",1,CAN_FIRE_ALONE | DIRECT_TARGET
ATOM,v5/config/shared/atoms/ORTHOPEDICS_MSK.json,ORTHOPEDICS,ATTRWT,arthroplasty,Hip or knee arthroplasty,ICD10,Z96.653,"Presence of artificial knee joint, bilateral",273,39,DIRECT_TARGET,True,SOURCE_CANDIDATE,EXACT,Match only the canonical clinical concept 'Hip or knee arthroplasty'. Do not broaden to related but clinically distinct findings.,local,True,0.75,"bilateral, joint, knee",1,CAN_FIRE_ALONE | DIRECT_TARGET
ATOM,v5/config/shared/atoms/ORTHOPEDICS_MSK.json,ORTHOPEDICS,ATTRWT,arthroplasty,Hip or knee arthroplasty,ICD10,Z96.64,,0,0,DIRECT_TARGET,True,SOURCE_CANDIDATE,EXACT,Match only the canonical clinical concept 'Hip or knee arthroplasty'. Do not broaden to related but clinically distinct findings.,,,0.0,,1,NOT_IN_WAREHOUSE_VOCABULARY | CAN_FIRE_ALONE | DIRECT_TARGET
ATOM,v5/config/shared/atoms/ORTHOPEDICS_MSK.json,ORTHOPEDICS,ATTRWT,arthroplasty,Hip or knee arthroplasty,ICD10,Z96.65,,0,0,DIRECT_TARGET,True,SOURCE_CANDIDATE,EXACT,Match only the canonical clinical concept 'Hip or knee arthroplasty'. Do not broaden to related but clinically distinct findings.,,,0.0,,1,NOT_IN_WAREHOUSE_VOCABULARY | CAN_FIRE_ALONE | DIRECT_TARGET
ATOM,v5/config/shared/atoms/ORTHOPEDICS_MSK.json,ORTHOPEDICS,ATTRWT,arthroplasty,Hip or knee arthroplasty,SNOMED_CT,52734007,,0,0,DIRECT_TARGET,True,SOURCE_CANDIDATE,EXACT,Match only the canonical clinical concept 'Hip or knee arthroplasty'. Do not broaden to related but clinically distinct findings.,,,0.0,,1,NOT_IN_WAREHOUSE_VOCABULARY | CAN_FIRE_ALONE | DIRECT_TARGET
ATOM,v5/config/shared/atoms/ORTHOPEDICS_MSK.json,ORTHOPEDICS,ATTRWT,arthroplasty,Hip or knee arthroplasty,SNOMED_CT,443435007,,0,0,DIRECT_TARGET,True,SOURCE_CANDIDATE,EXACT,Match only the canonical clinical concept 'Hip or knee arthroplasty'. Do not broaden to related but clinically distinct findings.,,,0.0,,1,NOT_IN_WAREHOUSE_VOCABULARY | CAN_FIRE_ALONE | DIRECT_TARGET
ATOM,v5/config/shared/atoms/ORTHOPEDICS_MSK.json,ORTHOPEDICS,ATTRWT,arthroplasty,Hip or knee arthroplasty,SNOMED_CT,770606008,,0,0,DIRECT_TARGET,True,SOURCE_CANDIDATE,EXACT,Match only the canonical clinical concept 'Hip or knee arthroplasty'. Do not broaden to related but clinically distinct findings.,,,0.0,,1,NOT_IN_WAREHOUSE_VOCABULARY | CAN_FIRE_ALONE | DIRECT_TARGET
ATOM,v5/config/shared/atoms/ORTHOPEDICS_MSK.json,ORTHOPEDICS,ATTRWT,arthroplasty,Hip or knee arthroplasty,SNOMED_CT,609588000,,0,0,DIRECT_TARGET,True,SOURCE_CANDIDATE,EXACT,Match only the canonical clinical concept 'Hip or knee arthroplasty'. Do not broaden to related but clinically distinct findings.,,,0.0,,1,NOT_IN_WAREHOUSE_VOCABULARY | CAN_FIRE_ALONE | DIRECT_TARGET
ATOM,v5/config/shared/atoms/ORTHOPEDICS_MSK.json,ORTHOPEDICS,ATTRWT,arthroplasty,Hip or knee arthroplasty,SNOMED_CT,443681002,,0,0,DIRECT_TARGET,True,SOURCE_CANDIDATE,EXACT,Match only the canonical clinical concept 'Hip or knee arthroplasty'. Do not broaden to related but clinically distinct findings.,,,0.0,,1,NOT_IN_WAREHOUSE_VOCABULARY | CAN_FIRE_ALONE | DIRECT_TARGET
ATOM,v5/config/shared/atoms/ORTHOPEDICS_MSK.json,ORTHOPEDICS,ATTRWT,arthroplasty,Hip or knee arthroplasty,SNOMED_CT,443682009,,0,0,DIRECT_TARGET,True,SOURCE_CANDIDATE,EXACT,Match only the canonical clinical concept 'Hip or knee arthroplasty'. Do not broaden to related but clinically distinct findings.,,,0.0,,1,NOT_IN_WAREHOUSE_VOCABULARY | CAN_FIRE_ALONE | DIRECT_TARGET
ATOM,v5/config/shared/atoms/ORTHOPEDICS_MSK.json,ORTHOPEDICS,ATTRWT,arthroplasty,Hip or knee arthroplasty,SNOMED_CT,444463001,,0,0,DIRECT_TARGET,True,SOURCE_CANDIDATE,EXACT,Match only the canonical clinical concept 'Hip or knee arthroplasty'. Do not broaden to related but clinically distinct findings.,,,0.0,,1,NOT_IN_WAREHOUSE_VOCABULARY | CAN_FIRE_ALONE | DIRECT_TARGET
ATOM,v5/config/shared/atoms/ORTHOPEDICS_MSK.json,ORTHOPEDICS_MSK,AL | ATTRV | ATTRWT,biceps_rupture,"Spontaneous distal biceps tendon rupture (""Popeye sign"")",ICD10,M66.821,,0,0,DIRECT_TARGET,True,SOURCE_CANDIDATE,EXACT,Match biceps-tendon rupture/Popeye-deformity language only. Rotator-cuff disease and trigger finger are separate orthopedic atoms.,,,0.0,,3,NOT_IN_WAREHOUSE_VOCABULARY | CODE_REUSED_IN_CONFIG | CAN_FIRE_ALONE | DIRECT_TARGET
ATOM,v5/config/shared/atoms/ORTHOPEDICS_MSK.json,ORTHOPEDICS_MSK,AL | ATTRV | ATTRWT,biceps_rupture,"Spontaneous distal biceps tendon rupture (""Popeye sign"")",ICD10,M66.822,,0,0,DIRECT_TARGET,True,SOURCE_CANDIDATE,EXACT,Match biceps-tendon rupture/Popeye-deformity language only. Rotator-cuff disease and trigger finger are separate orthopedic atoms.,,,0.0,,3,NOT_IN_WAREHOUSE_VOCABULARY | CODE_REUSED_IN_CONFIG | CAN_FIRE_ALONE | DIRECT_TARGET
ATOM,v5/config/shared/atoms/ORTHOPEDICS_MSK.json,ORTHOPEDICS_MSK,AL | ATTRV | ATTRWT,biceps_rupture,"Spontaneous distal biceps tendon rupture (""Popeye sign"")",ICD10,M66.829,,0,0,DIRECT_TARGET,True,SOURCE_CANDIDATE,EXACT,Match biceps-tendon rupture/Popeye-deformity language only. Rotator-cuff disease and trigger finger are separate orthopedic atoms.,,,0.0,,1,NOT_IN_WAREHOUSE_VOCABULARY | CAN_FIRE_ALONE | DIRECT_TARGET
ATOM,v5/config/shared/atoms/ORTHOPEDICS_MSK.json,ORTHOPEDICS_MSK,AL | ATTRV | ATTRWT,biceps_rupture,"Spontaneous distal biceps tendon rupture (""Popeye sign"")",ICD10,M66.80,,0,0,DIRECT_TARGET,True,SOURCE_CANDIDATE,EXACT,Match biceps-tendon rupture/Popeye-deformity language only. Rotator-cuff disease and trigger finger are separate orthopedic atoms.,,,0.0,,1,NOT_IN_WAREHOUSE_VOCABULARY | CAN_FIRE_ALONE | DIRECT_TARGET
ATOM,v5/config/shared/atoms/ORTHOPEDICS_MSK.json,ORTHOPEDICS_MSK,AL | ATTRV | ATTRWT,biceps_rupture,"Spontaneous distal biceps tendon rupture (""Popeye sign"")",ICD10,M66.89,,0,0,DIRECT_TARGET,True,SOURCE_CANDIDATE,EXACT,Match biceps-tendon rupture/Popeye-deformity language only. Rotator-cuff disease and trigger finger are separate orthopedic atoms.,,,0.0,,1,NOT_IN_WAREHOUSE_VOCABULARY | CAN_FIRE_ALONE | DIRECT_TARGET
ATOM,v5/config/shared/atoms/ORTHOPEDICS_MSK.json,ORTHOPEDICS_MSK,AL | ATTRV | ATTRWT,biceps_rupture,"Spontaneous distal biceps tendon rupture (""Popeye sign"")",ICD10,M66.9,,0,0,DIRECT_TARGET,True,SOURCE_CANDIDATE,EXACT,Match biceps-tendon rupture/Popeye-deformity language only. Rotator-cuff disease and trigger finger are separate orthopedic atoms.,,,0.0,,2,NOT_IN_WAREHOUSE_VOCABULARY | CODE_REUSED_IN_CONFIG | CAN_FIRE_ALONE | DIRECT_TARGET
ATOM,v5/config/shared/atoms/ORTHOPEDICS_MSK.json,ORTHOPEDICS_MSK,AL | ATTRV | ATTRWT,biceps_rupture,"Spontaneous distal biceps tendon rupture (""Popeye sign"")",ICD10,S46.211A,"Strain of muscle, fascia and tendon of other parts of biceps, right arm, initial encounter",460,86,DIRECT_TARGET,True,SOURCE_CANDIDATE,EXACT,Match biceps-tendon rupture/Popeye-deformity language only. Rotator-cuff disease and trigger finger are separate orthopedic atoms.,local,True,0.222,"bicep, tendon",1,CAN_FIRE_ALONE | DIRECT_TARGET
ATOM,v5/config/shared/atoms/ORTHOPEDICS_MSK.json,ORTHOPEDICS_MSK,AL | ATTRV | ATTRWT,biceps_rupture,"Spontaneous distal biceps tendon rupture (""Popeye sign"")",ICD10,S46.221A,,0,0,DIRECT_TARGET,True,SOURCE_CANDIDATE,EXACT,Match biceps-tendon rupture/Popeye-deformity language only. Rotator-cuff disease and trigger finger are separate orthopedic atoms.,,,0.0,,1,NOT_IN_WAREHOUSE_VOCABULARY | CAN_FIRE_ALONE | DIRECT_TARGET
ATOM,v5/config/shared/atoms/ORTHOPEDICS_MSK.json,ORTHOPEDICS_MSK,AL | ATTRV | ATTRWT,biceps_rupture,"Spontaneous distal biceps tendon rupture (""Popeye sign"")",ICD10,M75.100,"Unspecified rotator cuff tear or rupture of unspecified shoulder, not specified as traumatic",123,18,DIRECT_TARGET,True,SOURCE_CANDIDATE,EXACT,Match biceps-tendon rupture/Popeye-deformity language only. Rotator-cuff disease and trigger finger are separate orthopedic atoms.,local,True,0.167,rupture,3,CODE_REUSED_IN_CONFIG | LOW_LEXICAL_ALIGNMENT_REVIEW | CAN_FIRE_ALONE | DIRECT_TARGET
ATOM,v5/config/shared/atoms/ORTHOPEDICS_MSK.json,ORTHOPEDICS_MSK,AL | ATTRV | ATTRWT,biceps_rupture,"Spontaneous distal biceps tendon rupture (""Popeye sign"")",ICD10,M75.101,"Unspecified rotator cuff tear or rupture of right shoulder, not specified as traumatic",3588,489,DIRECT_TARGET,True,SOURCE_CANDIDATE,EXACT,Match biceps-tendon rupture/Popeye-deformity language only. Rotator-cuff disease and trigger finger are separate orthopedic atoms.,local,True,0.143,rupture,3,CODE_REUSED_IN_CONFIG | LOW_LEXICAL_ALIGNMENT_REVIEW | CAN_FIRE_ALONE | DIRECT_TARGET
ATOM,v5/config/shared/atoms/ORTHOPEDICS_MSK.json,ORTHOPEDICS_MSK,AL | ATTRV | ATTRWT,biceps_rupture,"Spontaneous distal biceps tendon rupture (""Popeye sign"")",ICD10,M75.102,"Unspecified rotator cuff tear or rupture of left shoulder, not specified as traumatic",2434,326,DIRECT_TARGET,True,SOURCE_CANDIDATE,EXACT,Match biceps-tendon rupture/Popeye-deformity language only. Rotator-cuff disease and trigger finger are separate orthopedic atoms.,local,True,0.143,rupture,3,CODE_REUSED_IN_CONFIG | LOW_LEXICAL_ALIGNMENT_REVIEW | CAN_FIRE_ALONE | DIRECT_TARGET
ATOM,v5/config/shared/atoms/ORTHOPEDICS_MSK.json,ORTHOPEDICS_MSK,AL | ATTRV | ATTRWT,biceps_rupture,"Spontaneous distal biceps tendon rupture (""Popeye sign"")",ICD10,M65.30,"Trigger finger, unspecified finger",1195,275,DIRECT_TARGET,True,SOURCE_CANDIDATE,EXACT,Match biceps-tendon rupture/Popeye-deformity language only. Rotator-cuff disease and trigger finger are separate orthopedic atoms.,local,True,0.0,,3,CODE_REUSED_IN_CONFIG | ZERO_LEXICAL_ALIGNMENT_REVIEW | CAN_FIRE_ALONE | DIRECT_TARGET
ATOM,v5/config/shared/atoms/ORTHOPEDICS_MSK.json,ORTHOPEDICS_MSK,AL | ATTRV | ATTRWT,biceps_rupture,"Spontaneous distal biceps tendon rupture (""Popeye sign"")",ICD10,M65.311,"Trigger thumb, right thumb",2076,377,DIRECT_TARGET,True,SOURCE_CANDIDATE,EXACT,Match biceps-tendon rupture/Popeye-deformity language only. Rotator-cuff disease and trigger finger are separate orthopedic atoms.,local,True,0.0,,3,CODE_REUSED_IN_CONFIG | ZERO_LEXICAL_ALIGNMENT_REVIEW | CAN_FIRE_ALONE | DIRECT_TARGET
ATOM,v5/config/shared/atoms/ORTHOPEDICS_MSK.json,ORTHOPEDICS_MSK,AL | ATTRV | ATTRWT,biceps_rupture,"Spontaneous distal biceps tendon rupture (""Popeye sign"")",ICD10,M65.312,"Trigger thumb, left thumb",1242,276,DIRECT_TARGET,True,SOURCE_CANDIDATE,EXACT,Match biceps-tendon rupture/Popeye-deformity language only. Rotator-cuff disease and trigger finger are separate orthopedic atoms.,local,True,0.0,,3,CODE_REUSED_IN_CONFIG | ZERO_LEXICAL_ALIGNMENT_REVIEW | CAN_FIRE_ALONE | DIRECT_TARGET
ATOM,v5/config/shared/atoms/ORTHOPEDICS_MSK.json,ORTHOPEDICS_MSK,AL | ATTRV | ATTRWT,biceps_rupture,"Spontaneous distal biceps tendon rupture (""Popeye sign"")",ICD10,M65.319,"Trigger thumb, unspecified thumb",82,20,DIRECT_TARGET,True,SOURCE_CANDIDATE,EXACT,Match biceps-tendon rupture/Popeye-deformity language only. Rotator-cuff disease and trigger finger are separate orthopedic atoms.,local,True,0.0,,3,CODE_REUSED_IN_CONFIG | ZERO_LEXICAL_ALIGNMENT_REVIEW | CAN_FIRE_ALONE | DIRECT_TARGET
ATOM,v5/config/shared/atoms/ORTHOPEDICS_MSK.json,ORTHOPEDICS_MSK,AL | ATTRV | ATTRWT,biceps_rupture,"Spontaneous distal biceps tendon rupture (""Popeye sign"")",ICD10,M65.321,"Trigger finger, right index finger",1120,203,DIRECT_TARGET,True,SOURCE_CANDIDATE,EXACT,Match biceps-tendon rupture/Popeye-deformity language only. Rotator-cuff disease and trigger finger are separate orthopedic atoms.,local,True,0.0,,3,CODE_REUSED_IN_CONFIG | ZERO_LEXICAL_ALIGNMENT_REVIEW | CAN_FIRE_ALONE | DIRECT_TARGET
ATOM,v5/config/shared/atoms/ORTHOPEDICS_MSK.json,ORTHOPEDICS_MSK,AL | ATTRV | ATTRWT,biceps_rupture,"Spontaneous distal biceps tendon rupture (""Popeye sign"")",ICD10,M65.322,"Trigger finger, left index finger",513,114,DIRECT_TARGET,True,SOURCE_CANDIDATE,EXACT,Match biceps-tendon rupture/Popeye-deformity language only. Rotator-cuff disease and trigger finger are separate orthopedic atoms.,local,True,0.0,,3,CODE_REUSED_IN_CONFIG | ZERO_LEXICAL_ALIGNMENT_REVIEW | CAN_FIRE_ALONE | DIRECT_TARGET
ATOM,v5/config/shared/atoms/ORTHOPEDICS_MSK.json,ORTHOPEDICS_MSK,AL | ATTRV | ATTRWT,biceps_rupture,"Spontaneous distal biceps tendon rupture (""Popeye sign"")",ICD10,M65.329,"Trigger finger, unspecified index finger",62,11,DIRECT_TARGET,True,SOURCE_CANDIDATE,EXACT,Match biceps-tendon rupture/Popeye-deformity language only. Rotator-cuff disease and trigger finger are separate orthopedic atoms.,local,True,0.0,,3,CODE_REUSED_IN_CONFIG | ZERO_LEXICAL_ALIGNMENT_REVIEW | CAN_FIRE_ALONE | DIRECT_TARGET
ATOM,v5/config/shared/atoms/ORTHOPEDICS_MSK.json,ORTHOPEDICS_MSK,AL | ATTRV | ATTRWT,biceps_rupture,"Spontaneous distal biceps tendon rupture (""Popeye sign"")",ICD10,M65.331,"Trigger finger, right middle finger",3211,575,DIRECT_TARGET,True,SOURCE_CANDIDATE,EXACT,Match biceps-tendon rupture/Popeye-deformity language only. Rotator-cuff disease and trigger finger are separate orthopedic atoms.,local,True,0.0,,3,CODE_REUSED_IN_CONFIG | ZERO_LEXICAL_ALIGNMENT_REVIEW | CAN_FIRE_ALONE | DIRECT_TARGET
ATOM,v5/config/shared/atoms/ORTHOPEDICS_MSK.json,ORTHOPEDICS_MSK,AL | ATTRV | ATTRWT,biceps_rupture,"Spontaneous distal biceps tendon rupture (""Popeye sign"")",ICD10,M65.332,"Trigger finger, left middle finger",2445,381,DIRECT_TARGET,True,SOURCE_CANDIDATE,EXACT,Match biceps-tendon rupture/Popeye-deformity language only. Rotator-cuff disease and trigger finger are separate orthopedic atoms.,local,True,0.0,,3,CODE_REUSED_IN_CONFIG | ZERO_LEXICAL_ALIGNMENT_REVIEW | CAN_FIRE_ALONE | DIRECT_TARGET
ATOM,v5/config/shared/atoms/ORTHOPEDICS_MSK.json,ORTHOPEDICS_MSK,AL | ATTRV | ATTRWT,biceps_rupture,"Spontaneous distal biceps tendon rupture (""Popeye sign"")",ICD10,M65.339,"Trigger finger, unspecified middle finger",128,33,DIRECT_TARGET,True,SOURCE_CANDIDATE,EXACT,Match biceps-tendon rupture/Popeye-deformity language only. Rotator-cuff disease and trigger finger are separate orthopedic atoms.,local,True,0.0,,3,CODE_REUSED_IN_CONFIG | ZERO_LEXICAL_ALIGNMENT_REVIEW | CAN_FIRE_ALONE | DIRECT_TARGET
ATOM,v5/config/shared/atoms/ORTHOPEDICS_MSK.json,ORTHOPEDICS_MSK,AL | ATTRV | ATTRWT,biceps_rupture,"Spontaneous distal biceps tendon rupture (""Popeye sign"")",ICD10,M65.341,"Trigger finger, right ring finger",1998,323,DIRECT_TARGET,True,SOURCE_CANDIDATE,EXACT,Match biceps-tendon rupture/Popeye-deformity language only. Rotator-cuff disease and trigger finger are separate orthopedic atoms.,local,True,0.0,,3,CODE_REUSED_IN_CONFIG | ZERO_LEXICAL_ALIGNMENT_REVIEW | CAN_FIRE_ALONE | DIRECT_TARGET
ATOM,v5/config/shared/atoms/ORTHOPEDICS_MSK.json,ORTHOPEDICS_MSK,AL | ATTRV | ATTRWT,biceps_rupture,"Spontaneous distal biceps tendon rupture (""Popeye sign"")",ICD10,M65.342,"Trigger finger, left ring finger",1212,227,DIRECT_TARGET,True,SOURCE_CANDIDATE,EXACT,Match biceps-tendon rupture/Popeye-deformity language only. Rotator-cuff disease and trigger finger are separate orthopedic atoms.,local,True,0.0,,3,CODE_REUSED_IN_CONFIG | ZERO_LEXICAL_ALIGNMENT_REVIEW | CAN_FIRE_ALONE | DIRECT_TARGET
ATOM,v5/config/shared/atoms/ORTHOPEDICS_MSK.json,ORTHOPEDICS_MSK,AL | ATTRV | ATTRWT,biceps_rupture,"Spontaneous distal biceps tendon rupture (""Popeye sign"")",ICD10,M65.349,"Trigger finger, unspecified ring finger",22,10,DIRECT_TARGET,True,SOURCE_CANDIDATE,EXACT,Match biceps-tendon rupture/Popeye-deformity language only. Rotator-cuff disease and trigger finger are separate orthopedic atoms.,local,True,0.0,,3,CODE_REUSED_IN_CONFIG | ZERO_LEXICAL_ALIGNMENT_REVIEW | CAN_FIRE_ALONE | DIRECT_TARGET
ATOM,v5/config/shared/atoms/ORTHOPEDICS_MSK.json,ORTHOPEDICS_MSK,AL | ATTRV | ATTRWT,biceps_rupture,"Spontaneous distal biceps tendon rupture (""Popeye sign"")",ICD10,M65.351,"Trigger finger, right little finger",352,74,DIRECT_TARGET,True,SOURCE_CANDIDATE,EXACT,Match biceps-tendon rupture/Popeye-deformity language only. Rotator-cuff disease and trigger finger are separate orthopedic atoms.,local,True,0.0,,3,CODE_REUSED_IN_CONFIG | ZERO_LEXICAL_ALIGNMENT_REVIEW | CAN_FIRE_ALONE | DIRECT_TARGET
ATOM,v5/config/shared/atoms/ORTHOPEDICS_MSK.json,ORTHOPEDICS_MSK,AL | ATTRV | ATTRWT,biceps_rupture,"Spontaneous distal biceps tendon rupture (""Popeye sign"")",ICD10,M65.352,"Trigger finger, left little finger",178,47,DIRECT_TARGET,True,SOURCE_CANDIDATE,EXACT,Match biceps-tendon rupture/Popeye-deformity language only. Rotator-cuff disease and trigger finger are separate orthopedic atoms.,local,True,0.0,,3,CODE_REUSED_IN_CONFIG | ZERO_LEXICAL_ALIGNMENT_REVIEW | CAN_FIRE_ALONE | DIRECT_TARGET
ATOM,v5/config/shared/atoms/ORTHOPEDICS_MSK.json,ORTHOPEDICS_MSK,AL | ATTRV | ATTRWT,biceps_rupture,"Spontaneous distal biceps tendon rupture (""Popeye sign"")",ICD10,M65.359,"Trigger finger, unspecified little finger",2,2,DIRECT_TARGET,True,SOURCE_CANDIDATE,EXACT,Match biceps-tendon rupture/Popeye-deformity language only. Rotator-cuff disease and trigger finger are separate orthopedic atoms.,local,True,0.0,,3,CODE_REUSED_IN_CONFIG | ZERO_LEXICAL_ALIGNMENT_REVIEW | CAN_FIRE_ALONE | DIRECT_TARGET
ATOM,v5/config/shared/atoms/ORTHOPEDICS_MSK.json,ORTHOPEDICS_MSK,AL | ATTRV | ATTRWT,biceps_rupture,"Spontaneous distal biceps tendon rupture (""Popeye sign"")",ICD10,M65.9,"Synovitis and tenosynovitis, unspecified",4431,371,DIRECT_TARGET,True,SOURCE_CANDIDATE,EXACT,Match biceps-tendon rupture/Popeye-deformity language only. Rotator-cuff disease and trigger finger are separate orthopedic atoms.,local,True,0.0,,3,CODE_REUSED_IN_CONFIG | ZERO_LEXICAL_ALIGNMENT_REVIEW | CAN_FIRE_ALONE | DIRECT_TARGET
ATOM,v5/config/shared/atoms/ORTHOPEDICS_MSK.json,ORTHOPEDICS_MSK,AL | ATTRV | ATTRWT,biceps_rupture,"Spontaneous distal biceps tendon rupture (""Popeye sign"")",SNOMED_CT,428883008,,0,0,DIRECT_TARGET,True,SOURCE_CANDIDATE,EXACT,Match biceps-tendon rupture/Popeye-deformity language only. Rotator-cuff disease and trigger finger are separate orthopedic atoms.,,,0.0,,1,NOT_IN_WAREHOUSE_VOCABULARY | CAN_FIRE_ALONE | DIRECT_TARGET
ATOM,v5/config/shared/atoms/ORTHOPEDICS_MSK.json,ORTHOPEDICS_MSK,AL | ATTRV | ATTRWT,biceps_rupture,"Spontaneous distal biceps tendon rupture (""Popeye sign"")",SNOMED_CT,86128003,,0,0,DIRECT_TARGET,True,SOURCE_CANDIDATE,EXACT,Match biceps-tendon rupture/Popeye-deformity language only. Rotator-cuff disease and trigger finger are separate orthopedic atoms.,,,0.0,,1,NOT_IN_WAREHOUSE_VOCABULARY | CAN_FIRE_ALONE | DIRECT_TARGET
ATOM,v5/config/shared/atoms/ORTHOPEDICS_MSK.json,ORTHOPEDICS,AL | ATTRWT,ctr_any,Carpal tunnel release procedure,ICD10,Z98.890,Other specified postprocedural states,50279,9543,DIRECT_TARGET,True,SOURCE_CANDIDATE,EXACT,Match only the canonical clinical concept 'Carpal tunnel release procedure'. Do not broaden to related but clinically distinct findings.,local,True,0.0,,3,CODE_REUSED_IN_CONFIG | ZERO_LEXICAL_ALIGNMENT_REVIEW | CAN_FIRE_ALONE | DIRECT_TARGET
ATOM,v5/config/shared/atoms/ORTHOPEDICS_MSK.json,ORTHOPEDICS,AL | ATTRWT,cts_any,Carpal tunnel syndrome,ICD10,G56.00,"Carpal tunnel syndrome, unspecified upper limb",456,118,DIRECT_TARGET,True,SOURCE_CANDIDATE,EXACT,Match only the canonical clinical concept 'Carpal tunnel syndrome'. Do not broaden to related but clinically distinct findings.,local,True,0.5,"carpal, tunnel",1,CAN_FIRE_ALONE | DIRECT_TARGET
ATOM,v5/config/shared/atoms/ORTHOPEDICS_MSK.json,ORTHOPEDICS,AL | ATTRWT,cts_any,Carpal tunnel syndrome,ICD10,G56.0,,0,0,DIRECT_TARGET,True,SOURCE_CANDIDATE,EXACT,Match only the canonical clinical concept 'Carpal tunnel syndrome'. Do not broaden to related but clinically distinct findings.,,,0.0,,1,NOT_IN_WAREHOUSE_VOCABULARY | CAN_FIRE_ALONE | DIRECT_TARGET
ATOM,v5/config/shared/atoms/ORTHOPEDICS_MSK.json,ORTHOPEDICS_MSK,AL | ATTRV | ATTRWT,cts_bilateral,Bilateral carpal tunnel syndrome,ICD10,G56.03,"Carpal tunnel syndrome, bilateral upper limbs",23659,2909,DIRECT_TARGET,True,SOURCE_CANDIDATE,EXACT,"Require explicit bilateral/right-and-left wording. Recurrence, revision surgery, or persistent symptoms after release do not by themselves establish bilaterality.",local,True,0.6,"bilateral, carpal, tunnel",1,CAN_FIRE_ALONE | DIRECT_TARGET
ATOM,v5/config/shared/atoms/ORTHOPEDICS_MSK.json,ORTHOPEDICS,ATTRWT,lumbar_decompression,Lumbar decompression / laminectomy,ICD10,Z98.890,Other specified postprocedural states,50279,9543,DIRECT_TARGET,True,SOURCE_CANDIDATE,EXACT,Match only the canonical clinical concept 'Lumbar decompression / laminectomy'. Do not broaden to related but clinically distinct findings.,local,True,0.0,,3,CODE_REUSED_IN_CONFIG | ZERO_LEXICAL_ALIGNMENT_REVIEW | CAN_FIRE_ALONE | DIRECT_TARGET
ATOM,v5/config/shared/atoms/ORTHOPEDICS_MSK.json,ORTHOPEDICS_MSK,AL | ATTRV | ATTRWT,lumbar_stenosis,Lumbar spinal stenosis,ICD10,M48.062,"Spinal stenosis, lumbar region with neurogenic claudication",11812,1054,DIRECT_TARGET,True,SOURCE_CANDIDATE,EXACT,Match explicit lumbar spinal/canal stenosis language. Prior decompression or persistent postoperative symptoms alone do not create this atom.,local,True,0.833,"claudic, lumbar, neurogenic, spinal, stenosi",1,CAN_FIRE_ALONE | DIRECT_TARGET
ATOM,v5/config/shared/atoms/ORTHOPEDICS_MSK.json,ORTHOPEDICS_MSK,AL | ATTRV | ATTRWT,lumbar_stenosis,Lumbar spinal stenosis,ICD10,M48.061,"Spinal stenosis, lumbar region without neurogenic claudication",8188,1097,DIRECT_TARGET,True,SOURCE_CANDIDATE,EXACT,Match explicit lumbar spinal/canal stenosis language. Prior decompression or persistent postoperative symptoms alone do not create this atom.,local,True,0.833,"claudic, lumbar, neurogenic, spinal, stenosi",1,CAN_FIRE_ALONE | DIRECT_TARGET
ATOM,v5/config/shared/atoms/ORTHOPEDICS_MSK.json,ORTHOPEDICS_MSK,AL | ATTRV | ATTRWT,lumbar_stenosis,Lumbar spinal stenosis,ICD10,M48.06,,0,0,DIRECT_TARGET,True,SOURCE_CANDIDATE,EXACT,Match explicit lumbar spinal/canal stenosis language. Prior decompression or persistent postoperative symptoms alone do not create this atom.,,,0.0,,1,NOT_IN_WAREHOUSE_VOCABULARY | CAN_FIRE_ALONE | DIRECT_TARGET
ATOM,v5/config/shared/atoms/ORTHOPEDICS_MSK.json,ORTHOPEDICS_MSK,AL | ATTRV | ATTRWT,lumbar_stenosis,Lumbar spinal stenosis,ICD10,M48.07,"Spinal stenosis, lumbosacral region",1336,198,DIRECT_TARGET,True,SOURCE_CANDIDATE,EXACT,Match explicit lumbar spinal/canal stenosis language. Prior decompression or persistent postoperative symptoms alone do not create this atom.,local,True,0.5,"spinal, stenosi",1,CAN_FIRE_ALONE | DIRECT_TARGET
ATOM,v5/config/shared/atoms/ORTHOPEDICS_MSK.json,ORTHOPEDICS_MSK,AL | ATTRV | ATTRWT,lumbar_stenosis,Lumbar spinal stenosis,ICD10,M48.00,"Spinal stenosis, site unspecified",1471,210,DIRECT_TARGET,True,SOURCE_CANDIDATE,EXACT,Match explicit lumbar spinal/canal stenosis language. Prior decompression or persistent postoperative symptoms alone do not create this atom.,local,True,0.667,"spinal, stenosi",1,CAN_FIRE_ALONE | DIRECT_TARGET
ATOM,v5/config/shared/atoms/ORTHOPEDICS_MSK.json,ORTHOPEDICS_MSK,AL | ATTRV | ATTRWT,lumbar_stenosis,Lumbar spinal stenosis,SNOMED_CT,18347007,,0,0,DIRECT_TARGET,True,SOURCE_CANDIDATE,EXACT,Match explicit lumbar spinal/canal stenosis language. Prior decompression or persistent postoperative symptoms alone do not create this atom.,,,0.0,,1,NOT_IN_WAREHOUSE_VOCABULARY | CAN_FIRE_ALONE | DIRECT_TARGET
ATOM,v5/config/shared/atoms/ORTHOPEDICS_MSK.json,ORTHOPEDICS_MSK,AL | ATTRV | ATTRWT,lumbar_stenosis,Lumbar spinal stenosis,SNOMED_CT,76107001,,0,0,DIRECT_TARGET,True,SOURCE_CANDIDATE,EXACT,Match explicit lumbar spinal/canal stenosis language. Prior decompression or persistent postoperative symptoms alone do not create this atom.,,,0.0,,1,NOT_IN_WAREHOUSE_VOCABULARY | CAN_FIRE_ALONE | DIRECT_TARGET
ATOM,v5/config/shared/atoms/ORTHOPEDICS_MSK.json,ORTHOPEDICS_MSK,AL | ATTRV | ATTRWT,lumbar_stenosis,Lumbar spinal stenosis,SNOMED_CT,303081002,,0,0,DIRECT_TARGET,True,SOURCE_CANDIDATE,EXACT,Match explicit lumbar spinal/canal stenosis language. Prior decompression or persistent postoperative symptoms alone do not create this atom.,,,0.0,,1,NOT_IN_WAREHOUSE_VOCABULARY | CAN_FIRE_ALONE | DIRECT_TARGET
ATOM,v5/config/shared/atoms/ORTHOPEDICS_MSK.json,ORTHOPEDICS_MSK,AL | ATTRV | ATTRWT,lumbar_stenosis,Lumbar spinal stenosis,SNOMED_CT,302129007,,0,0,DIRECT_TARGET,True,SOURCE_CANDIDATE,EXACT,Match explicit lumbar spinal/canal stenosis language. Prior decompression or persistent postoperative symptoms alone do not create this atom.,,,0.0,,1,NOT_IN_WAREHOUSE_VOCABULARY | CAN_FIRE_ALONE | DIRECT_TARGET
ATOM,v5/config/shared/atoms/ORTHOPEDICS_MSK.json,ORTHOPEDICS_MSK,ATTRV | ATTRWT,rotator_cuff,Rotator cuff tear / repair,ICD10,M75.100,"Unspecified rotator cuff tear or rupture of unspecified shoulder, not specified as traumatic",123,18,DIRECT_TARGET,True,SOURCE_CANDIDATE,EXACT,"Match rotator-cuff tear/repair language only. Biceps rupture, trigger finger, and generic tenosynovitis are separate atoms.",local,True,0.833,"cuff, rotator, rupture, shoulder, tear",3,CODE_REUSED_IN_CONFIG | CAN_FIRE_ALONE | DIRECT_TARGET
ATOM,v5/config/shared/atoms/ORTHOPEDICS_MSK.json,ORTHOPEDICS_MSK,ATTRV | ATTRWT,rotator_cuff,Rotator cuff tear / repair,ICD10,M75.101,"Unspecified rotator cuff tear or rupture of right shoulder, not specified as traumatic",3588,489,DIRECT_TARGET,True,SOURCE_CANDIDATE,EXACT,"Match rotator-cuff tear/repair language only. Biceps rupture, trigger finger, and generic tenosynovitis are separate atoms.",local,True,0.833,"cuff, rotator, rupture, shoulder, tear",3,CODE_REUSED_IN_CONFIG | CAN_FIRE_ALONE | DIRECT_TARGET
ATOM,v5/config/shared/atoms/ORTHOPEDICS_MSK.json,ORTHOPEDICS_MSK,ATTRV | ATTRWT,rotator_cuff,Rotator cuff tear / repair,ICD10,M75.102,"Unspecified rotator cuff tear or rupture of left shoulder, not specified as traumatic",2434,326,DIRECT_TARGET,True,SOURCE_CANDIDATE,EXACT,"Match rotator-cuff tear/repair language only. Biceps rupture, trigger finger, and generic tenosynovitis are separate atoms.",local,True,0.833,"cuff, rotator, rupture, shoulder, tear",3,CODE_REUSED_IN_CONFIG | CAN_FIRE_ALONE | DIRECT_TARGET
ATOM,v5/config/shared/atoms/ORTHOPEDICS_MSK.json,ORTHOPEDICS_MSK,ATTRV | ATTRWT,rotator_cuff,Rotator cuff tear / repair,ICD10,M66.821,,0,0,DIRECT_TARGET,True,SOURCE_CANDIDATE,EXACT,"Match rotator-cuff tear/repair language only. Biceps rupture, trigger finger, and generic tenosynovitis are separate atoms.",,,0.0,,3,NOT_IN_WAREHOUSE_VOCABULARY | CODE_REUSED_IN_CONFIG | CAN_FIRE_ALONE | DIRECT_TARGET
ATOM,v5/config/shared/atoms/ORTHOPEDICS_MSK.json,ORTHOPEDICS_MSK,ATTRV | ATTRWT,rotator_cuff,Rotator cuff tear / repair,ICD10,M66.822,,0,0,DIRECT_TARGET,True,SOURCE_CANDIDATE,EXACT,"Match rotator-cuff tear/repair language only. Biceps rupture, trigger finger, and generic tenosynovitis are separate atoms.",,,0.0,,3,NOT_IN_WAREHOUSE_VOCABULARY | CODE_REUSED_IN_CONFIG | CAN_FIRE_ALONE | DIRECT_TARGET
ATOM,v5/config/shared/atoms/ORTHOPEDICS_MSK.json,ORTHOPEDICS_MSK,ATTRV | ATTRWT,rotator_cuff,Rotator cuff tear / repair,ICD10,M65.30,"Trigger finger, unspecified finger",1195,275,DIRECT_TARGET,True,SOURCE_CANDIDATE,EXACT,"Match rotator-cuff tear/repair language only. Biceps rupture, trigger finger, and generic tenosynovitis are separate atoms.",local,True,0.0,,3,CODE_REUSED_IN_CONFIG | ZERO_LEXICAL_ALIGNMENT_REVIEW | CAN_FIRE_ALONE | DIRECT_TARGET
ATOM,v5/config/shared/atoms/ORTHOPEDICS_MSK.json,ORTHOPEDICS_MSK,ATTRV | ATTRWT,rotator_cuff,Rotator cuff tear / repair,ICD10,M65.311,"Trigger thumb, right thumb",2076,377,DIRECT_TARGET,True,SOURCE_CANDIDATE,EXACT,"Match rotator-cuff tear/repair language only. Biceps rupture, trigger finger, and generic tenosynovitis are separate atoms.",local,True,0.0,,3,CODE_REUSED_IN_CONFIG | ZERO_LEXICAL_ALIGNMENT_REVIEW | CAN_FIRE_ALONE | DIRECT_TARGET
ATOM,v5/config/shared/atoms/ORTHOPEDICS_MSK.json,ORTHOPEDICS_MSK,ATTRV | ATTRWT,rotator_cuff,Rotator cuff tear / repair,ICD10,M65.312,"Trigger thumb, left thumb",1242,276,DIRECT_TARGET,True,SOURCE_CANDIDATE,EXACT,"Match rotator-cuff tear/repair language only. Biceps rupture, trigger finger, and generic tenosynovitis are separate atoms.",local,True,0.0,,3,CODE_REUSED_IN_CONFIG | ZERO_LEXICAL_ALIGNMENT_REVIEW | CAN_FIRE_ALONE | DIRECT_TARGET
ATOM,v5/config/shared/atoms/ORTHOPEDICS_MSK.json,ORTHOPEDICS_MSK,ATTRV | ATTRWT,rotator_cuff,Rotator cuff tear / repair,ICD10,M65.319,"Trigger thumb, unspecified thumb",82,20,DIRECT_TARGET,True,SOURCE_CANDIDATE,EXACT,"Match rotator-cuff tear/repair language only. Biceps rupture, trigger finger, and generic tenosynovitis are separate atoms.",local,True,0.0,,3,CODE_REUSED_IN_CONFIG | ZERO_LEXICAL_ALIGNMENT_REVIEW | CAN_FIRE_ALONE | DIRECT_TARGET
ATOM,v5/config/shared/atoms/ORTHOPEDICS_MSK.json,ORTHOPEDICS_MSK,ATTRV | ATTRWT,rotator_cuff,Rotator cuff tear / repair,ICD10,M65.321,"Trigger finger, right index finger",1120,203,DIRECT_TARGET,True,SOURCE_CANDIDATE,EXACT,"Match rotator-cuff tear/repair language only. Biceps rupture, trigger finger, and generic tenosynovitis are separate atoms.",local,True,0.0,,3,CODE_REUSED_IN_CONFIG | ZERO_LEXICAL_ALIGNMENT_REVIEW | CAN_FIRE_ALONE | DIRECT_TARGET
ATOM,v5/config/shared/atoms/ORTHOPEDICS_MSK.json,ORTHOPEDICS_MSK,ATTRV | ATTRWT,rotator_cuff,Rotator cuff tear / repair,ICD10,M65.322,"Trigger finger, left index finger",513,114,DIRECT_TARGET,True,SOURCE_CANDIDATE,EXACT,"Match rotator-cuff tear/repair language only. Biceps rupture, trigger finger, and generic tenosynovitis are separate atoms.",local,True,0.0,,3,CODE_REUSED_IN_CONFIG | ZERO_LEXICAL_ALIGNMENT_REVIEW | CAN_FIRE_ALONE | DIRECT_TARGET
ATOM,v5/config/shared/atoms/ORTHOPEDICS_MSK.json,ORTHOPEDICS_MSK,ATTRV | ATTRWT,rotator_cuff,Rotator cuff tear / repair,ICD10,M65.329,"Trigger finger, unspecified index finger",62,11,DIRECT_TARGET,True,SOURCE_CANDIDATE,EXACT,"Match rotator-cuff tear/repair language only. Biceps rupture, trigger finger, and generic tenosynovitis are separate atoms.",local,True,0.0,,3,CODE_REUSED_IN_CONFIG | ZERO_LEXICAL_ALIGNMENT_REVIEW | CAN_FIRE_ALONE | DIRECT_TARGET
ATOM,v5/config/shared/atoms/ORTHOPEDICS_MSK.json,ORTHOPEDICS_MSK,ATTRV | ATTRWT,rotator_cuff,Rotator cuff tear / repair,ICD10,M65.331,"Trigger finger, right middle finger",3211,575,DIRECT_TARGET,True,SOURCE_CANDIDATE,EXACT,"Match rotator-cuff tear/repair language only. Biceps rupture, trigger finger, and generic tenosynovitis are separate atoms.",local,True,0.0,,3,CODE_REUSED_IN_CONFIG | ZERO_LEXICAL_ALIGNMENT_REVIEW | CAN_FIRE_ALONE | DIRECT_TARGET
ATOM,v5/config/shared/atoms/ORTHOPEDICS_MSK.json,ORTHOPEDICS_MSK,ATTRV | ATTRWT,rotator_cuff,Rotator cuff tear / repair,ICD10,M65.332,"Trigger finger, left middle finger",2445,381,DIRECT_TARGET,True,SOURCE_CANDIDATE,EXACT,"Match rotator-cuff tear/repair language only. Biceps rupture, trigger finger, and generic tenosynovitis are separate atoms.",local,True,0.0,,3,CODE_REUSED_IN_CONFIG | ZERO_LEXICAL_ALIGNMENT_REVIEW | CAN_FIRE_ALONE | DIRECT_TARGET
ATOM,v5/config/shared/atoms/ORTHOPEDICS_MSK.json,ORTHOPEDICS_MSK,ATTRV | ATTRWT,rotator_cuff,Rotator cuff tear / repair,ICD10,M65.339,"Trigger finger, unspecified middle finger",128,33,DIRECT_TARGET,True,SOURCE_CANDIDATE,EXACT,"Match rotator-cuff tear/repair language only. Biceps rupture, trigger finger, and generic tenosynovitis are separate atoms.",local,True,0.0,,3,CODE_REUSED_IN_CONFIG | ZERO_LEXICAL_ALIGNMENT_REVIEW | CAN_FIRE_ALONE | DIRECT_TARGET
ATOM,v5/config/shared/atoms/ORTHOPEDICS_MSK.json,ORTHOPEDICS_MSK,ATTRV | ATTRWT,rotator_cuff,Rotator cuff tear / repair,ICD10,M65.341,"Trigger finger, right ring finger",1998,323,DIRECT_TARGET,True,SOURCE_CANDIDATE,EXACT,"Match rotator-cuff tear/repair language only. Biceps rupture, trigger finger, and generic tenosynovitis are separate atoms.",local,True,0.0,,3,CODE_REUSED_IN_CONFIG | ZERO_LEXICAL_ALIGNMENT_REVIEW | CAN_FIRE_ALONE | DIRECT_TARGET
ATOM,v5/config/shared/atoms/ORTHOPEDICS_MSK.json,ORTHOPEDICS_MSK,ATTRV | ATTRWT,rotator_cuff,Rotator cuff tear / repair,ICD10,M65.342,"Trigger finger, left ring finger",1212,227,DIRECT_TARGET,True,SOURCE_CANDIDATE,EXACT,"Match rotator-cuff tear/repair language only. Biceps rupture, trigger finger, and generic tenosynovitis are separate atoms.",local,True,0.0,,3,CODE_REUSED_IN_CONFIG | ZERO_LEXICAL_ALIGNMENT_REVIEW | CAN_FIRE_ALONE | DIRECT_TARGET
ATOM,v5/config/shared/atoms/ORTHOPEDICS_MSK.json,ORTHOPEDICS_MSK,ATTRV | ATTRWT,rotator_cuff,Rotator cuff tear / repair,ICD10,M65.349,"Trigger finger, unspecified ring finger",22,10,DIRECT_TARGET,True,SOURCE_CANDIDATE,EXACT,"Match rotator-cuff tear/repair language only. Biceps rupture, trigger finger, and generic tenosynovitis are separate atoms.",local,True,0.0,,3,CODE_REUSED_IN_CONFIG | ZERO_LEXICAL_ALIGNMENT_REVIEW | CAN_FIRE_ALONE | DIRECT_TARGET
ATOM,v5/config/shared/atoms/ORTHOPEDICS_MSK.json,ORTHOPEDICS_MSK,ATTRV | ATTRWT,rotator_cuff,Rotator cuff tear / repair,ICD10,M65.351,"Trigger finger, right little finger",352,74,DIRECT_TARGET,True,SOURCE_CANDIDATE,EXACT,"Match rotator-cuff tear/repair language only. Biceps rupture, trigger finger, and generic tenosynovitis are separate atoms.",local,True,0.0,,3,CODE_REUSED_IN_CONFIG | ZERO_LEXICAL_ALIGNMENT_REVIEW | CAN_FIRE_ALONE | DIRECT_TARGET
ATOM,v5/config/shared/atoms/ORTHOPEDICS_MSK.json,ORTHOPEDICS_MSK,ATTRV | ATTRWT,rotator_cuff,Rotator cuff tear / repair,ICD10,M65.352,"Trigger finger, left little finger",178,47,DIRECT_TARGET,True,SOURCE_CANDIDATE,EXACT,"Match rotator-cuff tear/repair language only. Biceps rupture, trigger finger, and generic tenosynovitis are separate atoms.",local,True,0.0,,3,CODE_REUSED_IN_CONFIG | ZERO_LEXICAL_ALIGNMENT_REVIEW | CAN_FIRE_ALONE | DIRECT_TARGET
ATOM,v5/config/shared/atoms/ORTHOPEDICS_MSK.json,ORTHOPEDICS_MSK,ATTRV | ATTRWT,rotator_cuff,Rotator cuff tear / repair,ICD10,M65.359,"Trigger finger, unspecified little finger",2,2,DIRECT_TARGET,True,SOURCE_CANDIDATE,EXACT,"Match rotator-cuff tear/repair language only. Biceps rupture, trigger finger, and generic tenosynovitis are separate atoms.",local,True,0.0,,3,CODE_REUSED_IN_CONFIG | ZERO_LEXICAL_ALIGNMENT_REVIEW | CAN_FIRE_ALONE | DIRECT_TARGET
ATOM,v5/config/shared/atoms/ORTHOPEDICS_MSK.json,ORTHOPEDICS_MSK,ATTRV | ATTRWT,rotator_cuff,Rotator cuff tear / repair,ICD10,M65.9,"Synovitis and tenosynovitis, unspecified",4431,371,DIRECT_TARGET,True,SOURCE_CANDIDATE,EXACT,"Match rotator-cuff tear/repair language only. Biceps rupture, trigger finger, and generic tenosynovitis are separate atoms.",local,True,0.0,,3,CODE_REUSED_IN_CONFIG | ZERO_LEXICAL_ALIGNMENT_REVIEW | CAN_FIRE_ALONE | DIRECT_TARGET
ATOM,v5/config/shared/atoms/ORTHOPEDICS_MSK.json,ORTHOPEDICS_MSK,ATTRV | ATTRWT,rotator_cuff,Rotator cuff tear / repair,SNOMED_CT,926335004,,0,0,DIRECT_TARGET,True,SOURCE_CANDIDATE,EXACT,"Match rotator-cuff tear/repair language only. Biceps rupture, trigger finger, and generic tenosynovitis are separate atoms.",,,0.0,,1,NOT_IN_WAREHOUSE_VOCABULARY | CAN_FIRE_ALONE | DIRECT_TARGET
ATOM,v5/config/shared/atoms/ORTHOPEDICS_MSK.json,ORTHOPEDICS,ATTRWT,shoulder_disorder,Other shoulder disorder,ICD10,M75.00,Adhesive capsulitis of unspecified shoulder,50,11,DIRECT_TARGET,True,SOURCE_CANDIDATE,EXACT,Match only the canonical clinical concept 'Other shoulder disorder'. Do not broaden to related but clinically distinct findings.,local,True,1.0,"adhesive, capsuliti, shoulder",1,CAN_FIRE_ALONE | DIRECT_TARGET
ATOM,v5/config/shared/atoms/ORTHOPEDICS_MSK.json,ORTHOPEDICS,ATTRWT,shoulder_disorder,Other shoulder disorder,ICD10,M75.01,Adhesive capsulitis of right shoulder,3514,374,DIRECT_TARGET,True,SOURCE_CANDIDATE,EXACT,Match only the canonical clinical concept 'Other shoulder disorder'. Do not broaden to related but clinically distinct findings.,local,True,0.75,"adhesive, capsuliti, shoulder",1,CAN_FIRE_ALONE | DIRECT_TARGET
ATOM,v5/config/shared/atoms/ORTHOPEDICS_MSK.json,ORTHOPEDICS,ATTRWT,shoulder_disorder,Other shoulder disorder,ICD10,M75.02,Adhesive capsulitis of left shoulder,4364,399,DIRECT_TARGET,True,SOURCE_CANDIDATE,EXACT,Match only the canonical clinical concept 'Other shoulder disorder'. Do not broaden to related but clinically distinct findings.,local,True,0.75,"adhesive, capsuliti, shoulder",1,CAN_FIRE_ALONE | DIRECT_TARGET
ATOM,v5/config/shared/atoms/ORTHOPEDICS_MSK.json,ORTHOPEDICS,ATTRWT,shoulder_disorder,Other shoulder disorder,ICD10,M75.40,Impingement syndrome of unspecified shoulder,127,30,DIRECT_TARGET,True,SOURCE_CANDIDATE,EXACT,Match only the canonical clinical concept 'Other shoulder disorder'. Do not broaden to related but clinically distinct findings.,local,True,1.0,"impinge, shoulder",1,CAN_FIRE_ALONE | DIRECT_TARGET
ATOM,v5/config/shared/atoms/ORTHOPEDICS_MSK.json,ORTHOPEDICS,ATTRWT,shoulder_disorder,Other shoulder disorder,ICD10,M75.41,Impingement syndrome of right shoulder,2820,438,DIRECT_TARGET,True,SOURCE_CANDIDATE,EXACT,Match only the canonical clinical concept 'Other shoulder disorder'. Do not broaden to related but clinically distinct findings.,local,True,0.667,"impinge, shoulder",1,CAN_FIRE_ALONE | DIRECT_TARGET
ATOM,v5/config/shared/atoms/ORTHOPEDICS_MSK.json,ORTHOPEDICS,ATTRWT,shoulder_disorder,Other shoulder disorder,ICD10,M75.42,Impingement syndrome of left shoulder,2065,339,DIRECT_TARGET,True,SOURCE_CANDIDATE,EXACT,Match only the canonical clinical concept 'Other shoulder disorder'. Do not broaden to related but clinically distinct findings.,local,True,0.667,"impinge, shoulder",1,CAN_FIRE_ALONE | DIRECT_TARGET
ATOM,v5/config/shared/atoms/ORTHOPEDICS_MSK.json,ORTHOPEDICS,ATTRWT,shoulder_disorder,Other shoulder disorder,ICD10,M75.20,"Bicipital tendinitis, unspecified shoulder",13,5,DIRECT_TARGET,True,SOURCE_CANDIDATE,EXACT,Match only the canonical clinical concept 'Other shoulder disorder'. Do not broaden to related but clinically distinct findings.,local,True,1.0,"bicipital, shoulder, tendiniti",1,CAN_FIRE_ALONE | DIRECT_TARGET
ATOM,v5/config/shared/atoms/ORTHOPEDICS_MSK.json,ORTHOPEDICS,ATTRWT,shoulder_disorder,Other shoulder disorder,ICD10,M75.21,"Bicipital tendinitis, right shoulder",879,134,DIRECT_TARGET,True,SOURCE_CANDIDATE,EXACT,Match only the canonical clinical concept 'Other shoulder disorder'. Do not broaden to related but clinically distinct findings.,local,True,0.75,"bicipital, shoulder, tendiniti",1,CAN_FIRE_ALONE | DIRECT_TARGET
ATOM,v5/config/shared/atoms/ORTHOPEDICS_MSK.json,ORTHOPEDICS,ATTRWT,shoulder_disorder,Other shoulder disorder,ICD10,M75.22,"Bicipital tendinitis, left shoulder",410,90,DIRECT_TARGET,True,SOURCE_CANDIDATE,EXACT,Match only the canonical clinical concept 'Other shoulder disorder'. Do not broaden to related but clinically distinct findings.,local,True,0.75,"bicipital, shoulder, tendiniti",1,CAN_FIRE_ALONE | DIRECT_TARGET
ATOM,v5/config/shared/atoms/ORTHOPEDICS_MSK.json,ORTHOPEDICS,ATTRWT,shoulder_disorder,Other shoulder disorder,ICD10,M75.80,"Other shoulder lesions, unspecified shoulder",61,13,DIRECT_TARGET,True,SOURCE_CANDIDATE,EXACT,Match only the canonical clinical concept 'Other shoulder disorder'. Do not broaden to related but clinically distinct findings.,local,True,0.5,shoulder,1,CAN_FIRE_ALONE | DIRECT_TARGET
ATOM,v5/config/shared/atoms/ORTHOPEDICS_MSK.json,ORTHOPEDICS,ATTRWT,shoulder_disorder,Other shoulder disorder,SNOMED_CT,239960007,,0,0,DIRECT_TARGET,True,SOURCE_CANDIDATE,EXACT,Match only the canonical clinical concept 'Other shoulder disorder'. Do not broaden to related but clinically distinct findings.,,,0.0,,1,NOT_IN_WAREHOUSE_VOCABULARY | CAN_FIRE_ALONE | DIRECT_TARGET
ATOM,v5/config/shared/atoms/ORTHOPEDICS_MSK.json,ORTHOPEDICS,ATTRWT,shoulder_disorder,Other shoulder disorder,SNOMED_CT,399114005,,0,0,DIRECT_TARGET,True,SOURCE_CANDIDATE,EXACT,Match only the canonical clinical concept 'Other shoulder disorder'. Do not broaden to related but clinically distinct findings.,,,0.0,,1,NOT_IN_WAREHOUSE_VOCABULARY | CAN_FIRE_ALONE | DIRECT_TARGET
ATOM,v5/config/shared/atoms/ORTHOPEDICS_MSK.json,ORTHOPEDICS,ATTRWT,shoulder_disorder,Other shoulder disorder,SNOMED_CT,202856007,,0,0,DIRECT_TARGET,True,SOURCE_CANDIDATE,EXACT,Match only the canonical clinical concept 'Other shoulder disorder'. Do not broaden to related but clinically distinct findings.,,,0.0,,1,NOT_IN_WAREHOUSE_VOCABULARY | CAN_FIRE_ALONE | DIRECT_TARGET
ATOM,v5/config/shared/atoms/ORTHOPEDICS_MSK.json,ORTHOPEDICS,ATTRWT,spontaneous_atraumatic_rupture,Spontaneous / trivial-trauma rupture mechanism,ICD10,M66.88,,0,0,DIRECT_TARGET,True,SOURCE_CANDIDATE,EXACT,Match only the canonical clinical concept 'Spontaneous / trivial-trauma rupture mechanism'. Do not broaden to related but clinically distinct findings.,,,0.0,,1,NOT_IN_WAREHOUSE_VOCABULARY | CAN_FIRE_ALONE | DIRECT_TARGET
ATOM,v5/config/shared/atoms/ORTHOPEDICS_MSK.json,ORTHOPEDICS,ATTRWT,spontaneous_atraumatic_rupture,Spontaneous / trivial-trauma rupture mechanism,ICD10,M66.8,,0,0,DIRECT_TARGET,True,SOURCE_CANDIDATE,EXACT,Match only the canonical clinical concept 'Spontaneous / trivial-trauma rupture mechanism'. Do not broaden to related but clinically distinct findings.,,,0.0,,1,NOT_IN_WAREHOUSE_VOCABULARY | CAN_FIRE_ALONE | DIRECT_TARGET
ATOM,v5/config/shared/atoms/ORTHOPEDICS_MSK.json,ORTHOPEDICS,ATTRWT,spontaneous_atraumatic_rupture,Spontaneous / trivial-trauma rupture mechanism,ICD10,M66.38,"Spontaneous rupture of flexor tendons, other site",63,1,DIRECT_TARGET,True,SOURCE_CANDIDATE,EXACT,Match only the canonical clinical concept 'Spontaneous / trivial-trauma rupture mechanism'. Do not broaden to related but clinically distinct findings.,local,True,0.6,"rupture, spontaneou, tendon",1,CAN_FIRE_ALONE | DIRECT_TARGET
ATOM,v5/config/shared/atoms/ORTHOPEDICS_MSK.json,ORTHOPEDICS,ATTRWT,spontaneous_atraumatic_rupture,Spontaneous / trivial-trauma rupture mechanism,ICD10,M66.9,,0,0,DIRECT_TARGET,True,SOURCE_CANDIDATE,EXACT,Match only the canonical clinical concept 'Spontaneous / trivial-trauma rupture mechanism'. Do not broaden to related but clinically distinct findings.,,,0.0,,2,NOT_IN_WAREHOUSE_VOCABULARY | CODE_REUSED_IN_CONFIG | CAN_FIRE_ALONE | DIRECT_TARGET
ATOM,v5/config/shared/atoms/ORTHOPEDICS_MSK.json,ORTHOPEDICS,ATTRWT,spontaneous_atraumatic_rupture,Spontaneous / trivial-trauma rupture mechanism,SNOMED_CT,414872006,,0,0,DIRECT_TARGET,True,SOURCE_CANDIDATE,EXACT,Match only the canonical clinical concept 'Spontaneous / trivial-trauma rupture mechanism'. Do not broaden to related but clinically distinct findings.,,,0.0,,1,NOT_IN_WAREHOUSE_VOCABULARY | CAN_FIRE_ALONE | DIRECT_TARGET
ATOM,v5/config/shared/atoms/ORTHOPEDICS_MSK.json,ORTHOPEDICS_MSK,AL | ATTRV | ATTRWT,trigger_finger,Trigger finger / stenosing tenosynovitis,ICD10,M65.30,"Trigger finger, unspecified finger",1195,275,DIRECT_TARGET,True,SOURCE_CANDIDATE,EXACT,Match trigger-digit/stenosing-tenosynovitis language only. Biceps rupture and rotator-cuff disease are separate atoms.,local,True,1.0,"finger, trigger",3,CODE_REUSED_IN_CONFIG | CAN_FIRE_ALONE | DIRECT_TARGET
ATOM,v5/config/shared/atoms/ORTHOPEDICS_MSK.json,ORTHOPEDICS_MSK,AL | ATTRV | ATTRWT,trigger_finger,Trigger finger / stenosing tenosynovitis,ICD10,M65.311,"Trigger thumb, right thumb",2076,377,DIRECT_TARGET,True,SOURCE_CANDIDATE,EXACT,Match trigger-digit/stenosing-tenosynovitis language only. Biceps rupture and rotator-cuff disease are separate atoms.,local,True,0.333,trigger,3,CODE_REUSED_IN_CONFIG | CAN_FIRE_ALONE | DIRECT_TARGET
ATOM,v5/config/shared/atoms/ORTHOPEDICS_MSK.json,ORTHOPEDICS_MSK,AL | ATTRV | ATTRWT,trigger_finger,Trigger finger / stenosing tenosynovitis,ICD10,M65.312,"Trigger thumb, left thumb",1242,276,DIRECT_TARGET,True,SOURCE_CANDIDATE,EXACT,Match trigger-digit/stenosing-tenosynovitis language only. Biceps rupture and rotator-cuff disease are separate atoms.,local,True,0.333,trigger,3,CODE_REUSED_IN_CONFIG | CAN_FIRE_ALONE | DIRECT_TARGET
ATOM,v5/config/shared/atoms/ORTHOPEDICS_MSK.json,ORTHOPEDICS_MSK,AL | ATTRV | ATTRWT,trigger_finger,Trigger finger / stenosing tenosynovitis,ICD10,M65.319,"Trigger thumb, unspecified thumb",82,20,DIRECT_TARGET,True,SOURCE_CANDIDATE,EXACT,Match trigger-digit/stenosing-tenosynovitis language only. Biceps rupture and rotator-cuff disease are separate atoms.,local,True,0.5,trigger,3,CODE_REUSED_IN_CONFIG | CAN_FIRE_ALONE | DIRECT_TARGET
ATOM,v5/config/shared/atoms/ORTHOPEDICS_MSK.json,ORTHOPEDICS_MSK,AL | ATTRV | ATTRWT,trigger_finger,Trigger finger / stenosing tenosynovitis,ICD10,M65.321,"Trigger finger, right index finger",1120,203,DIRECT_TARGET,True,SOURCE_CANDIDATE,EXACT,Match trigger-digit/stenosing-tenosynovitis language only. Biceps rupture and rotator-cuff disease are separate atoms.,local,True,0.5,"finger, trigger",3,CODE_REUSED_IN_CONFIG | CAN_FIRE_ALONE | DIRECT_TARGET
ATOM,v5/config/shared/atoms/ORTHOPEDICS_MSK.json,ORTHOPEDICS_MSK,AL | ATTRV | ATTRWT,trigger_finger,Trigger finger / stenosing tenosynovitis,ICD10,M65.322,"Trigger finger, left index finger",513,114,DIRECT_TARGET,True,SOURCE_CANDIDATE,EXACT,Match trigger-digit/stenosing-tenosynovitis language only. Biceps rupture and rotator-cuff disease are separate atoms.,local,True,0.5,"finger, trigger",3,CODE_REUSED_IN_CONFIG | CAN_FIRE_ALONE | DIRECT_TARGET
ATOM,v5/config/shared/atoms/ORTHOPEDICS_MSK.json,ORTHOPEDICS_MSK,AL | ATTRV | ATTRWT,trigger_finger,Trigger finger / stenosing tenosynovitis,ICD10,M65.329,"Trigger finger, unspecified index finger",62,11,DIRECT_TARGET,True,SOURCE_CANDIDATE,EXACT,Match trigger-digit/stenosing-tenosynovitis language only. Biceps rupture and rotator-cuff disease are separate atoms.,local,True,0.667,"finger, trigger",3,CODE_REUSED_IN_CONFIG | CAN_FIRE_ALONE | DIRECT_TARGET
ATOM,v5/config/shared/atoms/ORTHOPEDICS_MSK.json,ORTHOPEDICS_MSK,AL | ATTRV | ATTRWT,trigger_finger,Trigger finger / stenosing tenosynovitis,ICD10,M65.331,"Trigger finger, right middle finger",3211,575,DIRECT_TARGET,True,SOURCE_CANDIDATE,EXACT,Match trigger-digit/stenosing-tenosynovitis language only. Biceps rupture and rotator-cuff disease are separate atoms.,local,True,0.5,"finger, trigger",3,CODE_REUSED_IN_CONFIG | CAN_FIRE_ALONE | DIRECT_TARGET
ATOM,v5/config/shared/atoms/ORTHOPEDICS_MSK.json,ORTHOPEDICS_MSK,AL | ATTRV | ATTRWT,trigger_finger,Trigger finger / stenosing tenosynovitis,ICD10,M65.332,"Trigger finger, left middle finger",2445,381,DIRECT_TARGET,True,SOURCE_CANDIDATE,EXACT,Match trigger-digit/stenosing-tenosynovitis language only. Biceps rupture and rotator-cuff disease are separate atoms.,local,True,0.5,"finger, trigger",3,CODE_REUSED_IN_CONFIG | CAN_FIRE_ALONE | DIRECT_TARGET
ATOM,v5/config/shared/atoms/ORTHOPEDICS_MSK.json,ORTHOPEDICS_MSK,AL | ATTRV | ATTRWT,trigger_finger,Trigger finger / stenosing tenosynovitis,ICD10,M65.339,"Trigger finger, unspecified middle finger",128,33,DIRECT_TARGET,True,SOURCE_CANDIDATE,EXACT,Match trigger-digit/stenosing-tenosynovitis language only. Biceps rupture and rotator-cuff disease are separate atoms.,local,True,0.667,"finger, trigger",3,CODE_REUSED_IN_CONFIG | CAN_FIRE_ALONE | DIRECT_TARGET
ATOM,v5/config/shared/atoms/ORTHOPEDICS_MSK.json,ORTHOPEDICS_MSK,AL | ATTRV | ATTRWT,trigger_finger,Trigger finger / stenosing tenosynovitis,ICD10,M65.341,"Trigger finger, right ring finger",1998,323,DIRECT_TARGET,True,SOURCE_CANDIDATE,EXACT,Match trigger-digit/stenosing-tenosynovitis language only. Biceps rupture and rotator-cuff disease are separate atoms.,local,True,0.5,"finger, trigger",3,CODE_REUSED_IN_CONFIG | CAN_FIRE_ALONE | DIRECT_TARGET
ATOM,v5/config/shared/atoms/ORTHOPEDICS_MSK.json,ORTHOPEDICS_MSK,AL | ATTRV | ATTRWT,trigger_finger,Trigger finger / stenosing tenosynovitis,ICD10,M65.342,"Trigger finger, left ring finger",1212,227,DIRECT_TARGET,True,SOURCE_CANDIDATE,EXACT,Match trigger-digit/stenosing-tenosynovitis language only. Biceps rupture and rotator-cuff disease are separate atoms.,local,True,0.5,"finger, trigger",3,CODE_REUSED_IN_CONFIG | CAN_FIRE_ALONE | DIRECT_TARGET
ATOM,v5/config/shared/atoms/ORTHOPEDICS_MSK.json,ORTHOPEDICS_MSK,AL | ATTRV | ATTRWT,trigger_finger,Trigger finger / stenosing tenosynovitis,ICD10,M65.349,"Trigger finger, unspecified ring finger",22,10,DIRECT_TARGET,True,SOURCE_CANDIDATE,EXACT,Match trigger-digit/stenosing-tenosynovitis language only. Biceps rupture and rotator-cuff disease are separate atoms.,local,True,0.667,"finger, trigger",3,CODE_REUSED_IN_CONFIG | CAN_FIRE_ALONE | DIRECT_TARGET
ATOM,v5/config/shared/atoms/ORTHOPEDICS_MSK.json,ORTHOPEDICS_MSK,AL | ATTRV | ATTRWT,trigger_finger,Trigger finger / stenosing tenosynovitis,ICD10,M65.351,"Trigger finger, right little finger",352,74,DIRECT_TARGET,True,SOURCE_CANDIDATE,EXACT,Match trigger-digit/stenosing-tenosynovitis language only. Biceps rupture and rotator-cuff disease are separate atoms.,local,True,0.5,"finger, trigger",3,CODE_REUSED_IN_CONFIG | CAN_FIRE_ALONE | DIRECT_TARGET
ATOM,v5/config/shared/atoms/ORTHOPEDICS_MSK.json,ORTHOPEDICS_MSK,AL | ATTRV | ATTRWT,trigger_finger,Trigger finger / stenosing tenosynovitis,ICD10,M65.352,"Trigger finger, left little finger",178,47,DIRECT_TARGET,True,SOURCE_CANDIDATE,EXACT,Match trigger-digit/stenosing-tenosynovitis language only. Biceps rupture and rotator-cuff disease are separate atoms.,local,True,0.5,"finger, trigger",3,CODE_REUSED_IN_CONFIG | CAN_FIRE_ALONE | DIRECT_TARGET
ATOM,v5/config/shared/atoms/ORTHOPEDICS_MSK.json,ORTHOPEDICS_MSK,AL | ATTRV | ATTRWT,trigger_finger,Trigger finger / stenosing tenosynovitis,ICD10,M65.359,"Trigger finger, unspecified little finger",2,2,DIRECT_TARGET,True,SOURCE_CANDIDATE,EXACT,Match trigger-digit/stenosing-tenosynovitis language only. Biceps rupture and rotator-cuff disease are separate atoms.,local,True,0.667,"finger, trigger",3,CODE_REUSED_IN_CONFIG | CAN_FIRE_ALONE | DIRECT_TARGET
ATOM,v5/config/shared/atoms/ORTHOPEDICS_MSK.json,ORTHOPEDICS_MSK,AL | ATTRV | ATTRWT,trigger_finger,Trigger finger / stenosing tenosynovitis,ICD10,M65.841,"Other synovitis and tenosynovitis, right hand",309,80,DIRECT_TARGET,True,SOURCE_CANDIDATE,EXACT,Match trigger-digit/stenosing-tenosynovitis language only. Biceps rupture and rotator-cuff disease are separate atoms.,local,True,0.25,tenosynoviti,1,CAN_FIRE_ALONE | DIRECT_TARGET
ATOM,v5/config/shared/atoms/ORTHOPEDICS_MSK.json,ORTHOPEDICS_MSK,AL | ATTRV | ATTRWT,trigger_finger,Trigger finger / stenosing tenosynovitis,ICD10,M65.842,"Other synovitis and tenosynovitis, left hand",172,51,DIRECT_TARGET,True,SOURCE_CANDIDATE,EXACT,Match trigger-digit/stenosing-tenosynovitis language only. Biceps rupture and rotator-cuff disease are separate atoms.,local,True,0.25,tenosynoviti,1,CAN_FIRE_ALONE | DIRECT_TARGET
ATOM,v5/config/shared/atoms/ORTHOPEDICS_MSK.json,ORTHOPEDICS_MSK,AL | ATTRV | ATTRWT,trigger_finger,Trigger finger / stenosing tenosynovitis,ICD10,M65.849,"Other synovitis and tenosynovitis, unspecified hand",27,5,DIRECT_TARGET,True,SOURCE_CANDIDATE,EXACT,Match trigger-digit/stenosing-tenosynovitis language only. Biceps rupture and rotator-cuff disease are separate atoms.,local,True,0.333,tenosynoviti,1,CAN_FIRE_ALONE | DIRECT_TARGET
ATOM,v5/config/shared/atoms/ORTHOPEDICS_MSK.json,ORTHOPEDICS_MSK,AL | ATTRV | ATTRWT,trigger_finger,Trigger finger / stenosing tenosynovitis,ICD10,M65.9,"Synovitis and tenosynovitis, unspecified",4431,371,DIRECT_TARGET,True,SOURCE_CANDIDATE,EXACT,Match trigger-digit/stenosing-tenosynovitis language only. Biceps rupture and rotator-cuff disease are separate atoms.,local,True,0.5,tenosynoviti,3,CODE_REUSED_IN_CONFIG | CAN_FIRE_ALONE | DIRECT_TARGET
ATOM,v5/config/shared/atoms/ORTHOPEDICS_MSK.json,ORTHOPEDICS_MSK,AL | ATTRV | ATTRWT,trigger_finger,Trigger finger / stenosing tenosynovitis,ICD10,M66.821,,0,0,DIRECT_TARGET,True,SOURCE_CANDIDATE,EXACT,Match trigger-digit/stenosing-tenosynovitis language only. Biceps rupture and rotator-cuff disease are separate atoms.,,,0.0,,3,NOT_IN_WAREHOUSE_VOCABULARY | CODE_REUSED_IN_CONFIG | CAN_FIRE_ALONE | DIRECT_TARGET
ATOM,v5/config/shared/atoms/ORTHOPEDICS_MSK.json,ORTHOPEDICS_MSK,AL | ATTRV | ATTRWT,trigger_finger,Trigger finger / stenosing tenosynovitis,ICD10,M66.822,,0,0,DIRECT_TARGET,True,SOURCE_CANDIDATE,EXACT,Match trigger-digit/stenosing-tenosynovitis language only. Biceps rupture and rotator-cuff disease are separate atoms.,,,0.0,,3,NOT_IN_WAREHOUSE_VOCABULARY | CODE_REUSED_IN_CONFIG | CAN_FIRE_ALONE | DIRECT_TARGET
ATOM,v5/config/shared/atoms/ORTHOPEDICS_MSK.json,ORTHOPEDICS_MSK,AL | ATTRV | ATTRWT,trigger_finger,Trigger finger / stenosing tenosynovitis,ICD10,M75.100,"Unspecified rotator cuff tear or rupture of unspecified shoulder, not specified as traumatic",123,18,DIRECT_TARGET,True,SOURCE_CANDIDATE,EXACT,Match trigger-digit/stenosing-tenosynovitis language only. Biceps rupture and rotator-cuff disease are separate atoms.,local,True,0.0,,3,CODE_REUSED_IN_CONFIG | ZERO_LEXICAL_ALIGNMENT_REVIEW | CAN_FIRE_ALONE | DIRECT_TARGET
ATOM,v5/config/shared/atoms/ORTHOPEDICS_MSK.json,ORTHOPEDICS_MSK,AL | ATTRV | ATTRWT,trigger_finger,Trigger finger / stenosing tenosynovitis,ICD10,M75.101,"Unspecified rotator cuff tear or rupture of right shoulder, not specified as traumatic",3588,489,DIRECT_TARGET,True,SOURCE_CANDIDATE,EXACT,Match trigger-digit/stenosing-tenosynovitis language only. Biceps rupture and rotator-cuff disease are separate atoms.,local,True,0.0,,3,CODE_REUSED_IN_CONFIG | ZERO_LEXICAL_ALIGNMENT_REVIEW | CAN_FIRE_ALONE | DIRECT_TARGET
ATOM,v5/config/shared/atoms/ORTHOPEDICS_MSK.json,ORTHOPEDICS_MSK,AL | ATTRV | ATTRWT,trigger_finger,Trigger finger / stenosing tenosynovitis,ICD10,M75.102,"Unspecified rotator cuff tear or rupture of left shoulder, not specified as traumatic",2434,326,DIRECT_TARGET,True,SOURCE_CANDIDATE,EXACT,Match trigger-digit/stenosing-tenosynovitis language only. Biceps rupture and rotator-cuff disease are separate atoms.,local,True,0.0,,3,CODE_REUSED_IN_CONFIG | ZERO_LEXICAL_ALIGNMENT_REVIEW | CAN_FIRE_ALONE | DIRECT_TARGET
ATOM,v5/config/shared/atoms/ORTHOPEDICS_MSK.json,ORTHOPEDICS_MSK,AL | ATTRV | ATTRWT,trigger_finger,Trigger finger / stenosing tenosynovitis,SNOMED_CT,1539003,,0,0,DIRECT_TARGET,True,SOURCE_CANDIDATE,EXACT,Match trigger-digit/stenosing-tenosynovitis language only. Biceps rupture and rotator-cuff disease are separate atoms.,,,0.0,,1,NOT_IN_WAREHOUSE_VOCABULARY | CAN_FIRE_ALONE | DIRECT_TARGET
ATOM,v5/config/shared/atoms/ORTHOPEDICS_MSK.json,ORTHOPEDICS_MSK,AL | ATTRV | ATTRWT,trigger_finger,Trigger finger / stenosing tenosynovitis,SNOMED_CT,239987006,,0,0,DIRECT_TARGET,True,SOURCE_CANDIDATE,EXACT,Match trigger-digit/stenosing-tenosynovitis language only. Biceps rupture and rotator-cuff disease are separate atoms.,,,0.0,,1,NOT_IN_WAREHOUSE_VOCABULARY | CAN_FIRE_ALONE | DIRECT_TARGET
ATOM,v5/config/shared/atoms/ORTHOPEDICS_MSK.json,ORTHOPEDICS_MSK,AL | ATTRV | ATTRWT,trigger_finger,Trigger finger / stenosing tenosynovitis,SNOMED_CT,239267000,,0,0,DIRECT_TARGET,True,SOURCE_CANDIDATE,EXACT,Match trigger-digit/stenosing-tenosynovitis language only. Biceps rupture and rotator-cuff disease are separate atoms.,,,0.0,,2,NOT_IN_WAREHOUSE_VOCABULARY | CODE_REUSED_IN_CONFIG | CAN_FIRE_ALONE | DIRECT_TARGET
ATOM,v5/config/shared/atoms/ORTHOPEDICS_MSK.json,ORTHOPEDICS,ATTRWT,trigger_release,Trigger finger release procedure,ICD10,Z98.890,Other specified postprocedural states,50279,9543,DIRECT_TARGET,True,SOURCE_CANDIDATE,EXACT,Match only the canonical clinical concept 'Trigger finger release procedure'. Do not broaden to related but clinically distinct findings.,local,True,0.0,,3,CODE_REUSED_IN_CONFIG | ZERO_LEXICAL_ALIGNMENT_REVIEW | CAN_FIRE_ALONE | DIRECT_TARGET
ATOM,v5/config/shared/atoms/ORTHOPEDICS_MSK.json,ORTHOPEDICS,ATTRWT,trigger_release,Trigger finger release procedure,SNOMED_CT,239267000,,0,0,DIRECT_TARGET,True,SOURCE_CANDIDATE,EXACT,Match only the canonical clinical concept 'Trigger finger release procedure'. Do not broaden to related but clinically distinct findings.,,,0.0,,2,NOT_IN_WAREHOUSE_VOCABULARY | CODE_REUSED_IN_CONFIG | CAN_FIRE_ALONE | DIRECT_TARGET
ATOM,v5/config/shared/atoms/ORTHOPEDICS_MSK.json,ORTHOPEDICS,ATTRWT,trigger_release,Trigger finger release procedure,SNOMED_CT,1303621007,,0,0,DIRECT_TARGET,True,SOURCE_CANDIDATE,EXACT,Match only the canonical clinical concept 'Trigger finger release procedure'. Do not broaden to related but clinically distinct findings.,,,0.0,,1,NOT_IN_WAREHOUSE_VOCABULARY | CAN_FIRE_ALONE | DIRECT_TARGET
ATOM,v5/config/shared/atoms/ORTHOPEDICS_MSK.json,ORTHOPEDICS,ATTRWT,trigger_release,Trigger finger release procedure,SNOMED_CT,1303620008,,0,0,DIRECT_TARGET,True,SOURCE_CANDIDATE,EXACT,Match only the canonical clinical concept 'Trigger finger release procedure'. Do not broaden to related but clinically distinct findings.,,,0.0,,1,NOT_IN_WAREHOUSE_VOCABULARY | CAN_FIRE_ALONE | DIRECT_TARGET
ATOM,v5/config/shared/atoms/ORTHOPEDICS_MSK.json,ORTHOPEDICS,ATTRWT,trigger_release,Trigger finger release procedure,SNOMED_CT,239268005,,0,0,DIRECT_TARGET,True,SOURCE_CANDIDATE,EXACT,Match only the canonical clinical concept 'Trigger finger release procedure'. Do not broaden to related but clinically distinct findings.,,,0.0,,1,NOT_IN_WAREHOUSE_VOCABULARY | CAN_FIRE_ALONE | DIRECT_TARGET
ATOM,v5/config/shared/atoms/ORTHOPEDICS_MSK.json,ORTHOPEDICS,ATTRWT,trigger_release,Trigger finger release procedure,SNOMED_CT,1303617000,,0,0,DIRECT_TARGET,True,SOURCE_CANDIDATE,EXACT,Match only the canonical clinical concept 'Trigger finger release procedure'. Do not broaden to related but clinically distinct findings.,,,0.0,,1,NOT_IN_WAREHOUSE_VOCABULARY | CAN_FIRE_ALONE | DIRECT_TARGET
ATOM,v5/config/shared/atoms/ORTHOPEDICS_MSK.json,ORTHOPEDICS,ATTRWT,trigger_release,Trigger finger release procedure,SNOMED_CT,1303614007,,0,0,DIRECT_TARGET,True,SOURCE_CANDIDATE,EXACT,Match only the canonical clinical concept 'Trigger finger release procedure'. Do not broaden to related but clinically distinct findings.,,,0.0,,1,NOT_IN_WAREHOUSE_VOCABULARY | CAN_FIRE_ALONE | DIRECT_TARGET
ATOM,v5/config/shared/atoms/ORTHOPEDICS_MSK.json,ORTHOPEDICS,,wt03_traumatic_rupture,Traumatic biceps tendon rupture,ICD10,S46.11,,0,0,DIRECT_TARGET,True,SOURCE_CANDIDATE,EXACT,Match only the canonical clinical concept 'Traumatic biceps tendon rupture'. Do not broaden to related but clinically distinct findings.,,,0.0,,1,NOT_IN_WAREHOUSE_VOCABULARY | CAN_FIRE_ALONE | DIRECT_TARGET
ATOM,v5/config/shared/atoms/ORTHOPEDICS_MSK.json,ORTHOPEDICS,,wt03_traumatic_rupture,Traumatic biceps tendon rupture,ICD10,S46.21,,0,0,DIRECT_TARGET,True,SOURCE_CANDIDATE,EXACT,Match only the canonical clinical concept 'Traumatic biceps tendon rupture'. Do not broaden to related but clinically distinct findings.,,,0.0,,1,NOT_IN_WAREHOUSE_VOCABULARY | CAN_FIRE_ALONE | DIRECT_TARGET
ATOM,v5/config/shared/atoms/ORTHOPEDICS_MSK.json,ORTHOPEDICS,,wt03_traumatic_rupture,Traumatic biceps tendon rupture,ICD10,S46.12,,0,0,DIRECT_TARGET,True,SOURCE_CANDIDATE,EXACT,Match only the canonical clinical concept 'Traumatic biceps tendon rupture'. Do not broaden to related but clinically distinct findings.,,,0.0,,1,NOT_IN_WAREHOUSE_VOCABULARY | CAN_FIRE_ALONE | DIRECT_TARGET
ATOM,v5/config/shared/atoms/ORTHOPEDICS_MSK.json,ORTHOPEDICS,,wt03_traumatic_rupture,Traumatic biceps tendon rupture,ICD10,S46.22,,0,0,DIRECT_TARGET,True,SOURCE_CANDIDATE,EXACT,Match only the canonical clinical concept 'Traumatic biceps tendon rupture'. Do not broaden to related but clinically distinct findings.,,,0.0,,1,NOT_IN_WAREHOUSE_VOCABULARY | CAN_FIRE_ALONE | DIRECT_TARGET
ATOM,v5/config/shared/atoms/ORTHOPEDICS_MSK.json,ORTHOPEDICS,,wt03_traumatic_rupture,Traumatic biceps tendon rupture,ICD10,S46.1,,0,0,DIRECT_TARGET,True,SOURCE_CANDIDATE,EXACT,Match only the canonical clinical concept 'Traumatic biceps tendon rupture'. Do not broaden to related but clinically distinct findings.,,,0.0,,1,NOT_IN_WAREHOUSE_VOCABULARY | CAN_FIRE_ALONE | DIRECT_TARGET
ATOM,v5/config/shared/atoms/ORTHOPEDICS_MSK.json,ORTHOPEDICS,,wt03_traumatic_rupture,Traumatic biceps tendon rupture,ICD10,S46.2,,0,0,DIRECT_TARGET,True,SOURCE_CANDIDATE,EXACT,Match only the canonical clinical concept 'Traumatic biceps tendon rupture'. Do not broaden to related but clinically distinct findings.,,,0.0,,1,NOT_IN_WAREHOUSE_VOCABULARY | CAN_FIRE_ALONE | DIRECT_TARGET
ATOM,v5/config/shared/atoms/ORTHOPEDICS_MSK.json,ORTHOPEDICS,,wt03_traumatic_rupture,Traumatic biceps tendon rupture,SNOMED_CT,262979003,,0,0,DIRECT_TARGET,True,SOURCE_CANDIDATE,EXACT,Match only the canonical clinical concept 'Traumatic biceps tendon rupture'. Do not broaden to related but clinically distinct findings.,,,0.0,,1,NOT_IN_WAREHOUSE_VOCABULARY | CAN_FIRE_ALONE | DIRECT_TARGET
ATOM,v5/config/shared/atoms/PULMONOLOGY.json,PULMONOLOGY,,al28_competing_effusion,Competing cause of serosal effusion,ICD10,I26.99,Other pulmonary embolism without acute cor pulmonale,14912,1086,DIRECT_TARGET,True,SOURCE_CANDIDATE,EXACT,Use only as a clearly documented competing explanation that adequately explains the target finding; FALSE or UNKNOWN must not block.,local,True,0.0,,3,CODE_REUSED_IN_CONFIG | ZERO_LEXICAL_ALIGNMENT_REVIEW | CAN_FIRE_ALONE | DIRECT_TARGET
ATOM,v5/config/shared/atoms/PULMONOLOGY.json,PULMONOLOGY,,al28_competing_effusion,Competing cause of serosal effusion,ICD10,I50.9,"Heart failure, unspecified",60615,5219,DIRECT_TARGET,True,SOURCE_CANDIDATE,EXACT,Use only as a clearly documented competing explanation that adequately explains the target finding; FALSE or UNKNOWN must not block.,local,True,1.0,"failure, heart",5,CODE_REUSED_IN_CONFIG | CAN_FIRE_ALONE | DIRECT_TARGET
ATOM,v5/config/shared/atoms/PULMONOLOGY.json,PULMONOLOGY,,al28_competing_effusion,Competing cause of serosal effusion,ICD10,J18.0,"Bronchopneumonia, unspecified organism",77,15,DIRECT_TARGET,True,SOURCE_CANDIDATE,EXACT,Use only as a clearly documented competing explanation that adequately explains the target finding; FALSE or UNKNOWN must not block.,local,True,0.0,,1,ZERO_LEXICAL_ALIGNMENT_REVIEW | CAN_FIRE_ALONE | DIRECT_TARGET
ATOM,v5/config/shared/atoms/PULMONOLOGY.json,PULMONOLOGY,,al28_competing_effusion,Competing cause of serosal effusion,ICD10,J18.9,"Pneumonia, unspecified organism",60384,6577,DIRECT_TARGET,True,SOURCE_CANDIDATE,EXACT,Use only as a clearly documented competing explanation that adequately explains the target finding; FALSE or UNKNOWN must not block.,local,True,0.5,pneumonia,1,CAN_FIRE_ALONE | DIRECT_TARGET
ATOM,v5/config/shared/atoms/PULMONOLOGY.json,PULMONOLOGY,,al28_competing_effusion,Competing cause of serosal effusion,ICD10,J91.0,Malignant pleural effusion,1559,127,DIRECT_TARGET,True,SOURCE_CANDIDATE,EXACT,Use only as a clearly documented competing explanation that adequately explains the target finding; FALSE or UNKNOWN must not block.,local,True,0.333,effusion,1,CAN_FIRE_ALONE | DIRECT_TARGET
ATOM,v5/config/shared/atoms/PULMONOLOGY.json,PULMONOLOGY,,al28_competing_effusion,Competing cause of serosal effusion,ICD10,K70.30,Alcoholic cirrhosis of liver without ascites,135279,2372,DIRECT_TARGET,True,SOURCE_CANDIDATE,EXACT,Use only as a clearly documented competing explanation that adequately explains the target finding; FALSE or UNKNOWN must not block.,local,True,0.25,cirrhosi,4,CODE_REUSED_IN_CONFIG | CAN_FIRE_ALONE | DIRECT_TARGET
ATOM,v5/config/shared/atoms/PULMONOLOGY.json,PULMONOLOGY,,al28_competing_effusion,Competing cause of serosal effusion,ICD10,K74.60,Unspecified cirrhosis of liver,157162,5609,DIRECT_TARGET,True,SOURCE_CANDIDATE,EXACT,Use only as a clearly documented competing explanation that adequately explains the target finding; FALSE or UNKNOWN must not block.,local,True,0.5,cirrhosi,4,CODE_REUSED_IN_CONFIG | CAN_FIRE_ALONE | DIRECT_TARGET
ATOM,v5/config/shared/atoms/PULMONOLOGY.json,PULMONOLOGY,,al28_competing_effusion,Competing cause of serosal effusion,ICD10,N04.9,Nephrotic syndrome with unspecified morphologic changes,9810,241,DIRECT_TARGET,True,SOURCE_CANDIDATE,EXACT,Use only as a clearly documented competing explanation that adequately explains the target finding; FALSE or UNKNOWN must not block.,local,True,0.333,nephrotic,2,CODE_REUSED_IN_CONFIG | CAN_FIRE_ALONE | DIRECT_TARGET
ATOM,v5/config/shared/atoms/PULMONOLOGY.json,PULMONOLOGY,,al28_competing_effusion,Competing cause of serosal effusion,SNOMED_CT,19943007,,0,0,DIRECT_TARGET,True,SOURCE_CANDIDATE,EXACT,Use only as a clearly documented competing explanation that adequately explains the target finding; FALSE or UNKNOWN must not block.,,,0.0,,4,NOT_IN_WAREHOUSE_VOCABULARY | CODE_REUSED_IN_CONFIG | CAN_FIRE_ALONE | DIRECT_TARGET
ATOM,v5/config/shared/atoms/PULMONOLOGY.json,PULMONOLOGY,,al28_competing_effusion,Competing cause of serosal effusion,SNOMED_CT,233604007,,0,0,DIRECT_TARGET,True,SOURCE_CANDIDATE,EXACT,Use only as a clearly documented competing explanation that adequately explains the target finding; FALSE or UNKNOWN must not block.,,,0.0,,1,NOT_IN_WAREHOUSE_VOCABULARY | CAN_FIRE_ALONE | DIRECT_TARGET
ATOM,v5/config/shared/atoms/PULMONOLOGY.json,PULMONOLOGY,,al28_competing_effusion,Competing cause of serosal effusion,SNOMED_CT,52254009,,0,0,DIRECT_TARGET,True,SOURCE_CANDIDATE,EXACT,Use only as a clearly documented competing explanation that adequately explains the target finding; FALSE or UNKNOWN must not block.,,,0.0,,2,NOT_IN_WAREHOUSE_VOCABULARY | CODE_REUSED_IN_CONFIG | CAN_FIRE_ALONE | DIRECT_TARGET
ATOM,v5/config/shared/atoms/PULMONOLOGY.json,PULMONOLOGY,,al28_competing_effusion,Competing cause of serosal effusion,SNOMED_CT,59282003,,0,0,DIRECT_TARGET,True,SOURCE_CANDIDATE,EXACT,Use only as a clearly documented competing explanation that adequately explains the target finding; FALSE or UNKNOWN must not block.,,,0.0,,3,NOT_IN_WAREHOUSE_VOCABULARY | CODE_REUSED_IN_CONFIG | CAN_FIRE_ALONE | DIRECT_TARGET
ATOM,v5/config/shared/atoms/PULMONOLOGY.json,PULMONOLOGY,,al28_competing_effusion,Competing cause of serosal effusion,SNOMED_CT,84114007,,0,0,DIRECT_TARGET,True,SOURCE_CANDIDATE,EXACT,Use only as a clearly documented competing explanation that adequately explains the target finding; FALSE or UNKNOWN must not block.,,,0.0,,5,NOT_IN_WAREHOUSE_VOCABULARY | CODE_REUSED_IN_CONFIG | CAN_FIRE_ALONE | DIRECT_TARGET
ATOM,v5/config/shared/atoms/PULMONOLOGY.json,PULMONOLOGY,,al28_competing_effusion,Competing cause of serosal effusion,SNOMED_CT,860792009,,0,0,DIRECT_TARGET,True,SOURCE_CANDIDATE,EXACT,Use only as a clearly documented competing explanation that adequately explains the target finding; FALSE or UNKNOWN must not block.,,,0.0,,1,NOT_IN_WAREHOUSE_VOCABULARY | CAN_FIRE_ALONE | DIRECT_TARGET
ATOM,v5/config/shared/atoms/PULMONOLOGY.json,PULMONOLOGY,AL,pleural_effusion,Pleural effusion,ICD10,J90,"Pleural effusion, not elsewhere classified",34078,2255,DIRECT_TARGET,True,SOURCE_CANDIDATE,EXACT,Match only the canonical clinical concept 'Pleural effusion'. Related findings must remain separate atoms or rule context.,local,True,0.667,"effusion, pleural",1,CAN_FIRE_ALONE | DIRECT_TARGET
ATOM,v5/config/shared/atoms/PULMONOLOGY.json,PULMONOLOGY,AL,pleural_effusion,Pleural effusion,ICD10,J91.8,Pleural effusion in other conditions classified elsewhere,33,6,DIRECT_TARGET,True,SOURCE_CANDIDATE,EXACT,Match only the canonical clinical concept 'Pleural effusion'. Related findings must remain separate atoms or rule context.,local,True,0.5,"effusion, pleural",1,CAN_FIRE_ALONE | DIRECT_TARGET
ATOM,v5/config/shared/atoms/PULMONOLOGY.json,PULMONOLOGY,AL,pleural_effusion,Pleural effusion,SNOMED_CT,60046008,,0,0,DIRECT_TARGET,True,SOURCE_CANDIDATE,EXACT,Match only the canonical clinical concept 'Pleural effusion'. Related findings must remain separate atoms or rule context.,,,0.0,,1,NOT_IN_WAREHOUSE_VOCABULARY | CAN_FIRE_ALONE | DIRECT_TARGET
ATOM,v5/config/shared/atoms/RHEUM_INFLAMMATORY.json,RHEUMATOLOGY,AL | ATTRWT,crp_result,C-reactive protein result,ICD10,R79.82,Elevated C-reactive protein (CRP),2650,271,DIRECT_TARGET,True,SOURCE_CANDIDATE,EXACT,Match only the canonical clinical concept 'C-reactive protein result'. Do not broaden to related but clinically distinct findings.,local,True,1.0,"crp, elevat, protein, reactive",1,CAN_FIRE_ALONE | DIRECT_TARGET
ATOM,v5/config/shared/atoms/RHEUM_INFLAMMATORY.json,RHEUMATOLOGY,AL | ATTRWT,crp_result,C-reactive protein result,SNOMED_CT,61425002,,0,0,DIRECT_TARGET,True,SOURCE_CANDIDATE,EXACT,Match only the canonical clinical concept 'C-reactive protein result'. Do not broaden to related but clinically distinct findings.,,,0.0,,1,NOT_IN_WAREHOUSE_VOCABULARY | CAN_FIRE_ALONE | DIRECT_TARGET
ATOM,v5/config/shared/atoms/RHEUM_INFLAMMATORY.json,RHEUMATOLOGY,AL | ATTRWT,esr_result,Erythrocyte sedimentation rate result,ICD10,R70.0,Elevated erythrocyte sedimentation rate,1580,210,DIRECT_TARGET,True,SOURCE_CANDIDATE,EXACT,Match only the canonical clinical concept 'Erythrocyte sedimentation rate result'. Do not broaden to related but clinically distinct findings.,local,True,1.0,"elevat, erythrocyte, rate, sediment",1,CAN_FIRE_ALONE | DIRECT_TARGET
ATOM,v5/config/shared/atoms/RHEUM_INFLAMMATORY.json,RHEUMATOLOGY,AL | ATTRWT,esr_result,Erythrocyte sedimentation rate result,SNOMED_CT,416838001,,0,0,DIRECT_TARGET,True,SOURCE_CANDIDATE,EXACT,Match only the canonical clinical concept 'Erythrocyte sedimentation rate result'. Do not broaden to related but clinically distinct findings.,,,0.0,,1,NOT_IN_WAREHOUSE_VOCABULARY | CAN_FIRE_ALONE | DIRECT_TARGET
ATOM,v5/config/shared/atoms/RHEUM_INFLAMMATORY.json,RHEUMATOLOGY,AL | ATTRWT,saa_result,Serum amyloid A result,SNOMED_CT,40185008,,0,0,DIRECT_TARGET,True,SOURCE_CANDIDATE,EXACT,Match only the canonical clinical concept 'Serum amyloid A result'. Do not broaden to related but clinically distinct findings.,,,0.0,,1,NOT_IN_WAREHOUSE_VOCABULARY | CAN_FIRE_ALONE | DIRECT_TARGET
CONFIRMED_ALL_AMYLOIDOSIS,v5/config/shared/confirmed_patients.json,CONFIRMED_PRE_SCREEN,ALL_AMYLOIDOSIS,confirmed_amyloidosis_e85_family,Confirmed amyloidosis (ICD-10 E85 family),ICD10,E85,,0,0,CONFIRMED_PRE_SCREEN,,,EXACT,Structured ICD-10 claim value only; no NLP or ICD-9 fallback.,,,0.0,,1,NOT_IN_WAREHOUSE_VOCABULARY
CONFIRMED_ALL_AMYLOIDOSIS,v5/config/shared/confirmed_patients.json,CONFIRMED_PRE_SCREEN,ALL_AMYLOIDOSIS,confirmed_amyloidosis_e85_family,Confirmed amyloidosis (ICD-10 E85 family),ICD10,E85.0,,0,0,CONFIRMED_PRE_SCREEN,,,EXACT,Structured ICD-10 claim value only; no NLP or ICD-9 fallback.,,,0.0,,1,NOT_IN_WAREHOUSE_VOCABULARY
CONFIRMED_ALL_AMYLOIDOSIS,v5/config/shared/confirmed_patients.json,CONFIRMED_PRE_SCREEN,ALL_AMYLOIDOSIS,confirmed_amyloidosis_e85_family,Confirmed amyloidosis (ICD-10 E85 family),ICD10,E85.1,Neuropathic heredofamilial amyloidosis,8,3,CONFIRMED_PRE_SCREEN,,,EXACT,Structured ICD-10 claim value only; no NLP or ICD-9 fallback.,local,True,1.0,"amyloidosi, heredofamilial, neuropathic",1,
CONFIRMED_ALL_AMYLOIDOSIS,v5/config/shared/confirmed_patients.json,CONFIRMED_PRE_SCREEN,ALL_AMYLOIDOSIS,confirmed_amyloidosis_e85_family,Confirmed amyloidosis (ICD-10 E85 family),ICD10,E85.2,"Heredofamilial amyloidosis, unspecified",33,2,CONFIRMED_PRE_SCREEN,,,EXACT,Structured ICD-10 claim value only; no NLP or ICD-9 fallback.,local,True,1.0,"amyloidosi, heredofamilial",1,
CONFIRMED_ALL_AMYLOIDOSIS,v5/config/shared/confirmed_patients.json,CONFIRMED_PRE_SCREEN,ALL_AMYLOIDOSIS,confirmed_amyloidosis_e85_family,Confirmed amyloidosis (ICD-10 E85 family),ICD10,E85.3,Secondary systemic amyloidosis,7,2,CONFIRMED_PRE_SCREEN,,,EXACT,Structured ICD-10 claim value only; no NLP or ICD-9 fallback.,local,True,1.0,"amyloidosi, secondary, systemic",2,CODE_REUSED_IN_CONFIG
CONFIRMED_ALL_AMYLOIDOSIS,v5/config/shared/confirmed_patients.json,CONFIRMED_PRE_SCREEN,ALL_AMYLOIDOSIS,confirmed_amyloidosis_e85_family,Confirmed amyloidosis (ICD-10 E85 family),ICD10,E85.4,Organ-limited amyloidosis,1244,89,CONFIRMED_PRE_SCREEN,,,EXACT,Structured ICD-10 claim value only; no NLP or ICD-9 fallback.,local,True,1.0,"amyloidosi, limit, organ",1,
CONFIRMED_ALL_AMYLOIDOSIS,v5/config/shared/confirmed_patients.json,CONFIRMED_PRE_SCREEN,ALL_AMYLOIDOSIS,confirmed_amyloidosis_e85_family,Confirmed amyloidosis (ICD-10 E85 family),ICD10,E85.8,,0,0,CONFIRMED_PRE_SCREEN,,,EXACT,Structured ICD-10 claim value only; no NLP or ICD-9 fallback.,,,0.0,,1,NOT_IN_WAREHOUSE_VOCABULARY
CONFIRMED_ALL_AMYLOIDOSIS,v5/config/shared/confirmed_patients.json,CONFIRMED_PRE_SCREEN,ALL_AMYLOIDOSIS,confirmed_amyloidosis_e85_family,Confirmed amyloidosis (ICD-10 E85 family),ICD10,E85.81,Light chain (AL) amyloidosis,778,24,CONFIRMED_PRE_SCREEN,,,EXACT,Structured ICD-10 claim value only; no NLP or ICD-9 fallback.,local,True,1.0,"amyloidosi, chain, light",3,CODE_REUSED_IN_CONFIG
CONFIRMED_ALL_AMYLOIDOSIS,v5/config/shared/confirmed_patients.json,CONFIRMED_PRE_SCREEN,ALL_AMYLOIDOSIS,confirmed_amyloidosis_e85_family,Confirmed amyloidosis (ICD-10 E85 family),ICD10,E85.82,Wild-type transthyretin-related (ATTR) amyloidosis,101,10,CONFIRMED_PRE_SCREEN,,,EXACT,Structured ICD-10 claim value only; no NLP or ICD-9 fallback.,local,True,1.0,"amyloidosi, attr, transthyretin, type, wild",1,
CONFIRMED_ALL_AMYLOIDOSIS,v5/config/shared/confirmed_patients.json,CONFIRMED_PRE_SCREEN,ALL_AMYLOIDOSIS,confirmed_amyloidosis_e85_family,Confirmed amyloidosis (ICD-10 E85 family),ICD10,E85.89,Other amyloidosis,88,7,CONFIRMED_PRE_SCREEN,,,EXACT,Structured ICD-10 claim value only; no NLP or ICD-9 fallback.,local,True,1.0,amyloidosi,1,
CONFIRMED_ALL_AMYLOIDOSIS,v5/config/shared/confirmed_patients.json,CONFIRMED_PRE_SCREEN,ALL_AMYLOIDOSIS,confirmed_amyloidosis_e85_family,Confirmed amyloidosis (ICD-10 E85 family),ICD10,E85.9,"Amyloidosis, unspecified",193,22,CONFIRMED_PRE_SCREEN,,,EXACT,Structured ICD-10 claim value only; no NLP or ICD-9 fallback.,local,True,1.0,amyloidosi,1,
CONFIRMED_ATTR,v5/config/shared/confirmed_patients.json,CONFIRMED_PRE_SCREEN,ATTR,confirmed_attr_e85,Confirmed ATTR / known amyloidosis,ICD10,E85.,,0,0,CONFIRMED_PRE_SCREEN,False,NEEDS_CLINICAL_REVIEW,EXACT,"Text must be affirmed, patient-specific and not uncertain. General structured amyloidosis codes cannot exclude a patient unless the configured corroboration rule is met.",,,0.0,,1,NOT_IN_WAREHOUSE_VOCABULARY
CONFIRMED_ATTR,v5/config/shared/confirmed_patients.json,CONFIRMED_PRE_SCREEN,ATTR,confirmed_attr_e85,Confirmed ATTR / known amyloidosis,SNOMED_CT,17602002,,0,0,CONFIRMED_PRE_SCREEN,False,NEEDS_CLINICAL_REVIEW,EXACT,"Text must be affirmed, patient-specific and not uncertain. General structured amyloidosis codes cannot exclude a patient unless the configured corroboration rule is met.",,,0.0,,1,NOT_IN_WAREHOUSE_VOCABULARY
CONFIRMED_ATTR,v5/config/shared/confirmed_patients.json,CONFIRMED_PRE_SCREEN,ATTR,confirmed_attr_e85,Confirmed ATTR / known amyloidosis,SNOMED_CT,715655000,,0,0,CONFIRMED_PRE_SCREEN,False,NEEDS_CLINICAL_REVIEW,EXACT,"Text must be affirmed, patient-specific and not uncertain. General structured amyloidosis codes cannot exclude a patient unless the configured corroboration rule is met.",,,0.0,,2,NOT_IN_WAREHOUSE_VOCABULARY | CODE_REUSED_IN_CONFIG
CONFIRMED_AL,v5/config/shared/confirmed_patients.json,CONFIRMED_PRE_SCREEN,AL,confirmed_al_e85_81,Confirmed AL / light-chain amyloidosis,ICD10,E85.81,Light chain (AL) amyloidosis,778,24,CONFIRMED_PRE_SCREEN,False,NEEDS_CLINICAL_REVIEW,EXACT,"Text must be affirmed, patient-specific and not uncertain. Exact AL-specific diagnosis codes confirm only through the explicit structured rules below.",local,True,1.0,"amyloidosi, chain, light",3,CODE_REUSED_IN_CONFIG
CONFIRMED_AL,v5/config/shared/confirmed_patients.json,CONFIRMED_PRE_SCREEN,AL,confirmed_al_e85_81,Confirmed AL / light-chain amyloidosis,SNOMED_CT,23132008,,0,0,CONFIRMED_PRE_SCREEN,False,NEEDS_CLINICAL_REVIEW,EXACT,"Text must be affirmed, patient-specific and not uncertain. Exact AL-specific diagnosis codes confirm only through the explicit structured rules below.",,,0.0,,1,NOT_IN_WAREHOUSE_VOCABULARY
