code,meaning,warehouse_row_count,warehouse_patient_count,candidate_origins,amyloid_tier,amyloid_signal_categories,review_bucket,suggested_atom_ids,suggested_atom_names,suggestion_scores,audit_flags
E11.65,Type 2 diabetes mellitus with hyperglycemia,1104598,34684,CONFIGURED_ICD_CATEGORY | ATOM_PHRASE_MATCH,,,NONSPECIFIC_SUPPORT_REVIEW,diabetes,diabetes,"diabetes:10.0(phrase;same_icd_category;tokens=diabete,mellitu,type)",
R42,Dizziness and giddiness,149978,19708,ATOM_PHRASE_MATCH,,,NONSPECIFIC_SUPPORT_REVIEW,dizziness,Dizziness / lightheadedness,"dizziness:7.0(phrase;tokens=dizziness,giddiness)",
Z13.1,Encounter for screening for diabetes mellitus,39000,17325,ATOM_PHRASE_MATCH,,,NONSPECIFIC_SUPPORT_REVIEW,diabetes,diabetes,"diabetes:7.0(phrase;tokens=diabete,mellitu)",
R10.2,Pelvic and perineal pain,94476,10820,CONFIGURED_ICD_CATEGORY,,,NONSPECIFIC_SUPPORT_REVIEW,abdominal_pain,Unexplained abdominal pain,abdominal_pain:3.0(same_icd_category;tokens=pain),
E11.69,Type 2 diabetes mellitus with other specified complication,102413,10136,CONFIGURED_ICD_CATEGORY | ATOM_PHRASE_MATCH,,,NONSPECIFIC_SUPPORT_REVIEW,diabetes,diabetes,"diabetes:10.0(phrase;same_icd_category;tokens=diabete,mellitu,type)",
R11.0,Nausea,37480,9365,CONFIGURED_ICD_CATEGORY,,,NONSPECIFIC_SUPPORT_REVIEW,nausea,nausea,nausea:3.0(same_icd_category;tokens=nausea),
R55,Syncope and collapse,56603,8388,ATOM_PHRASE_MATCH,,,NONSPECIFIC_SUPPORT_REVIEW,syncope,Syncope / presyncope,"syncope:7.0(phrase;tokens=collapse,syncope)",
R63.5,Abnormal weight gain,52623,8024,CONFIGURED_ICD_CATEGORY,,,NONSPECIFIC_SUPPORT_REVIEW,unintentional_weight_loss,Unintentional weight loss / declining BMI,unintentional_weight_loss:3.0(same_icd_category;tokens=weight),
R10.11,Right upper quadrant pain,57271,8011,CONFIGURED_ICD_CATEGORY,,,NONSPECIFIC_SUPPORT_REVIEW,abdominal_pain,Unexplained abdominal pain,abdominal_pain:3.0(same_icd_category;tokens=pain),
R74.01,Elevation of levels of liver transaminase levels,43284,6363,CONFIGURED_ICD_CATEGORY,,,NONSPECIFIC_SUPPORT_REVIEW,hepatic_alp_elevation,Cholestatic alkaline phosphatase elevation,hepatic_alp_elevation:3.0(same_icd_category;tokens=elevation),
R10.31,Right lower quadrant pain,38333,6202,CONFIGURED_ICD_CATEGORY,,,NONSPECIFIC_SUPPORT_REVIEW,abdominal_pain,Unexplained abdominal pain,abdominal_pain:3.0(same_icd_category;tokens=pain),
R10.30,"Lower abdominal pain, unspecified",38896,5992,CONFIGURED_ICD_CATEGORY | ATOM_PHRASE_MATCH,,,NONSPECIFIC_SUPPORT_REVIEW,abdominal_pain,Unexplained abdominal pain,"abdominal_pain:9.0(phrase;same_icd_category;tokens=abdominal,pain)",
R11.10,"Vomiting, unspecified",23670,5563,CONFIGURED_ICD_CATEGORY,,,NONSPECIFIC_SUPPORT_REVIEW,vomiting,vomiting,vomiting:3.0(same_icd_category;tokens=vomit),
R10.32,Left lower quadrant pain,36480,5494,CONFIGURED_ICD_CATEGORY,,,NONSPECIFIC_SUPPORT_REVIEW,abdominal_pain,Unexplained abdominal pain,abdominal_pain:3.0(same_icd_category;tokens=pain),
R10.12,Left upper quadrant pain,21924,3322,CONFIGURED_ICD_CATEGORY,,,NONSPECIFIC_SUPPORT_REVIEW,abdominal_pain,Unexplained abdominal pain,abdominal_pain:3.0(same_icd_category;tokens=pain),
E11.8,Type 2 diabetes mellitus with unspecified complications,29662,3108,CONFIGURED_ICD_CATEGORY | ATOM_PHRASE_MATCH,,,NONSPECIFIC_SUPPORT_REVIEW,diabetes,diabetes,"diabetes:10.0(phrase;same_icd_category;tokens=diabete,mellitu,type)",
P92.6,Failure to thrive in newborn,20925,3051,ATOM_PHRASE_MATCH,,,NONSPECIFIC_SUPPORT_REVIEW,unintentional_weight_loss,Unintentional weight loss / declining BMI,"unintentional_weight_loss:7.0(phrase;tokens=failure,thrive)",
H91.93,"Unspecified hearing loss, bilateral",14160,2982,CONFIGURED_ICD_CATEGORY,,,NONSPECIFIC_SUPPORT_REVIEW,age_excessive_snhl,Bilateral sensorineural hearing loss disproportionate to age,"age_excessive_snhl:5.0(same_icd_category;tokens=bilateral,hearing,loss)",
R62.51,Failure to thrive (child),19684,2932,ATOM_PHRASE_MATCH,,,NONSPECIFIC_SUPPORT_REVIEW,unintentional_weight_loss,Unintentional weight loss / declining BMI,"unintentional_weight_loss:7.0(phrase;tokens=failure,thrive)",
R10.20,Pelvic and perineal pain unspecified side,16716,2864,CONFIGURED_ICD_CATEGORY,,,NONSPECIFIC_SUPPORT_REVIEW,abdominal_pain,Unexplained abdominal pain,abdominal_pain:3.0(same_icd_category;tokens=pain),
R13.12,"Dysphagia, oropharyngeal phase",9157,2642,CONFIGURED_ICD_CATEGORY,,,NONSPECIFIC_SUPPORT_REVIEW,dysphagia,dysphagia,dysphagia:3.0(same_icd_category;tokens=dysphagia),
R10.33,Periumbilical pain,11793,2260,CONFIGURED_ICD_CATEGORY,,,NONSPECIFIC_SUPPORT_REVIEW,abdominal_pain,Unexplained abdominal pain,abdominal_pain:3.0(same_icd_category;tokens=pain),
E11.621,Type 2 diabetes mellitus with foot ulcer,69319,2131,CONFIGURED_ICD_CATEGORY | ATOM_PHRASE_MATCH,,,NONSPECIFIC_SUPPORT_REVIEW,diabetes,diabetes,"diabetes:10.0(phrase;same_icd_category;tokens=diabete,mellitu,type)",
Z68.54,"Body mass index [BMI] pediatric, 95th percentile for age to less than 120% of the 95th percentile for age",11051,1895,ATOM_PHRASE_MATCH,,,NONSPECIFIC_SUPPORT_REVIEW,declining_bmi,Declining BMI / modified BMI trajectory,"declining_bmi:8.0(phrase;tokens=bmi,body,index,mass)",
H91.90,"Unspecified hearing loss, unspecified ear",9039,1839,CONFIGURED_ICD_CATEGORY,,,NONSPECIFIC_SUPPORT_REVIEW,age_excessive_snhl,Bilateral sensorineural hearing loss disproportionate to age,"age_excessive_snhl:4.0(same_icd_category;tokens=hearing,loss)",
Z83.3,Family history of diabetes mellitus,5346,1804,CONFIGURED_ICD_CATEGORY | ATOM_PHRASE_MATCH,,,NONSPECIFIC_SUPPORT_REVIEW,diabetes | fhx_established_attr,First-degree family history of genetically or clinically established ATTR amyloidosis | diabetes,"diabetes:7.0(phrase;tokens=diabete,mellitu) | fhx_established_attr:3.0(same_icd_category;tokens=family)",
E10.65,Type 1 diabetes mellitus with hyperglycemia,47326,1635,ATOM_PHRASE_MATCH,,,NONSPECIFIC_SUPPORT_REVIEW,diabetes,diabetes,"diabetes:8.0(phrase;tokens=diabete,mellitu,type)",
H90.0,"Conductive hearing loss, bilateral",13213,1457,CONFIGURED_ICD_CATEGORY,,,NONSPECIFIC_SUPPORT_REVIEW,age_excessive_snhl,Bilateral sensorineural hearing loss disproportionate to age,"age_excessive_snhl:5.0(same_icd_category;tokens=bilateral,hearing,loss)",
E11.628,Type 2 diabetes mellitus with other skin complications,16434,1323,CONFIGURED_ICD_CATEGORY | ATOM_PHRASE_MATCH,,,NONSPECIFIC_SUPPORT_REVIEW,diabetes,diabetes,"diabetes:10.0(phrase;same_icd_category;tokens=diabete,mellitu,type)",
E10.9,Type 1 diabetes mellitus without complications,15759,1322,ATOM_PHRASE_MATCH,,,NONSPECIFIC_SUPPORT_REVIEW,diabetes,diabetes,"diabetes:8.0(phrase;tokens=diabete,mellitu,type)",
N39.41,Urge incontinence,6413,1194,ATOM_PHRASE_MATCH,,,NONSPECIFIC_SUPPORT_REVIEW,urinary_incontinence,urinary incontinence,"urinary_incontinence:7.0(phrase;tokens=incontinence,urge)",
Z98.891,History of uterine scar from previous surgery,6449,1167,CONFIGURED_ICD_CATEGORY,,,NONSPECIFIC_SUPPORT_REVIEW,ctr_any | lumbar_decompression,Carpal tunnel release procedure | Lumbar decompression / laminectomy,ctr_any:3.0(same_icd_category;tokens=surgery) | lumbar_decompression:3.0(same_icd_category;tokens=surgery),
E11.59,Type 2 diabetes mellitus with other circulatory complications,16626,1136,CONFIGURED_ICD_CATEGORY | ATOM_PHRASE_MATCH,,,NONSPECIFIC_SUPPORT_REVIEW,diabetes,diabetes,"diabetes:10.0(phrase;same_icd_category;tokens=diabete,mellitu,type)",
R06.89,Other abnormalities of breathing,4475,1070,CONFIGURED_ICD_CATEGORY,,,NONSPECIFIC_SUPPORT_REVIEW,dyspnea,Dyspnea / shortness of breath,dyspnea:3.0(same_icd_category;tokens=breath),
I47.10,"Supraventricular tachycardia, unspecified",6486,1049,ATOM_PHRASE_MATCH,,,NONSPECIFIC_SUPPORT_REVIEW,arrhythmia,arrhythmia,"arrhythmia:7.0(phrase;tokens=supraventricular,tachycardia)",
E11.649,Type 2 diabetes mellitus with hypoglycemia without coma,7781,1034,CONFIGURED_ICD_CATEGORY | ATOM_PHRASE_MATCH,,,NONSPECIFIC_SUPPORT_REVIEW,diabetes,diabetes,"diabetes:10.0(phrase;same_icd_category;tokens=diabete,mellitu,type)",
H90.6,"Mixed conductive and sensorineural hearing loss, bilateral",10079,1029,CONFIGURED_ICD_CATEGORY | ATOM_PHRASE_MATCH,,,NONSPECIFIC_SUPPORT_REVIEW,age_excessive_snhl,Bilateral sensorineural hearing loss disproportionate to age,"age_excessive_snhl:10.0(phrase;same_icd_category;tokens=bilateral,hearing,loss,sensorineural)",
R11.11,Vomiting without nausea,4316,993,CONFIGURED_ICD_CATEGORY,,,NONSPECIFIC_SUPPORT_REVIEW,nausea | vomiting,nausea | vomiting,nausea:3.0(same_icd_category;tokens=nausea) | vomiting:3.0(same_icd_category;tokens=vomit),
M32.9,"Systemic lupus erythematosus, unspecified",47311,963,ATOM_PHRASE_MATCH,,,NONSPECIFIC_SUPPORT_REVIEW,autoimmune_disease,autoimmune disease,"autoimmune_disease:8.0(phrase;tokens=erythematosu,lupus,systemic)",
E11.10,Type 2 diabetes mellitus with ketoacidosis without coma,10869,929,CONFIGURED_ICD_CATEGORY | ATOM_PHRASE_MATCH,,,NONSPECIFIC_SUPPORT_REVIEW,diabetes,diabetes,"diabetes:10.0(phrase;same_icd_category;tokens=diabete,mellitu,type)",
Z95.828,Presence of other vascular implants and grafts,11618,929,CONFIGURED_ICD_CATEGORY,,,NONSPECIFIC_SUPPORT_REVIEW,pacemaker_implantation,Pacemaker implantation,pacemaker_implantation:3.0(same_icd_category;tokens=implant),
Z98.84,Bariatric surgery status,13051,885,CONFIGURED_ICD_CATEGORY,,,NONSPECIFIC_SUPPORT_REVIEW,ctr_any | lumbar_decompression,Carpal tunnel release procedure | Lumbar decompression / laminectomy,ctr_any:3.0(same_icd_category;tokens=surgery) | lumbar_decompression:3.0(same_icd_category;tokens=surgery),
M65.4,Radial styloid tenosynovitis [de Quervain],5626,871,CONFIGURED_ICD_CATEGORY,,,NONSPECIFIC_SUPPORT_REVIEW,trigger_finger,Trigger finger / stenosing tenosynovitis,trigger_finger:3.0(same_icd_category;tokens=tenosynoviti),
H90.11,"Conductive hearing loss, unilateral, right ear, with unrestricted hearing on the contralateral side",7788,852,CONFIGURED_ICD_CATEGORY,,,NONSPECIFIC_SUPPORT_REVIEW,age_excessive_snhl,Bilateral sensorineural hearing loss disproportionate to age,"age_excessive_snhl:4.0(same_icd_category;tokens=hearing,loss)",
H91.92,"Unspecified hearing loss, left ear",3663,830,CONFIGURED_ICD_CATEGORY,,,NONSPECIFIC_SUPPORT_REVIEW,age_excessive_snhl,Bilateral sensorineural hearing loss disproportionate to age,"age_excessive_snhl:4.0(same_icd_category;tokens=hearing,loss)",
H90.12,"Conductive hearing loss, unilateral, left ear, with unrestricted hearing on the contralateral side",7641,823,CONFIGURED_ICD_CATEGORY,,,NONSPECIFIC_SUPPORT_REVIEW,age_excessive_snhl,Bilateral sensorineural hearing loss disproportionate to age,"age_excessive_snhl:4.0(same_icd_category;tokens=hearing,loss)",
R13.14,"Dysphagia, pharyngoesophageal phase",3048,802,CONFIGURED_ICD_CATEGORY,,,NONSPECIFIC_SUPPORT_REVIEW,dysphagia,dysphagia,dysphagia:3.0(same_icd_category;tokens=dysphagia),
H91.91,"Unspecified hearing loss, right ear",3780,799,CONFIGURED_ICD_CATEGORY,,,NONSPECIFIC_SUPPORT_REVIEW,age_excessive_snhl,Bilateral sensorineural hearing loss disproportionate to age,"age_excessive_snhl:4.0(same_icd_category;tokens=hearing,loss)",
I35.1,Nonrheumatic aortic (valve) insufficiency,6900,773,CONFIGURED_ICD_CATEGORY,,,NONSPECIFIC_SUPPORT_REVIEW,as_valve | lflg_as,Low-flow low-gradient aortic stenosis | Severe aortic stenosis,"as_valve:4.0(same_icd_category;tokens=aortic,valve) | lflg_as:3.0(same_icd_category;tokens=aortic)",
H90.42,"Sensorineural hearing loss, unilateral, left ear, with unrestricted hearing on the contralateral side",6810,739,CONFIGURED_ICD_CATEGORY | ATOM_PHRASE_MATCH,,,NONSPECIFIC_SUPPORT_REVIEW,age_excessive_snhl,Bilateral sensorineural hearing loss disproportionate to age,"age_excessive_snhl:10.0(phrase;same_icd_category;tokens=hearing,loss,sensorineural)",
Z95.5,Presence of coronary angioplasty implant and graft,7220,736,CONFIGURED_ICD_CATEGORY,,,NONSPECIFIC_SUPPORT_REVIEW,pacemaker_implantation,Pacemaker implantation,pacemaker_implantation:3.0(same_icd_category;tokens=implant),
E11.00,Type 2 diabetes mellitus with hyperosmolarity without nonketotic hyperglycemic-hyperosmolar coma (NKHHC),8374,729,CONFIGURED_ICD_CATEGORY | ATOM_PHRASE_MATCH,,,NONSPECIFIC_SUPPORT_REVIEW,diabetes,diabetes,"diabetes:10.0(phrase;same_icd_category;tokens=diabete,mellitu,type)",
K31.89,Other diseases of stomach and duodenum,3628,683,CONFIGURED_ICD_CATEGORY,,,NONSPECIFIC_SUPPORT_REVIEW,delayed_gastric_emptying | gastroparesis,Gastroparesis / delayed gastric emptying | delayed gastric emptying,delayed_gastric_emptying:3.0(same_icd_category;tokens=stomach) | gastroparesis:3.0(same_icd_category;tokens=stomach),
R19.4,Change in bowel habit,2262,676,CONFIGURED_ICD_CATEGORY | ATOM_PHRASE_MATCH,,,NONSPECIFIC_SUPPORT_REVIEW,alternating_bowel_habit | constipation,Alternating diarrhea and constipation | constipation,"alternating_bowel_habit:8.0(phrase;tokens=bowel,change,habit) | constipation:3.0(same_icd_category;tokens=bowel)",
I51.89,Other ill-defined heart diseases,4036,671,CONFIGURED_ICD_CATEGORY,,,NONSPECIFIC_SUPPORT_REVIEW,cardiomegaly | hfpef,Cardiomegaly | Heart failure with preserved ejection fraction,cardiomegaly:3.0(same_icd_category;tokens=heart) | hfpef:3.0(same_icd_category;tokens=heart),
R10.A1,"Flank pain, right side",3000,647,CONFIGURED_ICD_CATEGORY,,,NONSPECIFIC_SUPPORT_REVIEW,abdominal_pain,Unexplained abdominal pain,abdominal_pain:3.0(same_icd_category;tokens=pain),
S06.0X0A,"Concussion without loss of consciousness, initial encounter",2064,638,ATOM_PHRASE_MATCH,,,NONSPECIFIC_SUPPORT_REVIEW,syncope,Syncope / presyncope,"syncope:7.0(phrase;tokens=consciousness,loss)",
H90.41,"Sensorineural hearing loss, unilateral, right ear, with unrestricted hearing on the contralateral side",5506,627,CONFIGURED_ICD_CATEGORY | ATOM_PHRASE_MATCH,,,NONSPECIFIC_SUPPORT_REVIEW,age_excessive_snhl,Bilateral sensorineural hearing loss disproportionate to age,"age_excessive_snhl:10.0(phrase;same_icd_category;tokens=hearing,loss,sensorineural)",
E13.69,Other specified diabetes mellitus with other specified complication,2464,621,ATOM_PHRASE_MATCH,,,NONSPECIFIC_SUPPORT_REVIEW,diabetes,diabetes,"diabetes:7.0(phrase;tokens=diabete,mellitu)",
Z68.41,"Body mass index [BMI] 40.0-44.9, adult",2291,618,ATOM_PHRASE_MATCH,,,NONSPECIFIC_SUPPORT_REVIEW,declining_bmi,Declining BMI / modified BMI trajectory,"declining_bmi:8.0(phrase;tokens=bmi,body,index,mass)",
Z68.52,"Body mass index [BMI] pediatric, 5th percentile to less than 85th percentile for age",996,616,ATOM_PHRASE_MATCH,,,NONSPECIFIC_SUPPORT_REVIEW,declining_bmi,Declining BMI / modified BMI trajectory,"declining_bmi:8.0(phrase;tokens=bmi,body,index,mass)",
H90.A31,"Mixed conductive and sensorineural hearing loss, unilateral, right ear with restricted hearing on the contralateral side",4135,546,CONFIGURED_ICD_CATEGORY | ATOM_PHRASE_MATCH,,,NONSPECIFIC_SUPPORT_REVIEW,age_excessive_snhl,Bilateral sensorineural hearing loss disproportionate to age,"age_excessive_snhl:10.0(phrase;same_icd_category;tokens=hearing,loss,sensorineural)",
R10.A2,"Flank pain, left side",2356,525,CONFIGURED_ICD_CATEGORY,,,NONSPECIFIC_SUPPORT_REVIEW,abdominal_pain,Unexplained abdominal pain,abdominal_pain:3.0(same_icd_category;tokens=pain),
I47.1,Supraventricular tachycardia,5483,499,ATOM_PHRASE_MATCH,,,NONSPECIFIC_SUPPORT_REVIEW,arrhythmia,arrhythmia,"arrhythmia:7.0(phrase;tokens=supraventricular,tachycardia)",
R62.7,Adult failure to thrive,6550,496,ATOM_PHRASE_MATCH,,,NONSPECIFIC_SUPPORT_REVIEW,unintentional_weight_loss,Unintentional weight loss / declining BMI,"unintentional_weight_loss:7.0(phrase;tokens=failure,thrive)",
H90.A32,"Mixed conductive and sensorineural hearing loss, unilateral, left ear with restricted hearing on the contralateral side",3525,486,CONFIGURED_ICD_CATEGORY | ATOM_PHRASE_MATCH,,,NONSPECIFIC_SUPPORT_REVIEW,age_excessive_snhl,Bilateral sensorineural hearing loss disproportionate to age,"age_excessive_snhl:10.0(phrase;same_icd_category;tokens=hearing,loss,sensorineural)",
E13.9,Other specified diabetes mellitus without complications,7058,484,ATOM_PHRASE_MATCH,,,NONSPECIFIC_SUPPORT_REVIEW,diabetes,diabetes,"diabetes:7.0(phrase;tokens=diabete,mellitu)",
E10.10,Type 1 diabetes mellitus with ketoacidosis without coma,7796,477,ATOM_PHRASE_MATCH,,,NONSPECIFIC_SUPPORT_REVIEW,diabetes,diabetes,"diabetes:8.0(phrase;tokens=diabete,mellitu,type)",
Z68.53,"Body mass index [BMI] pediatric, 85th percentile to less than 95th percentile for age",2176,473,ATOM_PHRASE_MATCH,,,NONSPECIFIC_SUPPORT_REVIEW,declining_bmi,Declining BMI / modified BMI trajectory,"declining_bmi:8.0(phrase;tokens=bmi,body,index,mass)",
E11.622,Type 2 diabetes mellitus with other skin ulcer,8118,462,CONFIGURED_ICD_CATEGORY | ATOM_PHRASE_MATCH,,,NONSPECIFIC_SUPPORT_REVIEW,diabetes,diabetes,"diabetes:10.0(phrase;same_icd_category;tokens=diabete,mellitu,type)",
E08.621,Diabetes mellitus due to underlying condition with foot ulcer,6296,449,ATOM_PHRASE_MATCH,,,NONSPECIFIC_SUPPORT_REVIEW,diabetes,diabetes,"diabetes:7.0(phrase;tokens=diabete,mellitu)",
R11.14,Bilious vomiting,2884,434,CONFIGURED_ICD_CATEGORY,,,NONSPECIFIC_SUPPORT_REVIEW,vomiting,vomiting,vomiting:3.0(same_icd_category;tokens=vomit),
R06.5,Mouth breathing,860,397,CONFIGURED_ICD_CATEGORY,,,NONSPECIFIC_SUPPORT_REVIEW,dyspnea,Dyspnea / shortness of breath,dyspnea:3.0(same_icd_category;tokens=breath),
I49.5,Sick sinus syndrome,2226,392,ATOM_PHRASE_MATCH,,,NONSPECIFIC_SUPPORT_REVIEW,conduction_disease,"AV block, bundle-branch block, or sinus-node disease","conduction_disease:7.0(phrase;tokens=sick,sinus)",
I35.8,Other nonrheumatic aortic valve disorders,1363,377,CONFIGURED_ICD_CATEGORY,,,NONSPECIFIC_SUPPORT_REVIEW,as_valve | lflg_as,Low-flow low-gradient aortic stenosis | Severe aortic stenosis,"as_valve:4.0(same_icd_category;tokens=aortic,valve) | lflg_as:3.0(same_icd_category;tokens=aortic)",
R10.85,Abdominal pain of multiple sites,2023,377,CONFIGURED_ICD_CATEGORY | ATOM_PHRASE_MATCH,,,NONSPECIFIC_SUPPORT_REVIEW,abdominal_pain,Unexplained abdominal pain,"abdominal_pain:9.0(phrase;same_icd_category;tokens=abdominal,pain)",
I47.19,Other supraventricular tachycardia,1602,365,ATOM_PHRASE_MATCH,,,NONSPECIFIC_SUPPORT_REVIEW,arrhythmia,arrhythmia,"arrhythmia:7.0(phrase;tokens=supraventricular,tachycardia)",
K31.7,Polyp of stomach and duodenum,1304,362,CONFIGURED_ICD_CATEGORY,,,NONSPECIFIC_SUPPORT_REVIEW,delayed_gastric_emptying | gastroparesis,Gastroparesis / delayed gastric emptying | delayed gastric emptying,delayed_gastric_emptying:3.0(same_icd_category;tokens=stomach) | gastroparesis:3.0(same_icd_category;tokens=stomach),
Z83.2,Family history of diseases of the blood and blood-forming organs and certain disorders involving the immune mechanism,2308,345,CONFIGURED_ICD_CATEGORY,,,NONSPECIFIC_SUPPORT_REVIEW,fhx_established_attr,First-degree family history of genetically or clinically established ATTR amyloidosis,fhx_established_attr:3.0(same_icd_category;tokens=family),
M35.01,Sjogren syndrome with keratoconjunctivitis,15602,344,CONFIGURED_ICD_CATEGORY,,,NONSPECIFIC_SUPPORT_REVIEW,autoimmune_disease,autoimmune disease,autoimmune_disease:3.0(same_icd_category;tokens=sjogren),
S06.9X9A,"Unspecified intracranial injury with loss of consciousness of unspecified duration, initial encounter",6702,342,ATOM_PHRASE_MATCH,,,NONSPECIFIC_SUPPORT_REVIEW,syncope,Syncope / presyncope,"syncope:7.0(phrase;tokens=consciousness,loss)",
M35.00,"Sjogren syndrome, unspecified",5222,330,CONFIGURED_ICD_CATEGORY,,,NONSPECIFIC_SUPPORT_REVIEW,autoimmune_disease,autoimmune disease,autoimmune_disease:3.0(same_icd_category;tokens=sjogren),
R47.89,Other speech disturbances,1134,326,CONFIGURED_ICD_CATEGORY,,,NONSPECIFIC_SUPPORT_REVIEW,dysarthria,dysarthria,dysarthria:3.0(same_icd_category;tokens=speech),
R10.24,Suprapubic pain,1251,320,CONFIGURED_ICD_CATEGORY,,,NONSPECIFIC_SUPPORT_REVIEW,abdominal_pain,Unexplained abdominal pain,abdominal_pain:3.0(same_icd_category;tokens=pain),
H43.12,"Vitreous hemorrhage, left eye",1435,319,CONFIGURED_ICD_CATEGORY,,,NONSPECIFIC_SUPPORT_REVIEW,vitreous_opacity,vitreous opacity,vitreous_opacity:3.0(same_icd_category;tokens=vitreou),
S46.812A,"Strain of other muscles, fascia and tendons at shoulder and upper arm level, left arm, initial encounter",1487,316,CONFIGURED_ICD_CATEGORY,,,NONSPECIFIC_SUPPORT_REVIEW,biceps_rupture,"Spontaneous distal biceps tendon rupture (""Popeye sign"")",biceps_rupture:3.0(same_icd_category;tokens=tendon),
I51.9,"Heart disease, unspecified",1125,308,CONFIGURED_ICD_CATEGORY,,,NONSPECIFIC_SUPPORT_REVIEW,cardiomegaly | hfpef,Cardiomegaly | Heart failure with preserved ejection fraction,cardiomegaly:3.0(same_icd_category;tokens=heart) | hfpef:3.0(same_icd_category;tokens=heart),
S46.811A,"Strain of other muscles, fascia and tendons at shoulder and upper arm level, right arm, initial encounter",1660,303,CONFIGURED_ICD_CATEGORY,,,NONSPECIFIC_SUPPORT_REVIEW,biceps_rupture,"Spontaneous distal biceps tendon rupture (""Popeye sign"")",biceps_rupture:3.0(same_icd_category;tokens=tendon),
S06.0X0D,"Concussion without loss of consciousness, subsequent encounter",1004,302,ATOM_PHRASE_MATCH,,,NONSPECIFIC_SUPPORT_REVIEW,syncope,Syncope / presyncope,"syncope:7.0(phrase;tokens=consciousness,loss)",
H43.11,"Vitreous hemorrhage, right eye",884,295,CONFIGURED_ICD_CATEGORY,,,NONSPECIFIC_SUPPORT_REVIEW,vitreous_opacity,vitreous opacity,vitreous_opacity:3.0(same_icd_category;tokens=vitreou),
Z68.42,"Body mass index [BMI] 45.0-49.9, adult",909,292,ATOM_PHRASE_MATCH,,,NONSPECIFIC_SUPPORT_REVIEW,declining_bmi,Declining BMI / modified BMI trajectory,"declining_bmi:8.0(phrase;tokens=bmi,body,index,mass)",
G56.22,"Lesion of ulnar nerve, left upper limb",2065,290,CONFIGURED_ICD_CATEGORY,,,NONSPECIFIC_SUPPORT_REVIEW,cts_bilateral | cts_left,"Bilateral carpal tunnel syndrome | Carpal tunnel syndrome, left","cts_bilateral:3.0(same_icd_category;tokens=left) | cts_left:3.0(tokens=left,limb,upper)",
H90.A21,"Sensorineural hearing loss, unilateral, right ear, with restricted hearing on the contralateral side",1629,288,CONFIGURED_ICD_CATEGORY | ATOM_PHRASE_MATCH,,,NONSPECIFIC_SUPPORT_REVIEW,age_excessive_snhl,Bilateral sensorineural hearing loss disproportionate to age,"age_excessive_snhl:10.0(phrase;same_icd_category;tokens=hearing,loss,sensorineural)",
E10.69,Type 1 diabetes mellitus with other specified complication,2035,286,ATOM_PHRASE_MATCH,,,NONSPECIFIC_SUPPORT_REVIEW,diabetes,diabetes,"diabetes:8.0(phrase;tokens=diabete,mellitu,type)",
E10.649,Type 1 diabetes mellitus with hypoglycemia without coma,3618,281,ATOM_PHRASE_MATCH,,,NONSPECIFIC_SUPPORT_REVIEW,diabetes,diabetes,"diabetes:8.0(phrase;tokens=diabete,mellitu,type)",
G56.21,"Lesion of ulnar nerve, right upper limb",1502,281,CONFIGURED_ICD_CATEGORY,,,NONSPECIFIC_SUPPORT_REVIEW,cts_bilateral | cts_right,"Bilateral carpal tunnel syndrome | Carpal tunnel syndrome, right","cts_bilateral:3.0(same_icd_category;tokens=right) | cts_right:3.0(tokens=limb,right,upper)",
Z95.818,Presence of other cardiac implants and grafts,1246,274,CONFIGURED_ICD_CATEGORY,,,NONSPECIFIC_SUPPORT_REVIEW,arrhythmia | pacemaker_implantation | pacemaker_presence,Pacemaker implantation | arrhythmia | pacemaker presence,arrhythmia:3.0(same_icd_category;tokens=cardiac) | pacemaker_implantation:3.0(same_icd_category;tokens=implant) | pacemaker_presence:3.0(same_icd_category;tokens=cardiac),
R47.9,Unspecified speech disturbances,936,269,CONFIGURED_ICD_CATEGORY,,,NONSPECIFIC_SUPPORT_REVIEW,dysarthria,dysarthria,dysarthria:3.0(same_icd_category;tokens=speech),
H90.A22,"Sensorineural hearing loss, unilateral, left ear, with restricted hearing on the contralateral side",1454,267,CONFIGURED_ICD_CATEGORY | ATOM_PHRASE_MATCH,,,NONSPECIFIC_SUPPORT_REVIEW,age_excessive_snhl,Bilateral sensorineural hearing loss disproportionate to age,"age_excessive_snhl:10.0(phrase;same_icd_category;tokens=hearing,loss,sensorineural)",
Z68.30,"Body mass index [BMI] 30.0-30.9, adult",727,259,ATOM_PHRASE_MATCH,,,NONSPECIFIC_SUPPORT_REVIEW,declining_bmi,Declining BMI / modified BMI trajectory,"declining_bmi:8.0(phrase;tokens=bmi,body,index,mass)",
L97.922,Non-pressure chronic ulcer of unspecified part of left lower leg with fat layer exposed,19297,258,CONFIGURED_ICD_CATEGORY,,,NONSPECIFIC_SUPPORT_REVIEW,plantar_ulcer | trophic_change,plantar ulcer | trophic change,plantar_ulcer:3.0(same_icd_category;tokens=ulcer) | trophic_change:3.0(same_icd_category;tokens=lower),
Z92.29,Personal history of other drug therapy,904,251,CONFIGURED_ICD_CATEGORY,,,NONSPECIFIC_SUPPORT_REVIEW,myeloma_therapy_exposure,Anti-myeloma therapy exposure,myeloma_therapy_exposure:3.0(same_icd_category;tokens=therapy),
Z68.43,"Body mass index [BMI] 50.0-59.9, adult",1143,248,ATOM_PHRASE_MATCH,,,NONSPECIFIC_SUPPORT_REVIEW,declining_bmi,Declining BMI / modified BMI trajectory,"declining_bmi:8.0(phrase;tokens=bmi,body,index,mass)",
I47.29,Other ventricular tachycardia,951,247,ATOM_PHRASE_MATCH,,,NONSPECIFIC_SUPPORT_REVIEW,arrhythmia,arrhythmia,"arrhythmia:7.0(phrase;tokens=tachycardia,ventricular)",
I47.20,"Ventricular tachycardia, unspecified",1931,241,ATOM_PHRASE_MATCH,,,NONSPECIFIC_SUPPORT_REVIEW,arrhythmia,arrhythmia,"arrhythmia:7.0(phrase;tokens=tachycardia,ventricular)",
R10.A3,"Flank pain, bilateral",958,238,CONFIGURED_ICD_CATEGORY,,,NONSPECIFIC_SUPPORT_REVIEW,abdominal_pain,Unexplained abdominal pain,abdominal_pain:3.0(same_icd_category;tokens=pain),
Z68.29,"Body mass index [BMI] 29.0-29.9, adult",915,238,ATOM_PHRASE_MATCH,,,NONSPECIFIC_SUPPORT_REVIEW,declining_bmi,Declining BMI / modified BMI trajectory,"declining_bmi:8.0(phrase;tokens=bmi,body,index,mass)",
E13.10,Other specified diabetes mellitus with ketoacidosis without coma,3254,233,ATOM_PHRASE_MATCH,,,NONSPECIFIC_SUPPORT_REVIEW,diabetes,diabetes,"diabetes:7.0(phrase;tokens=diabete,mellitu)",
H90.72,"Mixed conductive and sensorineural hearing loss, unilateral, left ear, with unrestricted hearing on the contralateral side",1483,232,CONFIGURED_ICD_CATEGORY | ATOM_PHRASE_MATCH,,,NONSPECIFIC_SUPPORT_REVIEW,age_excessive_snhl,Bilateral sensorineural hearing loss disproportionate to age,"age_excessive_snhl:10.0(phrase;same_icd_category;tokens=hearing,loss,sensorineural)",
K31.A0,"Gastric intestinal metaplasia, unspecified",1195,231,CONFIGURED_ICD_CATEGORY,,,NONSPECIFIC_SUPPORT_REVIEW,delayed_gastric_emptying | gastroparesis,Gastroparesis / delayed gastric emptying | delayed gastric emptying,delayed_gastric_emptying:3.0(same_icd_category;tokens=gastric) | gastroparesis:3.0(same_icd_category;tokens=gastric),
R11.15,Cyclical vomiting syndrome unrelated to migraine,1436,225,CONFIGURED_ICD_CATEGORY,,,NONSPECIFIC_SUPPORT_REVIEW,vomiting,vomiting,vomiting:3.0(same_icd_category;tokens=vomit),
Z68.34,"Body mass index [BMI] 34.0-34.9, adult",778,223,ATOM_PHRASE_MATCH,,,NONSPECIFIC_SUPPORT_REVIEW,declining_bmi,Declining BMI / modified BMI trajectory,"declining_bmi:8.0(phrase;tokens=bmi,body,index,mass)",
T83.9XXA,"Unspecified complication of genitourinary prosthetic device, implant and graft, initial encounter",1044,222,ATOM_PHRASE_MATCH,,,NONSPECIFIC_SUPPORT_REVIEW,pacemaker_implantation,Pacemaker implantation,"pacemaker_implantation:7.0(phrase;tokens=device,implant)",
Z68.33,"Body mass index [BMI] 33.0-33.9, adult",577,222,ATOM_PHRASE_MATCH,,,NONSPECIFIC_SUPPORT_REVIEW,declining_bmi,Declining BMI / modified BMI trajectory,"declining_bmi:8.0(phrase;tokens=bmi,body,index,mass)",
G90.A,Postural orthostatic tachycardia syndrome [POTS],3425,218,CONFIGURED_ICD_CATEGORY,,,NONSPECIFIC_SUPPORT_REVIEW,orthostatic_intolerance,orthostatic intolerance,"orthostatic_intolerance:4.0(same_icd_category;tokens=orthostatic,postural)",
Z68.31,"Body mass index [BMI] 31.0-31.9, adult",619,216,ATOM_PHRASE_MATCH,,,NONSPECIFIC_SUPPORT_REVIEW,declining_bmi,Declining BMI / modified BMI trajectory,"declining_bmi:8.0(phrase;tokens=bmi,body,index,mass)",
R33.8,Other retention of urine,1372,215,CONFIGURED_ICD_CATEGORY,,,NONSPECIFIC_SUPPORT_REVIEW,urinary_incontinence | urinary_retention,urinary incontinence | urinary retention,urinary_incontinence:3.0(same_icd_category;tokens=urine) | urinary_retention:3.0(same_icd_category;tokens=retention),
H90.71,"Mixed conductive and sensorineural hearing loss, unilateral, right ear, with unrestricted hearing on the contralateral side",1335,214,CONFIGURED_ICD_CATEGORY | ATOM_PHRASE_MATCH,,,NONSPECIFIC_SUPPORT_REVIEW,age_excessive_snhl,Bilateral sensorineural hearing loss disproportionate to age,"age_excessive_snhl:10.0(phrase;same_icd_category;tokens=hearing,loss,sensorineural)",
Z68.35,"Body mass index [BMI] 35.0-35.9, adult",592,213,ATOM_PHRASE_MATCH,,,NONSPECIFIC_SUPPORT_REVIEW,declining_bmi,Declining BMI / modified BMI trajectory,"declining_bmi:8.0(phrase;tokens=bmi,body,index,mass)",
S46.911A,"Strain of unspecified muscle, fascia and tendon at shoulder and upper arm level, right arm, initial encounter",1104,212,CONFIGURED_ICD_CATEGORY,,,NONSPECIFIC_SUPPORT_REVIEW,biceps_rupture,"Spontaneous distal biceps tendon rupture (""Popeye sign"")",biceps_rupture:3.0(same_icd_category;tokens=tendon),
L97.912,Non-pressure chronic ulcer of unspecified part of right lower leg with fat layer exposed,11914,209,CONFIGURED_ICD_CATEGORY,,,NONSPECIFIC_SUPPORT_REVIEW,plantar_ulcer | trophic_change,plantar ulcer | trophic change,plantar_ulcer:3.0(same_icd_category;tokens=ulcer) | trophic_change:3.0(same_icd_category;tokens=lower),
Z68.28,"Body mass index [BMI] 28.0-28.9, adult",570,207,ATOM_PHRASE_MATCH,,,NONSPECIFIC_SUPPORT_REVIEW,declining_bmi,Declining BMI / modified BMI trajectory,"declining_bmi:8.0(phrase;tokens=bmi,body,index,mass)",
T82.9XXA,"Unspecified complication of cardiac and vascular prosthetic device, implant and graft, initial encounter",1528,205,ATOM_PHRASE_MATCH,,,NONSPECIFIC_SUPPORT_REVIEW,pacemaker_implantation,Pacemaker implantation,"pacemaker_implantation:7.0(phrase;tokens=device,implant)",
S06.9X9D,"Unspecified intracranial injury with loss of consciousness of unspecified duration, subsequent encounter",2873,202,ATOM_PHRASE_MATCH,,,NONSPECIFIC_SUPPORT_REVIEW,syncope,Syncope / presyncope,"syncope:7.0(phrase;tokens=consciousness,loss)",
Z68.32,"Body mass index [BMI] 32.0-32.9, adult",631,202,ATOM_PHRASE_MATCH,,,NONSPECIFIC_SUPPORT_REVIEW,declining_bmi,Declining BMI / modified BMI trajectory,"declining_bmi:8.0(phrase;tokens=bmi,body,index,mass)",
R13.11,"Dysphagia, oral phase",686,198,CONFIGURED_ICD_CATEGORY,,,NONSPECIFIC_SUPPORT_REVIEW,dysphagia,dysphagia,dysphagia:3.0(same_icd_category;tokens=dysphagia),
E08.65,Diabetes mellitus due to underlying condition with hyperglycemia,1415,192,ATOM_PHRASE_MATCH,,,NONSPECIFIC_SUPPORT_REVIEW,diabetes,diabetes,"diabetes:7.0(phrase;tokens=diabete,mellitu)",
N52.8,Other male erectile dysfunction,755,190,CONFIGURED_ICD_CATEGORY | ATOM_PHRASE_MATCH,,,NONSPECIFIC_SUPPORT_REVIEW,erectile_dysfunction,erectile dysfunction,"erectile_dysfunction:9.0(phrase;same_icd_category;tokens=dysfunction,erectile)",
Z68.27,"Body mass index [BMI] 27.0-27.9, adult",522,190,ATOM_PHRASE_MATCH,,,NONSPECIFIC_SUPPORT_REVIEW,declining_bmi,Declining BMI / modified BMI trajectory,"declining_bmi:8.0(phrase;tokens=bmi,body,index,mass)",
I35.9,"Nonrheumatic aortic valve disorder, unspecified",1899,184,CONFIGURED_ICD_CATEGORY,,,NONSPECIFIC_SUPPORT_REVIEW,as_valve | lflg_as,Low-flow low-gradient aortic stenosis | Severe aortic stenosis,"as_valve:4.0(same_icd_category;tokens=aortic,valve) | lflg_as:3.0(same_icd_category;tokens=aortic)",
S46.912A,"Strain of unspecified muscle, fascia and tendon at shoulder and upper arm level, left arm, initial encounter",1002,184,CONFIGURED_ICD_CATEGORY,,,NONSPECIFIC_SUPPORT_REVIEW,biceps_rupture,"Spontaneous distal biceps tendon rupture (""Popeye sign"")",biceps_rupture:3.0(same_icd_category;tokens=tendon),
Z68.37,"Body mass index [BMI] 37.0-37.9, adult",489,184,ATOM_PHRASE_MATCH,,,NONSPECIFIC_SUPPORT_REVIEW,declining_bmi,Declining BMI / modified BMI trajectory,"declining_bmi:8.0(phrase;tokens=bmi,body,index,mass)",
Z68.36,"Body mass index [BMI] 36.0-36.9, adult",520,183,ATOM_PHRASE_MATCH,,,NONSPECIFIC_SUPPORT_REVIEW,declining_bmi,Declining BMI / modified BMI trajectory,"declining_bmi:8.0(phrase;tokens=bmi,body,index,mass)",
M32.19,Other organ or system involvement in systemic lupus erythematosus,5351,180,ATOM_PHRASE_MATCH,,,NONSPECIFIC_SUPPORT_REVIEW,autoimmune_disease,autoimmune disease,"autoimmune_disease:8.0(phrase;tokens=erythematosu,lupus,systemic)",
S06.9X9S,"Unspecified intracranial injury with loss of consciousness of unspecified duration, sequela",1603,173,ATOM_PHRASE_MATCH,,,NONSPECIFIC_SUPPORT_REVIEW,syncope,Syncope / presyncope,"syncope:7.0(phrase;tokens=consciousness,loss)",
Z68.38,"Body mass index [BMI] 38.0-38.9, adult",494,169,ATOM_PHRASE_MATCH,,,NONSPECIFIC_SUPPORT_REVIEW,declining_bmi,Declining BMI / modified BMI trajectory,"declining_bmi:8.0(phrase;tokens=bmi,body,index,mass)",
R49.9,Unspecified voice and resonance disorder,588,167,CONFIGURED_ICD_CATEGORY,,,NONSPECIFIC_SUPPORT_REVIEW,hoarseness,hoarseness,hoarseness:3.0(same_icd_category;tokens=voice),
R11.12,Projectile vomiting,676,165,CONFIGURED_ICD_CATEGORY,,,NONSPECIFIC_SUPPORT_REVIEW,vomiting,vomiting,vomiting:3.0(same_icd_category;tokens=vomit),
E10.8,Type 1 diabetes mellitus with unspecified complications,1865,164,ATOM_PHRASE_MATCH,,,NONSPECIFIC_SUPPORT_REVIEW,diabetes,diabetes,"diabetes:8.0(phrase;tokens=diabete,mellitu,type)",
E13.65,Other specified diabetes mellitus with hyperglycemia,1341,157,ATOM_PHRASE_MATCH,,,NONSPECIFIC_SUPPORT_REVIEW,diabetes,diabetes,"diabetes:7.0(phrase;tokens=diabete,mellitu)",
R47.81,Slurred speech,978,156,CONFIGURED_ICD_CATEGORY | ATOM_PHRASE_MATCH,,,NONSPECIFIC_SUPPORT_REVIEW,dysarthria,dysarthria,"dysarthria:9.0(phrase;same_icd_category;tokens=slurr,speech)",
M75.81,"Other shoulder lesions, right shoulder",1123,155,CONFIGURED_ICD_CATEGORY,,,NONSPECIFIC_SUPPORT_REVIEW,rotator_cuff | shoulder_disorder,Other shoulder disorder | Rotator cuff tear / repair,rotator_cuff:3.0(same_icd_category;tokens=shoulder) | shoulder_disorder:3.0(same_icd_category;tokens=shoulder),
G56.23,"Lesion of ulnar nerve, bilateral upper limbs",814,154,CONFIGURED_ICD_CATEGORY,,,NONSPECIFIC_SUPPORT_REVIEW,cts_bilateral,Bilateral carpal tunnel syndrome,cts_bilateral:3.0(same_icd_category;tokens=bilateral),
Z68.39,"Body mass index [BMI] 39.0-39.9, adult",385,149,ATOM_PHRASE_MATCH,,,NONSPECIFIC_SUPPORT_REVIEW,declining_bmi,Declining BMI / modified BMI trajectory,"declining_bmi:8.0(phrase;tokens=bmi,body,index,mass)",
Z68.51,"Body mass index [BMI] pediatric, less than 5th percentile for age",518,147,ATOM_PHRASE_MATCH,,,NONSPECIFIC_SUPPORT_REVIEW,declining_bmi,Declining BMI / modified BMI trajectory,"declining_bmi:8.0(phrase;tokens=bmi,body,index,mass)",
N52.1,Erectile dysfunction due to diseases classified elsewhere,557,145,CONFIGURED_ICD_CATEGORY | ATOM_PHRASE_MATCH,,,NONSPECIFIC_SUPPORT_REVIEW,erectile_dysfunction,erectile dysfunction,"erectile_dysfunction:9.0(phrase;same_icd_category;tokens=dysfunction,erectile)",
R13.13,"Dysphagia, pharyngeal phase",536,143,CONFIGURED_ICD_CATEGORY,,,NONSPECIFIC_SUPPORT_REVIEW,dysphagia,dysphagia,dysphagia:3.0(same_icd_category;tokens=dysphagia),
E13.621,Other specified diabetes mellitus with foot ulcer,1673,142,ATOM_PHRASE_MATCH,,,NONSPECIFIC_SUPPORT_REVIEW,diabetes,diabetes,"diabetes:7.0(phrase;tokens=diabete,mellitu)",
M75.51,Bursitis of right shoulder,886,142,CONFIGURED_ICD_CATEGORY,,,NONSPECIFIC_SUPPORT_REVIEW,rotator_cuff | shoulder_disorder,Other shoulder disorder | Rotator cuff tear / repair,rotator_cuff:3.0(same_icd_category;tokens=shoulder) | shoulder_disorder:3.0(same_icd_category;tokens=shoulder),
N39.498,Other specified urinary incontinence,793,141,ATOM_PHRASE_MATCH,,,NONSPECIFIC_SUPPORT_REVIEW,urinary_incontinence,urinary incontinence,"urinary_incontinence:7.0(phrase;tokens=incontinence,urinary)",
R10.819,"Abdominal tenderness, unspecified site",708,141,CONFIGURED_ICD_CATEGORY,,,NONSPECIFIC_SUPPORT_REVIEW,abdominal_pain,Unexplained abdominal pain,abdominal_pain:3.0(same_icd_category;tokens=abdominal),
R39.81,Functional urinary incontinence,561,141,ATOM_PHRASE_MATCH,,,NONSPECIFIC_SUPPORT_REVIEW,urinary_incontinence,urinary incontinence,"urinary_incontinence:7.0(phrase;tokens=incontinence,urinary)",
S06.0X1A,"Concussion with loss of consciousness of 30 minutes or less, initial encounter",561,141,ATOM_PHRASE_MATCH,,,NONSPECIFIC_SUPPORT_REVIEW,syncope,Syncope / presyncope,"syncope:7.0(phrase;tokens=consciousness,loss)",
S46.819A,"Strain of other muscles, fascia and tendons at shoulder and upper arm level, unspecified arm, initial encounter",746,140,CONFIGURED_ICD_CATEGORY,,,NONSPECIFIC_SUPPORT_REVIEW,biceps_rupture,"Spontaneous distal biceps tendon rupture (""Popeye sign"")",biceps_rupture:3.0(same_icd_category;tokens=tendon),
Z68.25,"Body mass index [BMI] 25.0-25.9, adult",382,140,ATOM_PHRASE_MATCH,,,NONSPECIFIC_SUPPORT_REVIEW,declining_bmi,Declining BMI / modified BMI trajectory,"declining_bmi:8.0(phrase;tokens=bmi,body,index,mass)",
Z95.810,Presence of automatic (implantable) cardiac defibrillator,554,140,CONFIGURED_ICD_CATEGORY,,,NONSPECIFIC_SUPPORT_REVIEW,arrhythmia | pacemaker_presence,arrhythmia | pacemaker presence,arrhythmia:3.0(same_icd_category;tokens=cardiac) | pacemaker_presence:3.0(same_icd_category;tokens=cardiac),
Z68.26,"Body mass index [BMI] 26.0-26.9, adult",411,139,ATOM_PHRASE_MATCH,,,NONSPECIFIC_SUPPORT_REVIEW,declining_bmi,Declining BMI / modified BMI trajectory,"declining_bmi:8.0(phrase;tokens=bmi,body,index,mass)",
H43.393,"Other vitreous opacities, bilateral",546,136,CONFIGURED_ICD_CATEGORY | ATOM_PHRASE_MATCH,,,NONSPECIFIC_SUPPORT_REVIEW,vitreous_opacity,vitreous opacity,"vitreous_opacity:9.0(phrase;same_icd_category;tokens=opacity,vitreou)",
S06.4XAA,"Epidural hemorrhage with loss of consciousness status unknown, initial encounter",1841,135,ATOM_PHRASE_MATCH,,,NONSPECIFIC_SUPPORT_REVIEW,syncope,Syncope / presyncope,"syncope:7.0(phrase;tokens=consciousness,loss)",
H90.A11,"Conductive hearing loss, unilateral, right ear with restricted hearing on the contralateral side",712,133,CONFIGURED_ICD_CATEGORY,,,NONSPECIFIC_SUPPORT_REVIEW,age_excessive_snhl,Bilateral sensorineural hearing loss disproportionate to age,"age_excessive_snhl:4.0(same_icd_category;tokens=hearing,loss)",
I47.2,Ventricular tachycardia,1069,133,ATOM_PHRASE_MATCH,,,NONSPECIFIC_SUPPORT_REVIEW,arrhythmia,arrhythmia,"arrhythmia:7.0(phrase;tokens=tachycardia,ventricular)",
S06.9XAA,"Unspecified intracranial injury with loss of consciousness status unknown, initial encounter",1622,132,ATOM_PHRASE_MATCH,,,NONSPECIFIC_SUPPORT_REVIEW,syncope,Syncope / presyncope,"syncope:7.0(phrase;tokens=consciousness,loss)",
K31.9,"Disease of stomach and duodenum, unspecified",548,131,CONFIGURED_ICD_CATEGORY,,,NONSPECIFIC_SUPPORT_REVIEW,delayed_gastric_emptying | gastroparesis,Gastroparesis / delayed gastric emptying | delayed gastric emptying,delayed_gastric_emptying:3.0(same_icd_category;tokens=stomach) | gastroparesis:3.0(same_icd_category;tokens=stomach),
R10.23,Pelvic and perineal pain bilateral,542,131,CONFIGURED_ICD_CATEGORY,,,NONSPECIFIC_SUPPORT_REVIEW,abdominal_pain,Unexplained abdominal pain,abdominal_pain:3.0(same_icd_category;tokens=pain),
E08.00,Diabetes mellitus due to underlying condition with hyperosmolarity without nonketotic hyperglycemic-hyperosmolar coma (NKHHC),492,125,ATOM_PHRASE_MATCH,,,NONSPECIFIC_SUPPORT_REVIEW,diabetes,diabetes,"diabetes:7.0(phrase;tokens=diabete,mellitu)",
R10.21,Pelvic and perineal pain right side,445,125,CONFIGURED_ICD_CATEGORY,,,NONSPECIFIC_SUPPORT_REVIEW,abdominal_pain,Unexplained abdominal pain,abdominal_pain:3.0(same_icd_category;tokens=pain),
L97.919,Non-pressure chronic ulcer of unspecified part of right lower leg with unspecified severity,1514,124,CONFIGURED_ICD_CATEGORY,,,NONSPECIFIC_SUPPORT_REVIEW,plantar_ulcer | trophic_change,plantar ulcer | trophic change,plantar_ulcer:3.0(same_icd_category;tokens=ulcer) | trophic_change:3.0(same_icd_category;tokens=lower),
I95.0,Idiopathic hypotension,1166,122,CONFIGURED_ICD_CATEGORY,,,NONSPECIFIC_SUPPORT_REVIEW,hf_medication_intolerance | hypotension | orthostatic_intolerance,Hypotension | hf medication intolerance | orthostatic intolerance,hf_medication_intolerance:3.0(same_icd_category;tokens=hypotension) | hypotension:3.0(same_icd_category;tokens=hypotension) | orthostatic_intolerance:3.0(same_icd_category;tokens=hypotension),
H04.129,Dry eye syndrome of unspecified lacrimal gland,497,118,CONFIGURED_ICD_CATEGORY | ATOM_PHRASE_MATCH,,,NONSPECIFIC_SUPPORT_REVIEW,dry_eye,dry eye,"dry_eye:9.0(phrase;same_icd_category;tokens=dry,eye)",
L97.929,Non-pressure chronic ulcer of unspecified part of left lower leg with unspecified severity,1407,118,CONFIGURED_ICD_CATEGORY,,,NONSPECIFIC_SUPPORT_REVIEW,plantar_ulcer | trophic_change,plantar ulcer | trophic change,plantar_ulcer:3.0(same_icd_category;tokens=ulcer) | trophic_change:3.0(same_icd_category;tokens=lower),
R10.A0,"Flank pain, unspecified side",543,117,CONFIGURED_ICD_CATEGORY,,,NONSPECIFIC_SUPPORT_REVIEW,abdominal_pain,Unexplained abdominal pain,abdominal_pain:3.0(same_icd_category;tokens=pain),
G90.1,Familial dysautonomia [Riley-Day],1060,116,CONFIGURED_ICD_CATEGORY,,,NONSPECIFIC_SUPPORT_REVIEW,dysautonomia,Autonomic dysfunction / dysautonomia,dysautonomia:3.0(same_icd_category;tokens=dysautonomia),
H90.A12,"Conductive hearing loss, unilateral, left ear with restricted hearing on the contralateral side",633,111,CONFIGURED_ICD_CATEGORY,,,NONSPECIFIC_SUPPORT_REVIEW,age_excessive_snhl,Bilateral sensorineural hearing loss disproportionate to age,"age_excessive_snhl:4.0(same_icd_category;tokens=hearing,loss)",
R10.22,Pelvic and perineal pain left side,431,111,CONFIGURED_ICD_CATEGORY,,,NONSPECIFIC_SUPPORT_REVIEW,abdominal_pain,Unexplained abdominal pain,abdominal_pain:3.0(same_icd_category;tokens=pain),
Z82.61,Family history of arthritis,636,110,CONFIGURED_ICD_CATEGORY,,,NONSPECIFIC_SUPPORT_REVIEW,fhx_adult_onset_neuropathy,Family history of unexplained adult-onset progressive neuropathy,fhx_adult_onset_neuropathy:3.0(same_icd_category;tokens=family),
L97.921,Non-pressure chronic ulcer of unspecified part of left lower leg limited to breakdown of skin,2001,109,CONFIGURED_ICD_CATEGORY,,,NONSPECIFIC_SUPPORT_REVIEW,plantar_ulcer | trophic_change,plantar ulcer | trophic change,"trophic_change:4.0(same_icd_category;tokens=lower,skin) | plantar_ulcer:3.0(same_icd_category;tokens=ulcer)",
K59.9,"Functional intestinal disorder, unspecified",255,108,CONFIGURED_ICD_CATEGORY,,,NONSPECIFIC_SUPPORT_REVIEW,gi_dysmotility,Unexplained gastrointestinal dysmotility,gi_dysmotility:3.0(same_icd_category;tokens=intestinal),
H43.392,"Other vitreous opacities, left eye",345,107,CONFIGURED_ICD_CATEGORY | ATOM_PHRASE_MATCH,,,NONSPECIFIC_SUPPORT_REVIEW,vitreous_opacity,vitreous opacity,"vitreous_opacity:9.0(phrase;same_icd_category;tokens=opacity,vitreou)",
H43.811,"Vitreous degeneration, right eye",190,107,CONFIGURED_ICD_CATEGORY,,,NONSPECIFIC_SUPPORT_REVIEW,vitreous_opacity,vitreous opacity,vitreous_opacity:3.0(same_icd_category;tokens=vitreou),
K31.6,Fistula of stomach and duodenum,918,107,CONFIGURED_ICD_CATEGORY,,,NONSPECIFIC_SUPPORT_REVIEW,delayed_gastric_emptying | gastroparesis,Gastroparesis / delayed gastric emptying | delayed gastric emptying,delayed_gastric_emptying:3.0(same_icd_category;tokens=stomach) | gastroparesis:3.0(same_icd_category;tokens=stomach),
M75.52,Bursitis of left shoulder,569,105,CONFIGURED_ICD_CATEGORY,,,NONSPECIFIC_SUPPORT_REVIEW,rotator_cuff | shoulder_disorder,Other shoulder disorder | Rotator cuff tear / repair,rotator_cuff:3.0(same_icd_category;tokens=shoulder) | shoulder_disorder:3.0(same_icd_category;tokens=shoulder),
K59.2,"Neurogenic bowel, not elsewhere classified",495,104,CONFIGURED_ICD_CATEGORY,,,NONSPECIFIC_SUPPORT_REVIEW,constipation,constipation,constipation:3.0(same_icd_category;tokens=bowel),
S06.0X9A,"Concussion with loss of consciousness of unspecified duration, initial encounter",518,103,ATOM_PHRASE_MATCH,,,NONSPECIFIC_SUPPORT_REVIEW,syncope,Syncope / presyncope,"syncope:7.0(phrase;tokens=consciousness,loss)",
E08.10,Diabetes mellitus due to underlying condition with ketoacidosis without coma,1420,102,ATOM_PHRASE_MATCH,,,NONSPECIFIC_SUPPORT_REVIEW,diabetes,diabetes,"diabetes:7.0(phrase;tokens=diabete,mellitu)",
H90.2,"Conductive hearing loss, unspecified",398,102,CONFIGURED_ICD_CATEGORY,,,NONSPECIFIC_SUPPORT_REVIEW,age_excessive_snhl,Bilateral sensorineural hearing loss disproportionate to age,"age_excessive_snhl:4.0(same_icd_category;tokens=hearing,loss)",
Z95.820,Peripheral vascular angioplasty status with implants and grafts,668,102,CONFIGURED_ICD_CATEGORY,,,NONSPECIFIC_SUPPORT_REVIEW,pacemaker_implantation,Pacemaker implantation,pacemaker_implantation:3.0(same_icd_category;tokens=implant),
L97.911,Non-pressure chronic ulcer of unspecified part of right lower leg limited to breakdown of skin,2419,101,CONFIGURED_ICD_CATEGORY,,,NONSPECIFIC_SUPPORT_REVIEW,plantar_ulcer | trophic_change,plantar ulcer | trophic change,"trophic_change:4.0(same_icd_category;tokens=lower,skin) | plantar_ulcer:3.0(same_icd_category;tokens=ulcer)",
H91.8X2,"Other specified hearing loss, left ear",353,98,CONFIGURED_ICD_CATEGORY,,,NONSPECIFIC_SUPPORT_REVIEW,age_excessive_snhl,Bilateral sensorineural hearing loss disproportionate to age,"age_excessive_snhl:4.0(same_icd_category;tokens=hearing,loss)",
H43.391,"Other vitreous opacities, right eye",358,97,CONFIGURED_ICD_CATEGORY | ATOM_PHRASE_MATCH,,,NONSPECIFIC_SUPPORT_REVIEW,vitreous_opacity,vitreous opacity,"vitreous_opacity:9.0(phrase;same_icd_category;tokens=opacity,vitreou)",
M75.82,"Other shoulder lesions, left shoulder",487,96,CONFIGURED_ICD_CATEGORY,,,NONSPECIFIC_SUPPORT_REVIEW,rotator_cuff | shoulder_disorder,Other shoulder disorder | Rotator cuff tear / repair,rotator_cuff:3.0(same_icd_category;tokens=shoulder) | shoulder_disorder:3.0(same_icd_category;tokens=shoulder),
M65.949,"Unspecified synovitis and tenosynovitis, unspecified hand",1751,91,CONFIGURED_ICD_CATEGORY,,,NONSPECIFIC_SUPPORT_REVIEW,trigger_finger,Trigger finger / stenosing tenosynovitis,trigger_finger:3.0(same_icd_category;tokens=tenosynoviti),
R06.9,Unspecified abnormalities of breathing,342,91,CONFIGURED_ICD_CATEGORY,,,NONSPECIFIC_SUPPORT_REVIEW,dyspnea,Dyspnea / shortness of breath,dyspnea:3.0(same_icd_category;tokens=breath),
Z82.69,Family history of other diseases of the musculoskeletal system and connective tissue,481,90,CONFIGURED_ICD_CATEGORY,,,NONSPECIFIC_SUPPORT_REVIEW,fhx_adult_onset_neuropathy | fhx_sudden_death,Family history of sudden death or hereditary amyloid/neuropathy | Family history of unexplained adult-onset progressive neuropathy,"fhx_adult_onset_neuropathy:3.0(same_icd_category;tokens=family) | fhx_sudden_death:3.0(tokens=disease,family,system)",
N52.01,Erectile dysfunction due to arterial insufficiency,436,87,CONFIGURED_ICD_CATEGORY | ATOM_PHRASE_MATCH,,,NONSPECIFIC_SUPPORT_REVIEW,erectile_dysfunction,erectile dysfunction,"erectile_dysfunction:9.0(phrase;same_icd_category;tokens=dysfunction,erectile)",
S06.0XAA,"Concussion with loss of consciousness status unknown, initial encounter",259,86,ATOM_PHRASE_MATCH,,,NONSPECIFIC_SUPPORT_REVIEW,syncope,Syncope / presyncope,"syncope:7.0(phrase;tokens=consciousness,loss)",
H43.13,"Vitreous hemorrhage, bilateral",297,83,CONFIGURED_ICD_CATEGORY,,,NONSPECIFIC_SUPPORT_REVIEW,vitreous_opacity,vitreous opacity,vitreous_opacity:3.0(same_icd_category;tokens=vitreou),
H43.812,"Vitreous degeneration, left eye",139,83,CONFIGURED_ICD_CATEGORY,,,NONSPECIFIC_SUPPORT_REVIEW,vitreous_opacity,vitreous opacity,vitreous_opacity:3.0(same_icd_category;tokens=vitreou),
E10.621,Type 1 diabetes mellitus with foot ulcer,2703,80,ATOM_PHRASE_MATCH,,,NONSPECIFIC_SUPPORT_REVIEW,diabetes,diabetes,"diabetes:8.0(phrase;tokens=diabete,mellitu,type)",
I95.81,Postprocedural hypotension,324,80,CONFIGURED_ICD_CATEGORY,,,NONSPECIFIC_SUPPORT_REVIEW,hf_medication_intolerance | hypotension | orthostatic_intolerance,Hypotension | hf medication intolerance | orthostatic intolerance,hf_medication_intolerance:3.0(same_icd_category;tokens=hypotension) | hypotension:3.0(same_icd_category;tokens=hypotension) | orthostatic_intolerance:3.0(same_icd_category;tokens=hypotension),
S06.9X0A,"Unspecified intracranial injury without loss of consciousness, initial encounter",486,80,ATOM_PHRASE_MATCH,,,NONSPECIFIC_SUPPORT_REVIEW,syncope,Syncope / presyncope,"syncope:7.0(phrase;tokens=consciousness,loss)",
L97.812,Non-pressure chronic ulcer of other part of right lower leg with fat layer exposed,2109,79,CONFIGURED_ICD_CATEGORY,,,NONSPECIFIC_SUPPORT_REVIEW,plantar_ulcer | trophic_change,plantar ulcer | trophic change,plantar_ulcer:3.0(same_icd_category;tokens=ulcer) | trophic_change:3.0(same_icd_category;tokens=lower),
M32.8,Other forms of systemic lupus erythematosus,2214,79,ATOM_PHRASE_MATCH,,,NONSPECIFIC_SUPPORT_REVIEW,autoimmune_disease,autoimmune disease,"autoimmune_disease:8.0(phrase;tokens=erythematosu,lupus,systemic)",
Z96.611,Presence of right artificial shoulder joint,899,79,CONFIGURED_ICD_CATEGORY,,,NONSPECIFIC_SUPPORT_REVIEW,arthroplasty,Hip or knee arthroplasty,arthroplasty:3.0(same_icd_category;tokens=joint),
S06.9XAD,"Unspecified intracranial injury with loss of consciousness status unknown, subsequent encounter",541,77,ATOM_PHRASE_MATCH,,,NONSPECIFIC_SUPPORT_REVIEW,syncope,Syncope / presyncope,"syncope:7.0(phrase;tokens=consciousness,loss)",
Z83.79,Family history of other diseases of the digestive system,260,77,CONFIGURED_ICD_CATEGORY,,,NONSPECIFIC_SUPPORT_REVIEW,fhx_established_attr | fhx_sudden_death,Family history of sudden death or hereditary amyloid/neuropathy | First-degree family history of genetically or clinically established ATTR amyloidosis,"fhx_established_attr:3.0(same_icd_category;tokens=family) | fhx_sudden_death:3.0(tokens=disease,family,system)",
L97.822,Non-pressure chronic ulcer of other part of left lower leg with fat layer exposed,651,76,CONFIGURED_ICD_CATEGORY,,,NONSPECIFIC_SUPPORT_REVIEW,plantar_ulcer | trophic_change,plantar ulcer | trophic change,plantar_ulcer:3.0(same_icd_category;tokens=ulcer) | trophic_change:3.0(same_icd_category;tokens=lower),
N39.490,Overflow incontinence,282,76,ATOM_PHRASE_MATCH,,,NONSPECIFIC_SUPPORT_REVIEW,urinary_incontinence,urinary incontinence,"urinary_incontinence:7.0(phrase;tokens=incontinence,overflow)",
H91.8X1,"Other specified hearing loss, right ear",268,74,CONFIGURED_ICD_CATEGORY,,,NONSPECIFIC_SUPPORT_REVIEW,age_excessive_snhl,Bilateral sensorineural hearing loss disproportionate to age,"age_excessive_snhl:4.0(same_icd_category;tokens=hearing,loss)",
S46.212A,"Strain of muscle, fascia and tendon of other parts of biceps, left arm, initial encounter",462,74,CONFIGURED_ICD_CATEGORY,,,NONSPECIFIC_SUPPORT_REVIEW,biceps_rupture,"Spontaneous distal biceps tendon rupture (""Popeye sign"")","biceps_rupture:4.0(same_icd_category;tokens=bicep,tendon)",
L97.322,Non-pressure chronic ulcer of left ankle with fat layer exposed,3432,73,CONFIGURED_ICD_CATEGORY,,,NONSPECIFIC_SUPPORT_REVIEW,plantar_ulcer,plantar ulcer,plantar_ulcer:3.0(same_icd_category;tokens=ulcer),
R03.1,Nonspecific low blood-pressure reading,322,72,ATOM_PHRASE_MATCH,,,NONSPECIFIC_SUPPORT_REVIEW,declining_blood_pressure | hf_medication_intolerance | hypotension | medication_dose_change,Falling blood pressure in a previously hypertensive patient | Hypotension | hf medication intolerance | medication dose change,"declining_blood_pressure:8.0(phrase;tokens=blood,low,pressure) | hypotension:8.0(phrase;tokens=blood,low,pressure) | hf_medication_intolerance:3.0(tokens=blood,low,pressure) | medication_dose_change:3.0(tokens=blood,low,pressure)",
R39.14,Feeling of incomplete bladder emptying,200,71,ATOM_PHRASE_MATCH,,,NONSPECIFIC_SUPPORT_REVIEW,urinary_retention,urinary retention,"urinary_retention:8.0(phrase;tokens=bladder,empty,incomplete)",
S06.4X9A,"Epidural hemorrhage with loss of consciousness of unspecified duration, initial encounter",1147,71,ATOM_PHRASE_MATCH,,,NONSPECIFIC_SUPPORT_REVIEW,syncope,Syncope / presyncope,"syncope:7.0(phrase;tokens=consciousness,loss)",
R10.816,Epigastric abdominal tenderness,178,68,CONFIGURED_ICD_CATEGORY,,,NONSPECIFIC_SUPPORT_REVIEW,abdominal_pain,Unexplained abdominal pain,"abdominal_pain:4.0(same_icd_category;tokens=abdominal,epigastric)",
Z83.438,Family history of other disorder of lipoprotein metabolism and other lipidemia,150,68,CONFIGURED_ICD_CATEGORY,,,NONSPECIFIC_SUPPORT_REVIEW,fhx_established_attr,First-degree family history of genetically or clinically established ATTR amyloidosis,fhx_established_attr:3.0(same_icd_category;tokens=family),
H16.223,"Keratoconjunctivitis sicca, not specified as Sjogren's, bilateral",339,67,ATOM_PHRASE_MATCH,,,NONSPECIFIC_SUPPORT_REVIEW,dry_eye,dry eye,"dry_eye:7.0(phrase;tokens=keratoconjunctiviti,sicca)",
E11.A,Type 2 diabetes mellitus without complications in remission,1010,64,CONFIGURED_ICD_CATEGORY | ATOM_PHRASE_MATCH,,,NONSPECIFIC_SUPPORT_REVIEW,diabetes,diabetes,"diabetes:10.0(phrase;same_icd_category;tokens=diabete,mellitu,type)",
K31.819,Angiodysplasia of stomach and duodenum without bleeding,439,63,CONFIGURED_ICD_CATEGORY,,,NONSPECIFIC_SUPPORT_REVIEW,delayed_gastric_emptying | gastroparesis,Gastroparesis / delayed gastric emptying | delayed gastric emptying,delayed_gastric_emptying:3.0(same_icd_category;tokens=stomach) | gastroparesis:3.0(same_icd_category;tokens=stomach),
T85.9XXA,"Unspecified complication of internal prosthetic device, implant and graft, initial encounter",516,63,ATOM_PHRASE_MATCH,,,NONSPECIFIC_SUPPORT_REVIEW,pacemaker_implantation,Pacemaker implantation,"pacemaker_implantation:7.0(phrase;tokens=device,implant)",
Z68.55,"Body mass index [BMI] pediatric, 120% of the 95th percentile for age to less than 140% of the 95th percentile for age",184,63,ATOM_PHRASE_MATCH,,,NONSPECIFIC_SUPPORT_REVIEW,declining_bmi,Declining BMI / modified BMI trajectory,"declining_bmi:8.0(phrase;tokens=bmi,body,index,mass)",
S06.9XAS,"Unspecified intracranial injury with loss of consciousness status unknown, sequela",343,61,ATOM_PHRASE_MATCH,,,NONSPECIFIC_SUPPORT_REVIEW,syncope,Syncope / presyncope,"syncope:7.0(phrase;tokens=consciousness,loss)",
L97.312,Non-pressure chronic ulcer of right ankle with fat layer exposed,2271,60,CONFIGURED_ICD_CATEGORY,,,NONSPECIFIC_SUPPORT_REVIEW,plantar_ulcer,plantar ulcer,plantar_ulcer:3.0(same_icd_category;tokens=ulcer),
M75.31,Calcific tendinitis of right shoulder,289,60,CONFIGURED_ICD_CATEGORY,,,NONSPECIFIC_SUPPORT_REVIEW,rotator_cuff | shoulder_disorder,Other shoulder disorder | Rotator cuff tear / repair,"shoulder_disorder:4.0(same_icd_category;tokens=shoulder,tendiniti) | rotator_cuff:3.0(same_icd_category;tokens=shoulder)",
Z68.1,"Body mass index [BMI] 19.9 or less, adult",174,60,ATOM_PHRASE_MATCH,,,NONSPECIFIC_SUPPORT_REVIEW,declining_bmi,Declining BMI / modified BMI trajectory,"declining_bmi:8.0(phrase;tokens=bmi,body,index,mass)",
H40.051,"Ocular hypertension, right eye",248,58,CONFIGURED_ICD_CATEGORY | ATOM_PHRASE_MATCH,,,NONSPECIFIC_SUPPORT_REVIEW,dry_eye | glaucoma,dry eye | glaucoma,"glaucoma:9.0(phrase;same_icd_category;tokens=hypertension,ocular) | dry_eye:4.0(same_icd_category;tokens=eye,ocular)",
N31.2,"Flaccid neuropathic bladder, not elsewhere classified",218,58,CONFIGURED_ICD_CATEGORY,,,NONSPECIFIC_SUPPORT_REVIEW,neurogenic_bladder | urinary_incontinence | urinary_retention,neurogenic bladder | urinary incontinence | urinary retention,neurogenic_bladder:3.0(same_icd_category;tokens=bladder) | urinary_incontinence:3.0(same_icd_category;tokens=bladder) | urinary_retention:3.0(same_icd_category;tokens=bladder),
Z68.44,"Body mass index [BMI] 60.0-69.9, adult",180,58,ATOM_PHRASE_MATCH,,,NONSPECIFIC_SUPPORT_REVIEW,declining_bmi,Declining BMI / modified BMI trajectory,"declining_bmi:8.0(phrase;tokens=bmi,body,index,mass)",
R53.0,Neoplastic (malignant) related fatigue,460,57,CONFIGURED_ICD_CATEGORY,,,NONSPECIFIC_SUPPORT_REVIEW,fatigue,Fatigue,fatigue:3.0(same_icd_category;tokens=fatigue),
S06.0X1D,"Concussion with loss of consciousness of 30 minutes or less, subsequent encounter",250,57,ATOM_PHRASE_MATCH,,,NONSPECIFIC_SUPPORT_REVIEW,syncope,Syncope / presyncope,"syncope:7.0(phrase;tokens=consciousness,loss)",
S06.9X0D,"Unspecified intracranial injury without loss of consciousness, subsequent encounter",637,57,ATOM_PHRASE_MATCH,,,NONSPECIFIC_SUPPORT_REVIEW,syncope,Syncope / presyncope,"syncope:7.0(phrase;tokens=consciousness,loss)",
I95.3,Hypotension of hemodialysis,536,55,CONFIGURED_ICD_CATEGORY,,,NONSPECIFIC_SUPPORT_REVIEW,hf_medication_intolerance | hypotension | orthostatic_intolerance,Hypotension | hf medication intolerance | orthostatic intolerance,hf_medication_intolerance:3.0(same_icd_category;tokens=hypotension) | hypotension:3.0(same_icd_category;tokens=hypotension) | orthostatic_intolerance:3.0(same_icd_category;tokens=hypotension),
M14.60,"Charcot's joint, unspecified site",329,55,CONFIGURED_ICD_CATEGORY,,,NONSPECIFIC_SUPPORT_REVIEW,charcot_arthropathy,charcot arthropathy,"charcot_arthropathy:4.0(same_icd_category;tokens=charcot,joint)",
Z96.612,Presence of left artificial shoulder joint,423,55,CONFIGURED_ICD_CATEGORY,,,NONSPECIFIC_SUPPORT_REVIEW,arthroplasty,Hip or knee arthroplasty,arthroplasty:3.0(same_icd_category;tokens=joint),
H40.053,"Ocular hypertension, bilateral",183,54,CONFIGURED_ICD_CATEGORY | ATOM_PHRASE_MATCH,,,NONSPECIFIC_SUPPORT_REVIEW,dry_eye | glaucoma,dry eye | glaucoma,"glaucoma:9.0(phrase;same_icd_category;tokens=hypertension,ocular) | dry_eye:3.0(same_icd_category;tokens=ocular)",
H40.211,"Acute angle-closure glaucoma, right eye",218,54,CONFIGURED_ICD_CATEGORY,,,NONSPECIFIC_SUPPORT_REVIEW,dry_eye | glaucoma,dry eye | glaucoma,dry_eye:3.0(same_icd_category;tokens=eye) | glaucoma:3.0(same_icd_category;tokens=glaucoma),
K31.A19,"Gastric intestinal metaplasia without dysplasia, unspecified site",217,54,CONFIGURED_ICD_CATEGORY,,,NONSPECIFIC_SUPPORT_REVIEW,delayed_gastric_emptying | gastroparesis,Gastroparesis / delayed gastric emptying | delayed gastric emptying,delayed_gastric_emptying:3.0(same_icd_category;tokens=gastric) | gastroparesis:3.0(same_icd_category;tokens=gastric),
E09.9,Drug or chemical induced diabetes mellitus without complications,380,53,ATOM_PHRASE_MATCH,,,NONSPECIFIC_SUPPORT_REVIEW,diabetes,diabetes,"diabetes:7.0(phrase;tokens=diabete,mellitu)",
H40.052,"Ocular hypertension, left eye",211,53,CONFIGURED_ICD_CATEGORY | ATOM_PHRASE_MATCH,,,NONSPECIFIC_SUPPORT_REVIEW,dry_eye | glaucoma,dry eye | glaucoma,"glaucoma:9.0(phrase;same_icd_category;tokens=hypertension,ocular) | dry_eye:4.0(same_icd_category;tokens=eye,ocular)",
H40.212,"Acute angle-closure glaucoma, left eye",256,53,CONFIGURED_ICD_CATEGORY,,,NONSPECIFIC_SUPPORT_REVIEW,dry_eye | glaucoma,dry eye | glaucoma,dry_eye:3.0(same_icd_category;tokens=eye) | glaucoma:3.0(same_icd_category;tokens=glaucoma),
H53.462,"Homonymous bilateral field defects, left side",201,52,ATOM_PHRASE_MATCH,,,NONSPECIFIC_SUPPORT_REVIEW,cts_left,"Carpal tunnel syndrome, left",cts_left:6.0(phrase;tokens=left),
S06.9X1A,"Unspecified intracranial injury with loss of consciousness of 30 minutes or less, initial encounter",253,51,ATOM_PHRASE_MATCH,,,NONSPECIFIC_SUPPORT_REVIEW,syncope,Syncope / presyncope,"syncope:7.0(phrase;tokens=consciousness,loss)",
H40.51X0,"Glaucoma secondary to other eye disorders, right eye, stage unspecified",290,50,CONFIGURED_ICD_CATEGORY,,,NONSPECIFIC_SUPPORT_REVIEW,dry_eye | glaucoma,dry eye | glaucoma,dry_eye:3.0(same_icd_category;tokens=eye) | glaucoma:3.0(same_icd_category;tokens=glaucoma),
M1A.39X0,"Chronic gout due to renal impairment, multiple sites, without tophus (tophi)",2013,50,ATOM_PHRASE_MATCH,,,NONSPECIFIC_SUPPORT_REVIEW,renal_dysfunction,Renal dysfunction / chronic kidney disease,"renal_dysfunction:8.0(phrase;tokens=chronic,impair,renal)",
L97.909,Non-pressure chronic ulcer of unspecified part of unspecified lower leg with unspecified severity,873,49,CONFIGURED_ICD_CATEGORY,,,NONSPECIFIC_SUPPORT_REVIEW,plantar_ulcer | trophic_change,plantar ulcer | trophic change,plantar_ulcer:3.0(same_icd_category;tokens=ulcer) | trophic_change:3.0(same_icd_category;tokens=lower),
R06.3,Periodic breathing,210,48,CONFIGURED_ICD_CATEGORY,,,NONSPECIFIC_SUPPORT_REVIEW,dyspnea,Dyspnea / shortness of breath,dyspnea:3.0(same_icd_category;tokens=breath),
H91.20,"Sudden idiopathic hearing loss, unspecified ear",232,47,CONFIGURED_ICD_CATEGORY,,,NONSPECIFIC_SUPPORT_REVIEW,age_excessive_snhl,Bilateral sensorineural hearing loss disproportionate to age,"age_excessive_snhl:4.0(same_icd_category;tokens=hearing,loss)",
H91.22,"Sudden idiopathic hearing loss, left ear",461,47,CONFIGURED_ICD_CATEGORY,,,NONSPECIFIC_SUPPORT_REVIEW,age_excessive_snhl,Bilateral sensorineural hearing loss disproportionate to age,"age_excessive_snhl:4.0(same_icd_category;tokens=hearing,loss)",
M14.679,"Charcot's joint, unspecified ankle and foot",762,47,CONFIGURED_ICD_CATEGORY,,,NONSPECIFIC_SUPPORT_REVIEW,charcot_arthropathy | plantar_ulcer | trophic_change,charcot arthropathy | plantar ulcer | trophic change,"charcot_arthropathy:5.0(same_icd_category;tokens=charcot,foot,joint) | plantar_ulcer:3.0(same_icd_category;tokens=foot) | trophic_change:3.0(same_icd_category;tokens=foot)",
M75.32,Calcific tendinitis of left shoulder,218,46,CONFIGURED_ICD_CATEGORY,,,NONSPECIFIC_SUPPORT_REVIEW,rotator_cuff | shoulder_disorder,Other shoulder disorder | Rotator cuff tear / repair,"shoulder_disorder:4.0(same_icd_category;tokens=shoulder,tendiniti) | rotator_cuff:3.0(same_icd_category;tokens=shoulder)",
E08.69,Diabetes mellitus due to underlying condition with other specified complication,215,45,ATOM_PHRASE_MATCH,,,NONSPECIFIC_SUPPORT_REVIEW,diabetes,diabetes,"diabetes:7.0(phrase;tokens=diabete,mellitu)",
G56.31,"Lesion of radial nerve, right upper limb",408,45,CONFIGURED_ICD_CATEGORY,,,NONSPECIFIC_SUPPORT_REVIEW,cts_bilateral | cts_right,"Bilateral carpal tunnel syndrome | Carpal tunnel syndrome, right","cts_bilateral:3.0(same_icd_category;tokens=right) | cts_right:3.0(tokens=limb,right,upper)",
I50.1,"Left ventricular failure, unspecified",261,45,CONFIGURED_ICD_CATEGORY,,,NONSPECIFIC_SUPPORT_REVIEW,hf_any | hfpef | thick_walls,Heart failure | Heart failure with preserved ejection fraction | Unexplained left-ventricular wall thickness / LVH,"thick_walls:4.0(same_icd_category;tokens=left,ventricular) | hf_any:3.0(same_icd_category;tokens=failure) | hfpef:3.0(same_icd_category;tokens=failure)",
Z92.25,Personal history of immunosuppression therapy,929,45,CONFIGURED_ICD_CATEGORY,,,NONSPECIFIC_SUPPORT_REVIEW,myeloma_therapy_exposure,Anti-myeloma therapy exposure,myeloma_therapy_exposure:3.0(same_icd_category;tokens=therapy),
H53.461,"Homonymous bilateral field defects, right side",216,44,ATOM_PHRASE_MATCH,,,NONSPECIFIC_SUPPORT_REVIEW,cts_right,"Carpal tunnel syndrome, right",cts_right:6.0(phrase;tokens=right),
H40.019,"Open angle with borderline findings, low risk, unspecified eye",243,43,CONFIGURED_ICD_CATEGORY,,,NONSPECIFIC_SUPPORT_REVIEW,dry_eye,dry eye,dry_eye:3.0(same_icd_category;tokens=eye),
S06.0XAD,"Concussion with loss of consciousness status unknown, subsequent encounter",100,43,ATOM_PHRASE_MATCH,,,NONSPECIFIC_SUPPORT_REVIEW,syncope,Syncope / presyncope,"syncope:7.0(phrase;tokens=consciousness,loss)",
Z82.71,Family history of polycystic kidney,168,43,CONFIGURED_ICD_CATEGORY,,,NONSPECIFIC_SUPPORT_REVIEW,fhx_adult_onset_neuropathy,Family history of unexplained adult-onset progressive neuropathy,fhx_adult_onset_neuropathy:3.0(same_icd_category;tokens=family),
G56.11,"Other lesions of median nerve, right upper limb",222,42,CONFIGURED_ICD_CATEGORY,,,NONSPECIFIC_SUPPORT_REVIEW,cts_any | cts_bilateral | cts_right,"Bilateral carpal tunnel syndrome | Carpal tunnel syndrome | Carpal tunnel syndrome, right","cts_bilateral:4.0(same_icd_category;tokens=median,right) | cts_any:3.0(same_icd_category;tokens=median) | cts_right:3.0(tokens=limb,right,upper)",
G56.32,"Lesion of radial nerve, left upper limb",296,42,CONFIGURED_ICD_CATEGORY,,,NONSPECIFIC_SUPPORT_REVIEW,cts_bilateral | cts_left,"Bilateral carpal tunnel syndrome | Carpal tunnel syndrome, left","cts_bilateral:3.0(same_icd_category;tokens=left) | cts_left:3.0(tokens=left,limb,upper)",
Z68.24,"Body mass index [BMI] 24.0-24.9, adult",122,42,ATOM_PHRASE_MATCH,,,NONSPECIFIC_SUPPORT_REVIEW,declining_bmi,Declining BMI / modified BMI trajectory,"declining_bmi:8.0(phrase;tokens=bmi,body,index,mass)",
H43.813,"Vitreous degeneration, bilateral",149,41,CONFIGURED_ICD_CATEGORY,,,NONSPECIFIC_SUPPORT_REVIEW,vitreous_opacity,vitreous opacity,vitreous_opacity:3.0(same_icd_category;tokens=vitreou),
S06.0X9D,"Concussion with loss of consciousness of unspecified duration, subsequent encounter",189,40,ATOM_PHRASE_MATCH,,,NONSPECIFIC_SUPPORT_REVIEW,syncope,Syncope / presyncope,"syncope:7.0(phrase;tokens=consciousness,loss)",
H40.89,Other specified glaucoma,135,39,CONFIGURED_ICD_CATEGORY,,,NONSPECIFIC_SUPPORT_REVIEW,glaucoma,glaucoma,glaucoma:3.0(same_icd_category;tokens=glaucoma),
H91.21,"Sudden idiopathic hearing loss, right ear",182,39,CONFIGURED_ICD_CATEGORY,,,NONSPECIFIC_SUPPORT_REVIEW,age_excessive_snhl,Bilateral sensorineural hearing loss disproportionate to age,"age_excessive_snhl:4.0(same_icd_category;tokens=hearing,loss)",
Z82.2,Family history of deafness and hearing loss,175,39,CONFIGURED_ICD_CATEGORY,,,NONSPECIFIC_SUPPORT_REVIEW,fhx_adult_onset_neuropathy,Family history of unexplained adult-onset progressive neuropathy,fhx_adult_onset_neuropathy:3.0(same_icd_category;tokens=family),
E08.9,Diabetes mellitus due to underlying condition without complications,235,38,ATOM_PHRASE_MATCH,,,NONSPECIFIC_SUPPORT_REVIEW,diabetes,diabetes,"diabetes:7.0(phrase;tokens=diabete,mellitu)",
R77.0,Abnormality of albumin,117,38,CONFIGURED_ICD_CATEGORY,,,NONSPECIFIC_SUPPORT_REVIEW,hypoalbuminemia,Marked hypoalbuminemia,hypoalbuminemia:3.0(same_icd_category;tokens=albumin),
S06.9X5S,"Unspecified intracranial injury with loss of consciousness greater than 24 hours with return to pre-existing conscious level, sequela",430,38,ATOM_PHRASE_MATCH,,,NONSPECIFIC_SUPPORT_REVIEW,age_excessive_snhl | syncope,Bilateral sensorineural hearing loss disproportionate to age | Syncope / presyncope,"syncope:7.0(phrase;tokens=consciousness,loss) | age_excessive_snhl:3.0(tokens=greater,loss,than)",
E11.01,Type 2 diabetes mellitus with hyperosmolarity with coma,308,37,CONFIGURED_ICD_CATEGORY | ATOM_PHRASE_MATCH,,,NONSPECIFIC_SUPPORT_REVIEW,diabetes,diabetes,"diabetes:10.0(phrase;same_icd_category;tokens=diabete,mellitu,type)",
H40.52X0,"Glaucoma secondary to other eye disorders, left eye, stage unspecified",146,37,CONFIGURED_ICD_CATEGORY,,,NONSPECIFIC_SUPPORT_REVIEW,dry_eye | glaucoma,dry eye | glaucoma,dry_eye:3.0(same_icd_category;tokens=eye) | glaucoma:3.0(same_icd_category;tokens=glaucoma),
M35.09,Sjogren syndrome with other organ involvement,1647,37,CONFIGURED_ICD_CATEGORY,,,NONSPECIFIC_SUPPORT_REVIEW,autoimmune_disease,autoimmune disease,autoimmune_disease:3.0(same_icd_category;tokens=sjogren),
M65.90,"Unspecified synovitis and tenosynovitis, unspecified site",179,37,CONFIGURED_ICD_CATEGORY,,,NONSPECIFIC_SUPPORT_REVIEW,trigger_finger,Trigger finger / stenosing tenosynovitis,trigger_finger:3.0(same_icd_category;tokens=tenosynoviti),
S06.33AA,"Contusion and laceration of cerebrum, unspecified, with loss of consciousness status unknown, initial encounter",301,37,ATOM_PHRASE_MATCH,,,NONSPECIFIC_SUPPORT_REVIEW,syncope,Syncope / presyncope,"syncope:7.0(phrase;tokens=consciousness,loss)",
G56.12,"Other lesions of median nerve, left upper limb",230,36,CONFIGURED_ICD_CATEGORY,,,NONSPECIFIC_SUPPORT_REVIEW,cts_any | cts_bilateral | cts_left,"Bilateral carpal tunnel syndrome | Carpal tunnel syndrome | Carpal tunnel syndrome, left","cts_bilateral:4.0(same_icd_category;tokens=left,median) | cts_any:3.0(same_icd_category;tokens=median) | cts_left:3.0(tokens=left,limb,upper)",
K31.811,Angiodysplasia of stomach and duodenum with bleeding,187,36,CONFIGURED_ICD_CATEGORY,,,NONSPECIFIC_SUPPORT_REVIEW,delayed_gastric_emptying | gastroparesis,Gastroparesis / delayed gastric emptying | delayed gastric emptying,delayed_gastric_emptying:3.0(same_icd_category;tokens=stomach) | gastroparesis:3.0(same_icd_category;tokens=stomach),
R10.813,Right lower quadrant abdominal tenderness,344,36,CONFIGURED_ICD_CATEGORY,,,NONSPECIFIC_SUPPORT_REVIEW,abdominal_pain,Unexplained abdominal pain,abdominal_pain:3.0(same_icd_category;tokens=abdominal),
Z68.56,"Body mass index [BMI] pediatric, greater than or equal to 140% of the 95th percentile for age",105,36,ATOM_PHRASE_MATCH,,,NONSPECIFIC_SUPPORT_REVIEW,age_excessive_snhl | declining_bmi,Bilateral sensorineural hearing loss disproportionate to age | Declining BMI / modified BMI trajectory,"declining_bmi:8.0(phrase;tokens=bmi,body,index,mass) | age_excessive_snhl:3.0(tokens=age,greater,than)",
H43.399,"Other vitreous opacities, unspecified eye",197,35,CONFIGURED_ICD_CATEGORY | ATOM_PHRASE_MATCH,,,NONSPECIFIC_SUPPORT_REVIEW,vitreous_opacity,vitreous opacity,"vitreous_opacity:9.0(phrase;same_icd_category;tokens=opacity,vitreou)",
R49.8,Other voice and resonance disorders,88,35,CONFIGURED_ICD_CATEGORY,,,NONSPECIFIC_SUPPORT_REVIEW,hoarseness,hoarseness,hoarseness:3.0(same_icd_category;tokens=voice),
Z68.23,"Body mass index [BMI] 23.0-23.9, adult",89,35,ATOM_PHRASE_MATCH,,,NONSPECIFIC_SUPPORT_REVIEW,declining_bmi,Declining BMI / modified BMI trajectory,"declining_bmi:8.0(phrase;tokens=bmi,body,index,mass)",
Z96.649,Presence of unspecified artificial hip joint,185,35,CONFIGURED_ICD_CATEGORY,,,NONSPECIFIC_SUPPORT_REVIEW,arthroplasty,Hip or knee arthroplasty,"arthroplasty:4.0(same_icd_category;tokens=hip,joint)",
H90.8,"Mixed conductive and sensorineural hearing loss, unspecified",141,34,CONFIGURED_ICD_CATEGORY | ATOM_PHRASE_MATCH,,,NONSPECIFIC_SUPPORT_REVIEW,age_excessive_snhl,Bilateral sensorineural hearing loss disproportionate to age,"age_excessive_snhl:10.0(phrase;same_icd_category;tokens=hearing,loss,sensorineural)",
L97.319,Non-pressure chronic ulcer of right ankle with unspecified severity,359,34,CONFIGURED_ICD_CATEGORY,,,NONSPECIFIC_SUPPORT_REVIEW,plantar_ulcer,plantar ulcer,plantar_ulcer:3.0(same_icd_category;tokens=ulcer),
M32.13,Lung involvement in systemic lupus erythematosus,817,33,ATOM_PHRASE_MATCH,,,NONSPECIFIC_SUPPORT_REVIEW,autoimmune_disease,autoimmune disease,"autoimmune_disease:8.0(phrase;tokens=erythematosu,lupus,systemic)",
E13.649,Other specified diabetes mellitus with hypoglycemia without coma,178,32,ATOM_PHRASE_MATCH,,,NONSPECIFIC_SUPPORT_REVIEW,diabetes,diabetes,"diabetes:7.0(phrase;tokens=diabete,mellitu)",
L97.321,Non-pressure chronic ulcer of left ankle limited to breakdown of skin,510,32,CONFIGURED_ICD_CATEGORY,,,NONSPECIFIC_SUPPORT_REVIEW,plantar_ulcer | trophic_change,plantar ulcer | trophic change,plantar_ulcer:3.0(same_icd_category;tokens=ulcer) | trophic_change:3.0(same_icd_category;tokens=skin),
N52.03,Combined arterial insufficiency and corporo-venous occlusive erectile dysfunction,134,32,CONFIGURED_ICD_CATEGORY | ATOM_PHRASE_MATCH,,,NONSPECIFIC_SUPPORT_REVIEW,erectile_dysfunction,erectile dysfunction,"erectile_dysfunction:9.0(phrase;same_icd_category;tokens=dysfunction,erectile)",
Z83.42,Family history of familial hypercholesterolemia,59,32,CONFIGURED_ICD_CATEGORY,,,NONSPECIFIC_SUPPORT_REVIEW,fhx_established_attr,First-degree family history of genetically or clinically established ATTR amyloidosis,"fhx_established_attr:4.0(same_icd_category;tokens=familial,family)",
G56.13,"Other lesions of median nerve, bilateral upper limbs",144,31,CONFIGURED_ICD_CATEGORY,,,NONSPECIFIC_SUPPORT_REVIEW,cts_any | cts_bilateral,Bilateral carpal tunnel syndrome | Carpal tunnel syndrome,"cts_bilateral:4.0(same_icd_category;tokens=bilateral,median) | cts_any:3.0(same_icd_category;tokens=median)",
L97.329,Non-pressure chronic ulcer of left ankle with unspecified severity,257,31,CONFIGURED_ICD_CATEGORY,,,NONSPECIFIC_SUPPORT_REVIEW,plantar_ulcer,plantar ulcer,plantar_ulcer:3.0(same_icd_category;tokens=ulcer),
H40.10X0,"Unspecified open-angle glaucoma, stage unspecified",161,30,CONFIGURED_ICD_CATEGORY,,,NONSPECIFIC_SUPPORT_REVIEW,glaucoma,glaucoma,glaucoma:3.0(same_icd_category;tokens=glaucoma),
L97.829,Non-pressure chronic ulcer of other part of left lower leg with unspecified severity,217,30,CONFIGURED_ICD_CATEGORY,,,NONSPECIFIC_SUPPORT_REVIEW,plantar_ulcer | trophic_change,plantar ulcer | trophic change,plantar_ulcer:3.0(same_icd_category;tokens=ulcer) | trophic_change:3.0(same_icd_category;tokens=lower),
R10.811,Right upper quadrant abdominal tenderness,135,30,CONFIGURED_ICD_CATEGORY,,,NONSPECIFIC_SUPPORT_REVIEW,abdominal_pain,Unexplained abdominal pain,abdominal_pain:3.0(same_icd_category;tokens=abdominal),
E11.641,Type 2 diabetes mellitus with hypoglycemia with coma,147,29,CONFIGURED_ICD_CATEGORY | ATOM_PHRASE_MATCH,,,NONSPECIFIC_SUPPORT_REVIEW,diabetes,diabetes,"diabetes:10.0(phrase;same_icd_category;tokens=diabete,mellitu,type)",
H04.121,Dry eye syndrome of right lacrimal gland,59,29,CONFIGURED_ICD_CATEGORY | ATOM_PHRASE_MATCH,,,NONSPECIFIC_SUPPORT_REVIEW,dry_eye,dry eye,"dry_eye:9.0(phrase;same_icd_category;tokens=dry,eye)",
H43.10,"Vitreous hemorrhage, unspecified eye",67,29,CONFIGURED_ICD_CATEGORY,,,NONSPECIFIC_SUPPORT_REVIEW,vitreous_opacity,vitreous opacity,vitreous_opacity:3.0(same_icd_category;tokens=vitreou),
L97.311,Non-pressure chronic ulcer of right ankle limited to breakdown of skin,208,29,CONFIGURED_ICD_CATEGORY,,,NONSPECIFIC_SUPPORT_REVIEW,plantar_ulcer | trophic_change,plantar ulcer | trophic change,plantar_ulcer:3.0(same_icd_category;tokens=ulcer) | trophic_change:3.0(same_icd_category;tokens=skin),
Z95.9,"Presence of cardiac and vascular implant and graft, unspecified",215,29,CONFIGURED_ICD_CATEGORY,,,NONSPECIFIC_SUPPORT_REVIEW,arrhythmia | pacemaker_implantation | pacemaker_presence,Pacemaker implantation | arrhythmia | pacemaker presence,arrhythmia:3.0(same_icd_category;tokens=cardiac) | pacemaker_implantation:3.0(same_icd_category;tokens=implant) | pacemaker_presence:3.0(same_icd_category;tokens=cardiac),
O24.439,"Gestational diabetes mellitus in the puerperium, unspecified control",98,28,ATOM_PHRASE_MATCH,,,NONSPECIFIC_SUPPORT_REVIEW,diabetes,diabetes,"diabetes:7.0(phrase;tokens=diabete,mellitu)",
S06.9X0S,"Unspecified intracranial injury without loss of consciousness, sequela",121,28,ATOM_PHRASE_MATCH,,,NONSPECIFIC_SUPPORT_REVIEW,syncope,Syncope / presyncope,"syncope:7.0(phrase;tokens=consciousness,loss)",
Z82.3,Family history of stroke,76,27,CONFIGURED_ICD_CATEGORY,,,NONSPECIFIC_SUPPORT_REVIEW,fhx_adult_onset_neuropathy,Family history of unexplained adult-onset progressive neuropathy,fhx_adult_onset_neuropathy:3.0(same_icd_category;tokens=family),
G90.511,Complex regional pain syndrome I of right upper limb,111,26,CONFIGURED_ICD_CATEGORY,,,NONSPECIFIC_SUPPORT_REVIEW,cts_right,"Carpal tunnel syndrome, right","cts_right:3.0(tokens=limb,right,upper)",
S46.811D,"Strain of other muscles, fascia and tendons at shoulder and upper arm level, right arm, subsequent encounter",125,26,CONFIGURED_ICD_CATEGORY,,,NONSPECIFIC_SUPPORT_REVIEW,biceps_rupture,"Spontaneous distal biceps tendon rupture (""Popeye sign"")",biceps_rupture:3.0(same_icd_category;tokens=tendon),
E10.59,Type 1 diabetes mellitus with other circulatory complications,259,25,ATOM_PHRASE_MATCH,,,NONSPECIFIC_SUPPORT_REVIEW,diabetes,diabetes,"diabetes:8.0(phrase;tokens=diabete,mellitu,type)",
M32.10,"Systemic lupus erythematosus, organ or system involvement unspecified",382,25,ATOM_PHRASE_MATCH,,,NONSPECIFIC_SUPPORT_REVIEW,autoimmune_disease,autoimmune disease,"autoimmune_disease:8.0(phrase;tokens=erythematosu,lupus,systemic)",
M32.12,Pericarditis in systemic lupus erythematosus,857,25,ATOM_PHRASE_MATCH,,,NONSPECIFIC_SUPPORT_REVIEW,autoimmune_disease,autoimmune disease,"autoimmune_disease:8.0(phrase;tokens=erythematosu,lupus,systemic)",
S46.211D,"Strain of muscle, fascia and tendon of other parts of biceps, right arm, subsequent encounter",124,25,CONFIGURED_ICD_CATEGORY,,,NONSPECIFIC_SUPPORT_REVIEW,biceps_rupture,"Spontaneous distal biceps tendon rupture (""Popeye sign"")","biceps_rupture:4.0(same_icd_category;tokens=bicep,tendon)",
S46.812D,"Strain of other muscles, fascia and tendons at shoulder and upper arm level, left arm, subsequent encounter",162,25,CONFIGURED_ICD_CATEGORY,,,NONSPECIFIC_SUPPORT_REVIEW,biceps_rupture,"Spontaneous distal biceps tendon rupture (""Popeye sign"")",biceps_rupture:3.0(same_icd_category;tokens=tendon),
F50.01,"Anorexia nervosa, restricting type",470,24,CONFIGURED_ICD_CATEGORY | ATOM_PHRASE_MATCH,,,NONSPECIFIC_SUPPORT_REVIEW,eating_disorder_label,Anorexia nervosa / eating disorder diagnosis,"eating_disorder_label:7.0(phrase;tokens=anorexia,nervosa)",
L97.819,Non-pressure chronic ulcer of other part of right lower leg with unspecified severity,161,24,CONFIGURED_ICD_CATEGORY,,,NONSPECIFIC_SUPPORT_REVIEW,plantar_ulcer | trophic_change,plantar ulcer | trophic change,plantar_ulcer:3.0(same_icd_category;tokens=ulcer) | trophic_change:3.0(same_icd_category;tokens=lower),
M75.50,Bursitis of unspecified shoulder,130,24,CONFIGURED_ICD_CATEGORY,,,NONSPECIFIC_SUPPORT_REVIEW,rotator_cuff | shoulder_disorder,Other shoulder disorder | Rotator cuff tear / repair,rotator_cuff:3.0(same_icd_category;tokens=shoulder) | shoulder_disorder:3.0(same_icd_category;tokens=shoulder),
S06.9X1S,"Unspecified intracranial injury with loss of consciousness of 30 minutes or less, sequela",123,24,ATOM_PHRASE_MATCH,,,NONSPECIFIC_SUPPORT_REVIEW,syncope,Syncope / presyncope,"syncope:7.0(phrase;tokens=consciousness,loss)",
Z68.22,"Body mass index [BMI] 22.0-22.9, adult",39,24,ATOM_PHRASE_MATCH,,,NONSPECIFIC_SUPPORT_REVIEW,declining_bmi,Declining BMI / modified BMI trajectory,"declining_bmi:8.0(phrase;tokens=bmi,body,index,mass)",
R10.823,Right lower quadrant rebound abdominal tenderness,109,23,CONFIGURED_ICD_CATEGORY,,,NONSPECIFIC_SUPPORT_REVIEW,abdominal_pain,Unexplained abdominal pain,abdominal_pain:3.0(same_icd_category;tokens=abdominal),
S46.912D,"Strain of unspecified muscle, fascia and tendon at shoulder and upper arm level, left arm, subsequent encounter",119,23,CONFIGURED_ICD_CATEGORY,,,NONSPECIFIC_SUPPORT_REVIEW,biceps_rupture,"Spontaneous distal biceps tendon rupture (""Popeye sign"")",biceps_rupture:3.0(same_icd_category;tokens=tendon),
Z68.20,"Body mass index [BMI] 20.0-20.9, adult",48,23,ATOM_PHRASE_MATCH,,,NONSPECIFIC_SUPPORT_REVIEW,declining_bmi,Declining BMI / modified BMI trajectory,"declining_bmi:8.0(phrase;tokens=bmi,body,index,mass)",
E11.11,Type 2 diabetes mellitus with ketoacidosis with coma,240,22,CONFIGURED_ICD_CATEGORY | ATOM_PHRASE_MATCH,,,NONSPECIFIC_SUPPORT_REVIEW,diabetes,diabetes,"diabetes:10.0(phrase;same_icd_category;tokens=diabete,mellitu,type)",
H40.1131,"Primary open-angle glaucoma, bilateral, mild stage",74,22,CONFIGURED_ICD_CATEGORY,,,NONSPECIFIC_SUPPORT_REVIEW,glaucoma,glaucoma,glaucoma:3.0(same_icd_category;tokens=glaucoma),
H40.51X3,"Glaucoma secondary to other eye disorders, right eye, severe stage",85,22,CONFIGURED_ICD_CATEGORY,,,NONSPECIFIC_SUPPORT_REVIEW,dry_eye | glaucoma,dry eye | glaucoma,dry_eye:3.0(same_icd_category;tokens=eye) | glaucoma:3.0(same_icd_category;tokens=glaucoma),
M10.371,"Gout due to renal impairment, right ankle and foot",128,22,ATOM_PHRASE_MATCH,,,NONSPECIFIC_SUPPORT_REVIEW,renal_dysfunction,Renal dysfunction / chronic kidney disease,"renal_dysfunction:7.0(phrase;tokens=impair,renal)",
S06.339A,"Contusion and laceration of cerebrum, unspecified, with loss of consciousness of unspecified duration, initial encounter",270,22,ATOM_PHRASE_MATCH,,,NONSPECIFIC_SUPPORT_REVIEW,syncope,Syncope / presyncope,"syncope:7.0(phrase;tokens=consciousness,loss)",
S06.9X5D,"Unspecified intracranial injury with loss of consciousness greater than 24 hours with return to pre-existing conscious level, subsequent encounter",139,22,ATOM_PHRASE_MATCH,,,NONSPECIFIC_SUPPORT_REVIEW,age_excessive_snhl | syncope,Bilateral sensorineural hearing loss disproportionate to age | Syncope / presyncope,"syncope:7.0(phrase;tokens=consciousness,loss) | age_excessive_snhl:3.0(tokens=greater,loss,than)",
Z68.45,"Body mass index [BMI] 70 or greater, adult",84,22,ATOM_PHRASE_MATCH,,,NONSPECIFIC_SUPPORT_REVIEW,declining_bmi,Declining BMI / modified BMI trajectory,"declining_bmi:8.0(phrase;tokens=bmi,body,index,mass)",
Z82.62,Family history of osteoporosis,45,22,CONFIGURED_ICD_CATEGORY,,,NONSPECIFIC_SUPPORT_REVIEW,fhx_adult_onset_neuropathy,Family history of unexplained adult-onset progressive neuropathy,fhx_adult_onset_neuropathy:3.0(same_icd_category;tokens=family),
H04.122,Dry eye syndrome of left lacrimal gland,74,21,CONFIGURED_ICD_CATEGORY | ATOM_PHRASE_MATCH,,,NONSPECIFIC_SUPPORT_REVIEW,dry_eye,dry eye,"dry_eye:9.0(phrase;same_icd_category;tokens=dry,eye)",
M1A.3710,"Chronic gout due to renal impairment, right ankle and foot, without tophus (tophi)",143,21,ATOM_PHRASE_MATCH,,,NONSPECIFIC_SUPPORT_REVIEW,renal_dysfunction,Renal dysfunction / chronic kidney disease,"renal_dysfunction:8.0(phrase;tokens=chronic,impair,renal)",
M65.941,"Unspecified synovitis and tenosynovitis, right hand",362,21,CONFIGURED_ICD_CATEGORY,,,NONSPECIFIC_SUPPORT_REVIEW,trigger_finger,Trigger finger / stenosing tenosynovitis,trigger_finger:3.0(same_icd_category;tokens=tenosynoviti),
M75.91,"Shoulder lesion, unspecified, right shoulder",81,21,CONFIGURED_ICD_CATEGORY,,,NONSPECIFIC_SUPPORT_REVIEW,rotator_cuff | shoulder_disorder,Other shoulder disorder | Rotator cuff tear / repair,rotator_cuff:3.0(same_icd_category;tokens=shoulder) | shoulder_disorder:3.0(same_icd_category;tokens=shoulder),
N31.8,Other neuromuscular dysfunction of bladder,111,21,CONFIGURED_ICD_CATEGORY,,,NONSPECIFIC_SUPPORT_REVIEW,neurogenic_bladder | urinary_incontinence | urinary_retention,neurogenic bladder | urinary incontinence | urinary retention,"neurogenic_bladder:5.0(same_icd_category;tokens=bladder,dysfunction,neuromuscular) | urinary_incontinence:3.0(same_icd_category;tokens=bladder) | urinary_retention:3.0(same_icd_category;tokens=bladder)",
T83.9XXD,"Unspecified complication of genitourinary prosthetic device, implant and graft, subsequent encounter",85,21,ATOM_PHRASE_MATCH,,,NONSPECIFIC_SUPPORT_REVIEW,pacemaker_implantation,Pacemaker implantation,"pacemaker_implantation:7.0(phrase;tokens=device,implant)",
E11.630,Type 2 diabetes mellitus with periodontal disease,207,20,CONFIGURED_ICD_CATEGORY | ATOM_PHRASE_MATCH,,,NONSPECIFIC_SUPPORT_REVIEW,diabetes,diabetes,"diabetes:10.0(phrase;same_icd_category;tokens=diabete,mellitu,type)",
E11.638,Type 2 diabetes mellitus with other oral complications,150,20,CONFIGURED_ICD_CATEGORY | ATOM_PHRASE_MATCH,,,NONSPECIFIC_SUPPORT_REVIEW,diabetes,diabetes,"diabetes:10.0(phrase;same_icd_category;tokens=diabete,mellitu,type)",
L97.811,Non-pressure chronic ulcer of other part of right lower leg limited to breakdown of skin,408,20,CONFIGURED_ICD_CATEGORY,,,NONSPECIFIC_SUPPORT_REVIEW,plantar_ulcer | trophic_change,plantar ulcer | trophic change,"trophic_change:4.0(same_icd_category;tokens=lower,skin) | plantar_ulcer:3.0(same_icd_category;tokens=ulcer)",
T82.9XXD,"Unspecified complication of cardiac and vascular prosthetic device, implant and graft, subsequent encounter",918,20,ATOM_PHRASE_MATCH,,,NONSPECIFIC_SUPPORT_REVIEW,pacemaker_implantation,Pacemaker implantation,"pacemaker_implantation:7.0(phrase;tokens=device,implant)",
Z68.21,"Body mass index [BMI] 21.0-21.9, adult",35,20,ATOM_PHRASE_MATCH,,,NONSPECIFIC_SUPPORT_REVIEW,declining_bmi,Declining BMI / modified BMI trajectory,"declining_bmi:8.0(phrase;tokens=bmi,body,index,mass)",
E13.8,Other specified diabetes mellitus with unspecified complications,146,19,ATOM_PHRASE_MATCH,,,NONSPECIFIC_SUPPORT_REVIEW,diabetes,diabetes,"diabetes:7.0(phrase;tokens=diabete,mellitu)",
K66.0,Peritoneal adhesions (postprocedural) (postinfection),111,19,CONFIGURED_ICD_CATEGORY,,,NONSPECIFIC_SUPPORT_REVIEW,other_serosal_effusion,Other serosal effusion,other_serosal_effusion:3.0(same_icd_category;tokens=peritoneal),
M35.0C,Sjogren syndrome with dental involvement,232,19,CONFIGURED_ICD_CATEGORY,,,NONSPECIFIC_SUPPORT_REVIEW,autoimmune_disease,autoimmune disease,autoimmune_disease:3.0(same_icd_category;tokens=sjogren),
R10.824,Left lower quadrant rebound abdominal tenderness,54,19,CONFIGURED_ICD_CATEGORY,,,NONSPECIFIC_SUPPORT_REVIEW,abdominal_pain,Unexplained abdominal pain,abdominal_pain:3.0(same_icd_category;tokens=abdominal),
S46.219A,"Strain of muscle, fascia and tendon of other parts of biceps, unspecified arm, initial encounter",102,19,CONFIGURED_ICD_CATEGORY,,,NONSPECIFIC_SUPPORT_REVIEW,biceps_rupture,"Spontaneous distal biceps tendon rupture (""Popeye sign"")","biceps_rupture:4.0(same_icd_category;tokens=bicep,tendon)",
T84.9XXA,"Unspecified complication of internal orthopedic prosthetic device, implant and graft, initial encounter",186,19,ATOM_PHRASE_MATCH,,,NONSPECIFIC_SUPPORT_REVIEW,pacemaker_implantation,Pacemaker implantation,"pacemaker_implantation:7.0(phrase;tokens=device,implant)",
H40.1132,"Primary open-angle glaucoma, bilateral, moderate stage",72,18,CONFIGURED_ICD_CATEGORY,,,NONSPECIFIC_SUPPORT_REVIEW,glaucoma,glaucoma,glaucoma:3.0(same_icd_category;tokens=glaucoma),
H40.52X3,"Glaucoma secondary to other eye disorders, left eye, severe stage",65,18,CONFIGURED_ICD_CATEGORY,,,NONSPECIFIC_SUPPORT_REVIEW,dry_eye | glaucoma,dry eye | glaucoma,dry_eye:3.0(same_icd_category;tokens=eye) | glaucoma:3.0(same_icd_category;tokens=glaucoma),
S06.0X0S,"Concussion without loss of consciousness, sequela",86,18,ATOM_PHRASE_MATCH,,,NONSPECIFIC_SUPPORT_REVIEW,syncope,Syncope / presyncope,"syncope:7.0(phrase;tokens=consciousness,loss)",
S06.0XAS,"Concussion with loss of consciousness status unknown, sequela",33,18,ATOM_PHRASE_MATCH,,,NONSPECIFIC_SUPPORT_REVIEW,syncope,Syncope / presyncope,"syncope:7.0(phrase;tokens=consciousness,loss)",
S06.330A,"Contusion and laceration of cerebrum, unspecified, without loss of consciousness, initial encounter",243,18,ATOM_PHRASE_MATCH,,,NONSPECIFIC_SUPPORT_REVIEW,syncope,Syncope / presyncope,"syncope:7.0(phrase;tokens=consciousness,loss)",
S06.9X1D,"Unspecified intracranial injury with loss of consciousness of 30 minutes or less, subsequent encounter",39,18,ATOM_PHRASE_MATCH,,,NONSPECIFIC_SUPPORT_REVIEW,syncope,Syncope / presyncope,"syncope:7.0(phrase;tokens=consciousness,loss)",
T83.9XXS,"Unspecified complication of genitourinary prosthetic device, implant and graft, sequela",69,18,ATOM_PHRASE_MATCH,,,NONSPECIFIC_SUPPORT_REVIEW,pacemaker_implantation,Pacemaker implantation,"pacemaker_implantation:7.0(phrase;tokens=device,implant)",
Z96.621,Presence of right artificial elbow joint,191,18,CONFIGURED_ICD_CATEGORY,,,NONSPECIFIC_SUPPORT_REVIEW,arthroplasty,Hip or knee arthroplasty,arthroplasty:3.0(same_icd_category;tokens=joint),
E09.65,Drug or chemical induced diabetes mellitus with hyperglycemia,72,17,ATOM_PHRASE_MATCH,,,NONSPECIFIC_SUPPORT_REVIEW,diabetes,diabetes,"diabetes:7.0(phrase;tokens=diabete,mellitu)",
E10.628,Type 1 diabetes mellitus with other skin complications,103,17,ATOM_PHRASE_MATCH,,,NONSPECIFIC_SUPPORT_REVIEW,diabetes,diabetes,"diabetes:8.0(phrase;tokens=diabete,mellitu,type)",
L97.222,Non-pressure chronic ulcer of left calf with fat layer exposed,478,17,CONFIGURED_ICD_CATEGORY,,,NONSPECIFIC_SUPPORT_REVIEW,plantar_ulcer,plantar ulcer,plantar_ulcer:3.0(same_icd_category;tokens=ulcer),
M48.56XA,"Collapsed vertebra, not elsewhere classified, lumbar region, initial encounter for fracture",72,17,CONFIGURED_ICD_CATEGORY,,,NONSPECIFIC_SUPPORT_REVIEW,lumbar_stenosis,Lumbar spinal stenosis,lumbar_stenosis:3.0(same_icd_category;tokens=lumbar),
S46.209A,"Unspecified injury of muscle, fascia and tendon of other parts of biceps, unspecified arm, initial encounter",37,17,CONFIGURED_ICD_CATEGORY,,,NONSPECIFIC_SUPPORT_REVIEW,biceps_rupture,"Spontaneous distal biceps tendon rupture (""Popeye sign"")","biceps_rupture:4.0(same_icd_category;tokens=bicep,tendon)",
Z83.719,"Family history of colon polyps, unspecified",28,17,CONFIGURED_ICD_CATEGORY,,,NONSPECIFIC_SUPPORT_REVIEW,fhx_established_attr,First-degree family history of genetically or clinically established ATTR amyloidosis,fhx_established_attr:3.0(same_icd_category;tokens=family),
I06.1,Rheumatic aortic insufficiency,42,16,CONFIGURED_ICD_CATEGORY,,,NONSPECIFIC_SUPPORT_REVIEW,as_valve,Severe aortic stenosis,as_valve:3.0(same_icd_category;tokens=aortic),
I51.0,"Cardiac septal defect, acquired",89,16,CONFIGURED_ICD_CATEGORY,,,NONSPECIFIC_SUPPORT_REVIEW,cardiomegaly | thick_walls,Cardiomegaly | Unexplained left-ventricular wall thickness / LVH,cardiomegaly:3.0(same_icd_category;tokens=cardiac) | thick_walls:3.0(same_icd_category;tokens=septal),
L97.821,Non-pressure chronic ulcer of other part of left lower leg limited to breakdown of skin,192,16,CONFIGURED_ICD_CATEGORY,,,NONSPECIFIC_SUPPORT_REVIEW,plantar_ulcer | trophic_change,plantar ulcer | trophic change,"trophic_change:4.0(same_icd_category;tokens=lower,skin) | plantar_ulcer:3.0(same_icd_category;tokens=ulcer)",
M10.372,"Gout due to renal impairment, left ankle and foot",147,16,ATOM_PHRASE_MATCH,,,NONSPECIFIC_SUPPORT_REVIEW,renal_dysfunction,Renal dysfunction / chronic kidney disease,"renal_dysfunction:7.0(phrase;tokens=impair,renal)",
M35.05,Sjogren syndrome with inflammatory arthritis,146,16,CONFIGURED_ICD_CATEGORY | ATOM_PHRASE_MATCH,,,NONSPECIFIC_SUPPORT_REVIEW,autoimmune_disease | chronic_inflammatory_arthritis,Chronic inflammatory joint disease | autoimmune disease,"chronic_inflammatory_arthritis:7.0(phrase;tokens=arthriti,inflammatory) | autoimmune_disease:4.0(same_icd_category;tokens=arthriti,sjogren)",
M65.80,"Other synovitis and tenosynovitis, unspecified site",69,16,CONFIGURED_ICD_CATEGORY,,,NONSPECIFIC_SUPPORT_REVIEW,trigger_finger,Trigger finger / stenosing tenosynovitis,trigger_finger:3.0(same_icd_category;tokens=tenosynoviti),
Z92.241,Personal history of systemic steroid therapy,57,16,CONFIGURED_ICD_CATEGORY,,,NONSPECIFIC_SUPPORT_REVIEW,myeloma_therapy_exposure,Anti-myeloma therapy exposure,myeloma_therapy_exposure:3.0(same_icd_category;tokens=therapy),
Z98.818,Other dental procedure status,54,16,CONFIGURED_ICD_CATEGORY,,,NONSPECIFIC_SUPPORT_REVIEW,ctr_any | lumbar_decompression | trigger_release,Carpal tunnel release procedure | Lumbar decompression / laminectomy | Trigger finger release procedure,ctr_any:3.0(same_icd_category;tokens=procedure) | lumbar_decompression:3.0(same_icd_category;tokens=procedure) | trigger_release:3.0(same_icd_category;tokens=procedure),
E10.11,Type 1 diabetes mellitus with ketoacidosis with coma,239,15,ATOM_PHRASE_MATCH,,,NONSPECIFIC_SUPPORT_REVIEW,diabetes,diabetes,"diabetes:8.0(phrase;tokens=diabete,mellitu,type)",
G90.512,Complex regional pain syndrome I of left upper limb,182,15,CONFIGURED_ICD_CATEGORY,,,NONSPECIFIC_SUPPORT_REVIEW,cts_left,"Carpal tunnel syndrome, left","cts_left:3.0(tokens=left,limb,upper)",
H40.059,"Ocular hypertension, unspecified eye",39,15,CONFIGURED_ICD_CATEGORY | ATOM_PHRASE_MATCH,,,NONSPECIFIC_SUPPORT_REVIEW,dry_eye | glaucoma,dry eye | glaucoma,"glaucoma:9.0(phrase;same_icd_category;tokens=hypertension,ocular) | dry_eye:4.0(same_icd_category;tokens=eye,ocular)",
H43.819,"Vitreous degeneration, unspecified eye",29,15,CONFIGURED_ICD_CATEGORY,,,NONSPECIFIC_SUPPORT_REVIEW,vitreous_opacity,vitreous opacity,vitreous_opacity:3.0(same_icd_category;tokens=vitreou),
L97.212,Non-pressure chronic ulcer of right calf with fat layer exposed,210,15,CONFIGURED_ICD_CATEGORY,,,NONSPECIFIC_SUPPORT_REVIEW,plantar_ulcer,plantar ulcer,plantar_ulcer:3.0(same_icd_category;tokens=ulcer),
M75.92,"Shoulder lesion, unspecified, left shoulder",90,15,CONFIGURED_ICD_CATEGORY,,,NONSPECIFIC_SUPPORT_REVIEW,rotator_cuff | shoulder_disorder,Other shoulder disorder | Rotator cuff tear / repair,rotator_cuff:3.0(same_icd_category;tokens=shoulder) | shoulder_disorder:3.0(same_icd_category;tokens=shoulder),
S06.320A,"Contusion and laceration of left cerebrum without loss of consciousness, initial encounter",141,15,ATOM_PHRASE_MATCH,,,NONSPECIFIC_SUPPORT_REVIEW,syncope,Syncope / presyncope,"syncope:7.0(phrase;tokens=consciousness,loss)",
Z83.71,Family history of colonic polyps,46,15,CONFIGURED_ICD_CATEGORY,,,NONSPECIFIC_SUPPORT_REVIEW,fhx_established_attr,First-degree family history of genetically or clinically established ATTR amyloidosis,fhx_established_attr:3.0(same_icd_category;tokens=family),
Z96.659,Presence of unspecified artificial knee joint,71,15,CONFIGURED_ICD_CATEGORY,,,NONSPECIFIC_SUPPORT_REVIEW,arthroplasty,Hip or knee arthroplasty,"arthroplasty:4.0(same_icd_category;tokens=joint,knee)",
K59.89,Other specified functional intestinal disorders,112,14,CONFIGURED_ICD_CATEGORY,,,NONSPECIFIC_SUPPORT_REVIEW,gi_dysmotility,Unexplained gastrointestinal dysmotility,gi_dysmotility:3.0(same_icd_category;tokens=intestinal),
L97.901,Non-pressure chronic ulcer of unspecified part of unspecified lower leg limited to breakdown of skin,209,14,CONFIGURED_ICD_CATEGORY,,,NONSPECIFIC_SUPPORT_REVIEW,plantar_ulcer | trophic_change,plantar ulcer | trophic change,"trophic_change:4.0(same_icd_category;tokens=lower,skin) | plantar_ulcer:3.0(same_icd_category;tokens=ulcer)",
M65.88,"Other synovitis and tenosynovitis, other site",73,14,CONFIGURED_ICD_CATEGORY,,,NONSPECIFIC_SUPPORT_REVIEW,trigger_finger,Trigger finger / stenosing tenosynovitis,trigger_finger:3.0(same_icd_category;tokens=tenosynoviti),
S06.32AA,"Contusion and laceration of left cerebrum with loss of consciousness status unknown, initial encounter",210,14,ATOM_PHRASE_MATCH,,,NONSPECIFIC_SUPPORT_REVIEW,syncope,Syncope / presyncope,"syncope:7.0(phrase;tokens=consciousness,loss)",
S06.9X5A,"Unspecified intracranial injury with loss of consciousness greater than 24 hours with return to pre-existing conscious level, initial encounter",87,14,ATOM_PHRASE_MATCH,,,NONSPECIFIC_SUPPORT_REVIEW,age_excessive_snhl | syncope,Bilateral sensorineural hearing loss disproportionate to age | Syncope / presyncope,"syncope:7.0(phrase;tokens=consciousness,loss) | age_excessive_snhl:3.0(tokens=greater,loss,than)",
S06.9X6D,"Unspecified intracranial injury with loss of consciousness greater than 24 hours without return to pre-existing conscious level with patient surviving, subsequent encounter",301,14,ATOM_PHRASE_MATCH,,,NONSPECIFIC_SUPPORT_REVIEW,age_excessive_snhl | syncope,Bilateral sensorineural hearing loss disproportionate to age | Syncope / presyncope,"syncope:7.0(phrase;tokens=consciousness,loss) | age_excessive_snhl:3.0(tokens=greater,loss,than)",
S46.911D,"Strain of unspecified muscle, fascia and tendon at shoulder and upper arm level, right arm, subsequent encounter",48,14,CONFIGURED_ICD_CATEGORY,,,NONSPECIFIC_SUPPORT_REVIEW,biceps_rupture,"Spontaneous distal biceps tendon rupture (""Popeye sign"")",biceps_rupture:3.0(same_icd_category;tokens=tendon),
Z36.1,Encounter for antenatal screening for raised alphafetoprotein level,22,14,ATOM_PHRASE_MATCH,,,NONSPECIFIC_SUPPORT_REVIEW,hepatic_alp_elevation,Cholestatic alkaline phosphatase elevation,hepatic_alp_elevation:6.0(phrase;tokens=raised),
Z96.622,Presence of left artificial elbow joint,278,14,CONFIGURED_ICD_CATEGORY,,,NONSPECIFIC_SUPPORT_REVIEW,arthroplasty,Hip or knee arthroplasty,arthroplasty:3.0(same_icd_category;tokens=joint),
H40.1113,"Primary open-angle glaucoma, right eye, severe stage",35,13,CONFIGURED_ICD_CATEGORY,,,NONSPECIFIC_SUPPORT_REVIEW,dry_eye | glaucoma,dry eye | glaucoma,dry_eye:3.0(same_icd_category;tokens=eye) | glaucoma:3.0(same_icd_category;tokens=glaucoma),
K31.A11,"Gastric intestinal metaplasia without dysplasia, involving the antrum",50,13,CONFIGURED_ICD_CATEGORY,,,NONSPECIFIC_SUPPORT_REVIEW,delayed_gastric_emptying | gastroparesis,Gastroparesis / delayed gastric emptying | delayed gastric emptying,delayed_gastric_emptying:3.0(same_icd_category;tokens=gastric) | gastroparesis:3.0(same_icd_category;tokens=gastric),
M35.02,Sjogren syndrome with lung involvement,119,13,CONFIGURED_ICD_CATEGORY,,,NONSPECIFIC_SUPPORT_REVIEW,autoimmune_disease,autoimmune disease,autoimmune_disease:3.0(same_icd_category;tokens=sjogren),
R10.81,Abdominal tenderness,93,13,CONFIGURED_ICD_CATEGORY,,,NONSPECIFIC_SUPPORT_REVIEW,abdominal_pain,Unexplained abdominal pain,abdominal_pain:3.0(same_icd_category;tokens=abdominal),
S06.4X0A,"Epidural hemorrhage without loss of consciousness, initial encounter",95,13,ATOM_PHRASE_MATCH,,,NONSPECIFIC_SUPPORT_REVIEW,syncope,Syncope / presyncope,"syncope:7.0(phrase;tokens=consciousness,loss)",
S06.9X6A,"Unspecified intracranial injury with loss of consciousness greater than 24 hours without return to pre-existing conscious level with patient surviving, initial encounter",409,13,ATOM_PHRASE_MATCH,,,NONSPECIFIC_SUPPORT_REVIEW,age_excessive_snhl | syncope,Bilateral sensorineural hearing loss disproportionate to age | Syncope / presyncope,"syncope:7.0(phrase;tokens=consciousness,loss) | age_excessive_snhl:3.0(tokens=greater,loss,than)",
S46.312A,"Strain of muscle, fascia and tendon of triceps, left arm, initial encounter",60,13,CONFIGURED_ICD_CATEGORY,,,NONSPECIFIC_SUPPORT_REVIEW,biceps_rupture,"Spontaneous distal biceps tendon rupture (""Popeye sign"")",biceps_rupture:3.0(same_icd_category;tokens=tendon),
Z95.811,Presence of heart assist device,253,13,CONFIGURED_ICD_CATEGORY,,,NONSPECIFIC_SUPPORT_REVIEW,pacemaker_implantation | pacemaker_presence,Pacemaker implantation | pacemaker presence,pacemaker_implantation:3.0(same_icd_category;tokens=device) | pacemaker_presence:3.0(same_icd_category;tokens=device),
E13.11,Other specified diabetes mellitus with ketoacidosis with coma,259,12,ATOM_PHRASE_MATCH,,,NONSPECIFIC_SUPPORT_REVIEW,diabetes,diabetes,"diabetes:7.0(phrase;tokens=diabete,mellitu)",
G90.01,Carotid sinus syncope,71,12,CONFIGURED_ICD_CATEGORY,,,NONSPECIFIC_SUPPORT_REVIEW,orthostatic_intolerance,orthostatic intolerance,orthostatic_intolerance:3.0(same_icd_category;tokens=syncope),
H40.1130,"Primary open-angle glaucoma, bilateral, stage unspecified",52,12,CONFIGURED_ICD_CATEGORY,,,NONSPECIFIC_SUPPORT_REVIEW,glaucoma,glaucoma,glaucoma:3.0(same_icd_category;tokens=glaucoma),
H40.50X0,"Glaucoma secondary to other eye disorders, unspecified eye, stage unspecified",39,12,CONFIGURED_ICD_CATEGORY,,,NONSPECIFIC_SUPPORT_REVIEW,dry_eye | glaucoma,dry eye | glaucoma,dry_eye:3.0(same_icd_category;tokens=eye) | glaucoma:3.0(same_icd_category;tokens=glaucoma),
M1A.3790,"Chronic gout due to renal impairment, unspecified ankle and foot, without tophus (tophi)",267,12,ATOM_PHRASE_MATCH,,,NONSPECIFIC_SUPPORT_REVIEW,renal_dysfunction,Renal dysfunction / chronic kidney disease,"renal_dysfunction:8.0(phrase;tokens=chronic,impair,renal)",
M65.942,"Unspecified synovitis and tenosynovitis, left hand",33,12,CONFIGURED_ICD_CATEGORY,,,NONSPECIFIC_SUPPORT_REVIEW,trigger_finger,Trigger finger / stenosing tenosynovitis,trigger_finger:3.0(same_icd_category;tokens=tenosynoviti),
R10.826,Epigastric rebound abdominal tenderness,31,12,CONFIGURED_ICD_CATEGORY,,,NONSPECIFIC_SUPPORT_REVIEW,abdominal_pain,Unexplained abdominal pain,"abdominal_pain:4.0(same_icd_category;tokens=abdominal,epigastric)",
S06.329A,"Contusion and laceration of left cerebrum with loss of consciousness of unspecified duration, initial encounter",117,12,ATOM_PHRASE_MATCH,,,NONSPECIFIC_SUPPORT_REVIEW,syncope,Syncope / presyncope,"syncope:7.0(phrase;tokens=consciousness,loss)",
S46.212D,"Strain of muscle, fascia and tendon of other parts of biceps, left arm, subsequent encounter",70,12,CONFIGURED_ICD_CATEGORY,,,NONSPECIFIC_SUPPORT_REVIEW,biceps_rupture,"Spontaneous distal biceps tendon rupture (""Popeye sign"")","biceps_rupture:4.0(same_icd_category;tokens=bicep,tendon)",
S46.819D,"Strain of other muscles, fascia and tendons at shoulder and upper arm level, unspecified arm, subsequent encounter",96,12,CONFIGURED_ICD_CATEGORY,,,NONSPECIFIC_SUPPORT_REVIEW,biceps_rupture,"Spontaneous distal biceps tendon rupture (""Popeye sign"")",biceps_rupture:3.0(same_icd_category;tokens=tendon),
E10.622,Type 1 diabetes mellitus with other skin ulcer,164,11,ATOM_PHRASE_MATCH,,,NONSPECIFIC_SUPPORT_REVIEW,diabetes,diabetes,"diabetes:8.0(phrase;tokens=diabete,mellitu,type)",
G56.10,"Other lesions of median nerve, unspecified upper limb",71,11,CONFIGURED_ICD_CATEGORY,,,NONSPECIFIC_SUPPORT_REVIEW,cts_any | cts_bilateral,Bilateral carpal tunnel syndrome | Carpal tunnel syndrome,cts_any:3.0(same_icd_category;tokens=median) | cts_bilateral:3.0(same_icd_category;tokens=median),
H40.009,"Preglaucoma, unspecified, unspecified eye",44,11,CONFIGURED_ICD_CATEGORY,,,NONSPECIFIC_SUPPORT_REVIEW,dry_eye,dry eye,dry_eye:3.0(same_icd_category;tokens=eye),
H40.1133,"Primary open-angle glaucoma, bilateral, severe stage",48,11,CONFIGURED_ICD_CATEGORY,,,NONSPECIFIC_SUPPORT_REVIEW,glaucoma,glaucoma,glaucoma:3.0(same_icd_category;tokens=glaucoma),
H40.53X0,"Glaucoma secondary to other eye disorders, bilateral, stage unspecified",70,11,CONFIGURED_ICD_CATEGORY,,,NONSPECIFIC_SUPPORT_REVIEW,dry_eye | glaucoma,dry eye | glaucoma,dry_eye:3.0(same_icd_category;tokens=eye) | glaucoma:3.0(same_icd_category;tokens=glaucoma),
L97.913,Non-pressure chronic ulcer of unspecified part of right lower leg with necrosis of muscle,290,11,CONFIGURED_ICD_CATEGORY,,,NONSPECIFIC_SUPPORT_REVIEW,plantar_ulcer | trophic_change,plantar ulcer | trophic change,plantar_ulcer:3.0(same_icd_category;tokens=ulcer) | trophic_change:3.0(same_icd_category;tokens=lower),
M48.46XD,"Fatigue fracture of vertebra, lumbar region, subsequent encounter for fracture with routine healing",46,11,CONFIGURED_ICD_CATEGORY,,,NONSPECIFIC_SUPPORT_REVIEW,lumbar_stenosis,Lumbar spinal stenosis,lumbar_stenosis:3.0(same_icd_category;tokens=lumbar),
S06.310A,"Contusion and laceration of right cerebrum without loss of consciousness, initial encounter",96,11,ATOM_PHRASE_MATCH,,,NONSPECIFIC_SUPPORT_REVIEW,syncope,Syncope / presyncope,"syncope:7.0(phrase;tokens=consciousness,loss)",
T82.9XXS,"Unspecified complication of cardiac and vascular prosthetic device, implant and graft, sequela",72,11,ATOM_PHRASE_MATCH,,,NONSPECIFIC_SUPPORT_REVIEW,pacemaker_implantation,Pacemaker implantation,"pacemaker_implantation:7.0(phrase;tokens=device,implant)",
Z83.518,Family history of other specified eye disorder,25,11,CONFIGURED_ICD_CATEGORY,,,NONSPECIFIC_SUPPORT_REVIEW,fhx_established_attr,First-degree family history of genetically or clinically established ATTR amyloidosis,fhx_established_attr:3.0(same_icd_category;tokens=family),
E08.649,Diabetes mellitus due to underlying condition with hypoglycemia without coma,91,10,ATOM_PHRASE_MATCH,,,NONSPECIFIC_SUPPORT_REVIEW,diabetes,diabetes,"diabetes:7.0(phrase;tokens=diabete,mellitu)",
E10.641,Type 1 diabetes mellitus with hypoglycemia with coma,81,10,ATOM_PHRASE_MATCH,,,NONSPECIFIC_SUPPORT_REVIEW,diabetes,diabetes,"diabetes:8.0(phrase;tokens=diabete,mellitu,type)",
H43.89,Other disorders of vitreous body,91,10,CONFIGURED_ICD_CATEGORY,,,NONSPECIFIC_SUPPORT_REVIEW,vitreous_opacity,vitreous opacity,vitreous_opacity:3.0(same_icd_category;tokens=vitreou),
H91.23,"Sudden idiopathic hearing loss, bilateral",74,10,CONFIGURED_ICD_CATEGORY,,,NONSPECIFIC_SUPPORT_REVIEW,age_excessive_snhl,Bilateral sensorineural hearing loss disproportionate to age,"age_excessive_snhl:5.0(same_icd_category;tokens=bilateral,hearing,loss)",
L97.112,Non-pressure chronic ulcer of right thigh with fat layer exposed,315,10,CONFIGURED_ICD_CATEGORY,,,NONSPECIFIC_SUPPORT_REVIEW,plantar_ulcer,plantar ulcer,plantar_ulcer:3.0(same_icd_category;tokens=ulcer),
L97.902,Non-pressure chronic ulcer of unspecified part of unspecified lower leg with fat layer exposed,325,10,CONFIGURED_ICD_CATEGORY,,,NONSPECIFIC_SUPPORT_REVIEW,plantar_ulcer | trophic_change,plantar ulcer | trophic change,plantar_ulcer:3.0(same_icd_category;tokens=ulcer) | trophic_change:3.0(same_icd_category;tokens=lower),
M10.30,"Gout due to renal impairment, unspecified site",51,10,ATOM_PHRASE_MATCH,,,NONSPECIFIC_SUPPORT_REVIEW,renal_dysfunction,Renal dysfunction / chronic kidney disease,"renal_dysfunction:7.0(phrase;tokens=impair,renal)",
M48.46XA,"Fatigue fracture of vertebra, lumbar region, initial encounter for fracture",38,10,CONFIGURED_ICD_CATEGORY,,,NONSPECIFIC_SUPPORT_REVIEW,lumbar_stenosis,Lumbar spinal stenosis,lumbar_stenosis:3.0(same_icd_category;tokens=lumbar),
M65.931,"Unspecified synovitis and tenosynovitis, right forearm",36,10,CONFIGURED_ICD_CATEGORY,,,NONSPECIFIC_SUPPORT_REVIEW,trigger_finger,Trigger finger / stenosing tenosynovitis,trigger_finger:3.0(same_icd_category;tokens=tenosynoviti),
R10.817,Generalized abdominal tenderness,38,10,CONFIGURED_ICD_CATEGORY,,,NONSPECIFIC_SUPPORT_REVIEW,abdominal_pain,Unexplained abdominal pain,abdominal_pain:3.0(same_icd_category;tokens=abdominal),
R10.821,Right upper quadrant rebound abdominal tenderness,37,10,CONFIGURED_ICD_CATEGORY,,,NONSPECIFIC_SUPPORT_REVIEW,abdominal_pain,Unexplained abdominal pain,abdominal_pain:3.0(same_icd_category;tokens=abdominal),
S46.919A,"Strain of unspecified muscle, fascia and tendon at shoulder and upper arm level, unspecified arm, initial encounter",45,10,CONFIGURED_ICD_CATEGORY,,,NONSPECIFIC_SUPPORT_REVIEW,biceps_rupture,"Spontaneous distal biceps tendon rupture (""Popeye sign"")",biceps_rupture:3.0(same_icd_category;tokens=tendon),
E08.622,Diabetes mellitus due to underlying condition with other skin ulcer,25,9,ATOM_PHRASE_MATCH,,,NONSPECIFIC_SUPPORT_REVIEW,diabetes,diabetes,"diabetes:7.0(phrase;tokens=diabete,mellitu)",
E13.638,Other specified diabetes mellitus with other oral complications,14,9,ATOM_PHRASE_MATCH,,,NONSPECIFIC_SUPPORT_REVIEW,diabetes,diabetes,"diabetes:7.0(phrase;tokens=diabete,mellitu)",
H40.001,"Preglaucoma, unspecified, right eye",27,9,CONFIGURED_ICD_CATEGORY,,,NONSPECIFIC_SUPPORT_REVIEW,dry_eye,dry eye,dry_eye:3.0(same_icd_category;tokens=eye),
H40.023,"Open angle with borderline findings, high risk, bilateral",28,9,CONFIGURED_ICD_CATEGORY,,,NONSPECIFIC_SUPPORT_REVIEW,glaucoma,glaucoma,glaucoma:3.0(same_icd_category;tokens=high),
H40.1134,"Primary open-angle glaucoma, bilateral, indeterminate stage",20,9,CONFIGURED_ICD_CATEGORY,,,NONSPECIFIC_SUPPORT_REVIEW,glaucoma,glaucoma,glaucoma:3.0(same_icd_category;tokens=glaucoma),
L97.923,Non-pressure chronic ulcer of unspecified part of left lower leg with necrosis of muscle,454,9,CONFIGURED_ICD_CATEGORY,,,NONSPECIFIC_SUPPORT_REVIEW,plantar_ulcer | trophic_change,plantar ulcer | trophic change,plantar_ulcer:3.0(same_icd_category;tokens=ulcer) | trophic_change:3.0(same_icd_category;tokens=lower),
M35.89,Other specified systemic involvement of connective tissue,41,9,CONFIGURED_ICD_CATEGORY,,,NONSPECIFIC_SUPPORT_REVIEW,autoimmune_disease,autoimmune disease,autoimmune_disease:3.0(same_icd_category;tokens=systemic),
M65.972,"Unspecified synovitis and tenosynovitis, left ankle and foot",42,9,CONFIGURED_ICD_CATEGORY,,,NONSPECIFIC_SUPPORT_REVIEW,trigger_finger,Trigger finger / stenosing tenosynovitis,trigger_finger:3.0(same_icd_category;tokens=tenosynoviti),
M75.30,Calcific tendinitis of unspecified shoulder,37,9,CONFIGURED_ICD_CATEGORY,,,NONSPECIFIC_SUPPORT_REVIEW,rotator_cuff | shoulder_disorder,Other shoulder disorder | Rotator cuff tear / repair,"shoulder_disorder:4.0(same_icd_category;tokens=shoulder,tendiniti) | rotator_cuff:3.0(same_icd_category;tokens=shoulder)",
R10.814,Left lower quadrant abdominal tenderness,183,9,CONFIGURED_ICD_CATEGORY,,,NONSPECIFIC_SUPPORT_REVIEW,abdominal_pain,Unexplained abdominal pain,abdominal_pain:3.0(same_icd_category;tokens=abdominal),
S06.0X9S,"Concussion with loss of consciousness of unspecified duration, sequela",22,9,ATOM_PHRASE_MATCH,,,NONSPECIFIC_SUPPORT_REVIEW,syncope,Syncope / presyncope,"syncope:7.0(phrase;tokens=consciousness,loss)",
S06.9X6S,"Unspecified intracranial injury with loss of consciousness greater than 24 hours without return to pre-existing conscious level with patient surviving, sequela",24,9,ATOM_PHRASE_MATCH,,,NONSPECIFIC_SUPPORT_REVIEW,age_excessive_snhl | syncope,Bilateral sensorineural hearing loss disproportionate to age | Syncope / presyncope,"syncope:7.0(phrase;tokens=consciousness,loss) | age_excessive_snhl:3.0(tokens=greater,loss,than)",
S46.311A,"Strain of muscle, fascia and tendon of triceps, right arm, initial encounter",51,9,CONFIGURED_ICD_CATEGORY,,,NONSPECIFIC_SUPPORT_REVIEW,biceps_rupture,"Spontaneous distal biceps tendon rupture (""Popeye sign"")",biceps_rupture:3.0(same_icd_category;tokens=tendon),
E08.01,Diabetes mellitus due to underlying condition with hyperosmolarity with coma,42,8,ATOM_PHRASE_MATCH,,,NONSPECIFIC_SUPPORT_REVIEW,diabetes,diabetes,"diabetes:7.0(phrase;tokens=diabete,mellitu)",
E08.8,Diabetes mellitus due to underlying condition with unspecified complications,35,8,ATOM_PHRASE_MATCH,,,NONSPECIFIC_SUPPORT_REVIEW,diabetes,diabetes,"diabetes:7.0(phrase;tokens=diabete,mellitu)",
E09.10,Drug or chemical induced diabetes mellitus with ketoacidosis without coma,77,8,ATOM_PHRASE_MATCH,,,NONSPECIFIC_SUPPORT_REVIEW,diabetes,diabetes,"diabetes:7.0(phrase;tokens=diabete,mellitu)",
H21.562,"Pupillary abnormality, left eye",69,8,CONFIGURED_ICD_CATEGORY,,,NONSPECIFIC_SUPPORT_REVIEW,iris_abnormality | scalloped_pupil,Scalloped pupil / characteristic pupillary abnormality | iris abnormality,"iris_abnormality:4.0(same_icd_category;tokens=abnormality,pupillary) | scalloped_pupil:4.0(same_icd_category;tokens=abnormality,pupillary)",
H40.002,"Preglaucoma, unspecified, left eye",27,8,CONFIGURED_ICD_CATEGORY,,,NONSPECIFIC_SUPPORT_REVIEW,dry_eye,dry eye,dry_eye:3.0(same_icd_category;tokens=eye),
H40.52X4,"Glaucoma secondary to other eye disorders, left eye, indeterminate stage",29,8,CONFIGURED_ICD_CATEGORY,,,NONSPECIFIC_SUPPORT_REVIEW,dry_eye | glaucoma,dry eye | glaucoma,dry_eye:3.0(same_icd_category;tokens=eye) | glaucoma:3.0(same_icd_category;tokens=glaucoma),
H40.53X3,"Glaucoma secondary to other eye disorders, bilateral, severe stage",40,8,CONFIGURED_ICD_CATEGORY,,,NONSPECIFIC_SUPPORT_REVIEW,dry_eye | glaucoma,dry eye | glaucoma,dry_eye:3.0(same_icd_category;tokens=eye) | glaucoma:3.0(same_icd_category;tokens=glaucoma),
N39.492,Postural (urinary) incontinence,30,8,ATOM_PHRASE_MATCH,,,NONSPECIFIC_SUPPORT_REVIEW,urinary_incontinence,urinary incontinence,"urinary_incontinence:7.0(phrase;tokens=incontinence,urinary)",
N52.31,Erectile dysfunction following radical prostatectomy,35,8,CONFIGURED_ICD_CATEGORY | ATOM_PHRASE_MATCH,,,NONSPECIFIC_SUPPORT_REVIEW,erectile_dysfunction,erectile dysfunction,"erectile_dysfunction:9.0(phrase;same_icd_category;tokens=dysfunction,erectile)",
R10.812,Left upper quadrant abdominal tenderness,37,8,CONFIGURED_ICD_CATEGORY,,,NONSPECIFIC_SUPPORT_REVIEW,abdominal_pain,Unexplained abdominal pain,abdominal_pain:3.0(same_icd_category;tokens=abdominal),
R74.02,Elevation of levels of lactic acid dehydrogenase [LDH],71,8,CONFIGURED_ICD_CATEGORY,,,NONSPECIFIC_SUPPORT_REVIEW,hepatic_alp_elevation,Cholestatic alkaline phosphatase elevation,hepatic_alp_elevation:3.0(same_icd_category;tokens=elevation),
S06.0X1S,"Concussion with loss of consciousness of 30 minutes or less, sequela",36,8,ATOM_PHRASE_MATCH,,,NONSPECIFIC_SUPPORT_REVIEW,syncope,Syncope / presyncope,"syncope:7.0(phrase;tokens=consciousness,loss)",
S46.812S,"Strain of other muscles, fascia and tendons at shoulder and upper arm level, left arm, sequela",35,8,CONFIGURED_ICD_CATEGORY,,,NONSPECIFIC_SUPPORT_REVIEW,biceps_rupture,"Spontaneous distal biceps tendon rupture (""Popeye sign"")",biceps_rupture:3.0(same_icd_category;tokens=tendon),
T84.9XXD,"Unspecified complication of internal orthopedic prosthetic device, implant and graft, subsequent encounter",30,8,ATOM_PHRASE_MATCH,,,NONSPECIFIC_SUPPORT_REVIEW,pacemaker_implantation,Pacemaker implantation,"pacemaker_implantation:7.0(phrase;tokens=device,implant)",
Z83.511,Family history of glaucoma,12,8,CONFIGURED_ICD_CATEGORY,,,NONSPECIFIC_SUPPORT_REVIEW,fhx_established_attr,First-degree family history of genetically or clinically established ATTR amyloidosis,fhx_established_attr:3.0(same_icd_category;tokens=family),
Z83.710,Family history of adenomatous and serrated polyps,9,8,CONFIGURED_ICD_CATEGORY,,,NONSPECIFIC_SUPPORT_REVIEW,fhx_established_attr,First-degree family history of genetically or clinically established ATTR amyloidosis,fhx_established_attr:3.0(same_icd_category;tokens=family),
E09.69,Drug or chemical induced diabetes mellitus with other specified complication,48,7,ATOM_PHRASE_MATCH,,,NONSPECIFIC_SUPPORT_REVIEW,diabetes,diabetes,"diabetes:7.0(phrase;tokens=diabete,mellitu)",
F50.02,"Anorexia nervosa, binge eating/purging type",55,7,CONFIGURED_ICD_CATEGORY | ATOM_PHRASE_MATCH,,,NONSPECIFIC_SUPPORT_REVIEW,eating_disorder_label,Anorexia nervosa / eating disorder diagnosis,"eating_disorder_label:8.0(phrase;tokens=anorexia,eating,nervosa)",
G56.42,Causalgia of left upper limb,158,7,CONFIGURED_ICD_CATEGORY,,,NONSPECIFIC_SUPPORT_REVIEW,cts_bilateral | cts_left,"Bilateral carpal tunnel syndrome | Carpal tunnel syndrome, left","cts_bilateral:3.0(same_icd_category;tokens=left) | cts_left:3.0(tokens=left,limb,upper)",
H40.1123,"Primary open-angle glaucoma, left eye, severe stage",23,7,CONFIGURED_ICD_CATEGORY,,,NONSPECIFIC_SUPPORT_REVIEW,dry_eye | glaucoma,dry eye | glaucoma,dry_eye:3.0(same_icd_category;tokens=eye) | glaucoma:3.0(same_icd_category;tokens=glaucoma),
H40.213,"Acute angle-closure glaucoma, bilateral",37,7,CONFIGURED_ICD_CATEGORY,,,NONSPECIFIC_SUPPORT_REVIEW,glaucoma,glaucoma,glaucoma:3.0(same_icd_category;tokens=glaucoma),
K31.82,Dieulafoy lesion (hemorrhagic) of stomach and duodenum,10,7,CONFIGURED_ICD_CATEGORY,,,NONSPECIFIC_SUPPORT_REVIEW,delayed_gastric_emptying | gastroparesis,Gastroparesis / delayed gastric emptying | delayed gastric emptying,delayed_gastric_emptying:3.0(same_icd_category;tokens=stomach) | gastroparesis:3.0(same_icd_category;tokens=stomach),
K31.A12,"Gastric intestinal metaplasia without dysplasia, involving the body (corpus)",14,7,CONFIGURED_ICD_CATEGORY,,,NONSPECIFIC_SUPPORT_REVIEW,delayed_gastric_emptying | gastroparesis,Gastroparesis / delayed gastric emptying | delayed gastric emptying,delayed_gastric_emptying:3.0(same_icd_category;tokens=gastric) | gastroparesis:3.0(same_icd_category;tokens=gastric),
L97.211,Non-pressure chronic ulcer of right calf limited to breakdown of skin,85,7,CONFIGURED_ICD_CATEGORY,,,NONSPECIFIC_SUPPORT_REVIEW,plantar_ulcer | trophic_change,plantar ulcer | trophic change,plantar_ulcer:3.0(same_icd_category;tokens=ulcer) | trophic_change:3.0(same_icd_category;tokens=skin),
M10.341,"Gout due to renal impairment, right hand",36,7,ATOM_PHRASE_MATCH,,,NONSPECIFIC_SUPPORT_REVIEW,renal_dysfunction,Renal dysfunction / chronic kidney disease,"renal_dysfunction:7.0(phrase;tokens=impair,renal)",
M10.39,"Gout due to renal impairment, multiple sites",35,7,ATOM_PHRASE_MATCH,,,NONSPECIFIC_SUPPORT_REVIEW,renal_dysfunction,Renal dysfunction / chronic kidney disease,"renal_dysfunction:7.0(phrase;tokens=impair,renal)",
M1A.30X0,"Chronic gout due to renal impairment, unspecified site, without tophus (tophi)",10,7,ATOM_PHRASE_MATCH,,,NONSPECIFIC_SUPPORT_REVIEW,renal_dysfunction,Renal dysfunction / chronic kidney disease,"renal_dysfunction:8.0(phrase;tokens=chronic,impair,renal)",
M1A.3720,"Chronic gout due to renal impairment, left ankle and foot, without tophus (tophi)",132,7,ATOM_PHRASE_MATCH,,,NONSPECIFIC_SUPPORT_REVIEW,renal_dysfunction,Renal dysfunction / chronic kidney disease,"renal_dysfunction:8.0(phrase;tokens=chronic,impair,renal)",
M1A.39X1,"Chronic gout due to renal impairment, multiple sites, with tophus (tophi)",348,7,ATOM_PHRASE_MATCH,,,NONSPECIFIC_SUPPORT_REVIEW,renal_dysfunction,Renal dysfunction / chronic kidney disease,"renal_dysfunction:8.0(phrase;tokens=chronic,impair,renal)",
M65.832,"Other synovitis and tenosynovitis, left forearm",80,7,CONFIGURED_ICD_CATEGORY,,,NONSPECIFIC_SUPPORT_REVIEW,trigger_finger,Trigger finger / stenosing tenosynovitis,trigger_finger:3.0(same_icd_category;tokens=tenosynoviti),
M65.932,"Unspecified synovitis and tenosynovitis, left forearm",26,7,CONFIGURED_ICD_CATEGORY,,,NONSPECIFIC_SUPPORT_REVIEW,trigger_finger,Trigger finger / stenosing tenosynovitis,trigger_finger:3.0(same_icd_category;tokens=tenosynoviti),
M65.971,"Unspecified synovitis and tenosynovitis, right ankle and foot",15,7,CONFIGURED_ICD_CATEGORY,,,NONSPECIFIC_SUPPORT_REVIEW,trigger_finger,Trigger finger / stenosing tenosynovitis,trigger_finger:3.0(same_icd_category;tokens=tenosynoviti),
S06.9X3A,"Unspecified intracranial injury with loss of consciousness of 1 hour to 5 hours 59 minutes, initial encounter",96,7,ATOM_PHRASE_MATCH,,,NONSPECIFIC_SUPPORT_REVIEW,syncope,Syncope / presyncope,"syncope:7.0(phrase;tokens=consciousness,loss)",
S46.211S,"Strain of muscle, fascia and tendon of other parts of biceps, right arm, sequela",30,7,CONFIGURED_ICD_CATEGORY,,,NONSPECIFIC_SUPPORT_REVIEW,biceps_rupture,"Spontaneous distal biceps tendon rupture (""Popeye sign"")","biceps_rupture:4.0(same_icd_category;tokens=bicep,tendon)",
T85.9XXS,"Unspecified complication of internal prosthetic device, implant and graft, sequela",26,7,ATOM_PHRASE_MATCH,,,NONSPECIFIC_SUPPORT_REVIEW,pacemaker_implantation,Pacemaker implantation,"pacemaker_implantation:7.0(phrase;tokens=device,implant)",
G56.81,Other specified mononeuropathies of right upper limb,25,6,CONFIGURED_ICD_CATEGORY,,,NONSPECIFIC_SUPPORT_REVIEW,cts_bilateral | cts_right,"Bilateral carpal tunnel syndrome | Carpal tunnel syndrome, right","cts_bilateral:3.0(same_icd_category;tokens=right) | cts_right:3.0(tokens=limb,right,upper)",
H40.1190,"Primary open-angle glaucoma, unspecified eye, stage unspecified",88,6,CONFIGURED_ICD_CATEGORY,,,NONSPECIFIC_SUPPORT_REVIEW,dry_eye | glaucoma,dry eye | glaucoma,dry_eye:3.0(same_icd_category;tokens=eye) | glaucoma:3.0(same_icd_category;tokens=glaucoma),
H40.20X4,"Unspecified primary angle-closure glaucoma, indeterminate stage",16,6,CONFIGURED_ICD_CATEGORY,,,NONSPECIFIC_SUPPORT_REVIEW,glaucoma,glaucoma,glaucoma:3.0(same_icd_category;tokens=glaucoma),
H40.40X0,"Glaucoma secondary to eye inflammation, unspecified eye, stage unspecified",56,6,CONFIGURED_ICD_CATEGORY,,,NONSPECIFIC_SUPPORT_REVIEW,dry_eye | glaucoma,dry eye | glaucoma,dry_eye:3.0(same_icd_category;tokens=eye) | glaucoma:3.0(same_icd_category;tokens=glaucoma),
H40.841,"Neovascular secondary angle closure glaucoma, right eye",27,6,CONFIGURED_ICD_CATEGORY,,,NONSPECIFIC_SUPPORT_REVIEW,dry_eye | glaucoma,dry eye | glaucoma,dry_eye:3.0(same_icd_category;tokens=eye) | glaucoma:3.0(same_icd_category;tokens=glaucoma),
L97.401,Non-pressure chronic ulcer of unspecified heel and midfoot limited to breakdown of skin,15,6,CONFIGURED_ICD_CATEGORY,,,NONSPECIFIC_SUPPORT_REVIEW,plantar_ulcer | trophic_change,plantar ulcer | trophic change,plantar_ulcer:3.0(same_icd_category;tokens=ulcer) | trophic_change:3.0(same_icd_category;tokens=skin),
L97.815,Non-pressure chronic ulcer of other part of right lower leg with muscle involvement without evidence of necrosis,1379,6,CONFIGURED_ICD_CATEGORY,,,NONSPECIFIC_SUPPORT_REVIEW,plantar_ulcer | trophic_change,plantar ulcer | trophic change,plantar_ulcer:3.0(same_icd_category;tokens=ulcer) | trophic_change:3.0(same_icd_category;tokens=lower),
L97.928,Non-pressure chronic ulcer of unspecified part of left lower leg with other specified severity,111,6,CONFIGURED_ICD_CATEGORY,,,NONSPECIFIC_SUPPORT_REVIEW,plantar_ulcer | trophic_change,plantar ulcer | trophic change,plantar_ulcer:3.0(same_icd_category;tokens=ulcer) | trophic_change:3.0(same_icd_category;tokens=lower),
M1A.3610,"Chronic gout due to renal impairment, right knee, without tophus (tophi)",117,6,ATOM_PHRASE_MATCH,,,NONSPECIFIC_SUPPORT_REVIEW,renal_dysfunction,Renal dysfunction / chronic kidney disease,"renal_dysfunction:8.0(phrase;tokens=chronic,impair,renal)",
M35.08,Sjogren syndrome with gastrointestinal involvement,33,6,CONFIGURED_ICD_CATEGORY,,,NONSPECIFIC_SUPPORT_REVIEW,autoimmune_disease,autoimmune disease,autoimmune_disease:3.0(same_icd_category;tokens=sjogren),
M35.8,Other specified systemic involvement of connective tissue,105,6,CONFIGURED_ICD_CATEGORY,,,NONSPECIFIC_SUPPORT_REVIEW,autoimmune_disease,autoimmune disease,autoimmune_disease:3.0(same_icd_category;tokens=systemic),
M48.56XS,"Collapsed vertebra, not elsewhere classified, lumbar region, sequela of fracture",53,6,CONFIGURED_ICD_CATEGORY,,,NONSPECIFIC_SUPPORT_REVIEW,lumbar_stenosis,Lumbar spinal stenosis,lumbar_stenosis:3.0(same_icd_category;tokens=lumbar),
M65.831,"Other synovitis and tenosynovitis, right forearm",22,6,CONFIGURED_ICD_CATEGORY,,,NONSPECIFIC_SUPPORT_REVIEW,trigger_finger,Trigger finger / stenosing tenosynovitis,trigger_finger:3.0(same_icd_category;tokens=tenosynoviti),
O24.429,"Gestational diabetes mellitus in childbirth, unspecified control",27,6,ATOM_PHRASE_MATCH,,,NONSPECIFIC_SUPPORT_REVIEW,diabetes,diabetes,"diabetes:7.0(phrase;tokens=diabete,mellitu)",
O24.434,"Gestational diabetes mellitus in the puerperium, insulin controlled",18,6,ATOM_PHRASE_MATCH,,,NONSPECIFIC_SUPPORT_REVIEW,diabetes,diabetes,"diabetes:7.0(phrase;tokens=diabete,mellitu)",
R11.13,Vomiting of fecal matter,16,6,CONFIGURED_ICD_CATEGORY,,,NONSPECIFIC_SUPPORT_REVIEW,vomiting,vomiting,vomiting:3.0(same_icd_category;tokens=vomit),
S06.319A,"Contusion and laceration of right cerebrum with loss of consciousness of unspecified duration, initial encounter",40,6,ATOM_PHRASE_MATCH,,,NONSPECIFIC_SUPPORT_REVIEW,syncope,Syncope / presyncope,"syncope:7.0(phrase;tokens=consciousness,loss)",
S06.9X2D,"Unspecified intracranial injury with loss of consciousness of 31 minutes to 59 minutes, subsequent encounter",24,6,ATOM_PHRASE_MATCH,,,NONSPECIFIC_SUPPORT_REVIEW,syncope,Syncope / presyncope,"syncope:7.0(phrase;tokens=consciousness,loss)",
S46.811S,"Strain of other muscles, fascia and tendons at shoulder and upper arm level, right arm, sequela",13,6,CONFIGURED_ICD_CATEGORY,,,NONSPECIFIC_SUPPORT_REVIEW,biceps_rupture,"Spontaneous distal biceps tendon rupture (""Popeye sign"")",biceps_rupture:3.0(same_icd_category;tokens=tendon),
S46.912S,"Strain of unspecified muscle, fascia and tendon at shoulder and upper arm level, left arm, sequela",17,6,CONFIGURED_ICD_CATEGORY,,,NONSPECIFIC_SUPPORT_REVIEW,biceps_rupture,"Spontaneous distal biceps tendon rupture (""Popeye sign"")",biceps_rupture:3.0(same_icd_category;tokens=tendon),
Z51.0,Encounter for antineoplastic radiation therapy,22,6,CONFIGURED_ICD_CATEGORY,,,NONSPECIFIC_SUPPORT_REVIEW,myeloma_therapy_exposure,Anti-myeloma therapy exposure,myeloma_therapy_exposure:3.0(same_icd_category;tokens=therapy),
Z83.6,Family history of other diseases of the respiratory system,14,6,CONFIGURED_ICD_CATEGORY,,,NONSPECIFIC_SUPPORT_REVIEW,fhx_established_attr | fhx_sudden_death,Family history of sudden death or hereditary amyloid/neuropathy | First-degree family history of genetically or clinically established ATTR amyloidosis,"fhx_established_attr:3.0(same_icd_category;tokens=family) | fhx_sudden_death:3.0(tokens=disease,family,system)",
Z96.619,Presence of unspecified artificial shoulder joint,31,6,CONFIGURED_ICD_CATEGORY,,,NONSPECIFIC_SUPPORT_REVIEW,arthroplasty,Hip or knee arthroplasty,arthroplasty:3.0(same_icd_category;tokens=joint),
E13.628,Other specified diabetes mellitus with other skin complications,19,5,ATOM_PHRASE_MATCH,,,NONSPECIFIC_SUPPORT_REVIEW,diabetes,diabetes,"diabetes:7.0(phrase;tokens=diabete,mellitu)",
G56.41,Causalgia of right upper limb,21,5,CONFIGURED_ICD_CATEGORY,,,NONSPECIFIC_SUPPORT_REVIEW,cts_bilateral | cts_right,"Bilateral carpal tunnel syndrome | Carpal tunnel syndrome, right","cts_bilateral:3.0(same_icd_category;tokens=right) | cts_right:3.0(tokens=limb,right,upper)",
H40.2210,"Chronic angle-closure glaucoma, right eye, stage unspecified",11,5,CONFIGURED_ICD_CATEGORY,,,NONSPECIFIC_SUPPORT_REVIEW,dry_eye | glaucoma,dry eye | glaucoma,dry_eye:3.0(same_icd_category;tokens=eye) | glaucoma:3.0(same_icd_category;tokens=glaucoma),
H40.842,"Neovascular secondary angle closure glaucoma, left eye",13,5,CONFIGURED_ICD_CATEGORY,,,NONSPECIFIC_SUPPORT_REVIEW,dry_eye | glaucoma,dry eye | glaucoma,dry_eye:3.0(same_icd_category;tokens=eye) | glaucoma:3.0(same_icd_category;tokens=glaucoma),
H43.9,Unspecified disorder of vitreous body,20,5,CONFIGURED_ICD_CATEGORY,,,NONSPECIFIC_SUPPORT_REVIEW,vitreous_opacity,vitreous opacity,vitreous_opacity:3.0(same_icd_category;tokens=vitreou),
H91.11,"Presbycusis, right ear",12,5,CONFIGURED_ICD_CATEGORY,,,NONSPECIFIC_SUPPORT_REVIEW,age_excessive_snhl,Bilateral sensorineural hearing loss disproportionate to age,age_excessive_snhl:3.0(same_icd_category;tokens=presbycusi),
L97.121,Non-pressure chronic ulcer of left thigh limited to breakdown of skin,26,5,CONFIGURED_ICD_CATEGORY,,,NONSPECIFIC_SUPPORT_REVIEW,plantar_ulcer | trophic_change,plantar ulcer | trophic change,plantar_ulcer:3.0(same_icd_category;tokens=ulcer) | trophic_change:3.0(same_icd_category;tokens=skin),
L97.129,Non-pressure chronic ulcer of left thigh with unspecified severity,15,5,CONFIGURED_ICD_CATEGORY,,,NONSPECIFIC_SUPPORT_REVIEW,plantar_ulcer,plantar ulcer,plantar_ulcer:3.0(same_icd_category;tokens=ulcer),
L97.219,Non-pressure chronic ulcer of right calf with unspecified severity,16,5,CONFIGURED_ICD_CATEGORY,,,NONSPECIFIC_SUPPORT_REVIEW,plantar_ulcer,plantar ulcer,plantar_ulcer:3.0(same_icd_category;tokens=ulcer),
L97.229,Non-pressure chronic ulcer of left calf with unspecified severity,10,5,CONFIGURED_ICD_CATEGORY,,,NONSPECIFIC_SUPPORT_REVIEW,plantar_ulcer,plantar ulcer,plantar_ulcer:3.0(same_icd_category;tokens=ulcer),
L97.915,Non-pressure chronic ulcer of unspecified part of right lower leg with muscle involvement without evidence of necrosis,341,5,CONFIGURED_ICD_CATEGORY,,,NONSPECIFIC_SUPPORT_REVIEW,plantar_ulcer | trophic_change,plantar ulcer | trophic change,plantar_ulcer:3.0(same_icd_category;tokens=ulcer) | trophic_change:3.0(same_icd_category;tokens=lower),
M65.979,"Unspecified synovitis and tenosynovitis, unspecified ankle and foot",17,5,CONFIGURED_ICD_CATEGORY,,,NONSPECIFIC_SUPPORT_REVIEW,trigger_finger,Trigger finger / stenosing tenosynovitis,trigger_finger:3.0(same_icd_category;tokens=tenosynoviti),
M66.0,Rupture of popliteal cyst,9,5,CONFIGURED_ICD_CATEGORY,,,NONSPECIFIC_SUPPORT_REVIEW,biceps_rupture | rotator_cuff | spontaneous_atraumatic_rupture,"Rotator cuff tear / repair | Spontaneous / trivial-trauma rupture mechanism | Spontaneous distal biceps tendon rupture (""Popeye sign"")",biceps_rupture:3.0(same_icd_category;tokens=rupture) | rotator_cuff:3.0(same_icd_category;tokens=rupture) | spontaneous_atraumatic_rupture:3.0(same_icd_category;tokens=rupture),
M66.241,"Spontaneous rupture of extensor tendons, right hand",15,5,CONFIGURED_ICD_CATEGORY,,,NONSPECIFIC_SUPPORT_REVIEW,biceps_rupture | rotator_cuff | spontaneous_atraumatic_rupture | trigger_finger,"Rotator cuff tear / repair | Spontaneous / trivial-trauma rupture mechanism | Spontaneous distal biceps tendon rupture (""Popeye sign"") | Trigger finger / stenosing tenosynovitis","biceps_rupture:5.0(same_icd_category;tokens=rupture,spontaneou,tendon) | spontaneous_atraumatic_rupture:5.0(same_icd_category;tokens=rupture,spontaneou,tendon) | rotator_cuff:3.0(same_icd_category;tokens=rupture) | trigger_finger:3.0(same_icd_category;tokens=tendon)",
N52.02,Corporo-venous occlusive erectile dysfunction,24,5,CONFIGURED_ICD_CATEGORY | ATOM_PHRASE_MATCH,,,NONSPECIFIC_SUPPORT_REVIEW,erectile_dysfunction,erectile dysfunction,"erectile_dysfunction:9.0(phrase;same_icd_category;tokens=dysfunction,erectile)",
N52.35,Erectile dysfunction following radiation therapy,31,5,CONFIGURED_ICD_CATEGORY | ATOM_PHRASE_MATCH,,,NONSPECIFIC_SUPPORT_REVIEW,erectile_dysfunction,erectile dysfunction,"erectile_dysfunction:9.0(phrase;same_icd_category;tokens=dysfunction,erectile)",
N52.39,Other and unspecified postprocedural erectile dysfunction,15,5,CONFIGURED_ICD_CATEGORY | ATOM_PHRASE_MATCH,,,NONSPECIFIC_SUPPORT_REVIEW,erectile_dysfunction,erectile dysfunction,"erectile_dysfunction:9.0(phrase;same_icd_category;tokens=dysfunction,erectile)",
O24.13,"Pre-existing type 2 diabetes mellitus, in the puerperium",12,5,ATOM_PHRASE_MATCH,,,NONSPECIFIC_SUPPORT_REVIEW,diabetes,diabetes,"diabetes:8.0(phrase;tokens=diabete,mellitu,type)",
O24.430,"Gestational diabetes mellitus in the puerperium, diet controlled",8,5,ATOM_PHRASE_MATCH,,,NONSPECIFIC_SUPPORT_REVIEW,diabetes,diabetes,"diabetes:7.0(phrase;tokens=diabete,mellitu)",
S06.31AA,"Contusion and laceration of right cerebrum with loss of consciousness status unknown, initial encounter",477,5,ATOM_PHRASE_MATCH,,,NONSPECIFIC_SUPPORT_REVIEW,syncope,Syncope / presyncope,"syncope:7.0(phrase;tokens=consciousness,loss)",
S06.37AA,"Contusion, laceration, and hemorrhage of cerebellum with loss of consciousness status unknown, initial encounter",34,5,ATOM_PHRASE_MATCH,,,NONSPECIFIC_SUPPORT_REVIEW,syncope,Syncope / presyncope,"syncope:7.0(phrase;tokens=consciousness,loss)",
S06.4X0D,"Epidural hemorrhage without loss of consciousness, subsequent encounter",9,5,ATOM_PHRASE_MATCH,,,NONSPECIFIC_SUPPORT_REVIEW,syncope,Syncope / presyncope,"syncope:7.0(phrase;tokens=consciousness,loss)",
S06.4XAD,"Epidural hemorrhage with loss of consciousness status unknown, subsequent encounter",9,5,ATOM_PHRASE_MATCH,,,NONSPECIFIC_SUPPORT_REVIEW,syncope,Syncope / presyncope,"syncope:7.0(phrase;tokens=consciousness,loss)",
S06.9X2A,"Unspecified intracranial injury with loss of consciousness of 31 minutes to 59 minutes, initial encounter",67,5,ATOM_PHRASE_MATCH,,,NONSPECIFIC_SUPPORT_REVIEW,syncope,Syncope / presyncope,"syncope:7.0(phrase;tokens=consciousness,loss)",
S46.111A,"Strain of muscle, fascia and tendon of long head of biceps, right arm, initial encounter",16,5,CONFIGURED_ICD_CATEGORY,,,NONSPECIFIC_SUPPORT_REVIEW,biceps_rupture,"Spontaneous distal biceps tendon rupture (""Popeye sign"")","biceps_rupture:4.0(same_icd_category;tokens=bicep,tendon)",
S46.112A,"Strain of muscle, fascia and tendon of long head of biceps, left arm, initial encounter",19,5,CONFIGURED_ICD_CATEGORY,,,NONSPECIFIC_SUPPORT_REVIEW,biceps_rupture,"Spontaneous distal biceps tendon rupture (""Popeye sign"")","biceps_rupture:4.0(same_icd_category;tokens=bicep,tendon)",
T85.695A,"Other mechanical complication of other nervous system device, implant or graft, initial encounter",12,5,ATOM_PHRASE_MATCH,,,NONSPECIFIC_SUPPORT_REVIEW,pacemaker_implantation,Pacemaker implantation,"pacemaker_implantation:7.0(phrase;tokens=device,implant)",
E08.11,Diabetes mellitus due to underlying condition with ketoacidosis with coma,29,4,ATOM_PHRASE_MATCH,,,NONSPECIFIC_SUPPORT_REVIEW,diabetes,diabetes,"diabetes:7.0(phrase;tokens=diabete,mellitu)",
E09.8,Drug or chemical induced diabetes mellitus with unspecified complications,23,4,ATOM_PHRASE_MATCH,,,NONSPECIFIC_SUPPORT_REVIEW,diabetes,diabetes,"diabetes:7.0(phrase;tokens=diabete,mellitu)",
H16.229,"Keratoconjunctivitis sicca, not specified as Sjogren's, unspecified eye",11,4,ATOM_PHRASE_MATCH,,,NONSPECIFIC_SUPPORT_REVIEW,dry_eye,dry eye,"dry_eye:8.0(phrase;tokens=eye,keratoconjunctiviti,sicca)",
H21.561,"Pupillary abnormality, right eye",8,4,CONFIGURED_ICD_CATEGORY,,,NONSPECIFIC_SUPPORT_REVIEW,iris_abnormality | scalloped_pupil,Scalloped pupil / characteristic pupillary abnormality | iris abnormality,"iris_abnormality:4.0(same_icd_category;tokens=abnormality,pupillary) | scalloped_pupil:4.0(same_icd_category;tokens=abnormality,pupillary)",
H40.1112,"Primary open-angle glaucoma, right eye, moderate stage",11,4,CONFIGURED_ICD_CATEGORY,,,NONSPECIFIC_SUPPORT_REVIEW,dry_eye | glaucoma,dry eye | glaucoma,dry_eye:3.0(same_icd_category;tokens=eye) | glaucoma:3.0(same_icd_category;tokens=glaucoma),
H40.1122,"Primary open-angle glaucoma, left eye, moderate stage",6,4,CONFIGURED_ICD_CATEGORY,,,NONSPECIFIC_SUPPORT_REVIEW,dry_eye | glaucoma,dry eye | glaucoma,dry_eye:3.0(same_icd_category;tokens=eye) | glaucoma:3.0(same_icd_category;tokens=glaucoma),
H40.2230,"Chronic angle-closure glaucoma, bilateral, stage unspecified",8,4,CONFIGURED_ICD_CATEGORY,,,NONSPECIFIC_SUPPORT_REVIEW,glaucoma,glaucoma,glaucoma:3.0(same_icd_category;tokens=glaucoma),
H40.2232,"Chronic angle-closure glaucoma, bilateral, moderate stage",7,4,CONFIGURED_ICD_CATEGORY,,,NONSPECIFIC_SUPPORT_REVIEW,glaucoma,glaucoma,glaucoma:3.0(same_icd_category;tokens=glaucoma),
H40.2233,"Chronic angle-closure glaucoma, bilateral, severe stage",18,4,CONFIGURED_ICD_CATEGORY,,,NONSPECIFIC_SUPPORT_REVIEW,glaucoma,glaucoma,glaucoma:3.0(same_icd_category;tokens=glaucoma),
H40.41X0,"Glaucoma secondary to eye inflammation, right eye, stage unspecified",12,4,CONFIGURED_ICD_CATEGORY,,,NONSPECIFIC_SUPPORT_REVIEW,dry_eye | glaucoma,dry eye | glaucoma,dry_eye:3.0(same_icd_category;tokens=eye) | glaucoma:3.0(same_icd_category;tokens=glaucoma),
H40.51X4,"Glaucoma secondary to other eye disorders, right eye, indeterminate stage",18,4,CONFIGURED_ICD_CATEGORY,,,NONSPECIFIC_SUPPORT_REVIEW,dry_eye | glaucoma,dry eye | glaucoma,dry_eye:3.0(same_icd_category;tokens=eye) | glaucoma:3.0(same_icd_category;tokens=glaucoma),
H40.53X4,"Glaucoma secondary to other eye disorders, bilateral, indeterminate stage",16,4,CONFIGURED_ICD_CATEGORY,,,NONSPECIFIC_SUPPORT_REVIEW,dry_eye | glaucoma,dry eye | glaucoma,dry_eye:3.0(same_icd_category;tokens=eye) | glaucoma:3.0(same_icd_category;tokens=glaucoma),
K31.A21,Gastric intestinal metaplasia with low grade dysplasia,36,4,CONFIGURED_ICD_CATEGORY,,,NONSPECIFIC_SUPPORT_REVIEW,delayed_gastric_emptying | gastroparesis,Gastroparesis / delayed gastric emptying | delayed gastric emptying,delayed_gastric_emptying:3.0(same_icd_category;tokens=gastric) | gastroparesis:3.0(same_icd_category;tokens=gastric),
L97.119,Non-pressure chronic ulcer of right thigh with unspecified severity,35,4,CONFIGURED_ICD_CATEGORY,,,NONSPECIFIC_SUPPORT_REVIEW,plantar_ulcer,plantar ulcer,plantar_ulcer:3.0(same_icd_category;tokens=ulcer),
L97.122,Non-pressure chronic ulcer of left thigh with fat layer exposed,335,4,CONFIGURED_ICD_CATEGORY,,,NONSPECIFIC_SUPPORT_REVIEW,plantar_ulcer,plantar ulcer,plantar_ulcer:3.0(same_icd_category;tokens=ulcer),
L97.301,Non-pressure chronic ulcer of unspecified ankle limited to breakdown of skin,28,4,CONFIGURED_ICD_CATEGORY,,,NONSPECIFIC_SUPPORT_REVIEW,plantar_ulcer | trophic_change,plantar ulcer | trophic change,plantar_ulcer:3.0(same_icd_category;tokens=ulcer) | trophic_change:3.0(same_icd_category;tokens=skin),
L97.309,Non-pressure chronic ulcer of unspecified ankle with unspecified severity,30,4,CONFIGURED_ICD_CATEGORY,,,NONSPECIFIC_SUPPORT_REVIEW,plantar_ulcer,plantar ulcer,plantar_ulcer:3.0(same_icd_category;tokens=ulcer),
L97.326,Non-pressure chronic ulcer of left ankle with bone involvement without evidence of necrosis,197,4,CONFIGURED_ICD_CATEGORY,,,NONSPECIFIC_SUPPORT_REVIEW,plantar_ulcer,plantar ulcer,plantar_ulcer:3.0(same_icd_category;tokens=ulcer),
L97.818,Non-pressure chronic ulcer of other part of right lower leg with other specified severity,22,4,CONFIGURED_ICD_CATEGORY,,,NONSPECIFIC_SUPPORT_REVIEW,plantar_ulcer | trophic_change,plantar ulcer | trophic change,plantar_ulcer:3.0(same_icd_category;tokens=ulcer) | trophic_change:3.0(same_icd_category;tokens=lower),
L97.828,Non-pressure chronic ulcer of other part of left lower leg with other specified severity,23,4,CONFIGURED_ICD_CATEGORY,,,NONSPECIFIC_SUPPORT_REVIEW,plantar_ulcer | trophic_change,plantar ulcer | trophic change,plantar_ulcer:3.0(same_icd_category;tokens=ulcer) | trophic_change:3.0(same_icd_category;tokens=lower),
L97.914,Non-pressure chronic ulcer of unspecified part of right lower leg with necrosis of bone,62,4,CONFIGURED_ICD_CATEGORY,,,NONSPECIFIC_SUPPORT_REVIEW,plantar_ulcer | trophic_change,plantar ulcer | trophic change,plantar_ulcer:3.0(same_icd_category;tokens=ulcer) | trophic_change:3.0(same_icd_category;tokens=lower),
L97.916,Non-pressure chronic ulcer of unspecified part of right lower leg with bone involvement without evidence of necrosis,257,4,CONFIGURED_ICD_CATEGORY,,,NONSPECIFIC_SUPPORT_REVIEW,plantar_ulcer | trophic_change,plantar ulcer | trophic change,plantar_ulcer:3.0(same_icd_category;tokens=ulcer) | trophic_change:3.0(same_icd_category;tokens=lower),
L97.924,Non-pressure chronic ulcer of unspecified part of left lower leg with necrosis of bone,229,4,CONFIGURED_ICD_CATEGORY,,,NONSPECIFIC_SUPPORT_REVIEW,plantar_ulcer | trophic_change,plantar ulcer | trophic change,plantar_ulcer:3.0(same_icd_category;tokens=ulcer) | trophic_change:3.0(same_icd_category;tokens=lower),
M10.361,"Gout due to renal impairment, right knee",85,4,ATOM_PHRASE_MATCH,,,NONSPECIFIC_SUPPORT_REVIEW,renal_dysfunction,Renal dysfunction / chronic kidney disease,"renal_dysfunction:7.0(phrase;tokens=impair,renal)",
M10.362,"Gout due to renal impairment, left knee",12,4,ATOM_PHRASE_MATCH,,,NONSPECIFIC_SUPPORT_REVIEW,renal_dysfunction,Renal dysfunction / chronic kidney disease,"renal_dysfunction:7.0(phrase;tokens=impair,renal)",
M32.11,Endocarditis in systemic lupus erythematosus,28,4,ATOM_PHRASE_MATCH,,,NONSPECIFIC_SUPPORT_REVIEW,autoimmune_disease,autoimmune disease,"autoimmune_disease:8.0(phrase;tokens=erythematosu,lupus,systemic)",
M65.041,"Abscess of tendon sheath, right hand",110,4,CONFIGURED_ICD_CATEGORY,,,NONSPECIFIC_SUPPORT_REVIEW,biceps_rupture | trigger_finger,"Spontaneous distal biceps tendon rupture (""Popeye sign"") | Trigger finger / stenosing tenosynovitis","trigger_finger:4.0(same_icd_category;tokens=sheath,tendon) | biceps_rupture:3.0(same_icd_category;tokens=tendon)",
M65.839,"Other synovitis and tenosynovitis, unspecified forearm",14,4,CONFIGURED_ICD_CATEGORY,,,NONSPECIFIC_SUPPORT_REVIEW,trigger_finger,Trigger finger / stenosing tenosynovitis,trigger_finger:3.0(same_icd_category;tokens=tenosynoviti),
M65.872,"Other synovitis and tenosynovitis, left ankle and foot",8,4,CONFIGURED_ICD_CATEGORY,,,NONSPECIFIC_SUPPORT_REVIEW,trigger_finger,Trigger finger / stenosing tenosynovitis,trigger_finger:3.0(same_icd_category;tokens=tenosynoviti),
M65.962,"Unspecified synovitis and tenosynovitis, left lower leg",55,4,CONFIGURED_ICD_CATEGORY,,,NONSPECIFIC_SUPPORT_REVIEW,trigger_finger,Trigger finger / stenosing tenosynovitis,trigger_finger:3.0(same_icd_category;tokens=tenosynoviti),
M65.969,"Unspecified synovitis and tenosynovitis, unspecified lower leg",18,4,CONFIGURED_ICD_CATEGORY,,,NONSPECIFIC_SUPPORT_REVIEW,trigger_finger,Trigger finger / stenosing tenosynovitis,trigger_finger:3.0(same_icd_category;tokens=tenosynoviti),
M66.872,"Spontaneous rupture of other tendons, left ankle and foot",5,4,CONFIGURED_ICD_CATEGORY,,,NONSPECIFIC_SUPPORT_REVIEW,biceps_rupture | rotator_cuff | spontaneous_atraumatic_rupture | trigger_finger,"Rotator cuff tear / repair | Spontaneous / trivial-trauma rupture mechanism | Spontaneous distal biceps tendon rupture (""Popeye sign"") | Trigger finger / stenosing tenosynovitis","biceps_rupture:5.0(same_icd_category;tokens=rupture,spontaneou,tendon) | spontaneous_atraumatic_rupture:5.0(same_icd_category;tokens=rupture,spontaneou,tendon) | rotator_cuff:3.0(same_icd_category;tokens=rupture) | trigger_finger:3.0(same_icd_category;tokens=tendon)",
N52.33,Erectile dysfunction following urethral surgery,17,4,CONFIGURED_ICD_CATEGORY | ATOM_PHRASE_MATCH,,,NONSPECIFIC_SUPPORT_REVIEW,erectile_dysfunction,erectile dysfunction,"erectile_dysfunction:9.0(phrase;same_icd_category;tokens=dysfunction,erectile)",
R10.822,Left upper quadrant rebound abdominal tenderness,21,4,CONFIGURED_ICD_CATEGORY,,,NONSPECIFIC_SUPPORT_REVIEW,abdominal_pain,Unexplained abdominal pain,abdominal_pain:3.0(same_icd_category;tokens=abdominal),
S06.311A,"Contusion and laceration of right cerebrum with loss of consciousness of 30 minutes or less, initial encounter",36,4,ATOM_PHRASE_MATCH,,,NONSPECIFIC_SUPPORT_REVIEW,syncope,Syncope / presyncope,"syncope:7.0(phrase;tokens=consciousness,loss)",
S06.320D,"Contusion and laceration of left cerebrum without loss of consciousness, subsequent encounter",12,4,ATOM_PHRASE_MATCH,,,NONSPECIFIC_SUPPORT_REVIEW,syncope,Syncope / presyncope,"syncope:7.0(phrase;tokens=consciousness,loss)",
S06.337A,"Contusion and laceration of cerebrum, unspecified, with loss of consciousness of any duration with death due to brain injury prior to regaining consciousness, initial encounter",25,4,ATOM_PHRASE_MATCH,,,NONSPECIFIC_SUPPORT_REVIEW,syncope,Syncope / presyncope,"syncope:7.0(phrase;tokens=consciousness,loss)",
S06.4X1A,"Epidural hemorrhage with loss of consciousness of 30 minutes or less, initial encounter",7,4,ATOM_PHRASE_MATCH,,,NONSPECIFIC_SUPPORT_REVIEW,syncope,Syncope / presyncope,"syncope:7.0(phrase;tokens=consciousness,loss)",
S06.4X9D,"Epidural hemorrhage with loss of consciousness of unspecified duration, subsequent encounter",5,4,ATOM_PHRASE_MATCH,,,NONSPECIFIC_SUPPORT_REVIEW,syncope,Syncope / presyncope,"syncope:7.0(phrase;tokens=consciousness,loss)",
S06.899A,"Other specified intracranial injury with loss of consciousness of unspecified duration, initial encounter",63,4,ATOM_PHRASE_MATCH,,,NONSPECIFIC_SUPPORT_REVIEW,syncope,Syncope / presyncope,"syncope:7.0(phrase;tokens=consciousness,loss)",
S06.9X4S,"Unspecified intracranial injury with loss of consciousness of 6 hours to 24 hours, sequela",38,4,ATOM_PHRASE_MATCH,,,NONSPECIFIC_SUPPORT_REVIEW,syncope,Syncope / presyncope,"syncope:7.0(phrase;tokens=consciousness,loss)",
S46.111D,"Strain of muscle, fascia and tendon of long head of biceps, right arm, subsequent encounter",24,4,CONFIGURED_ICD_CATEGORY,,,NONSPECIFIC_SUPPORT_REVIEW,biceps_rupture,"Spontaneous distal biceps tendon rupture (""Popeye sign"")","biceps_rupture:4.0(same_icd_category;tokens=bicep,tendon)",
S46.212S,"Strain of muscle, fascia and tendon of other parts of biceps, left arm, sequela",24,4,CONFIGURED_ICD_CATEGORY,,,NONSPECIFIC_SUPPORT_REVIEW,biceps_rupture,"Spontaneous distal biceps tendon rupture (""Popeye sign"")","biceps_rupture:4.0(same_icd_category;tokens=bicep,tendon)",
S46.911S,"Strain of unspecified muscle, fascia and tendon at shoulder and upper arm level, right arm, sequela",5,4,CONFIGURED_ICD_CATEGORY,,,NONSPECIFIC_SUPPORT_REVIEW,biceps_rupture,"Spontaneous distal biceps tendon rupture (""Popeye sign"")",biceps_rupture:3.0(same_icd_category;tokens=tendon),
Z82.5,Family history of asthma and other chronic lower respiratory diseases,10,4,CONFIGURED_ICD_CATEGORY,,,NONSPECIFIC_SUPPORT_REVIEW,fhx_adult_onset_neuropathy,Family history of unexplained adult-onset progressive neuropathy,fhx_adult_onset_neuropathy:3.0(same_icd_category;tokens=family),
E08.628,Diabetes mellitus due to underlying condition with other skin complications,27,3,ATOM_PHRASE_MATCH,,,NONSPECIFIC_SUPPORT_REVIEW,diabetes,diabetes,"diabetes:7.0(phrase;tokens=diabete,mellitu)",
E08.641,Diabetes mellitus due to underlying condition with hypoglycemia with coma,13,3,ATOM_PHRASE_MATCH,,,NONSPECIFIC_SUPPORT_REVIEW,diabetes,diabetes,"diabetes:7.0(phrase;tokens=diabete,mellitu)",
E09.621,Drug or chemical induced diabetes mellitus with foot ulcer,10,3,ATOM_PHRASE_MATCH,,,NONSPECIFIC_SUPPORT_REVIEW,diabetes,diabetes,"diabetes:7.0(phrase;tokens=diabete,mellitu)",
E10.A1,"Type 1 diabetes mellitus, presymptomatic, Stage 1",4,3,ATOM_PHRASE_MATCH,,,NONSPECIFIC_SUPPORT_REVIEW,diabetes,diabetes,"diabetes:8.0(phrase;tokens=diabete,mellitu,type)",
E13.59,Other specified diabetes mellitus with other circulatory complications,9,3,ATOM_PHRASE_MATCH,,,NONSPECIFIC_SUPPORT_REVIEW,diabetes,diabetes,"diabetes:7.0(phrase;tokens=diabete,mellitu)",
G61.89,Other inflammatory polyneuropathies,3,3,CONFIGURED_ICD_CATEGORY,,,NONSPECIFIC_SUPPORT_REVIEW,cidp,Chronic inflammatory demyelinating polyneuropathy,cidp:3.0(same_icd_category;tokens=inflammatory),
H21.1X2,"Other vascular disorders of iris and ciliary body, left eye",23,3,CONFIGURED_ICD_CATEGORY,,,NONSPECIFIC_SUPPORT_REVIEW,iris_abnormality | scalloped_pupil,Scalloped pupil / characteristic pupillary abnormality | iris abnormality,iris_abnormality:3.0(same_icd_category;tokens=iris) | scalloped_pupil:3.0(same_icd_category;tokens=iris),
H21.42,"Pupillary membranes, left eye",7,3,CONFIGURED_ICD_CATEGORY,,,NONSPECIFIC_SUPPORT_REVIEW,iris_abnormality | scalloped_pupil,Scalloped pupil / characteristic pupillary abnormality | iris abnormality,iris_abnormality:3.0(same_icd_category;tokens=pupillary) | scalloped_pupil:3.0(same_icd_category;tokens=pupillary),
H40.10X3,"Unspecified open-angle glaucoma, severe stage",33,3,CONFIGURED_ICD_CATEGORY,,,NONSPECIFIC_SUPPORT_REVIEW,glaucoma,glaucoma,glaucoma:3.0(same_icd_category;tokens=glaucoma),
H40.1111,"Primary open-angle glaucoma, right eye, mild stage",9,3,CONFIGURED_ICD_CATEGORY,,,NONSPECIFIC_SUPPORT_REVIEW,dry_eye | glaucoma,dry eye | glaucoma,dry_eye:3.0(same_icd_category;tokens=eye) | glaucoma:3.0(same_icd_category;tokens=glaucoma),
H40.20X0,"Unspecified primary angle-closure glaucoma, stage unspecified",16,3,CONFIGURED_ICD_CATEGORY,,,NONSPECIFIC_SUPPORT_REVIEW,glaucoma,glaucoma,glaucoma:3.0(same_icd_category;tokens=glaucoma),
H40.2231,"Chronic angle-closure glaucoma, bilateral, mild stage",8,3,CONFIGURED_ICD_CATEGORY,,,NONSPECIFIC_SUPPORT_REVIEW,glaucoma,glaucoma,glaucoma:3.0(same_icd_category;tokens=glaucoma),
H40.51X1,"Glaucoma secondary to other eye disorders, right eye, mild stage",14,3,CONFIGURED_ICD_CATEGORY,,,NONSPECIFIC_SUPPORT_REVIEW,dry_eye | glaucoma,dry eye | glaucoma,dry_eye:3.0(same_icd_category;tokens=eye) | glaucoma:3.0(same_icd_category;tokens=glaucoma),
H40.63X0,"Glaucoma secondary to drugs, bilateral, stage unspecified",4,3,CONFIGURED_ICD_CATEGORY,,,NONSPECIFIC_SUPPORT_REVIEW,glaucoma,glaucoma,glaucoma:3.0(same_icd_category;tokens=glaucoma),
H43.01,"Vitreous prolapse, right eye",7,3,CONFIGURED_ICD_CATEGORY,,,NONSPECIFIC_SUPPORT_REVIEW,vitreous_opacity,vitreous opacity,vitreous_opacity:3.0(same_icd_category;tokens=vitreou),
H53.432,"Sector or arcuate defects, left eye",5,3,ATOM_PHRASE_MATCH,,,NONSPECIFIC_SUPPORT_REVIEW,cts_left,"Carpal tunnel syndrome, left",cts_left:6.0(phrase;tokens=left),
L97.111,Non-pressure chronic ulcer of right thigh limited to breakdown of skin,8,3,CONFIGURED_ICD_CATEGORY,,,NONSPECIFIC_SUPPORT_REVIEW,plantar_ulcer | trophic_change,plantar ulcer | trophic change,plantar_ulcer:3.0(same_icd_category;tokens=ulcer) | trophic_change:3.0(same_icd_category;tokens=skin),
L97.209,Non-pressure chronic ulcer of unspecified calf with unspecified severity,24,3,CONFIGURED_ICD_CATEGORY,,,NONSPECIFIC_SUPPORT_REVIEW,plantar_ulcer,plantar ulcer,plantar_ulcer:3.0(same_icd_category;tokens=ulcer),
L97.225,Non-pressure chronic ulcer of left calf with muscle involvement without evidence of necrosis,13,3,CONFIGURED_ICD_CATEGORY,,,NONSPECIFIC_SUPPORT_REVIEW,plantar_ulcer,plantar ulcer,plantar_ulcer:3.0(same_icd_category;tokens=ulcer),
L97.313,Non-pressure chronic ulcer of right ankle with necrosis of muscle,15,3,CONFIGURED_ICD_CATEGORY,,,NONSPECIFIC_SUPPORT_REVIEW,plantar_ulcer,plantar ulcer,plantar_ulcer:3.0(same_icd_category;tokens=ulcer),
L97.316,Non-pressure chronic ulcer of right ankle with bone involvement without evidence of necrosis,553,3,CONFIGURED_ICD_CATEGORY,,,NONSPECIFIC_SUPPORT_REVIEW,plantar_ulcer,plantar ulcer,plantar_ulcer:3.0(same_icd_category;tokens=ulcer),
L97.325,Non-pressure chronic ulcer of left ankle with muscle involvement without evidence of necrosis,144,3,CONFIGURED_ICD_CATEGORY,,,NONSPECIFIC_SUPPORT_REVIEW,plantar_ulcer,plantar ulcer,plantar_ulcer:3.0(same_icd_category;tokens=ulcer),
L97.801,Non-pressure chronic ulcer of other part of unspecified lower leg limited to breakdown of skin,154,3,CONFIGURED_ICD_CATEGORY,,,NONSPECIFIC_SUPPORT_REVIEW,plantar_ulcer | trophic_change,plantar ulcer | trophic change,"trophic_change:4.0(same_icd_category;tokens=lower,skin) | plantar_ulcer:3.0(same_icd_category;tokens=ulcer)",
L97.825,Non-pressure chronic ulcer of other part of left lower leg with muscle involvement without evidence of necrosis,51,3,CONFIGURED_ICD_CATEGORY,,,NONSPECIFIC_SUPPORT_REVIEW,plantar_ulcer | trophic_change,plantar ulcer | trophic change,plantar_ulcer:3.0(same_icd_category;tokens=ulcer) | trophic_change:3.0(same_icd_category;tokens=lower),
L97.918,Non-pressure chronic ulcer of unspecified part of right lower leg with other specified severity,327,3,CONFIGURED_ICD_CATEGORY,,,NONSPECIFIC_SUPPORT_REVIEW,plantar_ulcer | trophic_change,plantar ulcer | trophic change,plantar_ulcer:3.0(same_icd_category;tokens=ulcer) | trophic_change:3.0(same_icd_category;tokens=lower),
L97.925,Non-pressure chronic ulcer of unspecified part of left lower leg with muscle involvement without evidence of necrosis,181,3,CONFIGURED_ICD_CATEGORY,,,NONSPECIFIC_SUPPORT_REVIEW,plantar_ulcer | trophic_change,plantar ulcer | trophic change,plantar_ulcer:3.0(same_icd_category;tokens=ulcer) | trophic_change:3.0(same_icd_category;tokens=lower),
L97.926,Non-pressure chronic ulcer of unspecified part of left lower leg with bone involvement without evidence of necrosis,185,3,CONFIGURED_ICD_CATEGORY,,,NONSPECIFIC_SUPPORT_REVIEW,plantar_ulcer | trophic_change,plantar ulcer | trophic change,plantar_ulcer:3.0(same_icd_category;tokens=ulcer) | trophic_change:3.0(same_icd_category;tokens=lower),
M10.331,"Gout due to renal impairment, right wrist",12,3,ATOM_PHRASE_MATCH,,,NONSPECIFIC_SUPPORT_REVIEW,renal_dysfunction,Renal dysfunction / chronic kidney disease,"renal_dysfunction:7.0(phrase;tokens=impair,renal)",
M10.342,"Gout due to renal impairment, left hand",14,3,ATOM_PHRASE_MATCH,,,NONSPECIFIC_SUPPORT_REVIEW,renal_dysfunction,Renal dysfunction / chronic kidney disease,"renal_dysfunction:7.0(phrase;tokens=impair,renal)",
M10.379,"Gout due to renal impairment, unspecified ankle and foot",3,3,ATOM_PHRASE_MATCH,,,NONSPECIFIC_SUPPORT_REVIEW,renal_dysfunction,Renal dysfunction / chronic kidney disease,"renal_dysfunction:7.0(phrase;tokens=impair,renal)",
M1A.3711,"Chronic gout due to renal impairment, right ankle and foot, with tophus (tophi)",31,3,ATOM_PHRASE_MATCH,,,NONSPECIFIC_SUPPORT_REVIEW,renal_dysfunction,Renal dysfunction / chronic kidney disease,"renal_dysfunction:8.0(phrase;tokens=chronic,impair,renal)",
M1A.3791,"Chronic gout due to renal impairment, unspecified ankle and foot, with tophus (tophi)",13,3,ATOM_PHRASE_MATCH,,,NONSPECIFIC_SUPPORT_REVIEW,renal_dysfunction,Renal dysfunction / chronic kidney disease,"renal_dysfunction:8.0(phrase;tokens=chronic,impair,renal)",
M35.06,Sjogren syndrome with peripheral nervous system involvement,203,3,CONFIGURED_ICD_CATEGORY,,,NONSPECIFIC_SUPPORT_REVIEW,autoimmune_disease,autoimmune disease,autoimmune_disease:3.0(same_icd_category;tokens=sjogren),
M48.56XD,"Collapsed vertebra, not elsewhere classified, lumbar region, subsequent encounter for fracture with routine healing",29,3,CONFIGURED_ICD_CATEGORY,,,NONSPECIFIC_SUPPORT_REVIEW,lumbar_stenosis,Lumbar spinal stenosis,lumbar_stenosis:3.0(same_icd_category;tokens=lumbar),
M48.56XG,"Collapsed vertebra, not elsewhere classified, lumbar region, subsequent encounter for fracture with delayed healing",15,3,CONFIGURED_ICD_CATEGORY,,,NONSPECIFIC_SUPPORT_REVIEW,lumbar_stenosis,Lumbar spinal stenosis,lumbar_stenosis:3.0(same_icd_category;tokens=lumbar),
M65.072,"Abscess of tendon sheath, left ankle and foot",40,3,CONFIGURED_ICD_CATEGORY,,,NONSPECIFIC_SUPPORT_REVIEW,biceps_rupture | trigger_finger,"Spontaneous distal biceps tendon rupture (""Popeye sign"") | Trigger finger / stenosing tenosynovitis","trigger_finger:4.0(same_icd_category;tokens=sheath,tendon) | biceps_rupture:3.0(same_icd_category;tokens=tendon)",
M65.871,"Other synovitis and tenosynovitis, right ankle and foot",12,3,CONFIGURED_ICD_CATEGORY,,,NONSPECIFIC_SUPPORT_REVIEW,trigger_finger,Trigger finger / stenosing tenosynovitis,trigger_finger:3.0(same_icd_category;tokens=tenosynoviti),
M66.841,"Spontaneous rupture of other tendons, right hand",32,3,CONFIGURED_ICD_CATEGORY,,,NONSPECIFIC_SUPPORT_REVIEW,biceps_rupture | rotator_cuff | spontaneous_atraumatic_rupture | trigger_finger,"Rotator cuff tear / repair | Spontaneous / trivial-trauma rupture mechanism | Spontaneous distal biceps tendon rupture (""Popeye sign"") | Trigger finger / stenosing tenosynovitis","biceps_rupture:5.0(same_icd_category;tokens=rupture,spontaneou,tendon) | spontaneous_atraumatic_rupture:5.0(same_icd_category;tokens=rupture,spontaneou,tendon) | rotator_cuff:3.0(same_icd_category;tokens=rupture) | trigger_finger:3.0(same_icd_category;tokens=tendon)",
R10.815,Periumbilic abdominal tenderness,9,3,CONFIGURED_ICD_CATEGORY,,,NONSPECIFIC_SUPPORT_REVIEW,abdominal_pain,Unexplained abdominal pain,abdominal_pain:3.0(same_icd_category;tokens=abdominal),
R10.825,Periumbilic rebound abdominal tenderness,19,3,CONFIGURED_ICD_CATEGORY,,,NONSPECIFIC_SUPPORT_REVIEW,abdominal_pain,Unexplained abdominal pain,abdominal_pain:3.0(same_icd_category;tokens=abdominal),
R10.827,Generalized rebound abdominal tenderness,18,3,CONFIGURED_ICD_CATEGORY,,,NONSPECIFIC_SUPPORT_REVIEW,abdominal_pain,Unexplained abdominal pain,abdominal_pain:3.0(same_icd_category;tokens=abdominal),
R19.15,Other abnormal bowel sounds,8,3,CONFIGURED_ICD_CATEGORY,,,NONSPECIFIC_SUPPORT_REVIEW,constipation,constipation,constipation:3.0(same_icd_category;tokens=bowel),
S06.330D,"Contusion and laceration of cerebrum, unspecified, without loss of consciousness, subsequent encounter",6,3,ATOM_PHRASE_MATCH,,,NONSPECIFIC_SUPPORT_REVIEW,syncope,Syncope / presyncope,"syncope:7.0(phrase;tokens=consciousness,loss)",
S06.331A,"Contusion and laceration of cerebrum, unspecified, with loss of consciousness of 30 minutes or less, initial encounter",9,3,ATOM_PHRASE_MATCH,,,NONSPECIFIC_SUPPORT_REVIEW,syncope,Syncope / presyncope,"syncope:7.0(phrase;tokens=consciousness,loss)",
S06.339D,"Contusion and laceration of cerebrum, unspecified, with loss of consciousness of unspecified duration, subsequent encounter",3,3,ATOM_PHRASE_MATCH,,,NONSPECIFIC_SUPPORT_REVIEW,syncope,Syncope / presyncope,"syncope:7.0(phrase;tokens=consciousness,loss)",
S06.380A,"Contusion, laceration, and hemorrhage of brainstem without loss of consciousness, initial encounter",9,3,ATOM_PHRASE_MATCH,,,NONSPECIFIC_SUPPORT_REVIEW,syncope,Syncope / presyncope,"syncope:7.0(phrase;tokens=consciousness,loss)",
S06.890A,"Other specified intracranial injury without loss of consciousness, initial encounter",22,3,ATOM_PHRASE_MATCH,,,NONSPECIFIC_SUPPORT_REVIEW,syncope,Syncope / presyncope,"syncope:7.0(phrase;tokens=consciousness,loss)",
S06.899D,"Other specified intracranial injury with loss of consciousness of unspecified duration, subsequent encounter",25,3,ATOM_PHRASE_MATCH,,,NONSPECIFIC_SUPPORT_REVIEW,syncope,Syncope / presyncope,"syncope:7.0(phrase;tokens=consciousness,loss)",
S46.201A,"Unspecified injury of muscle, fascia and tendon of other parts of biceps, right arm, initial encounter",5,3,CONFIGURED_ICD_CATEGORY,,,NONSPECIFIC_SUPPORT_REVIEW,biceps_rupture,"Spontaneous distal biceps tendon rupture (""Popeye sign"")","biceps_rupture:4.0(same_icd_category;tokens=bicep,tendon)",
T83.69XA,"Infection and inflammatory reaction due to other prosthetic device, implant and graft in genital tract, initial encounter",28,3,ATOM_PHRASE_MATCH,,,NONSPECIFIC_SUPPORT_REVIEW,pacemaker_implantation,Pacemaker implantation,"pacemaker_implantation:7.0(phrase;tokens=device,implant)",
T85.615A,"Breakdown (mechanical) of other nervous system device, implant or graft, initial encounter",10,3,ATOM_PHRASE_MATCH,,,NONSPECIFIC_SUPPORT_REVIEW,pacemaker_implantation,Pacemaker implantation,"pacemaker_implantation:7.0(phrase;tokens=device,implant)",
T85.738A,"Infection and inflammatory reaction due to other nervous system device, implant or graft, initial encounter",3,3,ATOM_PHRASE_MATCH,,,NONSPECIFIC_SUPPORT_REVIEW,pacemaker_implantation,Pacemaker implantation,"pacemaker_implantation:7.0(phrase;tokens=device,implant)",
T85.9XXD,"Unspecified complication of internal prosthetic device, implant and graft, subsequent encounter",38,3,ATOM_PHRASE_MATCH,,,NONSPECIFIC_SUPPORT_REVIEW,pacemaker_implantation,Pacemaker implantation,"pacemaker_implantation:7.0(phrase;tokens=device,implant)",
Z82.1,Family history of blindness and visual loss,9,3,CONFIGURED_ICD_CATEGORY,,,NONSPECIFIC_SUPPORT_REVIEW,fhx_adult_onset_neuropathy,Family history of unexplained adult-onset progressive neuropathy,fhx_adult_onset_neuropathy:3.0(same_icd_category;tokens=family),
Z83.41,Family history of multiple endocrine neoplasia [MEN] syndrome,8,3,CONFIGURED_ICD_CATEGORY,,,NONSPECIFIC_SUPPORT_REVIEW,fhx_established_attr,First-degree family history of genetically or clinically established ATTR amyloidosis,fhx_established_attr:3.0(same_icd_category;tokens=family),
Z96.661,Presence of right artificial ankle joint,18,3,CONFIGURED_ICD_CATEGORY,,,NONSPECIFIC_SUPPORT_REVIEW,arthroplasty,Hip or knee arthroplasty,arthroplasty:3.0(same_icd_category;tokens=joint),
C90.31,Solitary plasmacytoma in remission,14,2,CONFIGURED_ICD_CATEGORY,,,NONSPECIFIC_SUPPORT_REVIEW,plasma_cell_dyscrasia,Plasma-cell dyscrasia / multiple myeloma,plasma_cell_dyscrasia:3.0(same_icd_category;tokens=plasmacytoma),
E10.A2,"Type 1 diabetes mellitus, presymptomatic, Stage 2",5,2,ATOM_PHRASE_MATCH,,,NONSPECIFIC_SUPPORT_REVIEW,diabetes,diabetes,"diabetes:8.0(phrase;tokens=diabete,mellitu,type)",
G12.22,Progressive bulbar palsy,7,2,ATOM_PHRASE_MATCH,,,NONSPECIFIC_SUPPORT_REVIEW,bulbar_neuropathy_symptoms,Unexplained bulbar neuropathy symptoms,"bulbar_neuropathy_symptoms:7.0(phrase;tokens=bulbar,palsy)",
G56.33,"Lesion of radial nerve, bilateral upper limbs",4,2,CONFIGURED_ICD_CATEGORY,,,NONSPECIFIC_SUPPORT_REVIEW,cts_bilateral,Bilateral carpal tunnel syndrome,cts_bilateral:3.0(same_icd_category;tokens=bilateral),
G56.43,Causalgia of bilateral upper limbs,8,2,CONFIGURED_ICD_CATEGORY,,,NONSPECIFIC_SUPPORT_REVIEW,cts_bilateral,Bilateral carpal tunnel syndrome,cts_bilateral:3.0(same_icd_category;tokens=bilateral),
G56.82,Other specified mononeuropathies of left upper limb,6,2,CONFIGURED_ICD_CATEGORY,,,NONSPECIFIC_SUPPORT_REVIEW,cts_bilateral | cts_left,"Bilateral carpal tunnel syndrome | Carpal tunnel syndrome, left","cts_bilateral:3.0(same_icd_category;tokens=left) | cts_left:3.0(tokens=left,limb,upper)",
H16.222,"Keratoconjunctivitis sicca, not specified as Sjogren's, left eye",2,2,ATOM_PHRASE_MATCH,,,NONSPECIFIC_SUPPORT_REVIEW,dry_eye,dry eye,"dry_eye:8.0(phrase;tokens=eye,keratoconjunctiviti,sicca)",
H21.1X1,"Other vascular disorders of iris and ciliary body, right eye",2,2,CONFIGURED_ICD_CATEGORY,,,NONSPECIFIC_SUPPORT_REVIEW,iris_abnormality | scalloped_pupil,Scalloped pupil / characteristic pupillary abnormality | iris abnormality,iris_abnormality:3.0(same_icd_category;tokens=iris) | scalloped_pupil:3.0(same_icd_category;tokens=iris),
H21.1X3,"Other vascular disorders of iris and ciliary body, bilateral",3,2,CONFIGURED_ICD_CATEGORY,,,NONSPECIFIC_SUPPORT_REVIEW,iris_abnormality | scalloped_pupil,Scalloped pupil / characteristic pupillary abnormality | iris abnormality,iris_abnormality:3.0(same_icd_category;tokens=iris) | scalloped_pupil:3.0(same_icd_category;tokens=iris),
H21.302,"Idiopathic cysts of iris, ciliary body or anterior chamber, left eye",4,2,CONFIGURED_ICD_CATEGORY,,,NONSPECIFIC_SUPPORT_REVIEW,iris_abnormality | scalloped_pupil,Scalloped pupil / characteristic pupillary abnormality | iris abnormality,iris_abnormality:3.0(same_icd_category;tokens=iris) | scalloped_pupil:3.0(same_icd_category;tokens=iris),
H21.43,"Pupillary membranes, bilateral",10,2,CONFIGURED_ICD_CATEGORY,,,NONSPECIFIC_SUPPORT_REVIEW,iris_abnormality | scalloped_pupil,Scalloped pupil / characteristic pupillary abnormality | iris abnormality,iris_abnormality:3.0(same_icd_category;tokens=pupillary) | scalloped_pupil:3.0(same_icd_category;tokens=pupillary),
H21.502,"Unspecified adhesions of iris, left eye",16,2,CONFIGURED_ICD_CATEGORY,,,NONSPECIFIC_SUPPORT_REVIEW,iris_abnormality | scalloped_pupil,Scalloped pupil / characteristic pupillary abnormality | iris abnormality,iris_abnormality:3.0(same_icd_category;tokens=iris) | scalloped_pupil:3.0(same_icd_category;tokens=iris),
H21.542,"Posterior synechiae (iris), left eye",7,2,CONFIGURED_ICD_CATEGORY,,,NONSPECIFIC_SUPPORT_REVIEW,iris_abnormality | scalloped_pupil,Scalloped pupil / characteristic pupillary abnormality | iris abnormality,iris_abnormality:3.0(same_icd_category;tokens=iris) | scalloped_pupil:3.0(same_icd_category;tokens=iris),
H21.563,"Pupillary abnormality, bilateral",4,2,CONFIGURED_ICD_CATEGORY,,,NONSPECIFIC_SUPPORT_REVIEW,iris_abnormality | scalloped_pupil,Scalloped pupil / characteristic pupillary abnormality | iris abnormality,"iris_abnormality:4.0(same_icd_category;tokens=abnormality,pupillary) | scalloped_pupil:4.0(same_icd_category;tokens=abnormality,pupillary)",
H21.569,"Pupillary abnormality, unspecified eye",2,2,CONFIGURED_ICD_CATEGORY,,,NONSPECIFIC_SUPPORT_REVIEW,iris_abnormality | scalloped_pupil,Scalloped pupil / characteristic pupillary abnormality | iris abnormality,"iris_abnormality:4.0(same_icd_category;tokens=abnormality,pupillary) | scalloped_pupil:4.0(same_icd_category;tokens=abnormality,pupillary)",
H21.9,Unspecified disorder of iris and ciliary body,40,2,CONFIGURED_ICD_CATEGORY,,,NONSPECIFIC_SUPPORT_REVIEW,iris_abnormality | scalloped_pupil,Scalloped pupil / characteristic pupillary abnormality | iris abnormality,iris_abnormality:3.0(same_icd_category;tokens=iris) | scalloped_pupil:3.0(same_icd_category;tokens=iris),
H40.011,"Open angle with borderline findings, low risk, right eye",5,2,CONFIGURED_ICD_CATEGORY,,,NONSPECIFIC_SUPPORT_REVIEW,dry_eye,dry eye,dry_eye:3.0(same_icd_category;tokens=eye),
H40.031,"Anatomical narrow angle, right eye",10,2,CONFIGURED_ICD_CATEGORY,,,NONSPECIFIC_SUPPORT_REVIEW,dry_eye,dry eye,dry_eye:3.0(same_icd_category;tokens=eye),
H40.039,"Anatomical narrow angle, unspecified eye",3,2,CONFIGURED_ICD_CATEGORY,,,NONSPECIFIC_SUPPORT_REVIEW,dry_eye,dry eye,dry_eye:3.0(same_icd_category;tokens=eye),
H40.041,"Steroid responder, right eye",10,2,CONFIGURED_ICD_CATEGORY,,,NONSPECIFIC_SUPPORT_REVIEW,dry_eye,dry eye,dry_eye:3.0(same_icd_category;tokens=eye),
H40.10X2,"Unspecified open-angle glaucoma, moderate stage",12,2,CONFIGURED_ICD_CATEGORY,,,NONSPECIFIC_SUPPORT_REVIEW,glaucoma,glaucoma,glaucoma:3.0(same_icd_category;tokens=glaucoma),
H40.10X4,"Unspecified open-angle glaucoma, indeterminate stage",3,2,CONFIGURED_ICD_CATEGORY,,,NONSPECIFIC_SUPPORT_REVIEW,glaucoma,glaucoma,glaucoma:3.0(same_icd_category;tokens=glaucoma),
H40.1230,"Low-tension glaucoma, bilateral, stage unspecified",2,2,CONFIGURED_ICD_CATEGORY,,,NONSPECIFIC_SUPPORT_REVIEW,glaucoma,glaucoma,glaucoma:3.0(same_icd_category;tokens=glaucoma),
H40.1231,"Low-tension glaucoma, bilateral, mild stage",5,2,CONFIGURED_ICD_CATEGORY,,,NONSPECIFIC_SUPPORT_REVIEW,glaucoma,glaucoma,glaucoma:3.0(same_icd_category;tokens=glaucoma),
H40.1232,"Low-tension glaucoma, bilateral, moderate stage",5,2,CONFIGURED_ICD_CATEGORY,,,NONSPECIFIC_SUPPORT_REVIEW,glaucoma,glaucoma,glaucoma:3.0(same_icd_category;tokens=glaucoma),
H40.20X3,"Unspecified primary angle-closure glaucoma, severe stage",14,2,CONFIGURED_ICD_CATEGORY,,,NONSPECIFIC_SUPPORT_REVIEW,glaucoma,glaucoma,glaucoma:3.0(same_icd_category;tokens=glaucoma),
H40.219,"Acute angle-closure glaucoma, unspecified eye",5,2,CONFIGURED_ICD_CATEGORY,,,NONSPECIFIC_SUPPORT_REVIEW,dry_eye | glaucoma,dry eye | glaucoma,dry_eye:3.0(same_icd_category;tokens=eye) | glaucoma:3.0(same_icd_category;tokens=glaucoma),
H40.2220,"Chronic angle-closure glaucoma, left eye, stage unspecified",4,2,CONFIGURED_ICD_CATEGORY,,,NONSPECIFIC_SUPPORT_REVIEW,dry_eye | glaucoma,dry eye | glaucoma,dry_eye:3.0(same_icd_category;tokens=eye) | glaucoma:3.0(same_icd_category;tokens=glaucoma),
H40.2223,"Chronic angle-closure glaucoma, left eye, severe stage",10,2,CONFIGURED_ICD_CATEGORY,,,NONSPECIFIC_SUPPORT_REVIEW,dry_eye | glaucoma,dry eye | glaucoma,dry_eye:3.0(same_icd_category;tokens=eye) | glaucoma:3.0(same_icd_category;tokens=glaucoma),
H40.2290,"Chronic angle-closure glaucoma, unspecified eye, stage unspecified",10,2,CONFIGURED_ICD_CATEGORY,,,NONSPECIFIC_SUPPORT_REVIEW,dry_eye | glaucoma,dry eye | glaucoma,dry_eye:3.0(same_icd_category;tokens=eye) | glaucoma:3.0(same_icd_category;tokens=glaucoma),
H40.231,"Intermittent angle-closure glaucoma, right eye",2,2,CONFIGURED_ICD_CATEGORY,,,NONSPECIFIC_SUPPORT_REVIEW,dry_eye | glaucoma,dry eye | glaucoma,dry_eye:3.0(same_icd_category;tokens=eye) | glaucoma:3.0(same_icd_category;tokens=glaucoma),
H40.42X2,"Glaucoma secondary to eye inflammation, left eye, moderate stage",12,2,CONFIGURED_ICD_CATEGORY,,,NONSPECIFIC_SUPPORT_REVIEW,dry_eye | glaucoma,dry eye | glaucoma,dry_eye:3.0(same_icd_category;tokens=eye) | glaucoma:3.0(same_icd_category;tokens=glaucoma),
H40.43X0,"Glaucoma secondary to eye inflammation, bilateral, stage unspecified",4,2,CONFIGURED_ICD_CATEGORY,,,NONSPECIFIC_SUPPORT_REVIEW,dry_eye | glaucoma,dry eye | glaucoma,dry_eye:3.0(same_icd_category;tokens=eye) | glaucoma:3.0(same_icd_category;tokens=glaucoma),
H40.43X3,"Glaucoma secondary to eye inflammation, bilateral, severe stage",29,2,CONFIGURED_ICD_CATEGORY,,,NONSPECIFIC_SUPPORT_REVIEW,dry_eye | glaucoma,dry eye | glaucoma,dry_eye:3.0(same_icd_category;tokens=eye) | glaucoma:3.0(same_icd_category;tokens=glaucoma),
H40.51X2,"Glaucoma secondary to other eye disorders, right eye, moderate stage",7,2,CONFIGURED_ICD_CATEGORY,,,NONSPECIFIC_SUPPORT_REVIEW,dry_eye | glaucoma,dry eye | glaucoma,dry_eye:3.0(same_icd_category;tokens=eye) | glaucoma:3.0(same_icd_category;tokens=glaucoma),
H40.52X1,"Glaucoma secondary to other eye disorders, left eye, mild stage",5,2,CONFIGURED_ICD_CATEGORY,,,NONSPECIFIC_SUPPORT_REVIEW,dry_eye | glaucoma,dry eye | glaucoma,dry_eye:3.0(same_icd_category;tokens=eye) | glaucoma:3.0(same_icd_category;tokens=glaucoma),
H40.53X1,"Glaucoma secondary to other eye disorders, bilateral, mild stage",8,2,CONFIGURED_ICD_CATEGORY,,,NONSPECIFIC_SUPPORT_REVIEW,dry_eye | glaucoma,dry eye | glaucoma,dry_eye:3.0(same_icd_category;tokens=eye) | glaucoma:3.0(same_icd_category;tokens=glaucoma),
H40.832,"Aqueous misdirection, left eye",11,2,CONFIGURED_ICD_CATEGORY,,,NONSPECIFIC_SUPPORT_REVIEW,dry_eye,dry eye,dry_eye:3.0(same_icd_category;tokens=eye),
H91.02,"Ototoxic hearing loss, left ear",3,2,CONFIGURED_ICD_CATEGORY,,,NONSPECIFIC_SUPPORT_REVIEW,age_excessive_snhl,Bilateral sensorineural hearing loss disproportionate to age,"age_excessive_snhl:4.0(same_icd_category;tokens=hearing,loss)",
K31.A15,"Gastric intestinal metaplasia without dysplasia, involving multiple sites",5,2,CONFIGURED_ICD_CATEGORY,,,NONSPECIFIC_SUPPORT_REVIEW,delayed_gastric_emptying | gastroparesis,Gastroparesis / delayed gastric emptying | delayed gastric emptying,delayed_gastric_emptying:3.0(same_icd_category;tokens=gastric) | gastroparesis:3.0(same_icd_category;tokens=gastric),
K31.A22,Gastric intestinal metaplasia with high grade dysplasia,13,2,CONFIGURED_ICD_CATEGORY,,,NONSPECIFIC_SUPPORT_REVIEW,delayed_gastric_emptying | gastroparesis,Gastroparesis / delayed gastric emptying | delayed gastric emptying,delayed_gastric_emptying:3.0(same_icd_category;tokens=gastric) | gastroparesis:3.0(same_icd_category;tokens=gastric),
L97.109,Non-pressure chronic ulcer of unspecified thigh with unspecified severity,3,2,CONFIGURED_ICD_CATEGORY,,,NONSPECIFIC_SUPPORT_REVIEW,plantar_ulcer,plantar ulcer,plantar_ulcer:3.0(same_icd_category;tokens=ulcer),
L97.123,Non-pressure chronic ulcer of left thigh with necrosis of muscle,47,2,CONFIGURED_ICD_CATEGORY,,,NONSPECIFIC_SUPPORT_REVIEW,plantar_ulcer,plantar ulcer,plantar_ulcer:3.0(same_icd_category;tokens=ulcer),
L97.215,Non-pressure chronic ulcer of right calf with muscle involvement without evidence of necrosis,20,2,CONFIGURED_ICD_CATEGORY,,,NONSPECIFIC_SUPPORT_REVIEW,plantar_ulcer,plantar ulcer,plantar_ulcer:3.0(same_icd_category;tokens=ulcer),
L97.221,Non-pressure chronic ulcer of left calf limited to breakdown of skin,14,2,CONFIGURED_ICD_CATEGORY,,,NONSPECIFIC_SUPPORT_REVIEW,plantar_ulcer | trophic_change,plantar ulcer | trophic change,plantar_ulcer:3.0(same_icd_category;tokens=ulcer) | trophic_change:3.0(same_icd_category;tokens=skin),
L97.302,Non-pressure chronic ulcer of unspecified ankle with fat layer exposed,17,2,CONFIGURED_ICD_CATEGORY,,,NONSPECIFIC_SUPPORT_REVIEW,plantar_ulcer,plantar ulcer,plantar_ulcer:3.0(same_icd_category;tokens=ulcer),
L97.314,Non-pressure chronic ulcer of right ankle with necrosis of bone,3,2,CONFIGURED_ICD_CATEGORY,,,NONSPECIFIC_SUPPORT_REVIEW,plantar_ulcer,plantar ulcer,plantar_ulcer:3.0(same_icd_category;tokens=ulcer),
L97.318,Non-pressure chronic ulcer of right ankle with other specified severity,72,2,CONFIGURED_ICD_CATEGORY,,,NONSPECIFIC_SUPPORT_REVIEW,plantar_ulcer,plantar ulcer,plantar_ulcer:3.0(same_icd_category;tokens=ulcer),
L97.328,Non-pressure chronic ulcer of left ankle with other specified severity,124,2,CONFIGURED_ICD_CATEGORY,,,NONSPECIFIC_SUPPORT_REVIEW,plantar_ulcer,plantar ulcer,plantar_ulcer:3.0(same_icd_category;tokens=ulcer),
L97.816,Non-pressure chronic ulcer of other part of right lower leg with bone involvement without evidence of necrosis,4,2,CONFIGURED_ICD_CATEGORY,,,NONSPECIFIC_SUPPORT_REVIEW,plantar_ulcer | trophic_change,plantar ulcer | trophic change,plantar_ulcer:3.0(same_icd_category;tokens=ulcer) | trophic_change:3.0(same_icd_category;tokens=lower),
L97.824,Non-pressure chronic ulcer of other part of left lower leg with necrosis of bone,70,2,CONFIGURED_ICD_CATEGORY,,,NONSPECIFIC_SUPPORT_REVIEW,plantar_ulcer | trophic_change,plantar ulcer | trophic change,plantar_ulcer:3.0(same_icd_category;tokens=ulcer) | trophic_change:3.0(same_icd_category;tokens=lower),
M10.312,"Gout due to renal impairment, left shoulder",8,2,ATOM_PHRASE_MATCH,,,NONSPECIFIC_SUPPORT_REVIEW,renal_dysfunction,Renal dysfunction / chronic kidney disease,"renal_dysfunction:7.0(phrase;tokens=impair,renal)",
M1A.30X1,"Chronic gout due to renal impairment, unspecified site, with tophus (tophi)",5,2,ATOM_PHRASE_MATCH,,,NONSPECIFIC_SUPPORT_REVIEW,renal_dysfunction,Renal dysfunction / chronic kidney disease,"renal_dysfunction:8.0(phrase;tokens=chronic,impair,renal)",
M1A.3220,"Chronic gout due to renal impairment, left elbow, without tophus (tophi)",9,2,ATOM_PHRASE_MATCH,,,NONSPECIFIC_SUPPORT_REVIEW,renal_dysfunction,Renal dysfunction / chronic kidney disease,"renal_dysfunction:8.0(phrase;tokens=chronic,impair,renal)",
M1A.3620,"Chronic gout due to renal impairment, left knee, without tophus (tophi)",34,2,ATOM_PHRASE_MATCH,,,NONSPECIFIC_SUPPORT_REVIEW,renal_dysfunction,Renal dysfunction / chronic kidney disease,"renal_dysfunction:8.0(phrase;tokens=chronic,impair,renal)",
M1A.3721,"Chronic gout due to renal impairment, left ankle and foot, with tophus (tophi)",2,2,ATOM_PHRASE_MATCH,,,NONSPECIFIC_SUPPORT_REVIEW,renal_dysfunction,Renal dysfunction / chronic kidney disease,"renal_dysfunction:8.0(phrase;tokens=chronic,impair,renal)",
M35.07,Sjogren syndrome with central nervous system involvement,26,2,CONFIGURED_ICD_CATEGORY,,,NONSPECIFIC_SUPPORT_REVIEW,autoimmune_disease,autoimmune disease,autoimmune_disease:3.0(same_icd_category;tokens=sjogren),
M48.46XG,"Fatigue fracture of vertebra, lumbar region, subsequent encounter for fracture with delayed healing",4,2,CONFIGURED_ICD_CATEGORY,,,NONSPECIFIC_SUPPORT_REVIEW,lumbar_stenosis,Lumbar spinal stenosis,lumbar_stenosis:3.0(same_icd_category;tokens=lumbar),
M48.8X6,"Other specified spondylopathies, lumbar region",2,2,CONFIGURED_ICD_CATEGORY,,,NONSPECIFIC_SUPPORT_REVIEW,lumbar_stenosis,Lumbar spinal stenosis,lumbar_stenosis:3.0(same_icd_category;tokens=lumbar),
M65.042,"Abscess of tendon sheath, left hand",40,2,CONFIGURED_ICD_CATEGORY,,,NONSPECIFIC_SUPPORT_REVIEW,biceps_rupture | trigger_finger,"Spontaneous distal biceps tendon rupture (""Popeye sign"") | Trigger finger / stenosing tenosynovitis","trigger_finger:4.0(same_icd_category;tokens=sheath,tendon) | biceps_rupture:3.0(same_icd_category;tokens=tendon)",
M65.811,"Other synovitis and tenosynovitis, right shoulder",3,2,CONFIGURED_ICD_CATEGORY,,,NONSPECIFIC_SUPPORT_REVIEW,rotator_cuff | trigger_finger,Rotator cuff tear / repair | Trigger finger / stenosing tenosynovitis,rotator_cuff:3.0(same_icd_category;tokens=shoulder) | trigger_finger:3.0(same_icd_category;tokens=tenosynoviti),
M65.939,"Unspecified synovitis and tenosynovitis, unspecified forearm",20,2,CONFIGURED_ICD_CATEGORY,,,NONSPECIFIC_SUPPORT_REVIEW,trigger_finger,Trigger finger / stenosing tenosynovitis,trigger_finger:3.0(same_icd_category;tokens=tenosynoviti),
M65.961,"Unspecified synovitis and tenosynovitis, right lower leg",8,2,CONFIGURED_ICD_CATEGORY,,,NONSPECIFIC_SUPPORT_REVIEW,trigger_finger,Trigger finger / stenosing tenosynovitis,trigger_finger:3.0(same_icd_category;tokens=tenosynoviti),
M66.251,"Spontaneous rupture of extensor tendons, right thigh",13,2,CONFIGURED_ICD_CATEGORY,,,NONSPECIFIC_SUPPORT_REVIEW,biceps_rupture | rotator_cuff | spontaneous_atraumatic_rupture | trigger_finger,"Rotator cuff tear / repair | Spontaneous / trivial-trauma rupture mechanism | Spontaneous distal biceps tendon rupture (""Popeye sign"") | Trigger finger / stenosing tenosynovitis","biceps_rupture:5.0(same_icd_category;tokens=rupture,spontaneou,tendon) | spontaneous_atraumatic_rupture:5.0(same_icd_category;tokens=rupture,spontaneou,tendon) | rotator_cuff:3.0(same_icd_category;tokens=rupture) | trigger_finger:3.0(same_icd_category;tokens=tendon)",
M66.372,"Spontaneous rupture of flexor tendons, left ankle and foot",5,2,CONFIGURED_ICD_CATEGORY,,,NONSPECIFIC_SUPPORT_REVIEW,biceps_rupture | rotator_cuff | spontaneous_atraumatic_rupture | trigger_finger,"Rotator cuff tear / repair | Spontaneous / trivial-trauma rupture mechanism | Spontaneous distal biceps tendon rupture (""Popeye sign"") | Trigger finger / stenosing tenosynovitis","biceps_rupture:5.0(same_icd_category;tokens=rupture,spontaneou,tendon) | spontaneous_atraumatic_rupture:5.0(same_icd_category;tokens=rupture,spontaneou,tendon) | trigger_finger:4.0(same_icd_category;tokens=flexor,tendon) | rotator_cuff:3.0(same_icd_category;tokens=rupture)",
O24.03,"Pre-existing type 1 diabetes mellitus, in the puerperium",6,2,ATOM_PHRASE_MATCH,,,NONSPECIFIC_SUPPORT_REVIEW,diabetes,diabetes,"diabetes:8.0(phrase;tokens=diabete,mellitu,type)",
O24.32,Unspecified pre-existing diabetes mellitus in childbirth,2,2,ATOM_PHRASE_MATCH,,,NONSPECIFIC_SUPPORT_REVIEW,diabetes,diabetes,"diabetes:7.0(phrase;tokens=diabete,mellitu)",
O24.420,"Gestational diabetes mellitus in childbirth, diet controlled",2,2,ATOM_PHRASE_MATCH,,,NONSPECIFIC_SUPPORT_REVIEW,diabetes,diabetes,"diabetes:7.0(phrase;tokens=diabete,mellitu)",
R10.3,Pain localized to other parts of lower abdomen,85,2,CONFIGURED_ICD_CATEGORY,,,NONSPECIFIC_SUPPORT_REVIEW,abdominal_pain,Unexplained abdominal pain,abdominal_pain:3.0(same_icd_category;tokens=pain),
S06.321A,"Contusion and laceration of left cerebrum with loss of consciousness of 30 minutes or less, initial encounter",10,2,ATOM_PHRASE_MATCH,,,NONSPECIFIC_SUPPORT_REVIEW,syncope,Syncope / presyncope,"syncope:7.0(phrase;tokens=consciousness,loss)",
S06.329D,"Contusion and laceration of left cerebrum with loss of consciousness of unspecified duration, subsequent encounter",2,2,ATOM_PHRASE_MATCH,,,NONSPECIFIC_SUPPORT_REVIEW,syncope,Syncope / presyncope,"syncope:7.0(phrase;tokens=consciousness,loss)",
S06.33AS,"Contusion and laceration of cerebrum, unspecified, with loss of consciousness status unknown, sequela",7,2,ATOM_PHRASE_MATCH,,,NONSPECIFIC_SUPPORT_REVIEW,syncope,Syncope / presyncope,"syncope:7.0(phrase;tokens=consciousness,loss)",
S06.9X3D,"Unspecified intracranial injury with loss of consciousness of 1 hour to 5 hours 59 minutes, subsequent encounter",6,2,ATOM_PHRASE_MATCH,,,NONSPECIFIC_SUPPORT_REVIEW,syncope,Syncope / presyncope,"syncope:7.0(phrase;tokens=consciousness,loss)",
S06.9X3S,"Unspecified intracranial injury with loss of consciousness of 1 hour to 5 hours 59 minutes, sequela",3,2,ATOM_PHRASE_MATCH,,,NONSPECIFIC_SUPPORT_REVIEW,syncope,Syncope / presyncope,"syncope:7.0(phrase;tokens=consciousness,loss)",
S06.9X4A,"Unspecified intracranial injury with loss of consciousness of 6 hours to 24 hours, initial encounter",36,2,ATOM_PHRASE_MATCH,,,NONSPECIFIC_SUPPORT_REVIEW,syncope,Syncope / presyncope,"syncope:7.0(phrase;tokens=consciousness,loss)",
S06.9X7A,"Unspecified intracranial injury with loss of consciousness of any duration with death due to brain injury prior to regaining consciousness, initial encounter",235,2,ATOM_PHRASE_MATCH,,,NONSPECIFIC_SUPPORT_REVIEW,syncope,Syncope / presyncope,"syncope:7.0(phrase;tokens=consciousness,loss)",
S46.109A,"Unspecified injury of muscle, fascia and tendon of long head of biceps, unspecified arm, initial encounter",3,2,CONFIGURED_ICD_CATEGORY,,,NONSPECIFIC_SUPPORT_REVIEW,biceps_rupture,"Spontaneous distal biceps tendon rupture (""Popeye sign"")","biceps_rupture:4.0(same_icd_category;tokens=bicep,tendon)",
S46.112D,"Strain of muscle, fascia and tendon of long head of biceps, left arm, subsequent encounter",7,2,CONFIGURED_ICD_CATEGORY,,,NONSPECIFIC_SUPPORT_REVIEW,biceps_rupture,"Spontaneous distal biceps tendon rupture (""Popeye sign"")","biceps_rupture:4.0(same_icd_category;tokens=bicep,tendon)",
S46.192A,"Other injury of muscle, fascia and tendon of long head of biceps, left arm, initial encounter",3,2,CONFIGURED_ICD_CATEGORY,,,NONSPECIFIC_SUPPORT_REVIEW,biceps_rupture,"Spontaneous distal biceps tendon rupture (""Popeye sign"")","biceps_rupture:4.0(same_icd_category;tokens=bicep,tendon)",
S46.222A,"Laceration of muscle, fascia and tendon of other parts of biceps, left arm, initial encounter",11,2,CONFIGURED_ICD_CATEGORY,,,NONSPECIFIC_SUPPORT_REVIEW,biceps_rupture,"Spontaneous distal biceps tendon rupture (""Popeye sign"")","biceps_rupture:4.0(same_icd_category;tokens=bicep,tendon)",
S46.309A,"Unspecified injury of muscle, fascia and tendon of triceps, unspecified arm, initial encounter",7,2,CONFIGURED_ICD_CATEGORY,,,NONSPECIFIC_SUPPORT_REVIEW,biceps_rupture,"Spontaneous distal biceps tendon rupture (""Popeye sign"")",biceps_rupture:3.0(same_icd_category;tokens=tendon),
S46.819S,"Strain of other muscles, fascia and tendons at shoulder and upper arm level, unspecified arm, sequela",4,2,CONFIGURED_ICD_CATEGORY,,,NONSPECIFIC_SUPPORT_REVIEW,biceps_rupture,"Spontaneous distal biceps tendon rupture (""Popeye sign"")",biceps_rupture:3.0(same_icd_category;tokens=tendon),
S46.901A,"Unspecified injury of unspecified muscle, fascia and tendon at shoulder and upper arm level, right arm, initial encounter",29,2,CONFIGURED_ICD_CATEGORY,,,NONSPECIFIC_SUPPORT_REVIEW,biceps_rupture,"Spontaneous distal biceps tendon rupture (""Popeye sign"")",biceps_rupture:3.0(same_icd_category;tokens=tendon),
S46.902A,"Unspecified injury of unspecified muscle, fascia and tendon at shoulder and upper arm level, left arm, initial encounter",4,2,CONFIGURED_ICD_CATEGORY,,,NONSPECIFIC_SUPPORT_REVIEW,biceps_rupture,"Spontaneous distal biceps tendon rupture (""Popeye sign"")",biceps_rupture:3.0(same_icd_category;tokens=tendon),
T50.4X5A,"Adverse effect of drugs affecting uric acid metabolism, initial encounter",5,2,ATOM_PHRASE_MATCH,,,NONSPECIFIC_SUPPORT_REVIEW,elevated_uric_acid,Elevated serum uric acid,"elevated_uric_acid:7.0(phrase;tokens=acid,uric)",
T84.9XXS,"Unspecified complication of internal orthopedic prosthetic device, implant and graft, sequela",5,2,ATOM_PHRASE_MATCH,,,NONSPECIFIC_SUPPORT_REVIEW,pacemaker_implantation,Pacemaker implantation,"pacemaker_implantation:7.0(phrase;tokens=device,implant)",
Z83.0,Family history of human immunodeficiency virus [HIV] disease,5,2,CONFIGURED_ICD_CATEGORY,,,NONSPECIFIC_SUPPORT_REVIEW,fhx_established_attr,First-degree family history of genetically or clinically established ATTR amyloidosis,fhx_established_attr:3.0(same_icd_category;tokens=family),
Z83.52,Family history of ear disorders,3,2,CONFIGURED_ICD_CATEGORY,,,NONSPECIFIC_SUPPORT_REVIEW,fhx_established_attr,First-degree family history of genetically or clinically established ATTR amyloidosis,fhx_established_attr:3.0(same_icd_category;tokens=family),
Z96.60,Presence of unspecified orthopedic joint implant,4,2,CONFIGURED_ICD_CATEGORY,,,NONSPECIFIC_SUPPORT_REVIEW,arthroplasty,Hip or knee arthroplasty,arthroplasty:3.0(same_icd_category;tokens=joint),
Z96.698,Presence of other orthopedic joint implants,3,2,CONFIGURED_ICD_CATEGORY,,,NONSPECIFIC_SUPPORT_REVIEW,arthroplasty,Hip or knee arthroplasty,arthroplasty:3.0(same_icd_category;tokens=joint),
C90.21,Extramedullary plasmacytoma in remission,32,1,CONFIGURED_ICD_CATEGORY,,,NONSPECIFIC_SUPPORT_REVIEW,plasma_cell_dyscrasia,Plasma-cell dyscrasia / multiple myeloma,plasma_cell_dyscrasia:3.0(same_icd_category;tokens=plasmacytoma),
C90.22,Extramedullary plasmacytoma in relapse,3,1,CONFIGURED_ICD_CATEGORY,,,NONSPECIFIC_SUPPORT_REVIEW,plasma_cell_dyscrasia,Plasma-cell dyscrasia / multiple myeloma,plasma_cell_dyscrasia:3.0(same_icd_category;tokens=plasmacytoma),
E09.00,Drug or chemical induced diabetes mellitus with hyperosmolarity without nonketotic hyperglycemic-hyperosmolar coma (NKHHC),1,1,ATOM_PHRASE_MATCH,,,NONSPECIFIC_SUPPORT_REVIEW,diabetes,diabetes,"diabetes:7.0(phrase;tokens=diabete,mellitu)",
E09.59,Drug or chemical induced diabetes mellitus with other circulatory complications,7,1,ATOM_PHRASE_MATCH,,,NONSPECIFIC_SUPPORT_REVIEW,diabetes,diabetes,"diabetes:7.0(phrase;tokens=diabete,mellitu)",
E09.638,Drug or chemical induced diabetes mellitus with other oral complications,10,1,ATOM_PHRASE_MATCH,,,NONSPECIFIC_SUPPORT_REVIEW,diabetes,diabetes,"diabetes:7.0(phrase;tokens=diabete,mellitu)",
E13.00,Other specified diabetes mellitus with hyperosmolarity without nonketotic hyperglycemic-hyperosmolar coma (NKHHC),4,1,ATOM_PHRASE_MATCH,,,NONSPECIFIC_SUPPORT_REVIEW,diabetes,diabetes,"diabetes:7.0(phrase;tokens=diabete,mellitu)",
E13.622,Other specified diabetes mellitus with other skin ulcer,3,1,ATOM_PHRASE_MATCH,,,NONSPECIFIC_SUPPORT_REVIEW,diabetes,diabetes,"diabetes:7.0(phrase;tokens=diabete,mellitu)",
F50.23,"Bulimia nervosa, severe",2,1,CONFIGURED_ICD_CATEGORY,,,NONSPECIFIC_SUPPORT_REVIEW,unintentional_weight_loss,Unintentional weight loss / declining BMI,unintentional_weight_loss:3.0(same_icd_category;tokens=severe),
F50.812,"Binge eating disorder, severe",1,1,CONFIGURED_ICD_CATEGORY,,,NONSPECIFIC_SUPPORT_REVIEW,unintentional_weight_loss,Unintentional weight loss / declining BMI,unintentional_weight_loss:3.0(same_icd_category;tokens=severe),
G56.83,Other specified mononeuropathies of bilateral upper limbs,2,1,CONFIGURED_ICD_CATEGORY,,,NONSPECIFIC_SUPPORT_REVIEW,cts_bilateral,Bilateral carpal tunnel syndrome,cts_bilateral:3.0(same_icd_category;tokens=bilateral),
H21.232,"Degeneration of iris (pigmentary), left eye",1,1,CONFIGURED_ICD_CATEGORY,,,NONSPECIFIC_SUPPORT_REVIEW,iris_abnormality | scalloped_pupil,Scalloped pupil / characteristic pupillary abnormality | iris abnormality,iris_abnormality:3.0(same_icd_category;tokens=iris) | scalloped_pupil:3.0(same_icd_category;tokens=iris),
H21.239,"Degeneration of iris (pigmentary), unspecified eye",1,1,CONFIGURED_ICD_CATEGORY,,,NONSPECIFIC_SUPPORT_REVIEW,iris_abnormality | scalloped_pupil,Scalloped pupil / characteristic pupillary abnormality | iris abnormality,iris_abnormality:3.0(same_icd_category;tokens=iris) | scalloped_pupil:3.0(same_icd_category;tokens=iris),
H21.241,"Degeneration of pupillary margin, right eye",1,1,CONFIGURED_ICD_CATEGORY,,,NONSPECIFIC_SUPPORT_REVIEW,iris_abnormality | scalloped_pupil,Scalloped pupil / characteristic pupillary abnormality | iris abnormality,"scalloped_pupil:4.0(same_icd_category;tokens=margin,pupillary) | iris_abnormality:3.0(same_icd_category;tokens=pupillary)",
H21.261,"Iris atrophy (essential) (progressive), right eye",1,1,CONFIGURED_ICD_CATEGORY,,,NONSPECIFIC_SUPPORT_REVIEW,iris_abnormality | scalloped_pupil,Scalloped pupil / characteristic pupillary abnormality | iris abnormality,iris_abnormality:3.0(same_icd_category;tokens=iris) | scalloped_pupil:3.0(same_icd_category;tokens=iris),
H21.301,"Idiopathic cysts of iris, ciliary body or anterior chamber, right eye",2,1,CONFIGURED_ICD_CATEGORY,,,NONSPECIFIC_SUPPORT_REVIEW,iris_abnormality | scalloped_pupil,Scalloped pupil / characteristic pupillary abnormality | iris abnormality,iris_abnormality:3.0(same_icd_category;tokens=iris) | scalloped_pupil:3.0(same_icd_category;tokens=iris),
H21.309,"Idiopathic cysts of iris, ciliary body or anterior chamber, unspecified eye",1,1,CONFIGURED_ICD_CATEGORY,,,NONSPECIFIC_SUPPORT_REVIEW,iris_abnormality | scalloped_pupil,Scalloped pupil / characteristic pupillary abnormality | iris abnormality,iris_abnormality:3.0(same_icd_category;tokens=iris) | scalloped_pupil:3.0(same_icd_category;tokens=iris),
H21.322,"Implantation cysts of iris, ciliary body or anterior chamber, left eye",17,1,CONFIGURED_ICD_CATEGORY,,,NONSPECIFIC_SUPPORT_REVIEW,iris_abnormality | scalloped_pupil,Scalloped pupil / characteristic pupillary abnormality | iris abnormality,iris_abnormality:3.0(same_icd_category;tokens=iris) | scalloped_pupil:3.0(same_icd_category;tokens=iris),
H21.41,"Pupillary membranes, right eye",3,1,CONFIGURED_ICD_CATEGORY,,,NONSPECIFIC_SUPPORT_REVIEW,iris_abnormality | scalloped_pupil,Scalloped pupil / characteristic pupillary abnormality | iris abnormality,iris_abnormality:3.0(same_icd_category;tokens=pupillary) | scalloped_pupil:3.0(same_icd_category;tokens=pupillary),
H21.503,"Unspecified adhesions of iris, bilateral",2,1,CONFIGURED_ICD_CATEGORY,,,NONSPECIFIC_SUPPORT_REVIEW,iris_abnormality | scalloped_pupil,Scalloped pupil / characteristic pupillary abnormality | iris abnormality,iris_abnormality:3.0(same_icd_category;tokens=iris) | scalloped_pupil:3.0(same_icd_category;tokens=iris),
H40.012,"Open angle with borderline findings, low risk, left eye",3,1,CONFIGURED_ICD_CATEGORY,,,NONSPECIFIC_SUPPORT_REVIEW,dry_eye,dry eye,dry_eye:3.0(same_icd_category;tokens=eye),
H40.021,"Open angle with borderline findings, high risk, right eye",3,1,CONFIGURED_ICD_CATEGORY,,,NONSPECIFIC_SUPPORT_REVIEW,dry_eye | glaucoma,dry eye | glaucoma,dry_eye:3.0(same_icd_category;tokens=eye) | glaucoma:3.0(same_icd_category;tokens=high),
H40.032,"Anatomical narrow angle, left eye",6,1,CONFIGURED_ICD_CATEGORY,,,NONSPECIFIC_SUPPORT_REVIEW,dry_eye,dry eye,dry_eye:3.0(same_icd_category;tokens=eye),
H40.042,"Steroid responder, left eye",1,1,CONFIGURED_ICD_CATEGORY,,,NONSPECIFIC_SUPPORT_REVIEW,dry_eye,dry eye,dry_eye:3.0(same_icd_category;tokens=eye),
H40.10X1,"Unspecified open-angle glaucoma, mild stage",2,1,CONFIGURED_ICD_CATEGORY,,,NONSPECIFIC_SUPPORT_REVIEW,glaucoma,glaucoma,glaucoma:3.0(same_icd_category;tokens=glaucoma),
H40.1110,"Primary open-angle glaucoma, right eye, stage unspecified",2,1,CONFIGURED_ICD_CATEGORY,,,NONSPECIFIC_SUPPORT_REVIEW,dry_eye | glaucoma,dry eye | glaucoma,dry_eye:3.0(same_icd_category;tokens=eye) | glaucoma:3.0(same_icd_category;tokens=glaucoma),
H40.1120,"Primary open-angle glaucoma, left eye, stage unspecified",1,1,CONFIGURED_ICD_CATEGORY,,,NONSPECIFIC_SUPPORT_REVIEW,dry_eye | glaucoma,dry eye | glaucoma,dry_eye:3.0(same_icd_category;tokens=eye) | glaucoma:3.0(same_icd_category;tokens=glaucoma),
H40.1121,"Primary open-angle glaucoma, left eye, mild stage",1,1,CONFIGURED_ICD_CATEGORY,,,NONSPECIFIC_SUPPORT_REVIEW,dry_eye | glaucoma,dry eye | glaucoma,dry_eye:3.0(same_icd_category;tokens=eye) | glaucoma:3.0(same_icd_category;tokens=glaucoma),
H40.1193,"Primary open-angle glaucoma, unspecified eye, severe stage",6,1,CONFIGURED_ICD_CATEGORY,,,NONSPECIFIC_SUPPORT_REVIEW,dry_eye | glaucoma,dry eye | glaucoma,dry_eye:3.0(same_icd_category;tokens=eye) | glaucoma:3.0(same_icd_category;tokens=glaucoma),
H40.1233,"Low-tension glaucoma, bilateral, severe stage",1,1,CONFIGURED_ICD_CATEGORY,,,NONSPECIFIC_SUPPORT_REVIEW,glaucoma,glaucoma,glaucoma:3.0(same_icd_category;tokens=glaucoma),
H40.1234,"Low-tension glaucoma, bilateral, indeterminate stage",3,1,CONFIGURED_ICD_CATEGORY,,,NONSPECIFIC_SUPPORT_REVIEW,glaucoma,glaucoma,glaucoma:3.0(same_icd_category;tokens=glaucoma),
H40.1331,"Pigmentary glaucoma, bilateral, mild stage",2,1,CONFIGURED_ICD_CATEGORY,,,NONSPECIFIC_SUPPORT_REVIEW,glaucoma,glaucoma,glaucoma:3.0(same_icd_category;tokens=glaucoma),
H40.1420,"Capsular glaucoma with pseudoexfoliation of lens, left eye, stage unspecified",2,1,CONFIGURED_ICD_CATEGORY,,,NONSPECIFIC_SUPPORT_REVIEW,dry_eye | glaucoma,dry eye | glaucoma,dry_eye:3.0(same_icd_category;tokens=eye) | glaucoma:3.0(same_icd_category;tokens=glaucoma),
H40.152,"Residual stage of open-angle glaucoma, left eye",1,1,CONFIGURED_ICD_CATEGORY,,,NONSPECIFIC_SUPPORT_REVIEW,dry_eye | glaucoma,dry eye | glaucoma,dry_eye:3.0(same_icd_category;tokens=eye) | glaucoma:3.0(same_icd_category;tokens=glaucoma),
H40.2212,"Chronic angle-closure glaucoma, right eye, moderate stage",2,1,CONFIGURED_ICD_CATEGORY,,,NONSPECIFIC_SUPPORT_REVIEW,dry_eye | glaucoma,dry eye | glaucoma,dry_eye:3.0(same_icd_category;tokens=eye) | glaucoma:3.0(same_icd_category;tokens=glaucoma),
H40.2222,"Chronic angle-closure glaucoma, left eye, moderate stage",8,1,CONFIGURED_ICD_CATEGORY,,,NONSPECIFIC_SUPPORT_REVIEW,dry_eye | glaucoma,dry eye | glaucoma,dry_eye:3.0(same_icd_category;tokens=eye) | glaucoma:3.0(same_icd_category;tokens=glaucoma),
H40.233,"Intermittent angle-closure glaucoma, bilateral",1,1,CONFIGURED_ICD_CATEGORY,,,NONSPECIFIC_SUPPORT_REVIEW,glaucoma,glaucoma,glaucoma:3.0(same_icd_category;tokens=glaucoma),
H40.249,"Residual stage of angle-closure glaucoma, unspecified eye",6,1,CONFIGURED_ICD_CATEGORY,,,NONSPECIFIC_SUPPORT_REVIEW,dry_eye | glaucoma,dry eye | glaucoma,dry_eye:3.0(same_icd_category;tokens=eye) | glaucoma:3.0(same_icd_category;tokens=glaucoma),
H40.31X4,"Glaucoma secondary to eye trauma, right eye, indeterminate stage",2,1,CONFIGURED_ICD_CATEGORY,,,NONSPECIFIC_SUPPORT_REVIEW,dry_eye | glaucoma,dry eye | glaucoma,dry_eye:3.0(same_icd_category;tokens=eye) | glaucoma:3.0(same_icd_category;tokens=glaucoma),
H40.40X4,"Glaucoma secondary to eye inflammation, unspecified eye, indeterminate stage",9,1,CONFIGURED_ICD_CATEGORY,,,NONSPECIFIC_SUPPORT_REVIEW,dry_eye | glaucoma,dry eye | glaucoma,dry_eye:3.0(same_icd_category;tokens=eye) | glaucoma:3.0(same_icd_category;tokens=glaucoma),
H40.41X2,"Glaucoma secondary to eye inflammation, right eye, moderate stage",3,1,CONFIGURED_ICD_CATEGORY,,,NONSPECIFIC_SUPPORT_REVIEW,dry_eye | glaucoma,dry eye | glaucoma,dry_eye:3.0(same_icd_category;tokens=eye) | glaucoma:3.0(same_icd_category;tokens=glaucoma),
H40.41X3,"Glaucoma secondary to eye inflammation, right eye, severe stage",2,1,CONFIGURED_ICD_CATEGORY,,,NONSPECIFIC_SUPPORT_REVIEW,dry_eye | glaucoma,dry eye | glaucoma,dry_eye:3.0(same_icd_category;tokens=eye) | glaucoma:3.0(same_icd_category;tokens=glaucoma),
H40.42X0,"Glaucoma secondary to eye inflammation, left eye, stage unspecified",2,1,CONFIGURED_ICD_CATEGORY,,,NONSPECIFIC_SUPPORT_REVIEW,dry_eye | glaucoma,dry eye | glaucoma,dry_eye:3.0(same_icd_category;tokens=eye) | glaucoma:3.0(same_icd_category;tokens=glaucoma),
H40.52X2,"Glaucoma secondary to other eye disorders, left eye, moderate stage",1,1,CONFIGURED_ICD_CATEGORY,,,NONSPECIFIC_SUPPORT_REVIEW,dry_eye | glaucoma,dry eye | glaucoma,dry_eye:3.0(same_icd_category;tokens=eye) | glaucoma:3.0(same_icd_category;tokens=glaucoma),
H40.53X2,"Glaucoma secondary to other eye disorders, bilateral, moderate stage",6,1,CONFIGURED_ICD_CATEGORY,,,NONSPECIFIC_SUPPORT_REVIEW,dry_eye | glaucoma,dry eye | glaucoma,dry_eye:3.0(same_icd_category;tokens=eye) | glaucoma:3.0(same_icd_category;tokens=glaucoma),
H40.62X3,"Glaucoma secondary to drugs, left eye, severe stage",3,1,CONFIGURED_ICD_CATEGORY,,,NONSPECIFIC_SUPPORT_REVIEW,dry_eye | glaucoma,dry eye | glaucoma,dry_eye:3.0(same_icd_category;tokens=eye) | glaucoma:3.0(same_icd_category;tokens=glaucoma),
H40.811,"Glaucoma with increased episcleral venous pressure, right eye",1,1,CONFIGURED_ICD_CATEGORY,,,NONSPECIFIC_SUPPORT_REVIEW,dry_eye | glaucoma,dry eye | glaucoma,"glaucoma:4.0(same_icd_category;tokens=glaucoma,pressure) | dry_eye:3.0(same_icd_category;tokens=eye)",
H40.843,"Neovascular secondary angle closure glaucoma, bilateral",1,1,CONFIGURED_ICD_CATEGORY,,,NONSPECIFIC_SUPPORT_REVIEW,glaucoma,glaucoma,glaucoma:3.0(same_icd_category;tokens=glaucoma),
H43.311,"Vitreous membranes and strands, right eye",2,1,CONFIGURED_ICD_CATEGORY,,,NONSPECIFIC_SUPPORT_REVIEW,vitreous_opacity,vitreous opacity,vitreous_opacity:3.0(same_icd_category;tokens=vitreou),
H43.312,"Vitreous membranes and strands, left eye",2,1,CONFIGURED_ICD_CATEGORY,,,NONSPECIFIC_SUPPORT_REVIEW,vitreous_opacity,vitreous opacity,vitreous_opacity:3.0(same_icd_category;tokens=vitreou),
H53.431,"Sector or arcuate defects, right eye",1,1,ATOM_PHRASE_MATCH,,,NONSPECIFIC_SUPPORT_REVIEW,cts_right,"Carpal tunnel syndrome, right",cts_right:6.0(phrase;tokens=right),
H91.01,"Ototoxic hearing loss, right ear",1,1,CONFIGURED_ICD_CATEGORY,,,NONSPECIFIC_SUPPORT_REVIEW,age_excessive_snhl,Bilateral sensorineural hearing loss disproportionate to age,"age_excessive_snhl:4.0(same_icd_category;tokens=hearing,loss)",
H91.12,"Presbycusis, left ear",1,1,CONFIGURED_ICD_CATEGORY,,,NONSPECIFIC_SUPPORT_REVIEW,age_excessive_snhl,Bilateral sensorineural hearing loss disproportionate to age,age_excessive_snhl:3.0(same_icd_category;tokens=presbycusi),
I06.8,Other rheumatic aortic valve diseases,15,1,CONFIGURED_ICD_CATEGORY,,,NONSPECIFIC_SUPPORT_REVIEW,as_valve,Severe aortic stenosis,"as_valve:4.0(same_icd_category;tokens=aortic,valve)",
I06.9,"Rheumatic aortic valve disease, unspecified",1,1,CONFIGURED_ICD_CATEGORY,,,NONSPECIFIC_SUPPORT_REVIEW,as_valve,Severe aortic stenosis,"as_valve:4.0(same_icd_category;tokens=aortic,valve)",
K31.0,Acute dilatation of stomach,1,1,CONFIGURED_ICD_CATEGORY,,,NONSPECIFIC_SUPPORT_REVIEW,delayed_gastric_emptying | gastroparesis,Gastroparesis / delayed gastric emptying | delayed gastric emptying,delayed_gastric_emptying:3.0(same_icd_category;tokens=stomach) | gastroparesis:3.0(same_icd_category;tokens=stomach),
K31.4,Gastric diverticulum,26,1,CONFIGURED_ICD_CATEGORY,,,NONSPECIFIC_SUPPORT_REVIEW,delayed_gastric_emptying | gastroparesis,Gastroparesis / delayed gastric emptying | delayed gastric emptying,delayed_gastric_emptying:3.0(same_icd_category;tokens=gastric) | gastroparesis:3.0(same_icd_category;tokens=gastric),
K31.A13,"Gastric intestinal metaplasia without dysplasia, involving the fundus",9,1,CONFIGURED_ICD_CATEGORY,,,NONSPECIFIC_SUPPORT_REVIEW,delayed_gastric_emptying | gastroparesis,Gastroparesis / delayed gastric emptying | delayed gastric emptying,delayed_gastric_emptying:3.0(same_icd_category;tokens=gastric) | gastroparesis:3.0(same_icd_category;tokens=gastric),
L97.101,Non-pressure chronic ulcer of unspecified thigh limited to breakdown of skin,2,1,CONFIGURED_ICD_CATEGORY,,,NONSPECIFIC_SUPPORT_REVIEW,plantar_ulcer | trophic_change,plantar ulcer | trophic change,plantar_ulcer:3.0(same_icd_category;tokens=ulcer) | trophic_change:3.0(same_icd_category;tokens=skin),
L97.102,Non-pressure chronic ulcer of unspecified thigh with fat layer exposed,1,1,CONFIGURED_ICD_CATEGORY,,,NONSPECIFIC_SUPPORT_REVIEW,plantar_ulcer,plantar ulcer,plantar_ulcer:3.0(same_icd_category;tokens=ulcer),
L97.105,Non-pressure chronic ulcer of unspecified thigh with muscle involvement without evidence of necrosis,3,1,CONFIGURED_ICD_CATEGORY,,,NONSPECIFIC_SUPPORT_REVIEW,plantar_ulcer,plantar ulcer,plantar_ulcer:3.0(same_icd_category;tokens=ulcer),
L97.113,Non-pressure chronic ulcer of right thigh with necrosis of muscle,8,1,CONFIGURED_ICD_CATEGORY,,,NONSPECIFIC_SUPPORT_REVIEW,plantar_ulcer,plantar ulcer,plantar_ulcer:3.0(same_icd_category;tokens=ulcer),
L97.128,Non-pressure chronic ulcer of left thigh with other specified severity,1,1,CONFIGURED_ICD_CATEGORY,,,NONSPECIFIC_SUPPORT_REVIEW,plantar_ulcer,plantar ulcer,plantar_ulcer:3.0(same_icd_category;tokens=ulcer),
L97.201,Non-pressure chronic ulcer of unspecified calf limited to breakdown of skin,11,1,CONFIGURED_ICD_CATEGORY,,,NONSPECIFIC_SUPPORT_REVIEW,plantar_ulcer | trophic_change,plantar ulcer | trophic change,plantar_ulcer:3.0(same_icd_category;tokens=ulcer) | trophic_change:3.0(same_icd_category;tokens=skin),
L97.202,Non-pressure chronic ulcer of unspecified calf with fat layer exposed,163,1,CONFIGURED_ICD_CATEGORY,,,NONSPECIFIC_SUPPORT_REVIEW,plantar_ulcer,plantar ulcer,plantar_ulcer:3.0(same_icd_category;tokens=ulcer),
L97.213,Non-pressure chronic ulcer of right calf with necrosis of muscle,9,1,CONFIGURED_ICD_CATEGORY,,,NONSPECIFIC_SUPPORT_REVIEW,plantar_ulcer,plantar ulcer,plantar_ulcer:3.0(same_icd_category;tokens=ulcer),
L97.218,Non-pressure chronic ulcer of right calf with other specified severity,184,1,CONFIGURED_ICD_CATEGORY,,,NONSPECIFIC_SUPPORT_REVIEW,plantar_ulcer,plantar ulcer,plantar_ulcer:3.0(same_icd_category;tokens=ulcer),
L97.223,Non-pressure chronic ulcer of left calf with necrosis of muscle,50,1,CONFIGURED_ICD_CATEGORY,,,NONSPECIFIC_SUPPORT_REVIEW,plantar_ulcer,plantar ulcer,plantar_ulcer:3.0(same_icd_category;tokens=ulcer),
L97.228,Non-pressure chronic ulcer of left calf with other specified severity,5,1,CONFIGURED_ICD_CATEGORY,,,NONSPECIFIC_SUPPORT_REVIEW,plantar_ulcer,plantar ulcer,plantar_ulcer:3.0(same_icd_category;tokens=ulcer),
L97.315,Non-pressure chronic ulcer of right ankle with muscle involvement without evidence of necrosis,13,1,CONFIGURED_ICD_CATEGORY,,,NONSPECIFIC_SUPPORT_REVIEW,plantar_ulcer,plantar ulcer,plantar_ulcer:3.0(same_icd_category;tokens=ulcer),
L97.323,Non-pressure chronic ulcer of left ankle with necrosis of muscle,96,1,CONFIGURED_ICD_CATEGORY,,,NONSPECIFIC_SUPPORT_REVIEW,plantar_ulcer,plantar ulcer,plantar_ulcer:3.0(same_icd_category;tokens=ulcer),
L97.402,Non-pressure chronic ulcer of unspecified heel and midfoot with fat layer exposed,1,1,CONFIGURED_ICD_CATEGORY,,,NONSPECIFIC_SUPPORT_REVIEW,plantar_ulcer,plantar ulcer,plantar_ulcer:3.0(same_icd_category;tokens=ulcer),
L97.802,Non-pressure chronic ulcer of other part of unspecified lower leg with fat layer exposed,7,1,CONFIGURED_ICD_CATEGORY,,,NONSPECIFIC_SUPPORT_REVIEW,plantar_ulcer | trophic_change,plantar ulcer | trophic change,plantar_ulcer:3.0(same_icd_category;tokens=ulcer) | trophic_change:3.0(same_icd_category;tokens=lower),
L97.808,Non-pressure chronic ulcer of other part of unspecified lower leg with other specified severity,1,1,CONFIGURED_ICD_CATEGORY,,,NONSPECIFIC_SUPPORT_REVIEW,plantar_ulcer | trophic_change,plantar ulcer | trophic change,plantar_ulcer:3.0(same_icd_category;tokens=ulcer) | trophic_change:3.0(same_icd_category;tokens=lower),
L97.809,Non-pressure chronic ulcer of other part of unspecified lower leg with unspecified severity,1,1,CONFIGURED_ICD_CATEGORY,,,NONSPECIFIC_SUPPORT_REVIEW,plantar_ulcer | trophic_change,plantar ulcer | trophic change,plantar_ulcer:3.0(same_icd_category;tokens=ulcer) | trophic_change:3.0(same_icd_category;tokens=lower),
L97.813,Non-pressure chronic ulcer of other part of right lower leg with necrosis of muscle,41,1,CONFIGURED_ICD_CATEGORY,,,NONSPECIFIC_SUPPORT_REVIEW,plantar_ulcer | trophic_change,plantar ulcer | trophic change,plantar_ulcer:3.0(same_icd_category;tokens=ulcer) | trophic_change:3.0(same_icd_category;tokens=lower),
L97.826,Non-pressure chronic ulcer of other part of left lower leg with bone involvement without evidence of necrosis,4,1,CONFIGURED_ICD_CATEGORY,,,NONSPECIFIC_SUPPORT_REVIEW,plantar_ulcer | trophic_change,plantar ulcer | trophic change,plantar_ulcer:3.0(same_icd_category;tokens=ulcer) | trophic_change:3.0(same_icd_category;tokens=lower),
L97.904,Non-pressure chronic ulcer of unspecified part of unspecified lower leg with necrosis of bone,7,1,CONFIGURED_ICD_CATEGORY,,,NONSPECIFIC_SUPPORT_REVIEW,plantar_ulcer | trophic_change,plantar ulcer | trophic change,plantar_ulcer:3.0(same_icd_category;tokens=ulcer) | trophic_change:3.0(same_icd_category;tokens=lower),
M10.322,"Gout due to renal impairment, left elbow",1,1,ATOM_PHRASE_MATCH,,,NONSPECIFIC_SUPPORT_REVIEW,renal_dysfunction,Renal dysfunction / chronic kidney disease,"renal_dysfunction:7.0(phrase;tokens=impair,renal)",
M10.332,"Gout due to renal impairment, left wrist",1,1,ATOM_PHRASE_MATCH,,,NONSPECIFIC_SUPPORT_REVIEW,renal_dysfunction,Renal dysfunction / chronic kidney disease,"renal_dysfunction:7.0(phrase;tokens=impair,renal)",
M14.662,"Charcot's joint, left knee",36,1,CONFIGURED_ICD_CATEGORY,,,NONSPECIFIC_SUPPORT_REVIEW,charcot_arthropathy,charcot arthropathy,"charcot_arthropathy:4.0(same_icd_category;tokens=charcot,joint)",
M14.68,"Charcot's joint, vertebrae",4,1,CONFIGURED_ICD_CATEGORY,,,NONSPECIFIC_SUPPORT_REVIEW,charcot_arthropathy,charcot arthropathy,"charcot_arthropathy:4.0(same_icd_category;tokens=charcot,joint)",
M14.69,"Charcot's joint, multiple sites",1,1,CONFIGURED_ICD_CATEGORY,,,NONSPECIFIC_SUPPORT_REVIEW,charcot_arthropathy,charcot arthropathy,"charcot_arthropathy:4.0(same_icd_category;tokens=charcot,joint)",
M1A.3221,"Chronic gout due to renal impairment, left elbow, with tophus (tophi)",6,1,ATOM_PHRASE_MATCH,,,NONSPECIFIC_SUPPORT_REVIEW,renal_dysfunction,Renal dysfunction / chronic kidney disease,"renal_dysfunction:8.0(phrase;tokens=chronic,impair,renal)",
M1A.3310,"Chronic gout due to renal impairment, right wrist, without tophus (tophi)",10,1,ATOM_PHRASE_MATCH,,,NONSPECIFIC_SUPPORT_REVIEW,renal_dysfunction,Renal dysfunction / chronic kidney disease,"renal_dysfunction:8.0(phrase;tokens=chronic,impair,renal)",
M1A.3410,"Chronic gout due to renal impairment, right hand, without tophus (tophi)",2,1,ATOM_PHRASE_MATCH,,,NONSPECIFIC_SUPPORT_REVIEW,renal_dysfunction,Renal dysfunction / chronic kidney disease,"renal_dysfunction:8.0(phrase;tokens=chronic,impair,renal)",
M1A.3411,"Chronic gout due to renal impairment, right hand, with tophus (tophi)",1,1,ATOM_PHRASE_MATCH,,,NONSPECIFIC_SUPPORT_REVIEW,renal_dysfunction,Renal dysfunction / chronic kidney disease,"renal_dysfunction:8.0(phrase;tokens=chronic,impair,renal)",
M1A.3490,"Chronic gout due to renal impairment, unspecified hand, without tophus (tophi)",6,1,ATOM_PHRASE_MATCH,,,NONSPECIFIC_SUPPORT_REVIEW,renal_dysfunction,Renal dysfunction / chronic kidney disease,"renal_dysfunction:8.0(phrase;tokens=chronic,impair,renal)",
M1A.3491,"Chronic gout due to renal impairment, unspecified hand, with tophus (tophi)",9,1,ATOM_PHRASE_MATCH,,,NONSPECIFIC_SUPPORT_REVIEW,renal_dysfunction,Renal dysfunction / chronic kidney disease,"renal_dysfunction:8.0(phrase;tokens=chronic,impair,renal)",
M35.03,Sjogren syndrome with myopathy,8,1,CONFIGURED_ICD_CATEGORY,,,NONSPECIFIC_SUPPORT_REVIEW,autoimmune_disease,autoimmune disease,autoimmune_disease:3.0(same_icd_category;tokens=sjogren),
M35.0B,Sjogren syndrome with vasculitis,7,1,CONFIGURED_ICD_CATEGORY,,,NONSPECIFIC_SUPPORT_REVIEW,autoimmune_disease,autoimmune disease,"autoimmune_disease:4.0(same_icd_category;tokens=sjogren,vasculiti)",
M48.16,"Ankylosing hyperostosis [Forestier], lumbar region",1,1,CONFIGURED_ICD_CATEGORY,,,NONSPECIFIC_SUPPORT_REVIEW,lumbar_stenosis,Lumbar spinal stenosis,lumbar_stenosis:3.0(same_icd_category;tokens=lumbar),
M48.26,"Kissing spine, lumbar region",1,1,CONFIGURED_ICD_CATEGORY,,,NONSPECIFIC_SUPPORT_REVIEW,lumbar_stenosis,Lumbar spinal stenosis,lumbar_stenosis:3.0(same_icd_category;tokens=lumbar),
M48.46XS,"Fatigue fracture of vertebra, lumbar region, sequela of fracture",14,1,CONFIGURED_ICD_CATEGORY,,,NONSPECIFIC_SUPPORT_REVIEW,lumbar_stenosis,Lumbar spinal stenosis,lumbar_stenosis:3.0(same_icd_category;tokens=lumbar),
M65.011,"Abscess of tendon sheath, right shoulder",49,1,CONFIGURED_ICD_CATEGORY,,,NONSPECIFIC_SUPPORT_REVIEW,biceps_rupture | rotator_cuff | trigger_finger,"Rotator cuff tear / repair | Spontaneous distal biceps tendon rupture (""Popeye sign"") | Trigger finger / stenosing tenosynovitis","trigger_finger:4.0(same_icd_category;tokens=sheath,tendon) | biceps_rupture:3.0(same_icd_category;tokens=tendon) | rotator_cuff:3.0(same_icd_category;tokens=shoulder)",
M65.022,"Abscess of tendon sheath, left upper arm",24,1,CONFIGURED_ICD_CATEGORY,,,NONSPECIFIC_SUPPORT_REVIEW,biceps_rupture | trigger_finger,"Spontaneous distal biceps tendon rupture (""Popeye sign"") | Trigger finger / stenosing tenosynovitis","trigger_finger:4.0(same_icd_category;tokens=sheath,tendon) | biceps_rupture:3.0(same_icd_category;tokens=tendon)",
M65.031,"Abscess of tendon sheath, right forearm",10,1,CONFIGURED_ICD_CATEGORY,,,NONSPECIFIC_SUPPORT_REVIEW,biceps_rupture | trigger_finger,"Spontaneous distal biceps tendon rupture (""Popeye sign"") | Trigger finger / stenosing tenosynovitis","trigger_finger:4.0(same_icd_category;tokens=sheath,tendon) | biceps_rupture:3.0(same_icd_category;tokens=tendon)",
M65.032,"Abscess of tendon sheath, left forearm",1,1,CONFIGURED_ICD_CATEGORY,,,NONSPECIFIC_SUPPORT_REVIEW,biceps_rupture | trigger_finger,"Spontaneous distal biceps tendon rupture (""Popeye sign"") | Trigger finger / stenosing tenosynovitis","trigger_finger:4.0(same_icd_category;tokens=sheath,tendon) | biceps_rupture:3.0(same_icd_category;tokens=tendon)",
M65.052,"Abscess of tendon sheath, left thigh",1,1,CONFIGURED_ICD_CATEGORY,,,NONSPECIFIC_SUPPORT_REVIEW,biceps_rupture | trigger_finger,"Spontaneous distal biceps tendon rupture (""Popeye sign"") | Trigger finger / stenosing tenosynovitis","trigger_finger:4.0(same_icd_category;tokens=sheath,tendon) | biceps_rupture:3.0(same_icd_category;tokens=tendon)",
M65.061,"Abscess of tendon sheath, right lower leg",23,1,CONFIGURED_ICD_CATEGORY,,,NONSPECIFIC_SUPPORT_REVIEW,biceps_rupture | trigger_finger,"Spontaneous distal biceps tendon rupture (""Popeye sign"") | Trigger finger / stenosing tenosynovitis","trigger_finger:4.0(same_icd_category;tokens=sheath,tendon) | biceps_rupture:3.0(same_icd_category;tokens=tendon)",
M65.062,"Abscess of tendon sheath, left lower leg",324,1,CONFIGURED_ICD_CATEGORY,,,NONSPECIFIC_SUPPORT_REVIEW,biceps_rupture | trigger_finger,"Spontaneous distal biceps tendon rupture (""Popeye sign"") | Trigger finger / stenosing tenosynovitis","trigger_finger:4.0(same_icd_category;tokens=sheath,tendon) | biceps_rupture:3.0(same_icd_category;tokens=tendon)",
M65.812,"Other synovitis and tenosynovitis, left shoulder",1,1,CONFIGURED_ICD_CATEGORY,,,NONSPECIFIC_SUPPORT_REVIEW,rotator_cuff | trigger_finger,Rotator cuff tear / repair | Trigger finger / stenosing tenosynovitis,rotator_cuff:3.0(same_icd_category;tokens=shoulder) | trigger_finger:3.0(same_icd_category;tokens=tenosynoviti),
M65.862,"Other synovitis and tenosynovitis, left lower leg",7,1,CONFIGURED_ICD_CATEGORY,,,NONSPECIFIC_SUPPORT_REVIEW,trigger_finger,Trigger finger / stenosing tenosynovitis,trigger_finger:3.0(same_icd_category;tokens=tenosynoviti),
M65.869,"Other synovitis and tenosynovitis, unspecified lower leg",1,1,CONFIGURED_ICD_CATEGORY,,,NONSPECIFIC_SUPPORT_REVIEW,trigger_finger,Trigger finger / stenosing tenosynovitis,trigger_finger:3.0(same_icd_category;tokens=tenosynoviti),
M65.879,"Other synovitis and tenosynovitis, unspecified ankle and foot",2,1,CONFIGURED_ICD_CATEGORY,,,NONSPECIFIC_SUPPORT_REVIEW,trigger_finger,Trigger finger / stenosing tenosynovitis,trigger_finger:3.0(same_icd_category;tokens=tenosynoviti),
M65.911,"Unspecified synovitis and tenosynovitis, right shoulder",1,1,CONFIGURED_ICD_CATEGORY,,,NONSPECIFIC_SUPPORT_REVIEW,rotator_cuff | trigger_finger,Rotator cuff tear / repair | Trigger finger / stenosing tenosynovitis,rotator_cuff:3.0(same_icd_category;tokens=shoulder) | trigger_finger:3.0(same_icd_category;tokens=tenosynoviti),
M65.98,"Unspecified synovitis and tenosynovitis, other site",1,1,CONFIGURED_ICD_CATEGORY,,,NONSPECIFIC_SUPPORT_REVIEW,trigger_finger,Trigger finger / stenosing tenosynovitis,trigger_finger:3.0(same_icd_category;tokens=tenosynoviti),
M66.18,"Rupture of synovium, other site",11,1,CONFIGURED_ICD_CATEGORY,,,NONSPECIFIC_SUPPORT_REVIEW,biceps_rupture | rotator_cuff | spontaneous_atraumatic_rupture,"Rotator cuff tear / repair | Spontaneous / trivial-trauma rupture mechanism | Spontaneous distal biceps tendon rupture (""Popeye sign"")",biceps_rupture:3.0(same_icd_category;tokens=rupture) | rotator_cuff:3.0(same_icd_category;tokens=rupture) | spontaneous_atraumatic_rupture:3.0(same_icd_category;tokens=rupture),
M66.242,"Spontaneous rupture of extensor tendons, left hand",29,1,CONFIGURED_ICD_CATEGORY,,,NONSPECIFIC_SUPPORT_REVIEW,biceps_rupture | rotator_cuff | spontaneous_atraumatic_rupture | trigger_finger,"Rotator cuff tear / repair | Spontaneous / trivial-trauma rupture mechanism | Spontaneous distal biceps tendon rupture (""Popeye sign"") | Trigger finger / stenosing tenosynovitis","biceps_rupture:5.0(same_icd_category;tokens=rupture,spontaneou,tendon) | spontaneous_atraumatic_rupture:5.0(same_icd_category;tokens=rupture,spontaneou,tendon) | rotator_cuff:3.0(same_icd_category;tokens=rupture) | trigger_finger:3.0(same_icd_category;tokens=tendon)",
M66.271,"Spontaneous rupture of extensor tendons, right ankle and foot",2,1,CONFIGURED_ICD_CATEGORY,,,NONSPECIFIC_SUPPORT_REVIEW,biceps_rupture | rotator_cuff | spontaneous_atraumatic_rupture | trigger_finger,"Rotator cuff tear / repair | Spontaneous / trivial-trauma rupture mechanism | Spontaneous distal biceps tendon rupture (""Popeye sign"") | Trigger finger / stenosing tenosynovitis","biceps_rupture:5.0(same_icd_category;tokens=rupture,spontaneou,tendon) | spontaneous_atraumatic_rupture:5.0(same_icd_category;tokens=rupture,spontaneou,tendon) | rotator_cuff:3.0(same_icd_category;tokens=rupture) | trigger_finger:3.0(same_icd_category;tokens=tendon)",
M66.311,"Spontaneous rupture of flexor tendons, right shoulder",6,1,CONFIGURED_ICD_CATEGORY,,,NONSPECIFIC_SUPPORT_REVIEW,biceps_rupture | rotator_cuff | spontaneous_atraumatic_rupture | trigger_finger,"Rotator cuff tear / repair | Spontaneous / trivial-trauma rupture mechanism | Spontaneous distal biceps tendon rupture (""Popeye sign"") | Trigger finger / stenosing tenosynovitis","biceps_rupture:5.0(same_icd_category;tokens=rupture,spontaneou,tendon) | spontaneous_atraumatic_rupture:5.0(same_icd_category;tokens=rupture,spontaneou,tendon) | rotator_cuff:4.0(same_icd_category;tokens=rupture,shoulder) | trigger_finger:4.0(same_icd_category;tokens=flexor,tendon)",
M66.362,"Spontaneous rupture of flexor tendons, left lower leg",1,1,CONFIGURED_ICD_CATEGORY,,,NONSPECIFIC_SUPPORT_REVIEW,biceps_rupture | rotator_cuff | spontaneous_atraumatic_rupture | trigger_finger,"Rotator cuff tear / repair | Spontaneous / trivial-trauma rupture mechanism | Spontaneous distal biceps tendon rupture (""Popeye sign"") | Trigger finger / stenosing tenosynovitis","biceps_rupture:5.0(same_icd_category;tokens=rupture,spontaneou,tendon) | spontaneous_atraumatic_rupture:5.0(same_icd_category;tokens=rupture,spontaneou,tendon) | trigger_finger:4.0(same_icd_category;tokens=flexor,tendon) | rotator_cuff:3.0(same_icd_category;tokens=rupture)",
M66.871,"Spontaneous rupture of other tendons, right ankle and foot",13,1,CONFIGURED_ICD_CATEGORY,,,NONSPECIFIC_SUPPORT_REVIEW,biceps_rupture | rotator_cuff | spontaneous_atraumatic_rupture | trigger_finger,"Rotator cuff tear / repair | Spontaneous / trivial-trauma rupture mechanism | Spontaneous distal biceps tendon rupture (""Popeye sign"") | Trigger finger / stenosing tenosynovitis","biceps_rupture:5.0(same_icd_category;tokens=rupture,spontaneou,tendon) | spontaneous_atraumatic_rupture:5.0(same_icd_category;tokens=rupture,spontaneou,tendon) | rotator_cuff:3.0(same_icd_category;tokens=rupture) | trigger_finger:3.0(same_icd_category;tokens=tendon)",
N31.0,"Uninhibited neuropathic bladder, not elsewhere classified",4,1,CONFIGURED_ICD_CATEGORY,,,NONSPECIFIC_SUPPORT_REVIEW,neurogenic_bladder | urinary_incontinence | urinary_retention,neurogenic bladder | urinary incontinence | urinary retention,neurogenic_bladder:3.0(same_icd_category;tokens=bladder) | urinary_incontinence:3.0(same_icd_category;tokens=bladder) | urinary_retention:3.0(same_icd_category;tokens=bladder),
N52.34,Erectile dysfunction following simple prostatectomy,1,1,CONFIGURED_ICD_CATEGORY | ATOM_PHRASE_MATCH,,,NONSPECIFIC_SUPPORT_REVIEW,erectile_dysfunction,erectile dysfunction,"erectile_dysfunction:9.0(phrase;same_icd_category;tokens=dysfunction,erectile)",
N52.37,Erectile dysfunction following prostate ablative therapy,2,1,CONFIGURED_ICD_CATEGORY | ATOM_PHRASE_MATCH,,,NONSPECIFIC_SUPPORT_REVIEW,erectile_dysfunction,erectile dysfunction,"erectile_dysfunction:9.0(phrase;same_icd_category;tokens=dysfunction,erectile)",
O24.12,"Pre-existing type 2 diabetes mellitus, in childbirth",1,1,ATOM_PHRASE_MATCH,,,NONSPECIFIC_SUPPORT_REVIEW,diabetes,diabetes,"diabetes:8.0(phrase;tokens=diabete,mellitu,type)",
O24.435,"Gestational diabetes mellitus in puerperium, controlled by oral hypoglycemic drugs",5,1,ATOM_PHRASE_MATCH,,,NONSPECIFIC_SUPPORT_REVIEW,diabetes,diabetes,"diabetes:7.0(phrase;tokens=diabete,mellitu)",
O24.92,Unspecified diabetes mellitus in childbirth,4,1,ATOM_PHRASE_MATCH,,,NONSPECIFIC_SUPPORT_REVIEW,diabetes,diabetes,"diabetes:7.0(phrase;tokens=diabete,mellitu)",
O24.93,Unspecified diabetes mellitus in the puerperium,4,1,ATOM_PHRASE_MATCH,,,NONSPECIFIC_SUPPORT_REVIEW,diabetes,diabetes,"diabetes:7.0(phrase;tokens=diabete,mellitu)",
R10.829,"Rebound abdominal tenderness, unspecified site",10,1,CONFIGURED_ICD_CATEGORY,,,NONSPECIFIC_SUPPORT_REVIEW,abdominal_pain,Unexplained abdominal pain,abdominal_pain:3.0(same_icd_category;tokens=abdominal),
R19.12,Hyperactive bowel sounds,1,1,CONFIGURED_ICD_CATEGORY,,,NONSPECIFIC_SUPPORT_REVIEW,constipation,constipation,constipation:3.0(same_icd_category;tokens=bowel),
R94.130,"Abnormal response to nerve stimulation, unspecified",1,1,CONFIGURED_ICD_CATEGORY,,,NONSPECIFIC_SUPPORT_REVIEW,axonal_pattern_on_emg,Axonal pattern on nerve conduction study / EMG,"axonal_pattern_on_emg:3.0(tokens=abnormal,nerve,response)",
S06.310D,"Contusion and laceration of right cerebrum without loss of consciousness, subsequent encounter",1,1,ATOM_PHRASE_MATCH,,,NONSPECIFIC_SUPPORT_REVIEW,syncope,Syncope / presyncope,"syncope:7.0(phrase;tokens=consciousness,loss)",
S06.314A,"Contusion and laceration of right cerebrum with loss of consciousness of 6 hours to 24 hours, initial encounter",9,1,ATOM_PHRASE_MATCH,,,NONSPECIFIC_SUPPORT_REVIEW,syncope,Syncope / presyncope,"syncope:7.0(phrase;tokens=consciousness,loss)",
S06.319D,"Contusion and laceration of right cerebrum with loss of consciousness of unspecified duration, subsequent encounter",4,1,ATOM_PHRASE_MATCH,,,NONSPECIFIC_SUPPORT_REVIEW,syncope,Syncope / presyncope,"syncope:7.0(phrase;tokens=consciousness,loss)",
S06.31AD,"Contusion and laceration of right cerebrum with loss of consciousness status unknown, subsequent encounter",2,1,ATOM_PHRASE_MATCH,,,NONSPECIFIC_SUPPORT_REVIEW,syncope,Syncope / presyncope,"syncope:7.0(phrase;tokens=consciousness,loss)",
S06.329S,"Contusion and laceration of left cerebrum with loss of consciousness of unspecified duration, sequela",1,1,ATOM_PHRASE_MATCH,,,NONSPECIFIC_SUPPORT_REVIEW,syncope,Syncope / presyncope,"syncope:7.0(phrase;tokens=consciousness,loss)",
S06.32AD,"Contusion and laceration of left cerebrum with loss of consciousness status unknown, subsequent encounter",2,1,ATOM_PHRASE_MATCH,,,NONSPECIFIC_SUPPORT_REVIEW,syncope,Syncope / presyncope,"syncope:7.0(phrase;tokens=consciousness,loss)",
S06.330S,"Contusion and laceration of cerebrum, unspecified, without loss of consciousness, sequela",8,1,ATOM_PHRASE_MATCH,,,NONSPECIFIC_SUPPORT_REVIEW,syncope,Syncope / presyncope,"syncope:7.0(phrase;tokens=consciousness,loss)",
S06.333A,"Contusion and laceration of cerebrum, unspecified, with loss of consciousness of 1 hour to 5 hours 59 minutes, initial encounter",1,1,ATOM_PHRASE_MATCH,,,NONSPECIFIC_SUPPORT_REVIEW,syncope,Syncope / presyncope,"syncope:7.0(phrase;tokens=consciousness,loss)",
S06.334A,"Contusion and laceration of cerebrum, unspecified, with loss of consciousness of 6 hours to 24 hours, initial encounter",9,1,ATOM_PHRASE_MATCH,,,NONSPECIFIC_SUPPORT_REVIEW,syncope,Syncope / presyncope,"syncope:7.0(phrase;tokens=consciousness,loss)",
S06.335A,"Contusion and laceration of cerebrum, unspecified, with loss of consciousness greater than 24 hours with return to pre-existing conscious level, initial encounter",1,1,ATOM_PHRASE_MATCH,,,NONSPECIFIC_SUPPORT_REVIEW,age_excessive_snhl | syncope,Bilateral sensorineural hearing loss disproportionate to age | Syncope / presyncope,"syncope:7.0(phrase;tokens=consciousness,loss) | age_excessive_snhl:3.0(tokens=greater,loss,than)",
S06.335S,"Contusion and laceration of cerebrum, unspecified, with loss of consciousness greater than 24 hours with return to pre-existing conscious level, sequela",23,1,ATOM_PHRASE_MATCH,,,NONSPECIFIC_SUPPORT_REVIEW,age_excessive_snhl | syncope,Bilateral sensorineural hearing loss disproportionate to age | Syncope / presyncope,"syncope:7.0(phrase;tokens=consciousness,loss) | age_excessive_snhl:3.0(tokens=greater,loss,than)",
S06.339S,"Contusion and laceration of cerebrum, unspecified, with loss of consciousness of unspecified duration, sequela",1,1,ATOM_PHRASE_MATCH,,,NONSPECIFIC_SUPPORT_REVIEW,syncope,Syncope / presyncope,"syncope:7.0(phrase;tokens=consciousness,loss)",
S06.33AD,"Contusion and laceration of cerebrum, unspecified, with loss of consciousness status unknown, subsequent encounter",1,1,ATOM_PHRASE_MATCH,,,NONSPECIFIC_SUPPORT_REVIEW,syncope,Syncope / presyncope,"syncope:7.0(phrase;tokens=consciousness,loss)",
S06.370A,"Contusion, laceration, and hemorrhage of cerebellum without loss of consciousness, initial encounter",1,1,ATOM_PHRASE_MATCH,,,NONSPECIFIC_SUPPORT_REVIEW,syncope,Syncope / presyncope,"syncope:7.0(phrase;tokens=consciousness,loss)",
S06.37AD,"Contusion, laceration, and hemorrhage of cerebellum with loss of consciousness status unknown, subsequent encounter",3,1,ATOM_PHRASE_MATCH,,,NONSPECIFIC_SUPPORT_REVIEW,syncope,Syncope / presyncope,"syncope:7.0(phrase;tokens=consciousness,loss)",
S06.380D,"Contusion, laceration, and hemorrhage of brainstem without loss of consciousness, subsequent encounter",3,1,ATOM_PHRASE_MATCH,,,NONSPECIFIC_SUPPORT_REVIEW,syncope,Syncope / presyncope,"syncope:7.0(phrase;tokens=consciousness,loss)",
S06.4X2A,"Epidural hemorrhage with loss of consciousness of 31 minutes to 59 minutes, initial encounter",31,1,ATOM_PHRASE_MATCH,,,NONSPECIFIC_SUPPORT_REVIEW,syncope,Syncope / presyncope,"syncope:7.0(phrase;tokens=consciousness,loss)",
S06.4X9S,"Epidural hemorrhage with loss of consciousness of unspecified duration, sequela",1,1,ATOM_PHRASE_MATCH,,,NONSPECIFIC_SUPPORT_REVIEW,syncope,Syncope / presyncope,"syncope:7.0(phrase;tokens=consciousness,loss)",
S06.895A,"Other specified intracranial injury with loss of consciousness greater than 24 hours with return to pre-existing conscious level, initial encounter",5,1,ATOM_PHRASE_MATCH,,,NONSPECIFIC_SUPPORT_REVIEW,age_excessive_snhl | syncope,Bilateral sensorineural hearing loss disproportionate to age | Syncope / presyncope,"syncope:7.0(phrase;tokens=consciousness,loss) | age_excessive_snhl:3.0(tokens=greater,loss,than)",
S06.895D,"Other specified intracranial injury with loss of consciousness greater than 24 hours with return to pre-existing conscious level, subsequent encounter",2,1,ATOM_PHRASE_MATCH,,,NONSPECIFIC_SUPPORT_REVIEW,age_excessive_snhl | syncope,Bilateral sensorineural hearing loss disproportionate to age | Syncope / presyncope,"syncope:7.0(phrase;tokens=consciousness,loss) | age_excessive_snhl:3.0(tokens=greater,loss,than)",
S06.895S,"Other specified intracranial injury with loss of consciousness greater than 24 hours with return to pre-existing conscious level, sequela",1,1,ATOM_PHRASE_MATCH,,,NONSPECIFIC_SUPPORT_REVIEW,age_excessive_snhl | syncope,Bilateral sensorineural hearing loss disproportionate to age | Syncope / presyncope,"syncope:7.0(phrase;tokens=consciousness,loss) | age_excessive_snhl:3.0(tokens=greater,loss,than)",
S06.89AA,"Other specified intracranial injury with loss of consciousness status unknown, initial encounter",1,1,ATOM_PHRASE_MATCH,,,NONSPECIFIC_SUPPORT_REVIEW,syncope,Syncope / presyncope,"syncope:7.0(phrase;tokens=consciousness,loss)",
S06.89AD,"Other specified intracranial injury with loss of consciousness status unknown, subsequent encounter",1,1,ATOM_PHRASE_MATCH,,,NONSPECIFIC_SUPPORT_REVIEW,syncope,Syncope / presyncope,"syncope:7.0(phrase;tokens=consciousness,loss)",
S06.9X2S,"Unspecified intracranial injury with loss of consciousness of 31 minutes to 59 minutes, sequela",91,1,ATOM_PHRASE_MATCH,,,NONSPECIFIC_SUPPORT_REVIEW,syncope,Syncope / presyncope,"syncope:7.0(phrase;tokens=consciousness,loss)",
S06.9X4D,"Unspecified intracranial injury with loss of consciousness of 6 hours to 24 hours, subsequent encounter",4,1,ATOM_PHRASE_MATCH,,,NONSPECIFIC_SUPPORT_REVIEW,syncope,Syncope / presyncope,"syncope:7.0(phrase;tokens=consciousness,loss)",
S46.101S,"Unspecified injury of muscle, fascia and tendon of long head of biceps, right arm, sequela",8,1,CONFIGURED_ICD_CATEGORY,,,NONSPECIFIC_SUPPORT_REVIEW,biceps_rupture,"Spontaneous distal biceps tendon rupture (""Popeye sign"")","biceps_rupture:4.0(same_icd_category;tokens=bicep,tendon)",
S46.102A,"Unspecified injury of muscle, fascia and tendon of long head of biceps, left arm, initial encounter",1,1,CONFIGURED_ICD_CATEGORY,,,NONSPECIFIC_SUPPORT_REVIEW,biceps_rupture,"Spontaneous distal biceps tendon rupture (""Popeye sign"")","biceps_rupture:4.0(same_icd_category;tokens=bicep,tendon)",
S46.112S,"Strain of muscle, fascia and tendon of long head of biceps, left arm, sequela",1,1,CONFIGURED_ICD_CATEGORY,,,NONSPECIFIC_SUPPORT_REVIEW,biceps_rupture,"Spontaneous distal biceps tendon rupture (""Popeye sign"")","biceps_rupture:4.0(same_icd_category;tokens=bicep,tendon)",
S46.119A,"Strain of muscle, fascia and tendon of long head of biceps, unspecified arm, initial encounter",1,1,CONFIGURED_ICD_CATEGORY,,,NONSPECIFIC_SUPPORT_REVIEW,biceps_rupture,"Spontaneous distal biceps tendon rupture (""Popeye sign"")","biceps_rupture:4.0(same_icd_category;tokens=bicep,tendon)",
S46.191D,"Other injury of muscle, fascia and tendon of long head of biceps, right arm, subsequent encounter",10,1,CONFIGURED_ICD_CATEGORY,,,NONSPECIFIC_SUPPORT_REVIEW,biceps_rupture,"Spontaneous distal biceps tendon rupture (""Popeye sign"")","biceps_rupture:4.0(same_icd_category;tokens=bicep,tendon)",
S46.191S,"Other injury of muscle, fascia and tendon of long head of biceps, right arm, sequela",3,1,CONFIGURED_ICD_CATEGORY,,,NONSPECIFIC_SUPPORT_REVIEW,biceps_rupture,"Spontaneous distal biceps tendon rupture (""Popeye sign"")","biceps_rupture:4.0(same_icd_category;tokens=bicep,tendon)",
S46.202A,"Unspecified injury of muscle, fascia and tendon of other parts of biceps, left arm, initial encounter",2,1,CONFIGURED_ICD_CATEGORY,,,NONSPECIFIC_SUPPORT_REVIEW,biceps_rupture,"Spontaneous distal biceps tendon rupture (""Popeye sign"")","biceps_rupture:4.0(same_icd_category;tokens=bicep,tendon)",
S46.202D,"Unspecified injury of muscle, fascia and tendon of other parts of biceps, left arm, subsequent encounter",3,1,CONFIGURED_ICD_CATEGORY,,,NONSPECIFIC_SUPPORT_REVIEW,biceps_rupture,"Spontaneous distal biceps tendon rupture (""Popeye sign"")","biceps_rupture:4.0(same_icd_category;tokens=bicep,tendon)",
S46.219S,"Strain of muscle, fascia and tendon of other parts of biceps, unspecified arm, sequela",14,1,CONFIGURED_ICD_CATEGORY,,,NONSPECIFIC_SUPPORT_REVIEW,biceps_rupture,"Spontaneous distal biceps tendon rupture (""Popeye sign"")","biceps_rupture:4.0(same_icd_category;tokens=bicep,tendon)",
S46.229A,"Laceration of muscle, fascia and tendon of other parts of biceps, unspecified arm, initial encounter",2,1,CONFIGURED_ICD_CATEGORY,,,NONSPECIFIC_SUPPORT_REVIEW,biceps_rupture,"Spontaneous distal biceps tendon rupture (""Popeye sign"")","biceps_rupture:4.0(same_icd_category;tokens=bicep,tendon)",
S46.301A,"Unspecified injury of muscle, fascia and tendon of triceps, right arm, initial encounter",1,1,CONFIGURED_ICD_CATEGORY,,,NONSPECIFIC_SUPPORT_REVIEW,biceps_rupture,"Spontaneous distal biceps tendon rupture (""Popeye sign"")",biceps_rupture:3.0(same_icd_category;tokens=tendon),
S46.302A,"Unspecified injury of muscle, fascia and tendon of triceps, left arm, initial encounter",2,1,CONFIGURED_ICD_CATEGORY,,,NONSPECIFIC_SUPPORT_REVIEW,biceps_rupture,"Spontaneous distal biceps tendon rupture (""Popeye sign"")",biceps_rupture:3.0(same_icd_category;tokens=tendon),
S46.311D,"Strain of muscle, fascia and tendon of triceps, right arm, subsequent encounter",1,1,CONFIGURED_ICD_CATEGORY,,,NONSPECIFIC_SUPPORT_REVIEW,biceps_rupture,"Spontaneous distal biceps tendon rupture (""Popeye sign"")",biceps_rupture:3.0(same_icd_category;tokens=tendon),
S46.311S,"Strain of muscle, fascia and tendon of triceps, right arm, sequela",1,1,CONFIGURED_ICD_CATEGORY,,,NONSPECIFIC_SUPPORT_REVIEW,biceps_rupture,"Spontaneous distal biceps tendon rupture (""Popeye sign"")",biceps_rupture:3.0(same_icd_category;tokens=tendon),
S46.319A,"Strain of muscle, fascia and tendon of triceps, unspecified arm, initial encounter",2,1,CONFIGURED_ICD_CATEGORY,,,NONSPECIFIC_SUPPORT_REVIEW,biceps_rupture,"Spontaneous distal biceps tendon rupture (""Popeye sign"")",biceps_rupture:3.0(same_icd_category;tokens=tendon),
S46.392D,"Other injury of muscle, fascia and tendon of triceps, left arm, subsequent encounter",2,1,CONFIGURED_ICD_CATEGORY,,,NONSPECIFIC_SUPPORT_REVIEW,biceps_rupture,"Spontaneous distal biceps tendon rupture (""Popeye sign"")",biceps_rupture:3.0(same_icd_category;tokens=tendon),
T50.4X5S,"Adverse effect of drugs affecting uric acid metabolism, sequela",1,1,ATOM_PHRASE_MATCH,,,NONSPECIFIC_SUPPORT_REVIEW,elevated_uric_acid,Elevated serum uric acid,"elevated_uric_acid:7.0(phrase;tokens=acid,uric)",
T85.695D,"Other mechanical complication of other nervous system device, implant or graft, subsequent encounter",5,1,ATOM_PHRASE_MATCH,,,NONSPECIFIC_SUPPORT_REVIEW,pacemaker_implantation,Pacemaker implantation,"pacemaker_implantation:7.0(phrase;tokens=device,implant)",
T85.738D,"Infection and inflammatory reaction due to other nervous system device, implant or graft, subsequent encounter",52,1,ATOM_PHRASE_MATCH,,,NONSPECIFIC_SUPPORT_REVIEW,pacemaker_implantation,Pacemaker implantation,"pacemaker_implantation:7.0(phrase;tokens=device,implant)",
T85.738S,"Infection and inflammatory reaction due to other nervous system device, implant or graft, sequela",4,1,ATOM_PHRASE_MATCH,,,NONSPECIFIC_SUPPORT_REVIEW,pacemaker_implantation,Pacemaker implantation,"pacemaker_implantation:7.0(phrase;tokens=device,implant)",
Z83.711,Family history of hyperplastic colon polyps,1,1,CONFIGURED_ICD_CATEGORY,,,NONSPECIFIC_SUPPORT_REVIEW,fhx_established_attr,First-degree family history of genetically or clinically established ATTR amyloidosis,fhx_established_attr:3.0(same_icd_category;tokens=family),
Z92.23,Personal history of estrogen therapy,1,1,CONFIGURED_ICD_CATEGORY,,,NONSPECIFIC_SUPPORT_REVIEW,myeloma_therapy_exposure,Anti-myeloma therapy exposure,myeloma_therapy_exposure:3.0(same_icd_category;tokens=therapy),
Z92.850,Personal history of Chimeric Antigen Receptor T-cell therapy,98,1,CONFIGURED_ICD_CATEGORY,,,NONSPECIFIC_SUPPORT_REVIEW,myeloma_therapy_exposure,Anti-myeloma therapy exposure,"myeloma_therapy_exposure:4.0(same_icd_category;tokens=cell,therapy)",
Z99.12,Encounter for respirator [ventilator] dependence during power failure,3,1,CONFIGURED_ICD_CATEGORY,,,NONSPECIFIC_SUPPORT_REVIEW,kidney_failure,Kidney failure / end-stage renal disease,kidney_failure:3.0(same_icd_category;tokens=failure),
E11.29,Type 2 diabetes mellitus with other diabetic kidney complication,55318,4207,CONFIGURED_ICD_CATEGORY | ATOM_PHRASE_MATCH,,,ALTERNATIVE_OR_GUARDRAIL_REVIEW,diabetes,diabetes,"diabetes:10.0(phrase;same_icd_category;tokens=diabete,diabetic,mellitu,type)",EXPLICIT_ALTERNATIVE_ETIOLOGY
E11.51,Type 2 diabetes mellitus with diabetic peripheral angiopathy without gangrene,16676,1460,CONFIGURED_ICD_CATEGORY | ATOM_PHRASE_MATCH,,,ALTERNATIVE_OR_GUARDRAIL_REVIEW,diabetes,diabetes,"diabetes:10.0(phrase;same_icd_category;tokens=diabete,diabetic,mellitu,type)",EXPLICIT_ALTERNATIVE_ETIOLOGY
E11.36,Type 2 diabetes mellitus with diabetic cataract,13166,1409,CONFIGURED_ICD_CATEGORY | ATOM_PHRASE_MATCH,,,ALTERNATIVE_OR_GUARDRAIL_REVIEW,diabetes,diabetes,"diabetes:10.0(phrase;same_icd_category;tokens=diabete,diabetic,mellitu,type)",EXPLICIT_ALTERNATIVE_ETIOLOGY
S06.5XAA,"Traumatic subdural hemorrhage with loss of consciousness status unknown, initial encounter",15471,1296,ATOM_PHRASE_MATCH,,,ALTERNATIVE_OR_GUARDRAIL_REVIEW,syncope,Syncope / presyncope,"syncope:7.0(phrase;tokens=consciousness,loss)",EXPLICIT_ALTERNATIVE_ETIOLOGY
O24.410,"Gestational diabetes mellitus in pregnancy, diet controlled",8439,1100,ATOM_PHRASE_MATCH,,,ALTERNATIVE_OR_GUARDRAIL_REVIEW,diabetes,diabetes,"diabetes:7.0(phrase;tokens=diabete,mellitu)",EXPLICIT_ALTERNATIVE_ETIOLOGY
O24.419,"Gestational diabetes mellitus in pregnancy, unspecified control",4400,920,ATOM_PHRASE_MATCH,,,ALTERNATIVE_OR_GUARDRAIL_REVIEW,diabetes,diabetes,"diabetes:7.0(phrase;tokens=diabete,mellitu)",EXPLICIT_ALTERNATIVE_ETIOLOGY
E11.49,Type 2 diabetes mellitus with other diabetic neurological complication,7988,887,CONFIGURED_ICD_CATEGORY | ATOM_PHRASE_MATCH,,,ALTERNATIVE_OR_GUARDRAIL_REVIEW,diabetes,diabetes,"diabetes:10.0(phrase;same_icd_category;tokens=diabete,diabetic,mellitu,type)",EXPLICIT_ALTERNATIVE_ETIOLOGY
E11.610,Type 2 diabetes mellitus with diabetic neuropathic arthropathy,8613,838,CONFIGURED_ICD_CATEGORY | ATOM_PHRASE_MATCH,,,ALTERNATIVE_OR_GUARDRAIL_REVIEW,charcot_arthropathy | diabetes,charcot arthropathy | diabetes,"diabetes:10.0(phrase;same_icd_category;tokens=diabete,diabetic,mellitu,type) | charcot_arthropathy:7.0(phrase;tokens=arthropathy,neuropathic)",EXPLICIT_ALTERNATIVE_ETIOLOGY
S06.5X9A,"Traumatic subdural hemorrhage with loss of consciousness of unspecified duration, initial encounter",16292,750,ATOM_PHRASE_MATCH,,,ALTERNATIVE_OR_GUARDRAIL_REVIEW,syncope,Syncope / presyncope,"syncope:7.0(phrase;tokens=consciousness,loss)",EXPLICIT_ALTERNATIVE_ETIOLOGY
E11.319,Type 2 diabetes mellitus with unspecified diabetic retinopathy without macular edema,7957,721,CONFIGURED_ICD_CATEGORY | ATOM_PHRASE_MATCH,,,ALTERNATIVE_OR_GUARDRAIL_REVIEW,diabetes,diabetes,"diabetes:10.0(phrase;same_icd_category;tokens=diabete,diabetic,mellitu,type)",EXPLICIT_ALTERNATIVE_ETIOLOGY
E11.39,Type 2 diabetes mellitus with other diabetic ophthalmic complication,5098,481,CONFIGURED_ICD_CATEGORY | ATOM_PHRASE_MATCH,,,ALTERNATIVE_OR_GUARDRAIL_REVIEW,diabetes,diabetes,"diabetes:10.0(phrase;same_icd_category;tokens=diabete,diabetic,mellitu,type)",EXPLICIT_ALTERNATIVE_ETIOLOGY
O24.112,"Pre-existing type 2 diabetes mellitus, in pregnancy, second trimester",2625,439,ATOM_PHRASE_MATCH,,,ALTERNATIVE_OR_GUARDRAIL_REVIEW,diabetes,diabetes,"diabetes:8.0(phrase;tokens=diabete,mellitu,type)",EXPLICIT_ALTERNATIVE_ETIOLOGY
E11.3293,"Type 2 diabetes mellitus with mild nonproliferative diabetic retinopathy without macular edema, bilateral",4755,410,CONFIGURED_ICD_CATEGORY | ATOM_PHRASE_MATCH,,,ALTERNATIVE_OR_GUARDRAIL_REVIEW,diabetes,diabetes,"diabetes:10.0(phrase;same_icd_category;tokens=diabete,diabetic,mellitu,type)",EXPLICIT_ALTERNATIVE_ETIOLOGY
O24.113,"Pre-existing type 2 diabetes mellitus, in pregnancy, third trimester",2128,390,ATOM_PHRASE_MATCH,,,ALTERNATIVE_OR_GUARDRAIL_REVIEW,diabetes,diabetes,"diabetes:8.0(phrase;tokens=diabete,mellitu,type)",EXPLICIT_ALTERNATIVE_ETIOLOGY
O24.414,"Gestational diabetes mellitus in pregnancy, insulin controlled",1919,389,ATOM_PHRASE_MATCH,,,ALTERNATIVE_OR_GUARDRAIL_REVIEW,diabetes,diabetes,"diabetes:7.0(phrase;tokens=diabete,mellitu)",EXPLICIT_ALTERNATIVE_ETIOLOGY
O24.415,"Gestational diabetes mellitus in pregnancy, controlled by oral hypoglycemic drugs",2192,342,ATOM_PHRASE_MATCH,,,ALTERNATIVE_OR_GUARDRAIL_REVIEW,diabetes,diabetes,"diabetes:7.0(phrase;tokens=diabete,mellitu)",EXPLICIT_ALTERNATIVE_ETIOLOGY
O24.111,"Pre-existing type 2 diabetes mellitus, in pregnancy, first trimester",1791,272,ATOM_PHRASE_MATCH,,,ALTERNATIVE_OR_GUARDRAIL_REVIEW,diabetes,diabetes,"diabetes:8.0(phrase;tokens=diabete,mellitu,type)",EXPLICIT_ALTERNATIVE_ETIOLOGY
E11.3593,"Type 2 diabetes mellitus with proliferative diabetic retinopathy without macular edema, bilateral",2835,259,CONFIGURED_ICD_CATEGORY | ATOM_PHRASE_MATCH,,,ALTERNATIVE_OR_GUARDRAIL_REVIEW,diabetes,diabetes,"diabetes:10.0(phrase;same_icd_category;tokens=diabete,diabetic,mellitu,type)",EXPLICIT_ALTERNATIVE_ETIOLOGY
E11.3393,"Type 2 diabetes mellitus with moderate nonproliferative diabetic retinopathy without macular edema, bilateral",4855,252,CONFIGURED_ICD_CATEGORY | ATOM_PHRASE_MATCH,,,ALTERNATIVE_OR_GUARDRAIL_REVIEW,diabetes,diabetes,"diabetes:10.0(phrase;same_icd_category;tokens=diabete,diabetic,mellitu,type)",EXPLICIT_ALTERNATIVE_ETIOLOGY
E11.52,Type 2 diabetes mellitus with diabetic peripheral angiopathy with gangrene,3101,223,CONFIGURED_ICD_CATEGORY | ATOM_PHRASE_MATCH,,,ALTERNATIVE_OR_GUARDRAIL_REVIEW,diabetes,diabetes,"diabetes:10.0(phrase;same_icd_category;tokens=diabete,diabetic,mellitu,type)",EXPLICIT_ALTERNATIVE_ETIOLOGY
Z82.79,"Family history of other congenital malformations, deformations and chromosomal abnormalities",786,217,CONFIGURED_ICD_CATEGORY,,,ALTERNATIVE_OR_GUARDRAIL_REVIEW,fhx_adult_onset_neuropathy,Family history of unexplained adult-onset progressive neuropathy,fhx_adult_onset_neuropathy:3.0(same_icd_category;tokens=family),EXPLICIT_ALTERNATIVE_ETIOLOGY
E11.3513,"Type 2 diabetes mellitus with proliferative diabetic retinopathy with macular edema, bilateral",2637,207,CONFIGURED_ICD_CATEGORY | ATOM_PHRASE_MATCH,,,ALTERNATIVE_OR_GUARDRAIL_REVIEW,diabetes,diabetes,"diabetes:10.0(phrase;same_icd_category;tokens=diabete,diabetic,mellitu,type)",EXPLICIT_ALTERNATIVE_ETIOLOGY
E11.3299,"Type 2 diabetes mellitus with mild nonproliferative diabetic retinopathy without macular edema, unspecified eye",2523,187,CONFIGURED_ICD_CATEGORY | ATOM_PHRASE_MATCH,,,ALTERNATIVE_OR_GUARDRAIL_REVIEW,diabetes,diabetes,"diabetes:10.0(phrase;same_icd_category;tokens=diabete,diabetic,mellitu,type)",EXPLICIT_ALTERNATIVE_ETIOLOGY
E11.3511,"Type 2 diabetes mellitus with proliferative diabetic retinopathy with macular edema, right eye",1873,179,CONFIGURED_ICD_CATEGORY | ATOM_PHRASE_MATCH,,,ALTERNATIVE_OR_GUARDRAIL_REVIEW,diabetes,diabetes,"diabetes:10.0(phrase;same_icd_category;tokens=diabete,diabetic,mellitu,type)",EXPLICIT_ALTERNATIVE_ETIOLOGY
E11.3512,"Type 2 diabetes mellitus with proliferative diabetic retinopathy with macular edema, left eye",1950,173,CONFIGURED_ICD_CATEGORY | ATOM_PHRASE_MATCH,,,ALTERNATIVE_OR_GUARDRAIL_REVIEW,diabetes,diabetes,"diabetes:10.0(phrase;same_icd_category;tokens=diabete,diabetic,mellitu,type)",EXPLICIT_ALTERNATIVE_ETIOLOGY
E10.29,Type 1 diabetes mellitus with other diabetic kidney complication,1212,144,ATOM_PHRASE_MATCH,,,ALTERNATIVE_OR_GUARDRAIL_REVIEW,diabetes,diabetes,"diabetes:8.0(phrase;tokens=diabete,diabetic,mellitu,type)",EXPLICIT_ALTERNATIVE_ETIOLOGY
E11.3313,"Type 2 diabetes mellitus with moderate nonproliferative diabetic retinopathy with macular edema, bilateral",1352,127,CONFIGURED_ICD_CATEGORY | ATOM_PHRASE_MATCH,,,ALTERNATIVE_OR_GUARDRAIL_REVIEW,diabetes,diabetes,"diabetes:10.0(phrase;same_icd_category;tokens=diabete,diabetic,mellitu,type)",EXPLICIT_ALTERNATIVE_ETIOLOGY
O24.119,"Pre-existing type 2 diabetes mellitus, in pregnancy, unspecified trimester",850,120,ATOM_PHRASE_MATCH,,,ALTERNATIVE_OR_GUARDRAIL_REVIEW,diabetes,diabetes,"diabetes:8.0(phrase;tokens=diabete,mellitu,type)",EXPLICIT_ALTERNATIVE_ETIOLOGY
S06.6XAA,"Traumatic subarachnoid hemorrhage with loss of consciousness status unknown, initial encounter",599,111,ATOM_PHRASE_MATCH,,,ALTERNATIVE_OR_GUARDRAIL_REVIEW,syncope,Syncope / presyncope,"syncope:7.0(phrase;tokens=consciousness,loss)",EXPLICIT_ALTERNATIVE_ETIOLOGY
E11.311,Type 2 diabetes mellitus with unspecified diabetic retinopathy with macular edema,1004,106,CONFIGURED_ICD_CATEGORY | ATOM_PHRASE_MATCH,,,ALTERNATIVE_OR_GUARDRAIL_REVIEW,diabetes,diabetes,"diabetes:10.0(phrase;same_icd_category;tokens=diabete,diabetic,mellitu,type)",EXPLICIT_ALTERNATIVE_ETIOLOGY
E11.3553,"Type 2 diabetes mellitus with stable proliferative diabetic retinopathy, bilateral",1196,105,CONFIGURED_ICD_CATEGORY | ATOM_PHRASE_MATCH,,,ALTERNATIVE_OR_GUARDRAIL_REVIEW,diabetes,diabetes,"diabetes:10.0(phrase;same_icd_category;tokens=diabete,diabetic,mellitu,type)",EXPLICIT_ALTERNATIVE_ETIOLOGY
E11.618,Type 2 diabetes mellitus with other diabetic arthropathy,1015,101,CONFIGURED_ICD_CATEGORY | ATOM_PHRASE_MATCH,,,ALTERNATIVE_OR_GUARDRAIL_REVIEW,diabetes,diabetes,"diabetes:10.0(phrase;same_icd_category;tokens=diabete,diabetic,mellitu,type)",EXPLICIT_ALTERNATIVE_ETIOLOGY
S06.5X0A,"Traumatic subdural hemorrhage without loss of consciousness, initial encounter",556,98,ATOM_PHRASE_MATCH,,,ALTERNATIVE_OR_GUARDRAIL_REVIEW,syncope,Syncope / presyncope,"syncope:7.0(phrase;tokens=consciousness,loss)",EXPLICIT_ALTERNATIVE_ETIOLOGY
E11.3599,"Type 2 diabetes mellitus with proliferative diabetic retinopathy without macular edema, unspecified eye",844,96,CONFIGURED_ICD_CATEGORY | ATOM_PHRASE_MATCH,,,ALTERNATIVE_OR_GUARDRAIL_REVIEW,diabetes,diabetes,"diabetes:10.0(phrase;same_icd_category;tokens=diabete,diabetic,mellitu,type)",EXPLICIT_ALTERNATIVE_ETIOLOGY
S06.6X0A,"Traumatic subarachnoid hemorrhage without loss of consciousness, initial encounter",558,95,ATOM_PHRASE_MATCH,,,ALTERNATIVE_OR_GUARDRAIL_REVIEW,syncope,Syncope / presyncope,"syncope:7.0(phrase;tokens=consciousness,loss)",EXPLICIT_ALTERNATIVE_ETIOLOGY
S06.6X9A,"Traumatic subarachnoid hemorrhage with loss of consciousness of unspecified duration, initial encounter",1084,91,ATOM_PHRASE_MATCH,,,ALTERNATIVE_OR_GUARDRAIL_REVIEW,syncope,Syncope / presyncope,"syncope:7.0(phrase;tokens=consciousness,loss)",EXPLICIT_ALTERNATIVE_ETIOLOGY
E13.49,Other specified diabetes mellitus with other diabetic neurological complication,337,90,ATOM_PHRASE_MATCH,,,ALTERNATIVE_OR_GUARDRAIL_REVIEW,diabetes,diabetes,"diabetes:8.0(phrase;tokens=diabete,diabetic,mellitu)",EXPLICIT_ALTERNATIVE_ETIOLOGY
E11.3291,"Type 2 diabetes mellitus with mild nonproliferative diabetic retinopathy without macular edema, right eye",743,82,CONFIGURED_ICD_CATEGORY | ATOM_PHRASE_MATCH,,,ALTERNATIVE_OR_GUARDRAIL_REVIEW,diabetes,diabetes,"diabetes:10.0(phrase;same_icd_category;tokens=diabete,diabetic,mellitu,type)",EXPLICIT_ALTERNATIVE_ETIOLOGY
E11.3292,"Type 2 diabetes mellitus with mild nonproliferative diabetic retinopathy without macular edema, left eye",578,79,CONFIGURED_ICD_CATEGORY | ATOM_PHRASE_MATCH,,,ALTERNATIVE_OR_GUARDRAIL_REVIEW,diabetes,diabetes,"diabetes:10.0(phrase;same_icd_category;tokens=diabete,diabetic,mellitu,type)",EXPLICIT_ALTERNATIVE_ETIOLOGY
E11.3312,"Type 2 diabetes mellitus with moderate nonproliferative diabetic retinopathy with macular edema, left eye",676,73,CONFIGURED_ICD_CATEGORY | ATOM_PHRASE_MATCH,,,ALTERNATIVE_OR_GUARDRAIL_REVIEW,diabetes,diabetes,"diabetes:10.0(phrase;same_icd_category;tokens=diabete,diabetic,mellitu,type)",EXPLICIT_ALTERNATIVE_ETIOLOGY
E11.3311,"Type 2 diabetes mellitus with moderate nonproliferative diabetic retinopathy with macular edema, right eye",826,72,CONFIGURED_ICD_CATEGORY | ATOM_PHRASE_MATCH,,,ALTERNATIVE_OR_GUARDRAIL_REVIEW,diabetes,diabetes,"diabetes:10.0(phrase;same_icd_category;tokens=diabete,diabetic,mellitu,type)",EXPLICIT_ALTERNATIVE_ETIOLOGY
S06.5XAD,"Traumatic subdural hemorrhage with loss of consciousness status unknown, subsequent encounter",202,72,ATOM_PHRASE_MATCH,,,ALTERNATIVE_OR_GUARDRAIL_REVIEW,syncope,Syncope / presyncope,"syncope:7.0(phrase;tokens=consciousness,loss)",EXPLICIT_ALTERNATIVE_ETIOLOGY
N52.2,Drug-induced erectile dysfunction,199,71,CONFIGURED_ICD_CATEGORY | ATOM_PHRASE_MATCH,,,ALTERNATIVE_OR_GUARDRAIL_REVIEW,erectile_dysfunction,erectile dysfunction,"erectile_dysfunction:9.0(phrase;same_icd_category;tokens=dysfunction,erectile)",EXPLICIT_ALTERNATIVE_ETIOLOGY
E11.620,Type 2 diabetes mellitus with diabetic dermatitis,815,64,CONFIGURED_ICD_CATEGORY | ATOM_PHRASE_MATCH,,,ALTERNATIVE_OR_GUARDRAIL_REVIEW,diabetes,diabetes,"diabetes:10.0(phrase;same_icd_category;tokens=diabete,diabetic,mellitu,type)",EXPLICIT_ALTERNATIVE_ETIOLOGY
E11.3592,"Type 2 diabetes mellitus with proliferative diabetic retinopathy without macular edema, left eye",904,60,CONFIGURED_ICD_CATEGORY | ATOM_PHRASE_MATCH,,,ALTERNATIVE_OR_GUARDRAIL_REVIEW,diabetes,diabetes,"diabetes:10.0(phrase;same_icd_category;tokens=diabete,diabetic,mellitu,type)",EXPLICIT_ALTERNATIVE_ETIOLOGY
E11.3591,"Type 2 diabetes mellitus with proliferative diabetic retinopathy without macular edema, right eye",445,58,CONFIGURED_ICD_CATEGORY | ATOM_PHRASE_MATCH,,,ALTERNATIVE_OR_GUARDRAIL_REVIEW,diabetes,diabetes,"diabetes:10.0(phrase;same_icd_category;tokens=diabete,diabetic,mellitu,type)",EXPLICIT_ALTERNATIVE_ETIOLOGY
E11.3521,"Type 2 diabetes mellitus with proliferative diabetic retinopathy with traction retinal detachment involving the macula, right eye",297,56,CONFIGURED_ICD_CATEGORY | ATOM_PHRASE_MATCH,,,ALTERNATIVE_OR_GUARDRAIL_REVIEW,diabetes,diabetes,"diabetes:10.0(phrase;same_icd_category;tokens=diabete,diabetic,mellitu,type)",EXPLICIT_ALTERNATIVE_ETIOLOGY
E11.3399,"Type 2 diabetes mellitus with moderate nonproliferative diabetic retinopathy without macular edema, unspecified eye",482,55,CONFIGURED_ICD_CATEGORY | ATOM_PHRASE_MATCH,,,ALTERNATIVE_OR_GUARDRAIL_REVIEW,diabetes,diabetes,"diabetes:10.0(phrase;same_icd_category;tokens=diabete,diabetic,mellitu,type)",EXPLICIT_ALTERNATIVE_ETIOLOGY
E11.3522,"Type 2 diabetes mellitus with proliferative diabetic retinopathy with traction retinal detachment involving the macula, left eye",268,55,CONFIGURED_ICD_CATEGORY | ATOM_PHRASE_MATCH,,,ALTERNATIVE_OR_GUARDRAIL_REVIEW,diabetes,diabetes,"diabetes:10.0(phrase;same_icd_category;tokens=diabete,diabetic,mellitu,type)",EXPLICIT_ALTERNATIVE_ETIOLOGY
S06.360A,"Traumatic hemorrhage of cerebrum, unspecified, without loss of consciousness, initial encounter",516,55,ATOM_PHRASE_MATCH,,,ALTERNATIVE_OR_GUARDRAIL_REVIEW,syncope,Syncope / presyncope,"syncope:7.0(phrase;tokens=consciousness,loss)",EXPLICIT_ALTERNATIVE_ETIOLOGY
O24.012,"Pre-existing type 1 diabetes mellitus, in pregnancy, second trimester",325,54,ATOM_PHRASE_MATCH,,,ALTERNATIVE_OR_GUARDRAIL_REVIEW,diabetes,diabetes,"diabetes:8.0(phrase;tokens=diabete,mellitu,type)",EXPLICIT_ALTERNATIVE_ETIOLOGY
E11.3493,"Type 2 diabetes mellitus with severe nonproliferative diabetic retinopathy without macular edema, bilateral",525,50,CONFIGURED_ICD_CATEGORY | ATOM_PHRASE_MATCH,,,ALTERNATIVE_OR_GUARDRAIL_REVIEW,diabetes,diabetes,"diabetes:10.0(phrase;same_icd_category;tokens=diabete,diabetic,mellitu,type)",EXPLICIT_ALTERNATIVE_ETIOLOGY
O24.913,"Unspecified diabetes mellitus in pregnancy, third trimester",170,50,ATOM_PHRASE_MATCH,,,ALTERNATIVE_OR_GUARDRAIL_REVIEW,diabetes,diabetes,"diabetes:7.0(phrase;tokens=diabete,mellitu)",EXPLICIT_ALTERNATIVE_ETIOLOGY
E10.319,Type 1 diabetes mellitus with unspecified diabetic retinopathy without macular edema,615,49,ATOM_PHRASE_MATCH,,,ALTERNATIVE_OR_GUARDRAIL_REVIEW,diabetes,diabetes,"diabetes:8.0(phrase;tokens=diabete,diabetic,mellitu,type)",EXPLICIT_ALTERNATIVE_ETIOLOGY
E11.3213,"Type 2 diabetes mellitus with mild nonproliferative diabetic retinopathy with macular edema, bilateral",593,49,CONFIGURED_ICD_CATEGORY | ATOM_PHRASE_MATCH,,,ALTERNATIVE_OR_GUARDRAIL_REVIEW,diabetes,diabetes,"diabetes:10.0(phrase;same_icd_category;tokens=diabete,diabetic,mellitu,type)",EXPLICIT_ALTERNATIVE_ETIOLOGY
E11.3413,"Type 2 diabetes mellitus with severe nonproliferative diabetic retinopathy with macular edema, bilateral",539,45,CONFIGURED_ICD_CATEGORY | ATOM_PHRASE_MATCH,,,ALTERNATIVE_OR_GUARDRAIL_REVIEW,diabetes,diabetes,"diabetes:10.0(phrase;same_icd_category;tokens=diabete,diabetic,mellitu,type)",EXPLICIT_ALTERNATIVE_ETIOLOGY
O24.912,"Unspecified diabetes mellitus in pregnancy, second trimester",252,40,ATOM_PHRASE_MATCH,,,ALTERNATIVE_OR_GUARDRAIL_REVIEW,diabetes,diabetes,"diabetes:7.0(phrase;tokens=diabete,mellitu)",EXPLICIT_ALTERNATIVE_ETIOLOGY
S06.36AA,"Traumatic hemorrhage of cerebrum, unspecified, with loss of consciousness status unknown, initial encounter",218,40,ATOM_PHRASE_MATCH,,,ALTERNATIVE_OR_GUARDRAIL_REVIEW,syncope,Syncope / presyncope,"syncope:7.0(phrase;tokens=consciousness,loss)",EXPLICIT_ALTERNATIVE_ETIOLOGY
E11.3391,"Type 2 diabetes mellitus with moderate nonproliferative diabetic retinopathy without macular edema, right eye",278,37,CONFIGURED_ICD_CATEGORY | ATOM_PHRASE_MATCH,,,ALTERNATIVE_OR_GUARDRAIL_REVIEW,diabetes,diabetes,"diabetes:10.0(phrase;same_icd_category;tokens=diabete,diabetic,mellitu,type)",EXPLICIT_ALTERNATIVE_ETIOLOGY
S06.5X0D,"Traumatic subdural hemorrhage without loss of consciousness, subsequent encounter",102,37,ATOM_PHRASE_MATCH,,,ALTERNATIVE_OR_GUARDRAIL_REVIEW,syncope,Syncope / presyncope,"syncope:7.0(phrase;tokens=consciousness,loss)",EXPLICIT_ALTERNATIVE_ETIOLOGY
O24.013,"Pre-existing type 1 diabetes mellitus, in pregnancy, third trimester",265,35,ATOM_PHRASE_MATCH,,,ALTERNATIVE_OR_GUARDRAIL_REVIEW,diabetes,diabetes,"diabetes:8.0(phrase;tokens=diabete,mellitu,type)",EXPLICIT_ALTERNATIVE_ETIOLOGY
O24.911,"Unspecified diabetes mellitus in pregnancy, first trimester",195,35,ATOM_PHRASE_MATCH,,,ALTERNATIVE_OR_GUARDRAIL_REVIEW,diabetes,diabetes,"diabetes:7.0(phrase;tokens=diabete,mellitu)",EXPLICIT_ALTERNATIVE_ETIOLOGY
S06.6X1A,"Traumatic subarachnoid hemorrhage with loss of consciousness of 30 minutes or less, initial encounter",429,33,ATOM_PHRASE_MATCH,,,ALTERNATIVE_OR_GUARDRAIL_REVIEW,syncope,Syncope / presyncope,"syncope:7.0(phrase;tokens=consciousness,loss)",EXPLICIT_ALTERNATIVE_ETIOLOGY
S06.6XAD,"Traumatic subarachnoid hemorrhage with loss of consciousness status unknown, subsequent encounter",70,32,ATOM_PHRASE_MATCH,,,ALTERNATIVE_OR_GUARDRAIL_REVIEW,syncope,Syncope / presyncope,"syncope:7.0(phrase;tokens=consciousness,loss)",EXPLICIT_ALTERNATIVE_ETIOLOGY
E11.3412,"Type 2 diabetes mellitus with severe nonproliferative diabetic retinopathy with macular edema, left eye",378,31,CONFIGURED_ICD_CATEGORY | ATOM_PHRASE_MATCH,,,ALTERNATIVE_OR_GUARDRAIL_REVIEW,diabetes,diabetes,"diabetes:10.0(phrase;same_icd_category;tokens=diabete,diabetic,mellitu,type)",EXPLICIT_ALTERNATIVE_ETIOLOGY
E11.3523,"Type 2 diabetes mellitus with proliferative diabetic retinopathy with traction retinal detachment involving the macula, bilateral",171,31,CONFIGURED_ICD_CATEGORY | ATOM_PHRASE_MATCH,,,ALTERNATIVE_OR_GUARDRAIL_REVIEW,diabetes,diabetes,"diabetes:10.0(phrase;same_icd_category;tokens=diabete,diabetic,mellitu,type)",EXPLICIT_ALTERNATIVE_ETIOLOGY
O24.011,"Pre-existing type 1 diabetes mellitus, in pregnancy, first trimester",257,31,ATOM_PHRASE_MATCH,,,ALTERNATIVE_OR_GUARDRAIL_REVIEW,diabetes,diabetes,"diabetes:8.0(phrase;tokens=diabete,mellitu,type)",EXPLICIT_ALTERNATIVE_ETIOLOGY
E11.3211,"Type 2 diabetes mellitus with mild nonproliferative diabetic retinopathy with macular edema, right eye",212,30,CONFIGURED_ICD_CATEGORY | ATOM_PHRASE_MATCH,,,ALTERNATIVE_OR_GUARDRAIL_REVIEW,diabetes,diabetes,"diabetes:10.0(phrase;same_icd_category;tokens=diabete,diabetic,mellitu,type)",EXPLICIT_ALTERNATIVE_ETIOLOGY
E13.319,Other specified diabetes mellitus with unspecified diabetic retinopathy without macular edema,131,30,ATOM_PHRASE_MATCH,,,ALTERNATIVE_OR_GUARDRAIL_REVIEW,diabetes,diabetes,"diabetes:8.0(phrase;tokens=diabete,diabetic,mellitu)",EXPLICIT_ALTERNATIVE_ETIOLOGY
S06.2X9A,"Diffuse traumatic brain injury with loss of consciousness of unspecified duration, initial encounter",704,30,ATOM_PHRASE_MATCH,,,ALTERNATIVE_OR_GUARDRAIL_REVIEW,syncope,Syncope / presyncope,"syncope:7.0(phrase;tokens=consciousness,loss)",EXPLICIT_ALTERNATIVE_ETIOLOGY
E08.29,Diabetes mellitus due to underlying condition with other diabetic kidney complication,169,29,ATOM_PHRASE_MATCH,,,ALTERNATIVE_OR_GUARDRAIL_REVIEW,diabetes,diabetes,"diabetes:8.0(phrase;tokens=diabete,diabetic,mellitu)",EXPLICIT_ALTERNATIVE_ETIOLOGY
E11.3219,"Type 2 diabetes mellitus with mild nonproliferative diabetic retinopathy with macular edema, unspecified eye",446,28,CONFIGURED_ICD_CATEGORY | ATOM_PHRASE_MATCH,,,ALTERNATIVE_OR_GUARDRAIL_REVIEW,diabetes,diabetes,"diabetes:10.0(phrase;same_icd_category;tokens=diabete,diabetic,mellitu,type)",EXPLICIT_ALTERNATIVE_ETIOLOGY
E11.3532,"Type 2 diabetes mellitus with proliferative diabetic retinopathy with traction retinal detachment not involving the macula, left eye",134,28,CONFIGURED_ICD_CATEGORY | ATOM_PHRASE_MATCH,,,ALTERNATIVE_OR_GUARDRAIL_REVIEW,diabetes,diabetes,"diabetes:10.0(phrase;same_icd_category;tokens=diabete,diabetic,mellitu,type)",EXPLICIT_ALTERNATIVE_ETIOLOGY
E11.3519,"Type 2 diabetes mellitus with proliferative diabetic retinopathy with macular edema, unspecified eye",313,27,CONFIGURED_ICD_CATEGORY | ATOM_PHRASE_MATCH,,,ALTERNATIVE_OR_GUARDRAIL_REVIEW,diabetes,diabetes,"diabetes:10.0(phrase;same_icd_category;tokens=diabete,diabetic,mellitu,type)",EXPLICIT_ALTERNATIVE_ETIOLOGY
Z83.1,Family history of other infectious and parasitic diseases,64,27,CONFIGURED_ICD_CATEGORY,,,ALTERNATIVE_OR_GUARDRAIL_REVIEW,fhx_established_attr,First-degree family history of genetically or clinically established ATTR amyloidosis,fhx_established_attr:3.0(same_icd_category;tokens=family),EXPLICIT_ALTERNATIVE_ETIOLOGY
E13.29,Other specified diabetes mellitus with other diabetic kidney complication,109,26,ATOM_PHRASE_MATCH,,,ALTERNATIVE_OR_GUARDRAIL_REVIEW,diabetes,diabetes,"diabetes:8.0(phrase;tokens=diabete,diabetic,mellitu)",EXPLICIT_ALTERNATIVE_ETIOLOGY
E11.3392,"Type 2 diabetes mellitus with moderate nonproliferative diabetic retinopathy without macular edema, left eye",180,24,CONFIGURED_ICD_CATEGORY | ATOM_PHRASE_MATCH,,,ALTERNATIVE_OR_GUARDRAIL_REVIEW,diabetes,diabetes,"diabetes:10.0(phrase;same_icd_category;tokens=diabete,diabetic,mellitu,type)",EXPLICIT_ALTERNATIVE_ETIOLOGY
E08.44,Diabetes mellitus due to underlying condition with diabetic amyotrophy,54,23,ATOM_PHRASE_MATCH,,,ALTERNATIVE_OR_GUARDRAIL_REVIEW,diabetes,diabetes,"diabetes:8.0(phrase;tokens=diabete,diabetic,mellitu)",EXPLICIT_ALTERNATIVE_ETIOLOGY
E10.3593,"Type 1 diabetes mellitus with proliferative diabetic retinopathy without macular edema, bilateral",457,23,ATOM_PHRASE_MATCH,,,ALTERNATIVE_OR_GUARDRAIL_REVIEW,diabetes,diabetes,"diabetes:8.0(phrase;tokens=diabete,diabetic,mellitu,type)",EXPLICIT_ALTERNATIVE_ETIOLOGY
E11.3559,"Type 2 diabetes mellitus with stable proliferative diabetic retinopathy, unspecified eye",256,23,CONFIGURED_ICD_CATEGORY | ATOM_PHRASE_MATCH,,,ALTERNATIVE_OR_GUARDRAIL_REVIEW,diabetes,diabetes,"diabetes:10.0(phrase;same_icd_category;tokens=diabete,diabetic,mellitu,type)",EXPLICIT_ALTERNATIVE_ETIOLOGY
E11.44,Type 2 diabetes mellitus with diabetic amyotrophy,185,23,CONFIGURED_ICD_CATEGORY | ATOM_PHRASE_MATCH,,,ALTERNATIVE_OR_GUARDRAIL_REVIEW,diabetes,diabetes,"diabetes:10.0(phrase;same_icd_category;tokens=diabete,diabetic,mellitu,type)",EXPLICIT_ALTERNATIVE_ETIOLOGY
S06.2XAA,"Diffuse traumatic brain injury with loss of consciousness status unknown, initial encounter",71,22,ATOM_PHRASE_MATCH,,,ALTERNATIVE_OR_GUARDRAIL_REVIEW,syncope,Syncope / presyncope,"syncope:7.0(phrase;tokens=consciousness,loss)",EXPLICIT_ALTERNATIVE_ETIOLOGY
E10.49,Type 1 diabetes mellitus with other diabetic neurological complication,379,21,ATOM_PHRASE_MATCH,,,ALTERNATIVE_OR_GUARDRAIL_REVIEW,diabetes,diabetes,"diabetes:8.0(phrase;tokens=diabete,diabetic,mellitu,type)",EXPLICIT_ALTERNATIVE_ETIOLOGY
O24.312,"Unspecified pre-existing diabetes mellitus in pregnancy, second trimester",105,21,ATOM_PHRASE_MATCH,,,ALTERNATIVE_OR_GUARDRAIL_REVIEW,diabetes,diabetes,"diabetes:7.0(phrase;tokens=diabete,mellitu)",EXPLICIT_ALTERNATIVE_ETIOLOGY
S06.2X0A,"Diffuse traumatic brain injury without loss of consciousness, initial encounter",192,21,ATOM_PHRASE_MATCH,,,ALTERNATIVE_OR_GUARDRAIL_REVIEW,syncope,Syncope / presyncope,"syncope:7.0(phrase;tokens=consciousness,loss)",EXPLICIT_ALTERNATIVE_ETIOLOGY
E10.39,Type 1 diabetes mellitus with other diabetic ophthalmic complication,206,20,ATOM_PHRASE_MATCH,,,ALTERNATIVE_OR_GUARDRAIL_REVIEW,diabetes,diabetes,"diabetes:8.0(phrase;tokens=diabete,diabetic,mellitu,type)",EXPLICIT_ALTERNATIVE_ETIOLOGY
E10.51,Type 1 diabetes mellitus with diabetic peripheral angiopathy without gangrene,458,20,ATOM_PHRASE_MATCH,,,ALTERNATIVE_OR_GUARDRAIL_REVIEW,diabetes,diabetes,"diabetes:8.0(phrase;tokens=diabete,diabetic,mellitu,type)",EXPLICIT_ALTERNATIVE_ETIOLOGY
E11.3411,"Type 2 diabetes mellitus with severe nonproliferative diabetic retinopathy with macular edema, right eye",373,20,CONFIGURED_ICD_CATEGORY | ATOM_PHRASE_MATCH,,,ALTERNATIVE_OR_GUARDRAIL_REVIEW,diabetes,diabetes,"diabetes:10.0(phrase;same_icd_category;tokens=diabete,diabetic,mellitu,type)",EXPLICIT_ALTERNATIVE_ETIOLOGY
E13.51,Other specified diabetes mellitus with diabetic peripheral angiopathy without gangrene,87,20,ATOM_PHRASE_MATCH,,,ALTERNATIVE_OR_GUARDRAIL_REVIEW,diabetes,diabetes,"diabetes:8.0(phrase;tokens=diabete,diabetic,mellitu)",EXPLICIT_ALTERNATIVE_ETIOLOGY
O24.313,"Unspecified pre-existing diabetes mellitus in pregnancy, third trimester",42,19,ATOM_PHRASE_MATCH,,,ALTERNATIVE_OR_GUARDRAIL_REVIEW,diabetes,diabetes,"diabetes:7.0(phrase;tokens=diabete,mellitu)",EXPLICIT_ALTERNATIVE_ETIOLOGY
O24.319,"Unspecified pre-existing diabetes mellitus in pregnancy, unspecified trimester",83,19,ATOM_PHRASE_MATCH,,,ALTERNATIVE_OR_GUARDRAIL_REVIEW,diabetes,diabetes,"diabetes:7.0(phrase;tokens=diabete,mellitu)",EXPLICIT_ALTERNATIVE_ETIOLOGY
S06.5X9D,"Traumatic subdural hemorrhage with loss of consciousness of unspecified duration, subsequent encounter",33,19,ATOM_PHRASE_MATCH,,,ALTERNATIVE_OR_GUARDRAIL_REVIEW,syncope,Syncope / presyncope,"syncope:7.0(phrase;tokens=consciousness,loss)",EXPLICIT_ALTERNATIVE_ETIOLOGY
E10.3293,"Type 1 diabetes mellitus with mild nonproliferative diabetic retinopathy without macular edema, bilateral",260,18,ATOM_PHRASE_MATCH,,,ALTERNATIVE_OR_GUARDRAIL_REVIEW,diabetes,diabetes,"diabetes:8.0(phrase;tokens=diabete,diabetic,mellitu,type)",EXPLICIT_ALTERNATIVE_ETIOLOGY
E11.3551,"Type 2 diabetes mellitus with stable proliferative diabetic retinopathy, right eye",170,18,CONFIGURED_ICD_CATEGORY | ATOM_PHRASE_MATCH,,,ALTERNATIVE_OR_GUARDRAIL_REVIEW,diabetes,diabetes,"diabetes:10.0(phrase;same_icd_category;tokens=diabete,diabetic,mellitu,type)",EXPLICIT_ALTERNATIVE_ETIOLOGY
S06.340A,"Traumatic hemorrhage of right cerebrum without loss of consciousness, initial encounter",340,18,ATOM_PHRASE_MATCH,,,ALTERNATIVE_OR_GUARDRAIL_REVIEW,syncope,Syncope / presyncope,"syncope:7.0(phrase;tokens=consciousness,loss)",EXPLICIT_ALTERNATIVE_ETIOLOGY
E10.610,Type 1 diabetes mellitus with diabetic neuropathic arthropathy,133,17,ATOM_PHRASE_MATCH,,,ALTERNATIVE_OR_GUARDRAIL_REVIEW,charcot_arthropathy | diabetes,charcot arthropathy | diabetes,"diabetes:8.0(phrase;tokens=diabete,diabetic,mellitu,type) | charcot_arthropathy:7.0(phrase;tokens=arthropathy,neuropathic)",EXPLICIT_ALTERNATIVE_ETIOLOGY
S06.5X1A,"Traumatic subdural hemorrhage with loss of consciousness of 30 minutes or less, initial encounter",137,17,ATOM_PHRASE_MATCH,,,ALTERNATIVE_OR_GUARDRAIL_REVIEW,syncope,Syncope / presyncope,"syncope:7.0(phrase;tokens=consciousness,loss)",EXPLICIT_ALTERNATIVE_ETIOLOGY
S06.6X0D,"Traumatic subarachnoid hemorrhage without loss of consciousness, subsequent encounter",30,17,ATOM_PHRASE_MATCH,,,ALTERNATIVE_OR_GUARDRAIL_REVIEW,syncope,Syncope / presyncope,"syncope:7.0(phrase;tokens=consciousness,loss)",EXPLICIT_ALTERNATIVE_ETIOLOGY
E11.3212,"Type 2 diabetes mellitus with mild nonproliferative diabetic retinopathy with macular edema, left eye",98,16,CONFIGURED_ICD_CATEGORY | ATOM_PHRASE_MATCH,,,ALTERNATIVE_OR_GUARDRAIL_REVIEW,diabetes,diabetes,"diabetes:10.0(phrase;same_icd_category;tokens=diabete,diabetic,mellitu,type)",EXPLICIT_ALTERNATIVE_ETIOLOGY
E11.3531,"Type 2 diabetes mellitus with proliferative diabetic retinopathy with traction retinal detachment not involving the macula, right eye",68,16,CONFIGURED_ICD_CATEGORY | ATOM_PHRASE_MATCH,,,ALTERNATIVE_OR_GUARDRAIL_REVIEW,diabetes,diabetes,"diabetes:10.0(phrase;same_icd_category;tokens=diabete,diabetic,mellitu,type)",EXPLICIT_ALTERNATIVE_ETIOLOGY
M32.0,Drug-induced systemic lupus erythematosus,101,16,ATOM_PHRASE_MATCH,,,ALTERNATIVE_OR_GUARDRAIL_REVIEW,autoimmune_disease,autoimmune disease,"autoimmune_disease:8.0(phrase;tokens=erythematosu,lupus,systemic)",EXPLICIT_ALTERNATIVE_ETIOLOGY
E08.319,Diabetes mellitus due to underlying condition with unspecified diabetic retinopathy without macular edema,92,15,ATOM_PHRASE_MATCH,,,ALTERNATIVE_OR_GUARDRAIL_REVIEW,diabetes,diabetes,"diabetes:8.0(phrase;tokens=diabete,diabetic,mellitu)",EXPLICIT_ALTERNATIVE_ETIOLOGY
O24.019,"Pre-existing type 1 diabetes mellitus, in pregnancy, unspecified trimester",119,15,ATOM_PHRASE_MATCH,,,ALTERNATIVE_OR_GUARDRAIL_REVIEW,diabetes,diabetes,"diabetes:8.0(phrase;tokens=diabete,mellitu,type)",EXPLICIT_ALTERNATIVE_ETIOLOGY
S06.369A,"Traumatic hemorrhage of cerebrum, unspecified, with loss of consciousness of unspecified duration, initial encounter",175,15,ATOM_PHRASE_MATCH,,,ALTERNATIVE_OR_GUARDRAIL_REVIEW,syncope,Syncope / presyncope,"syncope:7.0(phrase;tokens=consciousness,loss)",EXPLICIT_ALTERNATIVE_ETIOLOGY
S06.6X9D,"Traumatic subarachnoid hemorrhage with loss of consciousness of unspecified duration, subsequent encounter",139,15,ATOM_PHRASE_MATCH,,,ALTERNATIVE_OR_GUARDRAIL_REVIEW,syncope,Syncope / presyncope,"syncope:7.0(phrase;tokens=consciousness,loss)",EXPLICIT_ALTERNATIVE_ETIOLOGY
E10.3553,"Type 1 diabetes mellitus with stable proliferative diabetic retinopathy, bilateral",159,14,ATOM_PHRASE_MATCH,,,ALTERNATIVE_OR_GUARDRAIL_REVIEW,diabetes,diabetes,"diabetes:8.0(phrase;tokens=diabete,diabetic,mellitu,type)",EXPLICIT_ALTERNATIVE_ETIOLOGY
E10.3599,"Type 1 diabetes mellitus with proliferative diabetic retinopathy without macular edema, unspecified eye",168,14,ATOM_PHRASE_MATCH,,,ALTERNATIVE_OR_GUARDRAIL_REVIEW,diabetes,diabetes,"diabetes:8.0(phrase;tokens=diabete,diabetic,mellitu,type)",EXPLICIT_ALTERNATIVE_ETIOLOGY
O24.311,"Unspecified pre-existing diabetes mellitus in pregnancy, first trimester",67,14,ATOM_PHRASE_MATCH,,,ALTERNATIVE_OR_GUARDRAIL_REVIEW,diabetes,diabetes,"diabetes:7.0(phrase;tokens=diabete,mellitu)",EXPLICIT_ALTERNATIVE_ETIOLOGY
E11.3552,"Type 2 diabetes mellitus with stable proliferative diabetic retinopathy, left eye",125,13,CONFIGURED_ICD_CATEGORY | ATOM_PHRASE_MATCH,,,ALTERNATIVE_OR_GUARDRAIL_REVIEW,diabetes,diabetes,"diabetes:10.0(phrase;same_icd_category;tokens=diabete,diabetic,mellitu,type)",EXPLICIT_ALTERNATIVE_ETIOLOGY
O24.813,"Other pre-existing diabetes mellitus in pregnancy, third trimester",22,13,ATOM_PHRASE_MATCH,,,ALTERNATIVE_OR_GUARDRAIL_REVIEW,diabetes,diabetes,"diabetes:7.0(phrase;tokens=diabete,mellitu)",EXPLICIT_ALTERNATIVE_ETIOLOGY
O24.919,"Unspecified diabetes mellitus in pregnancy, unspecified trimester",41,13,ATOM_PHRASE_MATCH,,,ALTERNATIVE_OR_GUARDRAIL_REVIEW,diabetes,diabetes,"diabetes:7.0(phrase;tokens=diabete,mellitu)",EXPLICIT_ALTERNATIVE_ETIOLOGY
S06.349A,"Traumatic hemorrhage of right cerebrum with loss of consciousness of unspecified duration, initial encounter",225,13,ATOM_PHRASE_MATCH,,,ALTERNATIVE_OR_GUARDRAIL_REVIEW,syncope,Syncope / presyncope,"syncope:7.0(phrase;tokens=consciousness,loss)",EXPLICIT_ALTERNATIVE_ETIOLOGY
S06.34AA,"Traumatic hemorrhage of right cerebrum with loss of consciousness status unknown, initial encounter",126,13,ATOM_PHRASE_MATCH,,,ALTERNATIVE_OR_GUARDRAIL_REVIEW,syncope,Syncope / presyncope,"syncope:7.0(phrase;tokens=consciousness,loss)",EXPLICIT_ALTERNATIVE_ETIOLOGY
E10.3299,"Type 1 diabetes mellitus with mild nonproliferative diabetic retinopathy without macular edema, unspecified eye",430,12,ATOM_PHRASE_MATCH,,,ALTERNATIVE_OR_GUARDRAIL_REVIEW,diabetes,diabetes,"diabetes:8.0(phrase;tokens=diabete,diabetic,mellitu,type)",EXPLICIT_ALTERNATIVE_ETIOLOGY
S06.301A,"Unspecified focal traumatic brain injury with loss of consciousness of 30 minutes or less, initial encounter",44,12,ATOM_PHRASE_MATCH,,,ALTERNATIVE_OR_GUARDRAIL_REVIEW,syncope,Syncope / presyncope,"syncope:7.0(phrase;tokens=consciousness,loss)",EXPLICIT_ALTERNATIVE_ETIOLOGY
E11.3499,"Type 2 diabetes mellitus with severe nonproliferative diabetic retinopathy without macular edema, unspecified eye",90,11,CONFIGURED_ICD_CATEGORY | ATOM_PHRASE_MATCH,,,ALTERNATIVE_OR_GUARDRAIL_REVIEW,diabetes,diabetes,"diabetes:10.0(phrase;same_icd_category;tokens=diabete,diabetic,mellitu,type)",EXPLICIT_ALTERNATIVE_ETIOLOGY
E13.3593,"Other specified diabetes mellitus with proliferative diabetic retinopathy without macular edema, bilateral",66,11,ATOM_PHRASE_MATCH,,,ALTERNATIVE_OR_GUARDRAIL_REVIEW,diabetes,diabetes,"diabetes:8.0(phrase;tokens=diabete,diabetic,mellitu)",EXPLICIT_ALTERNATIVE_ETIOLOGY
S06.30AA,"Unspecified focal traumatic brain injury with loss of consciousness status unknown, initial encounter",29,11,ATOM_PHRASE_MATCH,,,ALTERNATIVE_OR_GUARDRAIL_REVIEW,syncope,Syncope / presyncope,"syncope:7.0(phrase;tokens=consciousness,loss)",EXPLICIT_ALTERNATIVE_ETIOLOGY
S06.360D,"Traumatic hemorrhage of cerebrum, unspecified, without loss of consciousness, subsequent encounter",26,11,ATOM_PHRASE_MATCH,,,ALTERNATIVE_OR_GUARDRAIL_REVIEW,syncope,Syncope / presyncope,"syncope:7.0(phrase;tokens=consciousness,loss)",EXPLICIT_ALTERNATIVE_ETIOLOGY
E08.3511,"Diabetes mellitus due to underlying condition with proliferative diabetic retinopathy with macular edema, right eye",169,10,ATOM_PHRASE_MATCH,,,ALTERNATIVE_OR_GUARDRAIL_REVIEW,diabetes,diabetes,"diabetes:8.0(phrase;tokens=diabete,diabetic,mellitu)",EXPLICIT_ALTERNATIVE_ETIOLOGY
E08.3512,"Diabetes mellitus due to underlying condition with proliferative diabetic retinopathy with macular edema, left eye",132,10,ATOM_PHRASE_MATCH,,,ALTERNATIVE_OR_GUARDRAIL_REVIEW,diabetes,diabetes,"diabetes:8.0(phrase;tokens=diabete,diabetic,mellitu)",EXPLICIT_ALTERNATIVE_ETIOLOGY
S06.2X9D,"Diffuse traumatic brain injury with loss of consciousness of unspecified duration, subsequent encounter",115,10,ATOM_PHRASE_MATCH,,,ALTERNATIVE_OR_GUARDRAIL_REVIEW,syncope,Syncope / presyncope,"syncope:7.0(phrase;tokens=consciousness,loss)",EXPLICIT_ALTERNATIVE_ETIOLOGY
E10.36,Type 1 diabetes mellitus with diabetic cataract,103,9,ATOM_PHRASE_MATCH,,,ALTERNATIVE_OR_GUARDRAIL_REVIEW,diabetes,diabetes,"diabetes:8.0(phrase;tokens=diabete,diabetic,mellitu,type)",EXPLICIT_ALTERNATIVE_ETIOLOGY
E11.3319,"Type 2 diabetes mellitus with moderate nonproliferative diabetic retinopathy with macular edema, unspecified eye",174,9,CONFIGURED_ICD_CATEGORY | ATOM_PHRASE_MATCH,,,ALTERNATIVE_OR_GUARDRAIL_REVIEW,diabetes,diabetes,"diabetes:10.0(phrase;same_icd_category;tokens=diabete,diabetic,mellitu,type)",EXPLICIT_ALTERNATIVE_ETIOLOGY
E11.3492,"Type 2 diabetes mellitus with severe nonproliferative diabetic retinopathy without macular edema, left eye",95,9,CONFIGURED_ICD_CATEGORY | ATOM_PHRASE_MATCH,,,ALTERNATIVE_OR_GUARDRAIL_REVIEW,diabetes,diabetes,"diabetes:10.0(phrase;same_icd_category;tokens=diabete,diabetic,mellitu,type)",EXPLICIT_ALTERNATIVE_ETIOLOGY
S06.309A,"Unspecified focal traumatic brain injury with loss of consciousness of unspecified duration, initial encounter",85,9,ATOM_PHRASE_MATCH,,,ALTERNATIVE_OR_GUARDRAIL_REVIEW,syncope,Syncope / presyncope,"syncope:7.0(phrase;tokens=consciousness,loss)",EXPLICIT_ALTERNATIVE_ETIOLOGY
S06.359A,"Traumatic hemorrhage of left cerebrum with loss of consciousness of unspecified duration, initial encounter",237,9,ATOM_PHRASE_MATCH,,,ALTERNATIVE_OR_GUARDRAIL_REVIEW,syncope,Syncope / presyncope,"syncope:7.0(phrase;tokens=consciousness,loss)",EXPLICIT_ALTERNATIVE_ETIOLOGY
S06.35AA,"Traumatic hemorrhage of left cerebrum with loss of consciousness status unknown, initial encounter",66,9,ATOM_PHRASE_MATCH,,,ALTERNATIVE_OR_GUARDRAIL_REVIEW,syncope,Syncope / presyncope,"syncope:7.0(phrase;tokens=consciousness,loss)",EXPLICIT_ALTERNATIVE_ETIOLOGY
S06.361A,"Traumatic hemorrhage of cerebrum, unspecified, with loss of consciousness of 30 minutes or less, initial encounter",56,9,ATOM_PHRASE_MATCH,,,ALTERNATIVE_OR_GUARDRAIL_REVIEW,syncope,Syncope / presyncope,"syncope:7.0(phrase;tokens=consciousness,loss)",EXPLICIT_ALTERNATIVE_ETIOLOGY
E08.618,Diabetes mellitus due to underlying condition with other diabetic arthropathy,23,8,ATOM_PHRASE_MATCH,,,ALTERNATIVE_OR_GUARDRAIL_REVIEW,diabetes,diabetes,"diabetes:8.0(phrase;tokens=diabete,diabetic,mellitu)",EXPLICIT_ALTERNATIVE_ETIOLOGY
E10.3513,"Type 1 diabetes mellitus with proliferative diabetic retinopathy with macular edema, bilateral",77,8,ATOM_PHRASE_MATCH,,,ALTERNATIVE_OR_GUARDRAIL_REVIEW,diabetes,diabetes,"diabetes:8.0(phrase;tokens=diabete,diabetic,mellitu,type)",EXPLICIT_ALTERNATIVE_ETIOLOGY
E11.3491,"Type 2 diabetes mellitus with severe nonproliferative diabetic retinopathy without macular edema, right eye",72,8,CONFIGURED_ICD_CATEGORY | ATOM_PHRASE_MATCH,,,ALTERNATIVE_OR_GUARDRAIL_REVIEW,diabetes,diabetes,"diabetes:10.0(phrase;same_icd_category;tokens=diabete,diabetic,mellitu,type)",EXPLICIT_ALTERNATIVE_ETIOLOGY
E11.3533,"Type 2 diabetes mellitus with proliferative diabetic retinopathy with traction retinal detachment not involving the macula, bilateral",44,8,CONFIGURED_ICD_CATEGORY | ATOM_PHRASE_MATCH,,,ALTERNATIVE_OR_GUARDRAIL_REVIEW,diabetes,diabetes,"diabetes:10.0(phrase;same_icd_category;tokens=diabete,diabetic,mellitu,type)",EXPLICIT_ALTERNATIVE_ETIOLOGY
S06.6X3A,"Traumatic subarachnoid hemorrhage with loss of consciousness of 1 hour to 5 hours 59 minutes, initial encounter",183,8,ATOM_PHRASE_MATCH,,,ALTERNATIVE_OR_GUARDRAIL_REVIEW,syncope,Syncope / presyncope,"syncope:7.0(phrase;tokens=consciousness,loss)",EXPLICIT_ALTERNATIVE_ETIOLOGY
E08.3293,"Diabetes mellitus due to underlying condition with mild nonproliferative diabetic retinopathy without macular edema, bilateral",47,7,ATOM_PHRASE_MATCH,,,ALTERNATIVE_OR_GUARDRAIL_REVIEW,diabetes,diabetes,"diabetes:8.0(phrase;tokens=diabete,diabetic,mellitu)",EXPLICIT_ALTERNATIVE_ETIOLOGY
E08.36,Diabetes mellitus due to underlying condition with diabetic cataract,17,7,ATOM_PHRASE_MATCH,,,ALTERNATIVE_OR_GUARDRAIL_REVIEW,diabetes,diabetes,"diabetes:8.0(phrase;tokens=diabete,diabetic,mellitu)",EXPLICIT_ALTERNATIVE_ETIOLOGY
E10.3292,"Type 1 diabetes mellitus with mild nonproliferative diabetic retinopathy without macular edema, left eye",67,7,ATOM_PHRASE_MATCH,,,ALTERNATIVE_OR_GUARDRAIL_REVIEW,diabetes,diabetes,"diabetes:8.0(phrase;tokens=diabete,diabetic,mellitu,type)",EXPLICIT_ALTERNATIVE_ETIOLOGY
E10.3393,"Type 1 diabetes mellitus with moderate nonproliferative diabetic retinopathy without macular edema, bilateral",52,7,ATOM_PHRASE_MATCH,,,ALTERNATIVE_OR_GUARDRAIL_REVIEW,diabetes,diabetes,"diabetes:8.0(phrase;tokens=diabete,diabetic,mellitu,type)",EXPLICIT_ALTERNATIVE_ETIOLOGY
E10.52,Type 1 diabetes mellitus with diabetic peripheral angiopathy with gangrene,83,7,ATOM_PHRASE_MATCH,,,ALTERNATIVE_OR_GUARDRAIL_REVIEW,diabetes,diabetes,"diabetes:8.0(phrase;tokens=diabete,diabetic,mellitu,type)",EXPLICIT_ALTERNATIVE_ETIOLOGY
E11.3419,"Type 2 diabetes mellitus with severe nonproliferative diabetic retinopathy with macular edema, unspecified eye",166,7,CONFIGURED_ICD_CATEGORY | ATOM_PHRASE_MATCH,,,ALTERNATIVE_OR_GUARDRAIL_REVIEW,diabetes,diabetes,"diabetes:10.0(phrase;same_icd_category;tokens=diabete,diabetic,mellitu,type)",EXPLICIT_ALTERNATIVE_ETIOLOGY
E11.3542,"Type 2 diabetes mellitus with proliferative diabetic retinopathy with combined traction retinal detachment and rhegmatogenous retinal detachment, left eye",34,7,CONFIGURED_ICD_CATEGORY | ATOM_PHRASE_MATCH,,,ALTERNATIVE_OR_GUARDRAIL_REVIEW,diabetes,diabetes,"diabetes:10.0(phrase;same_icd_category;tokens=diabete,diabetic,mellitu,type)",EXPLICIT_ALTERNATIVE_ETIOLOGY
E11.37X9,"Type 2 diabetes mellitus with diabetic macular edema, resolved following treatment, unspecified eye",101,7,CONFIGURED_ICD_CATEGORY | ATOM_PHRASE_MATCH,,,ALTERNATIVE_OR_GUARDRAIL_REVIEW,diabetes,diabetes,"diabetes:10.0(phrase;same_icd_category;tokens=diabete,diabetic,mellitu,type)",EXPLICIT_ALTERNATIVE_ETIOLOGY
E13.36,Other specified diabetes mellitus with diabetic cataract,34,7,ATOM_PHRASE_MATCH,,,ALTERNATIVE_OR_GUARDRAIL_REVIEW,diabetes,diabetes,"diabetes:8.0(phrase;tokens=diabete,diabetic,mellitu)",EXPLICIT_ALTERNATIVE_ETIOLOGY
E13.39,Other specified diabetes mellitus with other diabetic ophthalmic complication,49,7,ATOM_PHRASE_MATCH,,,ALTERNATIVE_OR_GUARDRAIL_REVIEW,diabetes,diabetes,"diabetes:8.0(phrase;tokens=diabete,diabetic,mellitu)",EXPLICIT_ALTERNATIVE_ETIOLOGY
S06.2X5D,"Diffuse traumatic brain injury with loss of consciousness greater than 24 hours with return to pre-existing conscious levels, subsequent encounter",31,7,ATOM_PHRASE_MATCH,,,ALTERNATIVE_OR_GUARDRAIL_REVIEW,age_excessive_snhl | syncope,Bilateral sensorineural hearing loss disproportionate to age | Syncope / presyncope,"syncope:7.0(phrase;tokens=consciousness,loss) | age_excessive_snhl:3.0(tokens=greater,loss,than)",EXPLICIT_ALTERNATIVE_ETIOLOGY
S06.300A,"Unspecified focal traumatic brain injury without loss of consciousness, initial encounter",96,7,ATOM_PHRASE_MATCH,,,ALTERNATIVE_OR_GUARDRAIL_REVIEW,syncope,Syncope / presyncope,"syncope:7.0(phrase;tokens=consciousness,loss)",EXPLICIT_ALTERNATIVE_ETIOLOGY
E08.3513,"Diabetes mellitus due to underlying condition with proliferative diabetic retinopathy with macular edema, bilateral",18,6,ATOM_PHRASE_MATCH,,,ALTERNATIVE_OR_GUARDRAIL_REVIEW,diabetes,diabetes,"diabetes:8.0(phrase;tokens=diabete,diabetic,mellitu)",EXPLICIT_ALTERNATIVE_ETIOLOGY
E08.51,Diabetes mellitus due to underlying condition with diabetic peripheral angiopathy without gangrene,14,6,ATOM_PHRASE_MATCH,,,ALTERNATIVE_OR_GUARDRAIL_REVIEW,diabetes,diabetes,"diabetes:8.0(phrase;tokens=diabete,diabetic,mellitu)",EXPLICIT_ALTERNATIVE_ETIOLOGY
E10.618,Type 1 diabetes mellitus with other diabetic arthropathy,28,6,ATOM_PHRASE_MATCH,,,ALTERNATIVE_OR_GUARDRAIL_REVIEW,diabetes,diabetes,"diabetes:8.0(phrase;tokens=diabete,diabetic,mellitu,type)",EXPLICIT_ALTERNATIVE_ETIOLOGY
E11.3539,"Type 2 diabetes mellitus with proliferative diabetic retinopathy with traction retinal detachment not involving the macula, unspecified eye",16,6,CONFIGURED_ICD_CATEGORY | ATOM_PHRASE_MATCH,,,ALTERNATIVE_OR_GUARDRAIL_REVIEW,diabetes,diabetes,"diabetes:10.0(phrase;same_icd_category;tokens=diabete,diabetic,mellitu,type)",EXPLICIT_ALTERNATIVE_ETIOLOGY
S06.2X6D,"Diffuse traumatic brain injury with loss of consciousness greater than 24 hours without return to pre-existing conscious level with patient surviving, subsequent encounter",24,6,ATOM_PHRASE_MATCH,,,ALTERNATIVE_OR_GUARDRAIL_REVIEW,age_excessive_snhl | syncope,Bilateral sensorineural hearing loss disproportionate to age | Syncope / presyncope,"syncope:7.0(phrase;tokens=consciousness,loss) | age_excessive_snhl:3.0(tokens=greater,loss,than)",EXPLICIT_ALTERNATIVE_ETIOLOGY
S06.341A,"Traumatic hemorrhage of right cerebrum with loss of consciousness of 30 minutes or less, initial encounter",65,6,ATOM_PHRASE_MATCH,,,ALTERNATIVE_OR_GUARDRAIL_REVIEW,syncope,Syncope / presyncope,"syncope:7.0(phrase;tokens=consciousness,loss)",EXPLICIT_ALTERNATIVE_ETIOLOGY
E08.311,Diabetes mellitus due to underlying condition with unspecified diabetic retinopathy with macular edema,7,5,ATOM_PHRASE_MATCH,,,ALTERNATIVE_OR_GUARDRAIL_REVIEW,diabetes,diabetes,"diabetes:8.0(phrase;tokens=diabete,diabetic,mellitu)",EXPLICIT_ALTERNATIVE_ETIOLOGY
E08.3593,"Diabetes mellitus due to underlying condition with proliferative diabetic retinopathy without macular edema, bilateral",24,5,ATOM_PHRASE_MATCH,,,ALTERNATIVE_OR_GUARDRAIL_REVIEW,diabetes,diabetes,"diabetes:8.0(phrase;tokens=diabete,diabetic,mellitu)",EXPLICIT_ALTERNATIVE_ETIOLOGY
E08.620,Diabetes mellitus due to underlying condition with diabetic dermatitis,24,5,ATOM_PHRASE_MATCH,,,ALTERNATIVE_OR_GUARDRAIL_REVIEW,diabetes,diabetes,"diabetes:8.0(phrase;tokens=diabete,diabetic,mellitu)",EXPLICIT_ALTERNATIVE_ETIOLOGY
E10.3399,"Type 1 diabetes mellitus with moderate nonproliferative diabetic retinopathy without macular edema, unspecified eye",24,5,ATOM_PHRASE_MATCH,,,ALTERNATIVE_OR_GUARDRAIL_REVIEW,diabetes,diabetes,"diabetes:8.0(phrase;tokens=diabete,diabetic,mellitu,type)",EXPLICIT_ALTERNATIVE_ETIOLOGY
E11.3541,"Type 2 diabetes mellitus with proliferative diabetic retinopathy with combined traction retinal detachment and rhegmatogenous retinal detachment, right eye",26,5,CONFIGURED_ICD_CATEGORY | ATOM_PHRASE_MATCH,,,ALTERNATIVE_OR_GUARDRAIL_REVIEW,diabetes,diabetes,"diabetes:10.0(phrase;same_icd_category;tokens=diabete,diabetic,mellitu,type)",EXPLICIT_ALTERNATIVE_ETIOLOGY
E11.37X3,"Type 2 diabetes mellitus with diabetic macular edema, resolved following treatment, bilateral",126,5,CONFIGURED_ICD_CATEGORY | ATOM_PHRASE_MATCH,,,ALTERNATIVE_OR_GUARDRAIL_REVIEW,diabetes | v41_attrwt_pattern_gate,Cardiac ATTR-compatible phenotype + orthopedic prodrome with genotype unresolved | diabetes,"diabetes:10.0(phrase;same_icd_category;tokens=diabete,diabetic,mellitu,type) | v41_attrwt_pattern_gate:3.0(tokens=bilateral,follow,type)",EXPLICIT_ALTERNATIVE_ETIOLOGY
E13.3599,"Other specified diabetes mellitus with proliferative diabetic retinopathy without macular edema, unspecified eye",22,5,ATOM_PHRASE_MATCH,,,ALTERNATIVE_OR_GUARDRAIL_REVIEW,diabetes,diabetes,"diabetes:8.0(phrase;tokens=diabete,diabetic,mellitu)",EXPLICIT_ALTERNATIVE_ETIOLOGY
S06.2X1A,"Diffuse traumatic brain injury with loss of consciousness of 30 minutes or less, initial encounter",32,5,ATOM_PHRASE_MATCH,,,ALTERNATIVE_OR_GUARDRAIL_REVIEW,syncope,Syncope / presyncope,"syncope:7.0(phrase;tokens=consciousness,loss)",EXPLICIT_ALTERNATIVE_ETIOLOGY
S06.5XAS,"Traumatic subdural hemorrhage with loss of consciousness status unknown, sequela",10,5,ATOM_PHRASE_MATCH,,,ALTERNATIVE_OR_GUARDRAIL_REVIEW,syncope,Syncope / presyncope,"syncope:7.0(phrase;tokens=consciousness,loss)",EXPLICIT_ALTERNATIVE_ETIOLOGY
E08.3291,"Diabetes mellitus due to underlying condition with mild nonproliferative diabetic retinopathy without macular edema, right eye",16,4,ATOM_PHRASE_MATCH,,,ALTERNATIVE_OR_GUARDRAIL_REVIEW,diabetes,diabetes,"diabetes:8.0(phrase;tokens=diabete,diabetic,mellitu)",EXPLICIT_ALTERNATIVE_ETIOLOGY
E10.311,Type 1 diabetes mellitus with unspecified diabetic retinopathy with macular edema,257,4,ATOM_PHRASE_MATCH,,,ALTERNATIVE_OR_GUARDRAIL_REVIEW,diabetes,diabetes,"diabetes:8.0(phrase;tokens=diabete,diabetic,mellitu,type)",EXPLICIT_ALTERNATIVE_ETIOLOGY
E10.3313,"Type 1 diabetes mellitus with moderate nonproliferative diabetic retinopathy with macular edema, bilateral",149,4,ATOM_PHRASE_MATCH,,,ALTERNATIVE_OR_GUARDRAIL_REVIEW,diabetes,diabetes,"diabetes:8.0(phrase;tokens=diabete,diabetic,mellitu,type)",EXPLICIT_ALTERNATIVE_ETIOLOGY
E10.3413,"Type 1 diabetes mellitus with severe nonproliferative diabetic retinopathy with macular edema, bilateral",32,4,ATOM_PHRASE_MATCH,,,ALTERNATIVE_OR_GUARDRAIL_REVIEW,diabetes,diabetes,"diabetes:8.0(phrase;tokens=diabete,diabetic,mellitu,type)",EXPLICIT_ALTERNATIVE_ETIOLOGY
E10.3592,"Type 1 diabetes mellitus with proliferative diabetic retinopathy without macular edema, left eye",16,4,ATOM_PHRASE_MATCH,,,ALTERNATIVE_OR_GUARDRAIL_REVIEW,diabetes,diabetes,"diabetes:8.0(phrase;tokens=diabete,diabetic,mellitu,type)",EXPLICIT_ALTERNATIVE_ETIOLOGY
E13.3299,"Other specified diabetes mellitus with mild nonproliferative diabetic retinopathy without macular edema, unspecified eye",10,4,ATOM_PHRASE_MATCH,,,ALTERNATIVE_OR_GUARDRAIL_REVIEW,diabetes,diabetes,"diabetes:8.0(phrase;tokens=diabete,diabetic,mellitu)",EXPLICIT_ALTERNATIVE_ETIOLOGY
P70.2,Neonatal diabetes mellitus,49,4,ATOM_PHRASE_MATCH,,,ALTERNATIVE_OR_GUARDRAIL_REVIEW,diabetes,diabetes,"diabetes:7.0(phrase;tokens=diabete,mellitu)",EXPLICIT_ALTERNATIVE_ETIOLOGY
S06.2X9S,"Diffuse traumatic brain injury with loss of consciousness of unspecified duration, sequela",10,4,ATOM_PHRASE_MATCH,,,ALTERNATIVE_OR_GUARDRAIL_REVIEW,syncope,Syncope / presyncope,"syncope:7.0(phrase;tokens=consciousness,loss)",EXPLICIT_ALTERNATIVE_ETIOLOGY
S06.350A,"Traumatic hemorrhage of left cerebrum without loss of consciousness, initial encounter",89,4,ATOM_PHRASE_MATCH,,,ALTERNATIVE_OR_GUARDRAIL_REVIEW,syncope,Syncope / presyncope,"syncope:7.0(phrase;tokens=consciousness,loss)",EXPLICIT_ALTERNATIVE_ETIOLOGY
S06.35AD,"Traumatic hemorrhage of left cerebrum with loss of consciousness status unknown, subsequent encounter",14,4,ATOM_PHRASE_MATCH,,,ALTERNATIVE_OR_GUARDRAIL_REVIEW,syncope,Syncope / presyncope,"syncope:7.0(phrase;tokens=consciousness,loss)",EXPLICIT_ALTERNATIVE_ETIOLOGY
S06.369D,"Traumatic hemorrhage of cerebrum, unspecified, with loss of consciousness of unspecified duration, subsequent encounter",25,4,ATOM_PHRASE_MATCH,,,ALTERNATIVE_OR_GUARDRAIL_REVIEW,syncope,Syncope / presyncope,"syncope:7.0(phrase;tokens=consciousness,loss)",EXPLICIT_ALTERNATIVE_ETIOLOGY
S06.36AD,"Traumatic hemorrhage of cerebrum, unspecified, with loss of consciousness status unknown, subsequent encounter",19,4,ATOM_PHRASE_MATCH,,,ALTERNATIVE_OR_GUARDRAIL_REVIEW,syncope,Syncope / presyncope,"syncope:7.0(phrase;tokens=consciousness,loss)",EXPLICIT_ALTERNATIVE_ETIOLOGY
S06.5X1D,"Traumatic subdural hemorrhage with loss of consciousness of 30 minutes or less, subsequent encounter",11,4,ATOM_PHRASE_MATCH,,,ALTERNATIVE_OR_GUARDRAIL_REVIEW,syncope,Syncope / presyncope,"syncope:7.0(phrase;tokens=consciousness,loss)",EXPLICIT_ALTERNATIVE_ETIOLOGY
E08.3541,"Diabetes mellitus due to underlying condition with proliferative diabetic retinopathy with combined traction retinal detachment and rhegmatogenous retinal detachment, right eye",7,3,ATOM_PHRASE_MATCH,,,ALTERNATIVE_OR_GUARDRAIL_REVIEW,diabetes,diabetes,"diabetes:8.0(phrase;tokens=diabete,diabetic,mellitu)",EXPLICIT_ALTERNATIVE_ETIOLOGY
E08.3553,"Diabetes mellitus due to underlying condition with stable proliferative diabetic retinopathy, bilateral",56,3,ATOM_PHRASE_MATCH,,,ALTERNATIVE_OR_GUARDRAIL_REVIEW,diabetes,diabetes,"diabetes:8.0(phrase;tokens=diabete,diabetic,mellitu)",EXPLICIT_ALTERNATIVE_ETIOLOGY
E08.3591,"Diabetes mellitus due to underlying condition with proliferative diabetic retinopathy without macular edema, right eye",9,3,ATOM_PHRASE_MATCH,,,ALTERNATIVE_OR_GUARDRAIL_REVIEW,diabetes,diabetes,"diabetes:8.0(phrase;tokens=diabete,diabetic,mellitu)",EXPLICIT_ALTERNATIVE_ETIOLOGY
E08.49,Diabetes mellitus due to underlying condition with other diabetic neurological complication,6,3,ATOM_PHRASE_MATCH,,,ALTERNATIVE_OR_GUARDRAIL_REVIEW,diabetes,diabetes,"diabetes:8.0(phrase;tokens=diabete,diabetic,mellitu)",EXPLICIT_ALTERNATIVE_ETIOLOGY
E08.610,Diabetes mellitus due to underlying condition with diabetic neuropathic arthropathy,4,3,ATOM_PHRASE_MATCH,,,ALTERNATIVE_OR_GUARDRAIL_REVIEW,charcot_arthropathy | diabetes,charcot arthropathy | diabetes,"diabetes:8.0(phrase;tokens=diabete,diabetic,mellitu) | charcot_arthropathy:7.0(phrase;tokens=arthropathy,neuropathic)",EXPLICIT_ALTERNATIVE_ETIOLOGY
E10.3213,"Type 1 diabetes mellitus with mild nonproliferative diabetic retinopathy with macular edema, bilateral",16,3,ATOM_PHRASE_MATCH,,,ALTERNATIVE_OR_GUARDRAIL_REVIEW,diabetes,diabetes,"diabetes:8.0(phrase;tokens=diabete,diabetic,mellitu,type)",EXPLICIT_ALTERNATIVE_ETIOLOGY
E10.3391,"Type 1 diabetes mellitus with moderate nonproliferative diabetic retinopathy without macular edema, right eye",64,3,ATOM_PHRASE_MATCH,,,ALTERNATIVE_OR_GUARDRAIL_REVIEW,diabetes,diabetes,"diabetes:8.0(phrase;tokens=diabete,diabetic,mellitu,type)",EXPLICIT_ALTERNATIVE_ETIOLOGY
E13.3393,"Other specified diabetes mellitus with moderate nonproliferative diabetic retinopathy without macular edema, bilateral",7,3,ATOM_PHRASE_MATCH,,,ALTERNATIVE_OR_GUARDRAIL_REVIEW,diabetes,diabetes,"diabetes:8.0(phrase;tokens=diabete,diabetic,mellitu)",EXPLICIT_ALTERNATIVE_ETIOLOGY
E13.3399,"Other specified diabetes mellitus with moderate nonproliferative diabetic retinopathy without macular edema, unspecified eye",7,3,ATOM_PHRASE_MATCH,,,ALTERNATIVE_OR_GUARDRAIL_REVIEW,diabetes,diabetes,"diabetes:8.0(phrase;tokens=diabete,diabetic,mellitu)",EXPLICIT_ALTERNATIVE_ETIOLOGY
E13.3591,"Other specified diabetes mellitus with proliferative diabetic retinopathy without macular edema, right eye",5,3,ATOM_PHRASE_MATCH,,,ALTERNATIVE_OR_GUARDRAIL_REVIEW,diabetes,diabetes,"diabetes:8.0(phrase;tokens=diabete,diabetic,mellitu)",EXPLICIT_ALTERNATIVE_ETIOLOGY
E13.44,Other specified diabetes mellitus with diabetic amyotrophy,5,3,ATOM_PHRASE_MATCH,,,ALTERNATIVE_OR_GUARDRAIL_REVIEW,diabetes,diabetes,"diabetes:8.0(phrase;tokens=diabete,diabetic,mellitu)",EXPLICIT_ALTERNATIVE_ETIOLOGY
S06.2XAD,"Diffuse traumatic brain injury with loss of consciousness status unknown, subsequent encounter",7,3,ATOM_PHRASE_MATCH,,,ALTERNATIVE_OR_GUARDRAIL_REVIEW,syncope,Syncope / presyncope,"syncope:7.0(phrase;tokens=consciousness,loss)",EXPLICIT_ALTERNATIVE_ETIOLOGY
S06.340D,"Traumatic hemorrhage of right cerebrum without loss of consciousness, subsequent encounter",12,3,ATOM_PHRASE_MATCH,,,ALTERNATIVE_OR_GUARDRAIL_REVIEW,syncope,Syncope / presyncope,"syncope:7.0(phrase;tokens=consciousness,loss)",EXPLICIT_ALTERNATIVE_ETIOLOGY
S06.34AD,"Traumatic hemorrhage of right cerebrum with loss of consciousness status unknown, subsequent encounter",6,3,ATOM_PHRASE_MATCH,,,ALTERNATIVE_OR_GUARDRAIL_REVIEW,syncope,Syncope / presyncope,"syncope:7.0(phrase;tokens=consciousness,loss)",EXPLICIT_ALTERNATIVE_ETIOLOGY
S06.351A,"Traumatic hemorrhage of left cerebrum with loss of consciousness of 30 minutes or less, initial encounter",37,3,ATOM_PHRASE_MATCH,,,ALTERNATIVE_OR_GUARDRAIL_REVIEW,syncope,Syncope / presyncope,"syncope:7.0(phrase;tokens=consciousness,loss)",EXPLICIT_ALTERNATIVE_ETIOLOGY
S06.5X1S,"Traumatic subdural hemorrhage with loss of consciousness of 30 minutes or less, sequela",11,3,ATOM_PHRASE_MATCH,,,ALTERNATIVE_OR_GUARDRAIL_REVIEW,syncope,Syncope / presyncope,"syncope:7.0(phrase;tokens=consciousness,loss)",EXPLICIT_ALTERNATIVE_ETIOLOGY
S06.6X1D,"Traumatic subarachnoid hemorrhage with loss of consciousness of 30 minutes or less, subsequent encounter",9,3,ATOM_PHRASE_MATCH,,,ALTERNATIVE_OR_GUARDRAIL_REVIEW,syncope,Syncope / presyncope,"syncope:7.0(phrase;tokens=consciousness,loss)",EXPLICIT_ALTERNATIVE_ETIOLOGY
E08.3213,"Diabetes mellitus due to underlying condition with mild nonproliferative diabetic retinopathy with macular edema, bilateral",12,2,ATOM_PHRASE_MATCH,,,ALTERNATIVE_OR_GUARDRAIL_REVIEW,diabetes,diabetes,"diabetes:8.0(phrase;tokens=diabete,diabetic,mellitu)",EXPLICIT_ALTERNATIVE_ETIOLOGY
E08.3299,"Diabetes mellitus due to underlying condition with mild nonproliferative diabetic retinopathy without macular edema, unspecified eye",6,2,ATOM_PHRASE_MATCH,,,ALTERNATIVE_OR_GUARDRAIL_REVIEW,diabetes,diabetes,"diabetes:8.0(phrase;tokens=diabete,diabetic,mellitu)",EXPLICIT_ALTERNATIVE_ETIOLOGY
E08.3393,"Diabetes mellitus due to underlying condition with moderate nonproliferative diabetic retinopathy without macular edema, bilateral",2,2,ATOM_PHRASE_MATCH,,,ALTERNATIVE_OR_GUARDRAIL_REVIEW,diabetes,diabetes,"diabetes:8.0(phrase;tokens=diabete,diabetic,mellitu)",EXPLICIT_ALTERNATIVE_ETIOLOGY
E08.3592,"Diabetes mellitus due to underlying condition with proliferative diabetic retinopathy without macular edema, left eye",7,2,ATOM_PHRASE_MATCH,,,ALTERNATIVE_OR_GUARDRAIL_REVIEW,diabetes,diabetes,"diabetes:8.0(phrase;tokens=diabete,diabetic,mellitu)",EXPLICIT_ALTERNATIVE_ETIOLOGY
E08.3599,"Diabetes mellitus due to underlying condition with proliferative diabetic retinopathy without macular edema, unspecified eye",8,2,ATOM_PHRASE_MATCH,,,ALTERNATIVE_OR_GUARDRAIL_REVIEW,diabetes,diabetes,"diabetes:8.0(phrase;tokens=diabete,diabetic,mellitu)",EXPLICIT_ALTERNATIVE_ETIOLOGY
E08.52,Diabetes mellitus due to underlying condition with diabetic peripheral angiopathy with gangrene,11,2,ATOM_PHRASE_MATCH,,,ALTERNATIVE_OR_GUARDRAIL_REVIEW,diabetes,diabetes,"diabetes:8.0(phrase;tokens=diabete,diabetic,mellitu)",EXPLICIT_ALTERNATIVE_ETIOLOGY
E10.3211,"Type 1 diabetes mellitus with mild nonproliferative diabetic retinopathy with macular edema, right eye",6,2,ATOM_PHRASE_MATCH,,,ALTERNATIVE_OR_GUARDRAIL_REVIEW,diabetes,diabetes,"diabetes:8.0(phrase;tokens=diabete,diabetic,mellitu,type)",EXPLICIT_ALTERNATIVE_ETIOLOGY
E10.3291,"Type 1 diabetes mellitus with mild nonproliferative diabetic retinopathy without macular edema, right eye",17,2,ATOM_PHRASE_MATCH,,,ALTERNATIVE_OR_GUARDRAIL_REVIEW,diabetes,diabetes,"diabetes:8.0(phrase;tokens=diabete,diabetic,mellitu,type)",EXPLICIT_ALTERNATIVE_ETIOLOGY
E10.3511,"Type 1 diabetes mellitus with proliferative diabetic retinopathy with macular edema, right eye",6,2,ATOM_PHRASE_MATCH,,,ALTERNATIVE_OR_GUARDRAIL_REVIEW,diabetes,diabetes,"diabetes:8.0(phrase;tokens=diabete,diabetic,mellitu,type)",EXPLICIT_ALTERNATIVE_ETIOLOGY
E10.3519,"Type 1 diabetes mellitus with proliferative diabetic retinopathy with macular edema, unspecified eye",16,2,ATOM_PHRASE_MATCH,,,ALTERNATIVE_OR_GUARDRAIL_REVIEW,diabetes,diabetes,"diabetes:8.0(phrase;tokens=diabete,diabetic,mellitu,type)",EXPLICIT_ALTERNATIVE_ETIOLOGY
E10.3559,"Type 1 diabetes mellitus with stable proliferative diabetic retinopathy, unspecified eye",39,2,ATOM_PHRASE_MATCH,,,ALTERNATIVE_OR_GUARDRAIL_REVIEW,diabetes,diabetes,"diabetes:8.0(phrase;tokens=diabete,diabetic,mellitu,type)",EXPLICIT_ALTERNATIVE_ETIOLOGY
E10.3591,"Type 1 diabetes mellitus with proliferative diabetic retinopathy without macular edema, right eye",29,2,ATOM_PHRASE_MATCH,,,ALTERNATIVE_OR_GUARDRAIL_REVIEW,diabetes,diabetes,"diabetes:8.0(phrase;tokens=diabete,diabetic,mellitu,type)",EXPLICIT_ALTERNATIVE_ETIOLOGY
E11.3529,"Type 2 diabetes mellitus with proliferative diabetic retinopathy with traction retinal detachment involving the macula, unspecified eye",17,2,CONFIGURED_ICD_CATEGORY | ATOM_PHRASE_MATCH,,,ALTERNATIVE_OR_GUARDRAIL_REVIEW,diabetes,diabetes,"diabetes:10.0(phrase;same_icd_category;tokens=diabete,diabetic,mellitu,type)",EXPLICIT_ALTERNATIVE_ETIOLOGY
E13.3313,"Other specified diabetes mellitus with moderate nonproliferative diabetic retinopathy with macular edema, bilateral",8,2,ATOM_PHRASE_MATCH,,,ALTERNATIVE_OR_GUARDRAIL_REVIEW,diabetes,diabetes,"diabetes:8.0(phrase;tokens=diabete,diabetic,mellitu)",EXPLICIT_ALTERNATIVE_ETIOLOGY
E13.3419,"Other specified diabetes mellitus with severe nonproliferative diabetic retinopathy with macular edema, unspecified eye",8,2,ATOM_PHRASE_MATCH,,,ALTERNATIVE_OR_GUARDRAIL_REVIEW,diabetes,diabetes,"diabetes:8.0(phrase;tokens=diabete,diabetic,mellitu)",EXPLICIT_ALTERNATIVE_ETIOLOGY
E13.3592,"Other specified diabetes mellitus with proliferative diabetic retinopathy without macular edema, left eye",3,2,ATOM_PHRASE_MATCH,,,ALTERNATIVE_OR_GUARDRAIL_REVIEW,diabetes,diabetes,"diabetes:8.0(phrase;tokens=diabete,diabetic,mellitu)",EXPLICIT_ALTERNATIVE_ETIOLOGY
E13.618,Other specified diabetes mellitus with other diabetic arthropathy,11,2,ATOM_PHRASE_MATCH,,,ALTERNATIVE_OR_GUARDRAIL_REVIEW,diabetes,diabetes,"diabetes:8.0(phrase;tokens=diabete,diabetic,mellitu)",EXPLICIT_ALTERNATIVE_ETIOLOGY
O24.812,"Other pre-existing diabetes mellitus in pregnancy, second trimester",7,2,ATOM_PHRASE_MATCH,,,ALTERNATIVE_OR_GUARDRAIL_REVIEW,diabetes,diabetes,"diabetes:7.0(phrase;tokens=diabete,mellitu)",EXPLICIT_ALTERNATIVE_ETIOLOGY
S06.2X0D,"Diffuse traumatic brain injury without loss of consciousness, subsequent encounter",2,2,ATOM_PHRASE_MATCH,,,ALTERNATIVE_OR_GUARDRAIL_REVIEW,syncope,Syncope / presyncope,"syncope:7.0(phrase;tokens=consciousness,loss)",EXPLICIT_ALTERNATIVE_ETIOLOGY
S06.2X1D,"Diffuse traumatic brain injury with loss of consciousness of 30 minutes or less, subsequent encounter",4,2,ATOM_PHRASE_MATCH,,,ALTERNATIVE_OR_GUARDRAIL_REVIEW,syncope,Syncope / presyncope,"syncope:7.0(phrase;tokens=consciousness,loss)",EXPLICIT_ALTERNATIVE_ETIOLOGY
S06.2X5S,"Diffuse traumatic brain injury with loss of consciousness greater than 24 hours with return to pre-existing conscious levels, sequela",13,2,ATOM_PHRASE_MATCH,,,ALTERNATIVE_OR_GUARDRAIL_REVIEW,age_excessive_snhl | syncope,Bilateral sensorineural hearing loss disproportionate to age | Syncope / presyncope,"syncope:7.0(phrase;tokens=consciousness,loss) | age_excessive_snhl:3.0(tokens=greater,loss,than)",EXPLICIT_ALTERNATIVE_ETIOLOGY
S06.2X6A,"Diffuse traumatic brain injury with loss of consciousness greater than 24 hours without return to pre-existing conscious level with patient surviving, initial encounter",10,2,ATOM_PHRASE_MATCH,,,ALTERNATIVE_OR_GUARDRAIL_REVIEW,age_excessive_snhl | syncope,Bilateral sensorineural hearing loss disproportionate to age | Syncope / presyncope,"syncope:7.0(phrase;tokens=consciousness,loss) | age_excessive_snhl:3.0(tokens=greater,loss,than)",EXPLICIT_ALTERNATIVE_ETIOLOGY
S06.2XAS,"Diffuse traumatic brain injury with loss of consciousness status unknown, sequela",11,2,ATOM_PHRASE_MATCH,,,ALTERNATIVE_OR_GUARDRAIL_REVIEW,syncope,Syncope / presyncope,"syncope:7.0(phrase;tokens=consciousness,loss)",EXPLICIT_ALTERNATIVE_ETIOLOGY
S06.300D,"Unspecified focal traumatic brain injury without loss of consciousness, subsequent encounter",10,2,ATOM_PHRASE_MATCH,,,ALTERNATIVE_OR_GUARDRAIL_REVIEW,syncope,Syncope / presyncope,"syncope:7.0(phrase;tokens=consciousness,loss)",EXPLICIT_ALTERNATIVE_ETIOLOGY
S06.309D,"Unspecified focal traumatic brain injury with loss of consciousness of unspecified duration, subsequent encounter",6,2,ATOM_PHRASE_MATCH,,,ALTERNATIVE_OR_GUARDRAIL_REVIEW,syncope,Syncope / presyncope,"syncope:7.0(phrase;tokens=consciousness,loss)",EXPLICIT_ALTERNATIVE_ETIOLOGY
S06.309S,"Unspecified focal traumatic brain injury with loss of consciousness of unspecified duration, sequela",4,2,ATOM_PHRASE_MATCH,,,ALTERNATIVE_OR_GUARDRAIL_REVIEW,syncope,Syncope / presyncope,"syncope:7.0(phrase;tokens=consciousness,loss)",EXPLICIT_ALTERNATIVE_ETIOLOGY
S06.341D,"Traumatic hemorrhage of right cerebrum with loss of consciousness of 30 minutes or less, subsequent encounter",4,2,ATOM_PHRASE_MATCH,,,ALTERNATIVE_OR_GUARDRAIL_REVIEW,syncope,Syncope / presyncope,"syncope:7.0(phrase;tokens=consciousness,loss)",EXPLICIT_ALTERNATIVE_ETIOLOGY
S06.344A,"Traumatic hemorrhage of right cerebrum with loss of consciousness of 6 hours to 24 hours, initial encounter",31,2,ATOM_PHRASE_MATCH,,,ALTERNATIVE_OR_GUARDRAIL_REVIEW,syncope,Syncope / presyncope,"syncope:7.0(phrase;tokens=consciousness,loss)",EXPLICIT_ALTERNATIVE_ETIOLOGY
S06.349D,"Traumatic hemorrhage of right cerebrum with loss of consciousness of unspecified duration, subsequent encounter",7,2,ATOM_PHRASE_MATCH,,,ALTERNATIVE_OR_GUARDRAIL_REVIEW,syncope,Syncope / presyncope,"syncope:7.0(phrase;tokens=consciousness,loss)",EXPLICIT_ALTERNATIVE_ETIOLOGY
S06.359S,"Traumatic hemorrhage of left cerebrum with loss of consciousness of unspecified duration, sequela",4,2,ATOM_PHRASE_MATCH,,,ALTERNATIVE_OR_GUARDRAIL_REVIEW,syncope,Syncope / presyncope,"syncope:7.0(phrase;tokens=consciousness,loss)",EXPLICIT_ALTERNATIVE_ETIOLOGY
S06.367A,"Traumatic hemorrhage of cerebrum, unspecified, with loss of consciousness of any duration with death due to brain injury prior to regaining consciousness, initial encounter",30,2,ATOM_PHRASE_MATCH,,,ALTERNATIVE_OR_GUARDRAIL_REVIEW,syncope,Syncope / presyncope,"syncope:7.0(phrase;tokens=consciousness,loss)",EXPLICIT_ALTERNATIVE_ETIOLOGY
S06.5X3A,"Traumatic subdural hemorrhage with loss of consciousness of 1 hour to 5 hours 59 minutes, initial encounter",42,2,ATOM_PHRASE_MATCH,,,ALTERNATIVE_OR_GUARDRAIL_REVIEW,syncope,Syncope / presyncope,"syncope:7.0(phrase;tokens=consciousness,loss)",EXPLICIT_ALTERNATIVE_ETIOLOGY
S06.6X9S,"Traumatic subarachnoid hemorrhage with loss of consciousness of unspecified duration, sequela",121,2,ATOM_PHRASE_MATCH,,,ALTERNATIVE_OR_GUARDRAIL_REVIEW,syncope,Syncope / presyncope,"syncope:7.0(phrase;tokens=consciousness,loss)",EXPLICIT_ALTERNATIVE_ETIOLOGY
E08.3211,"Diabetes mellitus due to underlying condition with mild nonproliferative diabetic retinopathy with macular edema, right eye",8,1,ATOM_PHRASE_MATCH,,,ALTERNATIVE_OR_GUARDRAIL_REVIEW,diabetes,diabetes,"diabetes:8.0(phrase;tokens=diabete,diabetic,mellitu)",EXPLICIT_ALTERNATIVE_ETIOLOGY
E08.3292,"Diabetes mellitus due to underlying condition with mild nonproliferative diabetic retinopathy without macular edema, left eye",3,1,ATOM_PHRASE_MATCH,,,ALTERNATIVE_OR_GUARDRAIL_REVIEW,diabetes,diabetes,"diabetes:8.0(phrase;tokens=diabete,diabetic,mellitu)",EXPLICIT_ALTERNATIVE_ETIOLOGY
E08.3311,"Diabetes mellitus due to underlying condition with moderate nonproliferative diabetic retinopathy with macular edema, right eye",24,1,ATOM_PHRASE_MATCH,,,ALTERNATIVE_OR_GUARDRAIL_REVIEW,diabetes,diabetes,"diabetes:8.0(phrase;tokens=diabete,diabetic,mellitu)",EXPLICIT_ALTERNATIVE_ETIOLOGY
E08.3312,"Diabetes mellitus due to underlying condition with moderate nonproliferative diabetic retinopathy with macular edema, left eye",24,1,ATOM_PHRASE_MATCH,,,ALTERNATIVE_OR_GUARDRAIL_REVIEW,diabetes,diabetes,"diabetes:8.0(phrase;tokens=diabete,diabetic,mellitu)",EXPLICIT_ALTERNATIVE_ETIOLOGY
E08.3313,"Diabetes mellitus due to underlying condition with moderate nonproliferative diabetic retinopathy with macular edema, bilateral",1,1,ATOM_PHRASE_MATCH,,,ALTERNATIVE_OR_GUARDRAIL_REVIEW,diabetes,diabetes,"diabetes:8.0(phrase;tokens=diabete,diabetic,mellitu)",EXPLICIT_ALTERNATIVE_ETIOLOGY
E08.3392,"Diabetes mellitus due to underlying condition with moderate nonproliferative diabetic retinopathy without macular edema, left eye",5,1,ATOM_PHRASE_MATCH,,,ALTERNATIVE_OR_GUARDRAIL_REVIEW,diabetes,diabetes,"diabetes:8.0(phrase;tokens=diabete,diabetic,mellitu)",EXPLICIT_ALTERNATIVE_ETIOLOGY
E08.3399,"Diabetes mellitus due to underlying condition with moderate nonproliferative diabetic retinopathy without macular edema, unspecified eye",4,1,ATOM_PHRASE_MATCH,,,ALTERNATIVE_OR_GUARDRAIL_REVIEW,diabetes,diabetes,"diabetes:8.0(phrase;tokens=diabete,diabetic,mellitu)",EXPLICIT_ALTERNATIVE_ETIOLOGY
E08.3411,"Diabetes mellitus due to underlying condition with severe nonproliferative diabetic retinopathy with macular edema, right eye",2,1,ATOM_PHRASE_MATCH,,,ALTERNATIVE_OR_GUARDRAIL_REVIEW,diabetes,diabetes,"diabetes:8.0(phrase;tokens=diabete,diabetic,mellitu)",EXPLICIT_ALTERNATIVE_ETIOLOGY
E08.3412,"Diabetes mellitus due to underlying condition with severe nonproliferative diabetic retinopathy with macular edema, left eye",1,1,ATOM_PHRASE_MATCH,,,ALTERNATIVE_OR_GUARDRAIL_REVIEW,diabetes,diabetes,"diabetes:8.0(phrase;tokens=diabete,diabetic,mellitu)",EXPLICIT_ALTERNATIVE_ETIOLOGY
E08.3499,"Diabetes mellitus due to underlying condition with severe nonproliferative diabetic retinopathy without macular edema, unspecified eye",1,1,ATOM_PHRASE_MATCH,,,ALTERNATIVE_OR_GUARDRAIL_REVIEW,diabetes,diabetes,"diabetes:8.0(phrase;tokens=diabete,diabetic,mellitu)",EXPLICIT_ALTERNATIVE_ETIOLOGY
E08.3521,"Diabetes mellitus due to underlying condition with proliferative diabetic retinopathy with traction retinal detachment involving the macula, right eye",16,1,ATOM_PHRASE_MATCH,,,ALTERNATIVE_OR_GUARDRAIL_REVIEW,diabetes,diabetes,"diabetes:8.0(phrase;tokens=diabete,diabetic,mellitu)",EXPLICIT_ALTERNATIVE_ETIOLOGY
E08.3522,"Diabetes mellitus due to underlying condition with proliferative diabetic retinopathy with traction retinal detachment involving the macula, left eye",2,1,ATOM_PHRASE_MATCH,,,ALTERNATIVE_OR_GUARDRAIL_REVIEW,diabetes,diabetes,"diabetes:8.0(phrase;tokens=diabete,diabetic,mellitu)",EXPLICIT_ALTERNATIVE_ETIOLOGY
E08.3523,"Diabetes mellitus due to underlying condition with proliferative diabetic retinopathy with traction retinal detachment involving the macula, bilateral",5,1,ATOM_PHRASE_MATCH,,,ALTERNATIVE_OR_GUARDRAIL_REVIEW,diabetes,diabetes,"diabetes:8.0(phrase;tokens=diabete,diabetic,mellitu)",EXPLICIT_ALTERNATIVE_ETIOLOGY
E08.3552,"Diabetes mellitus due to underlying condition with stable proliferative diabetic retinopathy, left eye",6,1,ATOM_PHRASE_MATCH,,,ALTERNATIVE_OR_GUARDRAIL_REVIEW,diabetes,diabetes,"diabetes:8.0(phrase;tokens=diabete,diabetic,mellitu)",EXPLICIT_ALTERNATIVE_ETIOLOGY
E08.3559,"Diabetes mellitus due to underlying condition with stable proliferative diabetic retinopathy, unspecified eye",2,1,ATOM_PHRASE_MATCH,,,ALTERNATIVE_OR_GUARDRAIL_REVIEW,diabetes,diabetes,"diabetes:8.0(phrase;tokens=diabete,diabetic,mellitu)",EXPLICIT_ALTERNATIVE_ETIOLOGY
E08.39,Diabetes mellitus due to underlying condition with other diabetic ophthalmic complication,6,1,ATOM_PHRASE_MATCH,,,ALTERNATIVE_OR_GUARDRAIL_REVIEW,diabetes,diabetes,"diabetes:8.0(phrase;tokens=diabete,diabetic,mellitu)",EXPLICIT_ALTERNATIVE_ETIOLOGY
E10.3219,"Type 1 diabetes mellitus with mild nonproliferative diabetic retinopathy with macular edema, unspecified eye",1,1,ATOM_PHRASE_MATCH,,,ALTERNATIVE_OR_GUARDRAIL_REVIEW,diabetes,diabetes,"diabetes:8.0(phrase;tokens=diabete,diabetic,mellitu,type)",EXPLICIT_ALTERNATIVE_ETIOLOGY
E10.3311,"Type 1 diabetes mellitus with moderate nonproliferative diabetic retinopathy with macular edema, right eye",13,1,ATOM_PHRASE_MATCH,,,ALTERNATIVE_OR_GUARDRAIL_REVIEW,diabetes,diabetes,"diabetes:8.0(phrase;tokens=diabete,diabetic,mellitu,type)",EXPLICIT_ALTERNATIVE_ETIOLOGY
E10.3312,"Type 1 diabetes mellitus with moderate nonproliferative diabetic retinopathy with macular edema, left eye",25,1,ATOM_PHRASE_MATCH,,,ALTERNATIVE_OR_GUARDRAIL_REVIEW,diabetes,diabetes,"diabetes:8.0(phrase;tokens=diabete,diabetic,mellitu,type)",EXPLICIT_ALTERNATIVE_ETIOLOGY
E10.3319,"Type 1 diabetes mellitus with moderate nonproliferative diabetic retinopathy with macular edema, unspecified eye",34,1,ATOM_PHRASE_MATCH,,,ALTERNATIVE_OR_GUARDRAIL_REVIEW,diabetes,diabetes,"diabetes:8.0(phrase;tokens=diabete,diabetic,mellitu,type)",EXPLICIT_ALTERNATIVE_ETIOLOGY
E10.3392,"Type 1 diabetes mellitus with moderate nonproliferative diabetic retinopathy without macular edema, left eye",6,1,ATOM_PHRASE_MATCH,,,ALTERNATIVE_OR_GUARDRAIL_REVIEW,diabetes,diabetes,"diabetes:8.0(phrase;tokens=diabete,diabetic,mellitu,type)",EXPLICIT_ALTERNATIVE_ETIOLOGY
E10.3411,"Type 1 diabetes mellitus with severe nonproliferative diabetic retinopathy with macular edema, right eye",2,1,ATOM_PHRASE_MATCH,,,ALTERNATIVE_OR_GUARDRAIL_REVIEW,diabetes,diabetes,"diabetes:8.0(phrase;tokens=diabete,diabetic,mellitu,type)",EXPLICIT_ALTERNATIVE_ETIOLOGY
E10.3412,"Type 1 diabetes mellitus with severe nonproliferative diabetic retinopathy with macular edema, left eye",4,1,ATOM_PHRASE_MATCH,,,ALTERNATIVE_OR_GUARDRAIL_REVIEW,diabetes,diabetes,"diabetes:8.0(phrase;tokens=diabete,diabetic,mellitu,type)",EXPLICIT_ALTERNATIVE_ETIOLOGY
E10.3491,"Type 1 diabetes mellitus with severe nonproliferative diabetic retinopathy without macular edema, right eye",6,1,ATOM_PHRASE_MATCH,,,ALTERNATIVE_OR_GUARDRAIL_REVIEW,diabetes,diabetes,"diabetes:8.0(phrase;tokens=diabete,diabetic,mellitu,type)",EXPLICIT_ALTERNATIVE_ETIOLOGY
E10.3493,"Type 1 diabetes mellitus with severe nonproliferative diabetic retinopathy without macular edema, bilateral",25,1,ATOM_PHRASE_MATCH,,,ALTERNATIVE_OR_GUARDRAIL_REVIEW,diabetes,diabetes,"diabetes:8.0(phrase;tokens=diabete,diabetic,mellitu,type)",EXPLICIT_ALTERNATIVE_ETIOLOGY
E10.3512,"Type 1 diabetes mellitus with proliferative diabetic retinopathy with macular edema, left eye",7,1,ATOM_PHRASE_MATCH,,,ALTERNATIVE_OR_GUARDRAIL_REVIEW,diabetes,diabetes,"diabetes:8.0(phrase;tokens=diabete,diabetic,mellitu,type)",EXPLICIT_ALTERNATIVE_ETIOLOGY
E10.3521,"Type 1 diabetes mellitus with proliferative diabetic retinopathy with traction retinal detachment involving the macula, right eye",3,1,ATOM_PHRASE_MATCH,,,ALTERNATIVE_OR_GUARDRAIL_REVIEW,diabetes,diabetes,"diabetes:8.0(phrase;tokens=diabete,diabetic,mellitu,type)",EXPLICIT_ALTERNATIVE_ETIOLOGY
E10.3523,"Type 1 diabetes mellitus with proliferative diabetic retinopathy with traction retinal detachment involving the macula, bilateral",2,1,ATOM_PHRASE_MATCH,,,ALTERNATIVE_OR_GUARDRAIL_REVIEW,diabetes,diabetes,"diabetes:8.0(phrase;tokens=diabete,diabetic,mellitu,type)",EXPLICIT_ALTERNATIVE_ETIOLOGY
E10.3529,"Type 1 diabetes mellitus with proliferative diabetic retinopathy with traction retinal detachment involving the macula, unspecified eye",1,1,ATOM_PHRASE_MATCH,,,ALTERNATIVE_OR_GUARDRAIL_REVIEW,diabetes,diabetes,"diabetes:8.0(phrase;tokens=diabete,diabetic,mellitu,type)",EXPLICIT_ALTERNATIVE_ETIOLOGY
E10.3531,"Type 1 diabetes mellitus with proliferative diabetic retinopathy with traction retinal detachment not involving the macula, right eye",3,1,ATOM_PHRASE_MATCH,,,ALTERNATIVE_OR_GUARDRAIL_REVIEW,diabetes,diabetes,"diabetes:8.0(phrase;tokens=diabete,diabetic,mellitu,type)",EXPLICIT_ALTERNATIVE_ETIOLOGY
E10.3542,"Type 1 diabetes mellitus with proliferative diabetic retinopathy with combined traction retinal detachment and rhegmatogenous retinal detachment, left eye",2,1,ATOM_PHRASE_MATCH,,,ALTERNATIVE_OR_GUARDRAIL_REVIEW,diabetes,diabetes,"diabetes:8.0(phrase;tokens=diabete,diabetic,mellitu,type)",EXPLICIT_ALTERNATIVE_ETIOLOGY
E10.44,Type 1 diabetes mellitus with diabetic amyotrophy,1,1,ATOM_PHRASE_MATCH,,,ALTERNATIVE_OR_GUARDRAIL_REVIEW,diabetes,diabetes,"diabetes:8.0(phrase;tokens=diabete,diabetic,mellitu,type)",EXPLICIT_ALTERNATIVE_ETIOLOGY
E11.3549,"Type 2 diabetes mellitus with proliferative diabetic retinopathy with combined traction retinal detachment and rhegmatogenous retinal detachment, unspecified eye",1,1,CONFIGURED_ICD_CATEGORY | ATOM_PHRASE_MATCH,,,ALTERNATIVE_OR_GUARDRAIL_REVIEW,diabetes,diabetes,"diabetes:10.0(phrase;same_icd_category;tokens=diabete,diabetic,mellitu,type)",EXPLICIT_ALTERNATIVE_ETIOLOGY
E11.37X2,"Type 2 diabetes mellitus with diabetic macular edema, resolved following treatment, left eye",9,1,CONFIGURED_ICD_CATEGORY | ATOM_PHRASE_MATCH,,,ALTERNATIVE_OR_GUARDRAIL_REVIEW,diabetes,diabetes,"diabetes:10.0(phrase;same_icd_category;tokens=diabete,diabetic,mellitu,type)",EXPLICIT_ALTERNATIVE_ETIOLOGY
E13.311,Other specified diabetes mellitus with unspecified diabetic retinopathy with macular edema,1,1,ATOM_PHRASE_MATCH,,,ALTERNATIVE_OR_GUARDRAIL_REVIEW,diabetes,diabetes,"diabetes:8.0(phrase;tokens=diabete,diabetic,mellitu)",EXPLICIT_ALTERNATIVE_ETIOLOGY
E13.3293,"Other specified diabetes mellitus with mild nonproliferative diabetic retinopathy without macular edema, bilateral",8,1,ATOM_PHRASE_MATCH,,,ALTERNATIVE_OR_GUARDRAIL_REVIEW,diabetes,diabetes,"diabetes:8.0(phrase;tokens=diabete,diabetic,mellitu)",EXPLICIT_ALTERNATIVE_ETIOLOGY
E13.3311,"Other specified diabetes mellitus with moderate nonproliferative diabetic retinopathy with macular edema, right eye",2,1,ATOM_PHRASE_MATCH,,,ALTERNATIVE_OR_GUARDRAIL_REVIEW,diabetes,diabetes,"diabetes:8.0(phrase;tokens=diabete,diabetic,mellitu)",EXPLICIT_ALTERNATIVE_ETIOLOGY
E13.3413,"Other specified diabetes mellitus with severe nonproliferative diabetic retinopathy with macular edema, bilateral",2,1,ATOM_PHRASE_MATCH,,,ALTERNATIVE_OR_GUARDRAIL_REVIEW,diabetes,diabetes,"diabetes:8.0(phrase;tokens=diabete,diabetic,mellitu)",EXPLICIT_ALTERNATIVE_ETIOLOGY
E13.3499,"Other specified diabetes mellitus with severe nonproliferative diabetic retinopathy without macular edema, unspecified eye",17,1,ATOM_PHRASE_MATCH,,,ALTERNATIVE_OR_GUARDRAIL_REVIEW,diabetes,diabetes,"diabetes:8.0(phrase;tokens=diabete,diabetic,mellitu)",EXPLICIT_ALTERNATIVE_ETIOLOGY
E13.3533,"Other specified diabetes mellitus with proliferative diabetic retinopathy with traction retinal detachment not involving the macula, bilateral",1,1,ATOM_PHRASE_MATCH,,,ALTERNATIVE_OR_GUARDRAIL_REVIEW,diabetes,diabetes,"diabetes:8.0(phrase;tokens=diabete,diabetic,mellitu)",EXPLICIT_ALTERNATIVE_ETIOLOGY
E13.3559,"Other specified diabetes mellitus with stable proliferative diabetic retinopathy, unspecified eye",2,1,ATOM_PHRASE_MATCH,,,ALTERNATIVE_OR_GUARDRAIL_REVIEW,diabetes,diabetes,"diabetes:8.0(phrase;tokens=diabete,diabetic,mellitu)",EXPLICIT_ALTERNATIVE_ETIOLOGY
E13.52,Other specified diabetes mellitus with diabetic peripheral angiopathy with gangrene,6,1,ATOM_PHRASE_MATCH,,,ALTERNATIVE_OR_GUARDRAIL_REVIEW,diabetes,diabetes,"diabetes:8.0(phrase;tokens=diabete,diabetic,mellitu)",EXPLICIT_ALTERNATIVE_ETIOLOGY
O24.811,"Other pre-existing diabetes mellitus in pregnancy, first trimester",15,1,ATOM_PHRASE_MATCH,,,ALTERNATIVE_OR_GUARDRAIL_REVIEW,diabetes,diabetes,"diabetes:7.0(phrase;tokens=diabete,mellitu)",EXPLICIT_ALTERNATIVE_ETIOLOGY
R33.0,Drug induced retention of urine,2,1,CONFIGURED_ICD_CATEGORY,,,ALTERNATIVE_OR_GUARDRAIL_REVIEW,urinary_incontinence | urinary_retention,urinary incontinence | urinary retention,urinary_incontinence:3.0(same_icd_category;tokens=urine) | urinary_retention:3.0(same_icd_category;tokens=retention),EXPLICIT_ALTERNATIVE_ETIOLOGY
S06.1X6A,"Traumatic cerebral edema with loss of consciousness greater than 24 hours without return to pre-existing conscious level with patient surviving, initial encounter",6,1,ATOM_PHRASE_MATCH,,,ALTERNATIVE_OR_GUARDRAIL_REVIEW,age_excessive_snhl | syncope,Bilateral sensorineural hearing loss disproportionate to age | Syncope / presyncope,"syncope:7.0(phrase;tokens=consciousness,loss) | age_excessive_snhl:3.0(tokens=greater,loss,than)",EXPLICIT_ALTERNATIVE_ETIOLOGY
S06.1X6D,"Traumatic cerebral edema with loss of consciousness greater than 24 hours without return to pre-existing conscious level with patient surviving, subsequent encounter",16,1,ATOM_PHRASE_MATCH,,,ALTERNATIVE_OR_GUARDRAIL_REVIEW,age_excessive_snhl | syncope,Bilateral sensorineural hearing loss disproportionate to age | Syncope / presyncope,"syncope:7.0(phrase;tokens=consciousness,loss) | age_excessive_snhl:3.0(tokens=greater,loss,than)",EXPLICIT_ALTERNATIVE_ETIOLOGY
S06.1XAA,"Traumatic cerebral edema with loss of consciousness status unknown, initial encounter",1,1,ATOM_PHRASE_MATCH,,,ALTERNATIVE_OR_GUARDRAIL_REVIEW,syncope,Syncope / presyncope,"syncope:7.0(phrase;tokens=consciousness,loss)",EXPLICIT_ALTERNATIVE_ETIOLOGY
S06.2X3A,"Diffuse traumatic brain injury with loss of consciousness of 1 hour to 5 hours 59 minutes, initial encounter",3,1,ATOM_PHRASE_MATCH,,,ALTERNATIVE_OR_GUARDRAIL_REVIEW,syncope,Syncope / presyncope,"syncope:7.0(phrase;tokens=consciousness,loss)",EXPLICIT_ALTERNATIVE_ETIOLOGY
S06.2X4D,"Diffuse traumatic brain injury with loss of consciousness of 6 hours to 24 hours, subsequent encounter",1,1,ATOM_PHRASE_MATCH,,,ALTERNATIVE_OR_GUARDRAIL_REVIEW,syncope,Syncope / presyncope,"syncope:7.0(phrase;tokens=consciousness,loss)",EXPLICIT_ALTERNATIVE_ETIOLOGY
S06.2X6S,"Diffuse traumatic brain injury with loss of consciousness greater than 24 hours without return to pre-existing conscious level with patient surviving, sequela",1,1,ATOM_PHRASE_MATCH,,,ALTERNATIVE_OR_GUARDRAIL_REVIEW,age_excessive_snhl | syncope,Bilateral sensorineural hearing loss disproportionate to age | Syncope / presyncope,"syncope:7.0(phrase;tokens=consciousness,loss) | age_excessive_snhl:3.0(tokens=greater,loss,than)",EXPLICIT_ALTERNATIVE_ETIOLOGY
S06.301D,"Unspecified focal traumatic brain injury with loss of consciousness of 30 minutes or less, subsequent encounter",6,1,ATOM_PHRASE_MATCH,,,ALTERNATIVE_OR_GUARDRAIL_REVIEW,syncope,Syncope / presyncope,"syncope:7.0(phrase;tokens=consciousness,loss)",EXPLICIT_ALTERNATIVE_ETIOLOGY
S06.302A,"Unspecified focal traumatic brain injury with loss of consciousness of 31 minutes to 59 minutes, initial encounter",5,1,ATOM_PHRASE_MATCH,,,ALTERNATIVE_OR_GUARDRAIL_REVIEW,syncope,Syncope / presyncope,"syncope:7.0(phrase;tokens=consciousness,loss)",EXPLICIT_ALTERNATIVE_ETIOLOGY
S06.303A,"Unspecified focal traumatic brain injury with loss of consciousness of 1 hour to 5 hours 59 minutes, initial encounter",51,1,ATOM_PHRASE_MATCH,,,ALTERNATIVE_OR_GUARDRAIL_REVIEW,syncope,Syncope / presyncope,"syncope:7.0(phrase;tokens=consciousness,loss)",EXPLICIT_ALTERNATIVE_ETIOLOGY
S06.30AD,"Unspecified focal traumatic brain injury with loss of consciousness status unknown, subsequent encounter",1,1,ATOM_PHRASE_MATCH,,,ALTERNATIVE_OR_GUARDRAIL_REVIEW,syncope,Syncope / presyncope,"syncope:7.0(phrase;tokens=consciousness,loss)",EXPLICIT_ALTERNATIVE_ETIOLOGY
S06.347A,"Traumatic hemorrhage of right cerebrum with loss of consciousness of any duration with death due to brain injury prior to regaining consciousness, initial encounter",7,1,ATOM_PHRASE_MATCH,,,ALTERNATIVE_OR_GUARDRAIL_REVIEW,syncope,Syncope / presyncope,"syncope:7.0(phrase;tokens=consciousness,loss)",EXPLICIT_ALTERNATIVE_ETIOLOGY
S06.350D,"Traumatic hemorrhage of left cerebrum without loss of consciousness, subsequent encounter",80,1,ATOM_PHRASE_MATCH,,,ALTERNATIVE_OR_GUARDRAIL_REVIEW,syncope,Syncope / presyncope,"syncope:7.0(phrase;tokens=consciousness,loss)",EXPLICIT_ALTERNATIVE_ETIOLOGY
S06.350S,"Traumatic hemorrhage of left cerebrum without loss of consciousness, sequela",1,1,ATOM_PHRASE_MATCH,,,ALTERNATIVE_OR_GUARDRAIL_REVIEW,syncope,Syncope / presyncope,"syncope:7.0(phrase;tokens=consciousness,loss)",EXPLICIT_ALTERNATIVE_ETIOLOGY
S06.353A,"Traumatic hemorrhage of left cerebrum with loss of consciousness of 1 hours to 5 hours 59 minutes, initial encounter",5,1,ATOM_PHRASE_MATCH,,,ALTERNATIVE_OR_GUARDRAIL_REVIEW,syncope,Syncope / presyncope,"syncope:7.0(phrase;tokens=consciousness,loss)",EXPLICIT_ALTERNATIVE_ETIOLOGY
S06.359D,"Traumatic hemorrhage of left cerebrum with loss of consciousness of unspecified duration, subsequent encounter",4,1,ATOM_PHRASE_MATCH,,,ALTERNATIVE_OR_GUARDRAIL_REVIEW,syncope,Syncope / presyncope,"syncope:7.0(phrase;tokens=consciousness,loss)",EXPLICIT_ALTERNATIVE_ETIOLOGY
S06.361D,"Traumatic hemorrhage of cerebrum, unspecified, with loss of consciousness of 30 minutes or less, subsequent encounter",26,1,ATOM_PHRASE_MATCH,,,ALTERNATIVE_OR_GUARDRAIL_REVIEW,syncope,Syncope / presyncope,"syncope:7.0(phrase;tokens=consciousness,loss)",EXPLICIT_ALTERNATIVE_ETIOLOGY
S06.363A,"Traumatic hemorrhage of cerebrum, unspecified, with loss of consciousness of 1 hours to 5 hours 59 minutes, initial encounter",15,1,ATOM_PHRASE_MATCH,,,ALTERNATIVE_OR_GUARDRAIL_REVIEW,syncope,Syncope / presyncope,"syncope:7.0(phrase;tokens=consciousness,loss)",EXPLICIT_ALTERNATIVE_ETIOLOGY
S06.363D,"Traumatic hemorrhage of cerebrum, unspecified, with loss of consciousness of 1 hours to 5 hours 59 minutes, subsequent encounter",1,1,ATOM_PHRASE_MATCH,,,ALTERNATIVE_OR_GUARDRAIL_REVIEW,syncope,Syncope / presyncope,"syncope:7.0(phrase;tokens=consciousness,loss)",EXPLICIT_ALTERNATIVE_ETIOLOGY
S06.365S,"Traumatic hemorrhage of cerebrum, unspecified, with loss of consciousness greater than 24 hours with return to pre-existing conscious level, sequela",91,1,ATOM_PHRASE_MATCH,,,ALTERNATIVE_OR_GUARDRAIL_REVIEW,age_excessive_snhl | syncope,Bilateral sensorineural hearing loss disproportionate to age | Syncope / presyncope,"syncope:7.0(phrase;tokens=consciousness,loss) | age_excessive_snhl:3.0(tokens=greater,loss,than)",EXPLICIT_ALTERNATIVE_ETIOLOGY
S06.368A,"Traumatic hemorrhage of cerebrum, unspecified, with loss of consciousness of any duration with death due to other cause prior to regaining consciousness, initial encounter",4,1,ATOM_PHRASE_MATCH,,,ALTERNATIVE_OR_GUARDRAIL_REVIEW,syncope,Syncope / presyncope,"syncope:7.0(phrase;tokens=consciousness,loss)",EXPLICIT_ALTERNATIVE_ETIOLOGY
S06.369S,"Traumatic hemorrhage of cerebrum, unspecified, with loss of consciousness of unspecified duration, sequela",2,1,ATOM_PHRASE_MATCH,,,ALTERNATIVE_OR_GUARDRAIL_REVIEW,syncope,Syncope / presyncope,"syncope:7.0(phrase;tokens=consciousness,loss)",EXPLICIT_ALTERNATIVE_ETIOLOGY
S06.5X0S,"Traumatic subdural hemorrhage without loss of consciousness, sequela",2,1,ATOM_PHRASE_MATCH,,,ALTERNATIVE_OR_GUARDRAIL_REVIEW,syncope,Syncope / presyncope,"syncope:7.0(phrase;tokens=consciousness,loss)",EXPLICIT_ALTERNATIVE_ETIOLOGY
S06.5X2D,"Traumatic subdural hemorrhage with loss of consciousness of 31 minutes to 59 minutes, subsequent encounter",1,1,ATOM_PHRASE_MATCH,,,ALTERNATIVE_OR_GUARDRAIL_REVIEW,syncope,Syncope / presyncope,"syncope:7.0(phrase;tokens=consciousness,loss)",EXPLICIT_ALTERNATIVE_ETIOLOGY
S06.5X5A,"Traumatic subdural hemorrhage with loss of consciousness greater than 24 hours with return to pre-existing conscious level, initial encounter",1,1,ATOM_PHRASE_MATCH,,,ALTERNATIVE_OR_GUARDRAIL_REVIEW,age_excessive_snhl | syncope,Bilateral sensorineural hearing loss disproportionate to age | Syncope / presyncope,"syncope:7.0(phrase;tokens=consciousness,loss) | age_excessive_snhl:3.0(tokens=greater,loss,than)",EXPLICIT_ALTERNATIVE_ETIOLOGY
S06.5X5S,"Traumatic subdural hemorrhage with loss of consciousness greater than 24 hours with return to pre-existing conscious level, sequela",7,1,ATOM_PHRASE_MATCH,,,ALTERNATIVE_OR_GUARDRAIL_REVIEW,age_excessive_snhl | syncope,Bilateral sensorineural hearing loss disproportionate to age | Syncope / presyncope,"syncope:7.0(phrase;tokens=consciousness,loss) | age_excessive_snhl:3.0(tokens=greater,loss,than)",EXPLICIT_ALTERNATIVE_ETIOLOGY
S06.5X6A,"Traumatic subdural hemorrhage with loss of consciousness greater than 24 hours without return to pre-existing conscious level with patient surviving, initial encounter",168,1,ATOM_PHRASE_MATCH,,,ALTERNATIVE_OR_GUARDRAIL_REVIEW,age_excessive_snhl | syncope,Bilateral sensorineural hearing loss disproportionate to age | Syncope / presyncope,"syncope:7.0(phrase;tokens=consciousness,loss) | age_excessive_snhl:3.0(tokens=greater,loss,than)",EXPLICIT_ALTERNATIVE_ETIOLOGY
S06.5X6D,"Traumatic subdural hemorrhage with loss of consciousness greater than 24 hours without return to pre-existing conscious level with patient surviving, subsequent encounter",323,1,ATOM_PHRASE_MATCH,,,ALTERNATIVE_OR_GUARDRAIL_REVIEW,age_excessive_snhl | syncope,Bilateral sensorineural hearing loss disproportionate to age | Syncope / presyncope,"syncope:7.0(phrase;tokens=consciousness,loss) | age_excessive_snhl:3.0(tokens=greater,loss,than)",EXPLICIT_ALTERNATIVE_ETIOLOGY
S06.5X9S,"Traumatic subdural hemorrhage with loss of consciousness of unspecified duration, sequela",1,1,ATOM_PHRASE_MATCH,,,ALTERNATIVE_OR_GUARDRAIL_REVIEW,syncope,Syncope / presyncope,"syncope:7.0(phrase;tokens=consciousness,loss)",EXPLICIT_ALTERNATIVE_ETIOLOGY
S06.6X0S,"Traumatic subarachnoid hemorrhage without loss of consciousness, sequela",4,1,ATOM_PHRASE_MATCH,,,ALTERNATIVE_OR_GUARDRAIL_REVIEW,syncope,Syncope / presyncope,"syncope:7.0(phrase;tokens=consciousness,loss)",EXPLICIT_ALTERNATIVE_ETIOLOGY
S06.6X2S,"Traumatic subarachnoid hemorrhage with loss of consciousness of 31 minutes to 59 minutes, sequela",96,1,ATOM_PHRASE_MATCH,,,ALTERNATIVE_OR_GUARDRAIL_REVIEW,syncope,Syncope / presyncope,"syncope:7.0(phrase;tokens=consciousness,loss)",EXPLICIT_ALTERNATIVE_ETIOLOGY
