code,meaning,candidate_origins,suggested_atom_ids,suggested_atom_names,suggestion_scores
C47.11,"Malignant neoplasm of peripheral nerves of right upper limb, including shoulder",ATOM_PHRASE_MATCH,cts_right,"Carpal tunnel syndrome, right","cts_right:3.0(tokens=limb,right,upper)"
C47.12,"Malignant neoplasm of peripheral nerves of left upper limb, including shoulder",ATOM_PHRASE_MATCH,cts_left,"Carpal tunnel syndrome, left","cts_left:3.0(tokens=left,limb,upper)"
C47.8,Malignant neoplasm of overlapping sites of peripheral nerves and autonomic nervous system,ATOM_PHRASE_MATCH,dysautonomia,Autonomic dysfunction / dysautonomia,"dysautonomia:3.0(tokens=autonomic,nervou,system)"
C90.32,Solitary plasmacytoma in relapse,CONFIGURED_ICD_CATEGORY,plasma_cell_dyscrasia,Plasma-cell dyscrasia / multiple myeloma,plasma_cell_dyscrasia:3.0(same_icd_category;tokens=plasmacytoma)
D48.2,Neoplasm of uncertain behavior of peripheral nerves and autonomic nervous system,ATOM_PHRASE_MATCH,dysautonomia,Autonomic dysfunction / dysautonomia,"dysautonomia:3.0(tokens=autonomic,nervou,system)"
E08.3212,"Diabetes mellitus due to underlying condition with mild nonproliferative diabetic retinopathy with macular edema, left eye",ATOM_PHRASE_MATCH,diabetes,diabetes,"diabetes:8.0(phrase;tokens=diabete,diabetic,mellitu)"
E08.3219,"Diabetes mellitus due to underlying condition with mild nonproliferative diabetic retinopathy with macular edema, unspecified eye",ATOM_PHRASE_MATCH,diabetes,diabetes,"diabetes:8.0(phrase;tokens=diabete,diabetic,mellitu)"
E08.3319,"Diabetes mellitus due to underlying condition with moderate nonproliferative diabetic retinopathy with macular edema, unspecified eye",ATOM_PHRASE_MATCH,diabetes,diabetes,"diabetes:8.0(phrase;tokens=diabete,diabetic,mellitu)"
E08.3391,"Diabetes mellitus due to underlying condition with moderate nonproliferative diabetic retinopathy without macular edema, right eye",ATOM_PHRASE_MATCH,diabetes,diabetes,"diabetes:8.0(phrase;tokens=diabete,diabetic,mellitu)"
E08.3413,"Diabetes mellitus due to underlying condition with severe nonproliferative diabetic retinopathy with macular edema, bilateral",ATOM_PHRASE_MATCH,diabetes,diabetes,"diabetes:8.0(phrase;tokens=diabete,diabetic,mellitu)"
E08.3419,"Diabetes mellitus due to underlying condition with severe nonproliferative diabetic retinopathy with macular edema, unspecified eye",ATOM_PHRASE_MATCH,diabetes,diabetes,"diabetes:8.0(phrase;tokens=diabete,diabetic,mellitu)"
E08.3491,"Diabetes mellitus due to underlying condition with severe nonproliferative diabetic retinopathy without macular edema, right eye",ATOM_PHRASE_MATCH,diabetes,diabetes,"diabetes:8.0(phrase;tokens=diabete,diabetic,mellitu)"
E08.3492,"Diabetes mellitus due to underlying condition with severe nonproliferative diabetic retinopathy without macular edema, left eye",ATOM_PHRASE_MATCH,diabetes,diabetes,"diabetes:8.0(phrase;tokens=diabete,diabetic,mellitu)"
E08.3493,"Diabetes mellitus due to underlying condition with severe nonproliferative diabetic retinopathy without macular edema, bilateral",ATOM_PHRASE_MATCH,diabetes,diabetes,"diabetes:8.0(phrase;tokens=diabete,diabetic,mellitu)"
E08.3519,"Diabetes mellitus due to underlying condition with proliferative diabetic retinopathy with macular edema, unspecified eye",ATOM_PHRASE_MATCH,diabetes,diabetes,"diabetes:8.0(phrase;tokens=diabete,diabetic,mellitu)"
E08.3529,"Diabetes mellitus due to underlying condition with proliferative diabetic retinopathy with traction retinal detachment involving the macula, unspecified eye",ATOM_PHRASE_MATCH,diabetes,diabetes,"diabetes:8.0(phrase;tokens=diabete,diabetic,mellitu)"
E08.3531,"Diabetes mellitus due to underlying condition with proliferative diabetic retinopathy with traction retinal detachment not involving the macula, right eye",ATOM_PHRASE_MATCH,diabetes,diabetes,"diabetes:8.0(phrase;tokens=diabete,diabetic,mellitu)"
E08.3532,"Diabetes mellitus due to underlying condition with proliferative diabetic retinopathy with traction retinal detachment not involving the macula, left eye",ATOM_PHRASE_MATCH,diabetes,diabetes,"diabetes:8.0(phrase;tokens=diabete,diabetic,mellitu)"
E08.3533,"Diabetes mellitus due to underlying condition with proliferative diabetic retinopathy with traction retinal detachment not involving the macula, bilateral",ATOM_PHRASE_MATCH,diabetes,diabetes,"diabetes:8.0(phrase;tokens=diabete,diabetic,mellitu)"
E08.3539,"Diabetes mellitus due to underlying condition with proliferative diabetic retinopathy with traction retinal detachment not involving the macula, unspecified eye",ATOM_PHRASE_MATCH,diabetes,diabetes,"diabetes:8.0(phrase;tokens=diabete,diabetic,mellitu)"
E08.3542,"Diabetes mellitus due to underlying condition with proliferative diabetic retinopathy with combined traction retinal detachment and rhegmatogenous retinal detachment, left eye",ATOM_PHRASE_MATCH,diabetes,diabetes,"diabetes:8.0(phrase;tokens=diabete,diabetic,mellitu)"
E08.3543,"Diabetes mellitus due to underlying condition with proliferative diabetic retinopathy with combined traction retinal detachment and rhegmatogenous retinal detachment, bilateral",ATOM_PHRASE_MATCH,diabetes,diabetes,"diabetes:8.0(phrase;tokens=diabete,diabetic,mellitu)"
E08.3549,"Diabetes mellitus due to underlying condition with proliferative diabetic retinopathy with combined traction retinal detachment and rhegmatogenous retinal detachment, unspecified eye",ATOM_PHRASE_MATCH,diabetes,diabetes,"diabetes:8.0(phrase;tokens=diabete,diabetic,mellitu)"
E08.3551,"Diabetes mellitus due to underlying condition with stable proliferative diabetic retinopathy, right eye",ATOM_PHRASE_MATCH,diabetes,diabetes,"diabetes:8.0(phrase;tokens=diabete,diabetic,mellitu)"
E08.37X1,"Diabetes mellitus due to underlying condition with diabetic macular edema, resolved following treatment, right eye",ATOM_PHRASE_MATCH,diabetes,diabetes,"diabetes:8.0(phrase;tokens=diabete,diabetic,mellitu)"
E08.37X2,"Diabetes mellitus due to underlying condition with diabetic macular edema, resolved following treatment, left eye",ATOM_PHRASE_MATCH,diabetes,diabetes,"diabetes:8.0(phrase;tokens=diabete,diabetic,mellitu)"
E08.37X3,"Diabetes mellitus due to underlying condition with diabetic macular edema, resolved following treatment, bilateral",ATOM_PHRASE_MATCH,diabetes,diabetes,"diabetes:8.0(phrase;tokens=diabete,diabetic,mellitu)"
E08.37X9,"Diabetes mellitus due to underlying condition with diabetic macular edema, resolved following treatment, unspecified eye",ATOM_PHRASE_MATCH,diabetes,diabetes,"diabetes:8.0(phrase;tokens=diabete,diabetic,mellitu)"
E08.59,Diabetes mellitus due to underlying condition with other circulatory complications,ATOM_PHRASE_MATCH,diabetes,diabetes,"diabetes:7.0(phrase;tokens=diabete,mellitu)"
E08.630,Diabetes mellitus due to underlying condition with periodontal disease,ATOM_PHRASE_MATCH,diabetes,diabetes,"diabetes:7.0(phrase;tokens=diabete,mellitu)"
E08.638,Diabetes mellitus due to underlying condition with other oral complications,ATOM_PHRASE_MATCH,diabetes,diabetes,"diabetes:7.0(phrase;tokens=diabete,mellitu)"
E09.01,Drug or chemical induced diabetes mellitus with hyperosmolarity with coma,ATOM_PHRASE_MATCH,diabetes,diabetes,"diabetes:7.0(phrase;tokens=diabete,mellitu)"
E09.11,Drug or chemical induced diabetes mellitus with ketoacidosis with coma,ATOM_PHRASE_MATCH,diabetes,diabetes,"diabetes:7.0(phrase;tokens=diabete,mellitu)"
E09.22,Drug or chemical induced diabetes mellitus with diabetic chronic kidney disease,ATOM_PHRASE_MATCH,diabetes | renal_dysfunction,Renal dysfunction / chronic kidney disease | diabetes,"diabetes:8.0(phrase;tokens=diabete,diabetic,mellitu) | renal_dysfunction:7.0(phrase;tokens=chronic,kidney)"
E09.29,Drug or chemical induced diabetes mellitus with other diabetic kidney complication,ATOM_PHRASE_MATCH,diabetes,diabetes,"diabetes:8.0(phrase;tokens=diabete,diabetic,mellitu)"
E09.311,Drug or chemical induced diabetes mellitus with unspecified diabetic retinopathy with macular edema,ATOM_PHRASE_MATCH,diabetes,diabetes,"diabetes:8.0(phrase;tokens=diabete,diabetic,mellitu)"
E09.319,Drug or chemical induced diabetes mellitus with unspecified diabetic retinopathy without macular edema,ATOM_PHRASE_MATCH,diabetes,diabetes,"diabetes:8.0(phrase;tokens=diabete,diabetic,mellitu)"
E09.3211,"Drug or chemical induced diabetes mellitus with mild nonproliferative diabetic retinopathy with macular edema, right eye",ATOM_PHRASE_MATCH,diabetes,diabetes,"diabetes:8.0(phrase;tokens=diabete,diabetic,mellitu)"
E09.3212,"Drug or chemical induced diabetes mellitus with mild nonproliferative diabetic retinopathy with macular edema, left eye",ATOM_PHRASE_MATCH,diabetes,diabetes,"diabetes:8.0(phrase;tokens=diabete,diabetic,mellitu)"
E09.3213,"Drug or chemical induced diabetes mellitus with mild nonproliferative diabetic retinopathy with macular edema, bilateral",ATOM_PHRASE_MATCH,diabetes,diabetes,"diabetes:8.0(phrase;tokens=diabete,diabetic,mellitu)"
E09.3219,"Drug or chemical induced diabetes mellitus with mild nonproliferative diabetic retinopathy with macular edema, unspecified eye",ATOM_PHRASE_MATCH,diabetes,diabetes,"diabetes:8.0(phrase;tokens=diabete,diabetic,mellitu)"
E09.3291,"Drug or chemical induced diabetes mellitus with mild nonproliferative diabetic retinopathy without macular edema, right eye",ATOM_PHRASE_MATCH,diabetes,diabetes,"diabetes:8.0(phrase;tokens=diabete,diabetic,mellitu)"
E09.3292,"Drug or chemical induced diabetes mellitus with mild nonproliferative diabetic retinopathy without macular edema, left eye",ATOM_PHRASE_MATCH,diabetes,diabetes,"diabetes:8.0(phrase;tokens=diabete,diabetic,mellitu)"
E09.3293,"Drug or chemical induced diabetes mellitus with mild nonproliferative diabetic retinopathy without macular edema, bilateral",ATOM_PHRASE_MATCH,diabetes,diabetes,"diabetes:8.0(phrase;tokens=diabete,diabetic,mellitu)"
E09.3299,"Drug or chemical induced diabetes mellitus with mild nonproliferative diabetic retinopathy without macular edema, unspecified eye",ATOM_PHRASE_MATCH,diabetes,diabetes,"diabetes:8.0(phrase;tokens=diabete,diabetic,mellitu)"
E09.3311,"Drug or chemical induced diabetes mellitus with moderate nonproliferative diabetic retinopathy with macular edema, right eye",ATOM_PHRASE_MATCH,diabetes,diabetes,"diabetes:8.0(phrase;tokens=diabete,diabetic,mellitu)"
E09.3312,"Drug or chemical induced diabetes mellitus with moderate nonproliferative diabetic retinopathy with macular edema, left eye",ATOM_PHRASE_MATCH,diabetes,diabetes,"diabetes:8.0(phrase;tokens=diabete,diabetic,mellitu)"
E09.3313,"Drug or chemical induced diabetes mellitus with moderate nonproliferative diabetic retinopathy with macular edema, bilateral",ATOM_PHRASE_MATCH,diabetes,diabetes,"diabetes:8.0(phrase;tokens=diabete,diabetic,mellitu)"
E09.3319,"Drug or chemical induced diabetes mellitus with moderate nonproliferative diabetic retinopathy with macular edema, unspecified eye",ATOM_PHRASE_MATCH,diabetes,diabetes,"diabetes:8.0(phrase;tokens=diabete,diabetic,mellitu)"
E09.3391,"Drug or chemical induced diabetes mellitus with moderate nonproliferative diabetic retinopathy without macular edema, right eye",ATOM_PHRASE_MATCH,diabetes,diabetes,"diabetes:8.0(phrase;tokens=diabete,diabetic,mellitu)"
E09.3392,"Drug or chemical induced diabetes mellitus with moderate nonproliferative diabetic retinopathy without macular edema, left eye",ATOM_PHRASE_MATCH,diabetes,diabetes,"diabetes:8.0(phrase;tokens=diabete,diabetic,mellitu)"
E09.3393,"Drug or chemical induced diabetes mellitus with moderate nonproliferative diabetic retinopathy without macular edema, bilateral",ATOM_PHRASE_MATCH,diabetes,diabetes,"diabetes:8.0(phrase;tokens=diabete,diabetic,mellitu)"
E09.3399,"Drug or chemical induced diabetes mellitus with moderate nonproliferative diabetic retinopathy without macular edema, unspecified eye",ATOM_PHRASE_MATCH,diabetes,diabetes,"diabetes:8.0(phrase;tokens=diabete,diabetic,mellitu)"
E09.3411,"Drug or chemical induced diabetes mellitus with severe nonproliferative diabetic retinopathy with macular edema, right eye",ATOM_PHRASE_MATCH,diabetes,diabetes,"diabetes:8.0(phrase;tokens=diabete,diabetic,mellitu)"
E09.3412,"Drug or chemical induced diabetes mellitus with severe nonproliferative diabetic retinopathy with macular edema, left eye",ATOM_PHRASE_MATCH,diabetes,diabetes,"diabetes:8.0(phrase;tokens=diabete,diabetic,mellitu)"
E09.3413,"Drug or chemical induced diabetes mellitus with severe nonproliferative diabetic retinopathy with macular edema, bilateral",ATOM_PHRASE_MATCH,diabetes,diabetes,"diabetes:8.0(phrase;tokens=diabete,diabetic,mellitu)"
E09.3419,"Drug or chemical induced diabetes mellitus with severe nonproliferative diabetic retinopathy with macular edema, unspecified eye",ATOM_PHRASE_MATCH,diabetes,diabetes,"diabetes:8.0(phrase;tokens=diabete,diabetic,mellitu)"
E09.3491,"Drug or chemical induced diabetes mellitus with severe nonproliferative diabetic retinopathy without macular edema, right eye",ATOM_PHRASE_MATCH,diabetes,diabetes,"diabetes:8.0(phrase;tokens=diabete,diabetic,mellitu)"
E09.3492,"Drug or chemical induced diabetes mellitus with severe nonproliferative diabetic retinopathy without macular edema, left eye",ATOM_PHRASE_MATCH,diabetes,diabetes,"diabetes:8.0(phrase;tokens=diabete,diabetic,mellitu)"
E09.3493,"Drug or chemical induced diabetes mellitus with severe nonproliferative diabetic retinopathy without macular edema, bilateral",ATOM_PHRASE_MATCH,diabetes,diabetes,"diabetes:8.0(phrase;tokens=diabete,diabetic,mellitu)"
E09.3499,"Drug or chemical induced diabetes mellitus with severe nonproliferative diabetic retinopathy without macular edema, unspecified eye",ATOM_PHRASE_MATCH,diabetes,diabetes,"diabetes:8.0(phrase;tokens=diabete,diabetic,mellitu)"
E09.3511,"Drug or chemical induced diabetes mellitus with proliferative diabetic retinopathy with macular edema, right eye",ATOM_PHRASE_MATCH,diabetes,diabetes,"diabetes:8.0(phrase;tokens=diabete,diabetic,mellitu)"
E09.3512,"Drug or chemical induced diabetes mellitus with proliferative diabetic retinopathy with macular edema, left eye",ATOM_PHRASE_MATCH,diabetes,diabetes,"diabetes:8.0(phrase;tokens=diabete,diabetic,mellitu)"
E09.3513,"Drug or chemical induced diabetes mellitus with proliferative diabetic retinopathy with macular edema, bilateral",ATOM_PHRASE_MATCH,diabetes,diabetes,"diabetes:8.0(phrase;tokens=diabete,diabetic,mellitu)"
E09.3519,"Drug or chemical induced diabetes mellitus with proliferative diabetic retinopathy with macular edema, unspecified eye",ATOM_PHRASE_MATCH,diabetes,diabetes,"diabetes:8.0(phrase;tokens=diabete,diabetic,mellitu)"
E09.3521,"Drug or chemical induced diabetes mellitus with proliferative diabetic retinopathy with traction retinal detachment involving the macula, right eye",ATOM_PHRASE_MATCH,diabetes,diabetes,"diabetes:8.0(phrase;tokens=diabete,diabetic,mellitu)"
E09.3522,"Drug or chemical induced diabetes mellitus with proliferative diabetic retinopathy with traction retinal detachment involving the macula, left eye",ATOM_PHRASE_MATCH,diabetes,diabetes,"diabetes:8.0(phrase;tokens=diabete,diabetic,mellitu)"
E09.3523,"Drug or chemical induced diabetes mellitus with proliferative diabetic retinopathy with traction retinal detachment involving the macula, bilateral",ATOM_PHRASE_MATCH,diabetes,diabetes,"diabetes:8.0(phrase;tokens=diabete,diabetic,mellitu)"
E09.3529,"Drug or chemical induced diabetes mellitus with proliferative diabetic retinopathy with traction retinal detachment involving the macula, unspecified eye",ATOM_PHRASE_MATCH,diabetes,diabetes,"diabetes:8.0(phrase;tokens=diabete,diabetic,mellitu)"
E09.3531,"Drug or chemical induced diabetes mellitus with proliferative diabetic retinopathy with traction retinal detachment not involving the macula, right eye",ATOM_PHRASE_MATCH,diabetes,diabetes,"diabetes:8.0(phrase;tokens=diabete,diabetic,mellitu)"
E09.3532,"Drug or chemical induced diabetes mellitus with proliferative diabetic retinopathy with traction retinal detachment not involving the macula, left eye",ATOM_PHRASE_MATCH,diabetes,diabetes,"diabetes:8.0(phrase;tokens=diabete,diabetic,mellitu)"
E09.3533,"Drug or chemical induced diabetes mellitus with proliferative diabetic retinopathy with traction retinal detachment not involving the macula, bilateral",ATOM_PHRASE_MATCH,diabetes,diabetes,"diabetes:8.0(phrase;tokens=diabete,diabetic,mellitu)"
E09.3539,"Drug or chemical induced diabetes mellitus with proliferative diabetic retinopathy with traction retinal detachment not involving the macula, unspecified eye",ATOM_PHRASE_MATCH,diabetes,diabetes,"diabetes:8.0(phrase;tokens=diabete,diabetic,mellitu)"
E09.3541,"Drug or chemical induced diabetes mellitus with proliferative diabetic retinopathy with combined traction retinal detachment and rhegmatogenous retinal detachment, right eye",ATOM_PHRASE_MATCH,diabetes,diabetes,"diabetes:8.0(phrase;tokens=diabete,diabetic,mellitu)"
E09.3542,"Drug or chemical induced diabetes mellitus with proliferative diabetic retinopathy with combined traction retinal detachment and rhegmatogenous retinal detachment, left eye",ATOM_PHRASE_MATCH,diabetes,diabetes,"diabetes:8.0(phrase;tokens=diabete,diabetic,mellitu)"
E09.3543,"Drug or chemical induced diabetes mellitus with proliferative diabetic retinopathy with combined traction retinal detachment and rhegmatogenous retinal detachment, bilateral",ATOM_PHRASE_MATCH,diabetes,diabetes,"diabetes:8.0(phrase;tokens=diabete,diabetic,mellitu)"
E09.3549,"Drug or chemical induced diabetes mellitus with proliferative diabetic retinopathy with combined traction retinal detachment and rhegmatogenous retinal detachment, unspecified eye",ATOM_PHRASE_MATCH,diabetes,diabetes,"diabetes:8.0(phrase;tokens=diabete,diabetic,mellitu)"
E09.3551,"Drug or chemical induced diabetes mellitus with stable proliferative diabetic retinopathy, right eye",ATOM_PHRASE_MATCH,diabetes,diabetes,"diabetes:8.0(phrase;tokens=diabete,diabetic,mellitu)"
E09.3552,"Drug or chemical induced diabetes mellitus with stable proliferative diabetic retinopathy, left eye",ATOM_PHRASE_MATCH,diabetes,diabetes,"diabetes:8.0(phrase;tokens=diabete,diabetic,mellitu)"
E09.3553,"Drug or chemical induced diabetes mellitus with stable proliferative diabetic retinopathy, bilateral",ATOM_PHRASE_MATCH,diabetes,diabetes,"diabetes:8.0(phrase;tokens=diabete,diabetic,mellitu)"
E09.3559,"Drug or chemical induced diabetes mellitus with stable proliferative diabetic retinopathy, unspecified eye",ATOM_PHRASE_MATCH,diabetes,diabetes,"diabetes:8.0(phrase;tokens=diabete,diabetic,mellitu)"
E09.3591,"Drug or chemical induced diabetes mellitus with proliferative diabetic retinopathy without macular edema, right eye",ATOM_PHRASE_MATCH,diabetes,diabetes,"diabetes:8.0(phrase;tokens=diabete,diabetic,mellitu)"
E09.3592,"Drug or chemical induced diabetes mellitus with proliferative diabetic retinopathy without macular edema, left eye",ATOM_PHRASE_MATCH,diabetes,diabetes,"diabetes:8.0(phrase;tokens=diabete,diabetic,mellitu)"
E09.3593,"Drug or chemical induced diabetes mellitus with proliferative diabetic retinopathy without macular edema, bilateral",ATOM_PHRASE_MATCH,diabetes,diabetes,"diabetes:8.0(phrase;tokens=diabete,diabetic,mellitu)"
E09.3599,"Drug or chemical induced diabetes mellitus with proliferative diabetic retinopathy without macular edema, unspecified eye",ATOM_PHRASE_MATCH,diabetes,diabetes,"diabetes:8.0(phrase;tokens=diabete,diabetic,mellitu)"
E09.36,Drug or chemical induced diabetes mellitus with diabetic cataract,ATOM_PHRASE_MATCH,diabetes,diabetes,"diabetes:8.0(phrase;tokens=diabete,diabetic,mellitu)"
E09.37X1,"Drug or chemical induced diabetes mellitus with diabetic macular edema, resolved following treatment, right eye",ATOM_PHRASE_MATCH,diabetes,diabetes,"diabetes:8.0(phrase;tokens=diabete,diabetic,mellitu)"
E09.37X2,"Drug or chemical induced diabetes mellitus with diabetic macular edema, resolved following treatment, left eye",ATOM_PHRASE_MATCH,diabetes,diabetes,"diabetes:8.0(phrase;tokens=diabete,diabetic,mellitu)"
E09.37X3,"Drug or chemical induced diabetes mellitus with diabetic macular edema, resolved following treatment, bilateral",ATOM_PHRASE_MATCH,diabetes,diabetes,"diabetes:8.0(phrase;tokens=diabete,diabetic,mellitu)"
E09.37X9,"Drug or chemical induced diabetes mellitus with diabetic macular edema, resolved following treatment, unspecified eye",ATOM_PHRASE_MATCH,diabetes,diabetes,"diabetes:8.0(phrase;tokens=diabete,diabetic,mellitu)"
E09.39,Drug or chemical induced diabetes mellitus with other diabetic ophthalmic complication,ATOM_PHRASE_MATCH,diabetes,diabetes,"diabetes:8.0(phrase;tokens=diabete,diabetic,mellitu)"
E09.40,"Drug or chemical induced diabetes mellitus with neurological complications with diabetic neuropathy, unspecified",ATOM_PHRASE_MATCH,diabetes,diabetes,"diabetes:8.0(phrase;tokens=diabete,diabetic,mellitu)"
E09.41,Drug or chemical induced diabetes mellitus with neurological complications with diabetic mononeuropathy,ATOM_PHRASE_MATCH,diabetes,diabetes,"diabetes:8.0(phrase;tokens=diabete,diabetic,mellitu)"
E09.44,Drug or chemical induced diabetes mellitus with neurological complications with diabetic amyotrophy,ATOM_PHRASE_MATCH,diabetes,diabetes,"diabetes:8.0(phrase;tokens=diabete,diabetic,mellitu)"
E09.49,Drug or chemical induced diabetes mellitus with neurological complications with other diabetic neurological complication,ATOM_PHRASE_MATCH,diabetes,diabetes,"diabetes:8.0(phrase;tokens=diabete,diabetic,mellitu)"
E09.51,Drug or chemical induced diabetes mellitus with diabetic peripheral angiopathy without gangrene,ATOM_PHRASE_MATCH,diabetes,diabetes,"diabetes:8.0(phrase;tokens=diabete,diabetic,mellitu)"
E09.52,Drug or chemical induced diabetes mellitus with diabetic peripheral angiopathy with gangrene,ATOM_PHRASE_MATCH,diabetes,diabetes,"diabetes:8.0(phrase;tokens=diabete,diabetic,mellitu)"
E09.610,Drug or chemical induced diabetes mellitus with diabetic neuropathic arthropathy,ATOM_PHRASE_MATCH,charcot_arthropathy | diabetes,charcot arthropathy | diabetes,"diabetes:8.0(phrase;tokens=diabete,diabetic,mellitu) | charcot_arthropathy:7.0(phrase;tokens=arthropathy,neuropathic)"
E09.618,Drug or chemical induced diabetes mellitus with other diabetic arthropathy,ATOM_PHRASE_MATCH,diabetes,diabetes,"diabetes:8.0(phrase;tokens=diabete,diabetic,mellitu)"
E09.620,Drug or chemical induced diabetes mellitus with diabetic dermatitis,ATOM_PHRASE_MATCH,diabetes,diabetes,"diabetes:8.0(phrase;tokens=diabete,diabetic,mellitu)"
E09.622,Drug or chemical induced diabetes mellitus with other skin ulcer,ATOM_PHRASE_MATCH,diabetes,diabetes,"diabetes:7.0(phrase;tokens=diabete,mellitu)"
E09.628,Drug or chemical induced diabetes mellitus with other skin complications,ATOM_PHRASE_MATCH,diabetes,diabetes,"diabetes:7.0(phrase;tokens=diabete,mellitu)"
E09.630,Drug or chemical induced diabetes mellitus with periodontal disease,ATOM_PHRASE_MATCH,diabetes,diabetes,"diabetes:7.0(phrase;tokens=diabete,mellitu)"
E09.641,Drug or chemical induced diabetes mellitus with hypoglycemia with coma,ATOM_PHRASE_MATCH,diabetes,diabetes,"diabetes:7.0(phrase;tokens=diabete,mellitu)"
E09.649,Drug or chemical induced diabetes mellitus with hypoglycemia without coma,ATOM_PHRASE_MATCH,diabetes,diabetes,"diabetes:7.0(phrase;tokens=diabete,mellitu)"
E10.3212,"Type 1 diabetes mellitus with mild nonproliferative diabetic retinopathy with macular edema, left eye",ATOM_PHRASE_MATCH,diabetes,diabetes,"diabetes:8.0(phrase;tokens=diabete,diabetic,mellitu,type)"
E10.3419,"Type 1 diabetes mellitus with severe nonproliferative diabetic retinopathy with macular edema, unspecified eye",ATOM_PHRASE_MATCH,diabetes,diabetes,"diabetes:8.0(phrase;tokens=diabete,diabetic,mellitu,type)"
E10.3492,"Type 1 diabetes mellitus with severe nonproliferative diabetic retinopathy without macular edema, left eye",ATOM_PHRASE_MATCH,diabetes,diabetes,"diabetes:8.0(phrase;tokens=diabete,diabetic,mellitu,type)"
E10.3499,"Type 1 diabetes mellitus with severe nonproliferative diabetic retinopathy without macular edema, unspecified eye",ATOM_PHRASE_MATCH,diabetes,diabetes,"diabetes:8.0(phrase;tokens=diabete,diabetic,mellitu,type)"
E10.3522,"Type 1 diabetes mellitus with proliferative diabetic retinopathy with traction retinal detachment involving the macula, left eye",ATOM_PHRASE_MATCH,diabetes,diabetes,"diabetes:8.0(phrase;tokens=diabete,diabetic,mellitu,type)"
E10.3532,"Type 1 diabetes mellitus with proliferative diabetic retinopathy with traction retinal detachment not involving the macula, left eye",ATOM_PHRASE_MATCH,diabetes,diabetes,"diabetes:8.0(phrase;tokens=diabete,diabetic,mellitu,type)"
E10.3533,"Type 1 diabetes mellitus with proliferative diabetic retinopathy with traction retinal detachment not involving the macula, bilateral",ATOM_PHRASE_MATCH,diabetes,diabetes,"diabetes:8.0(phrase;tokens=diabete,diabetic,mellitu,type)"
E10.3539,"Type 1 diabetes mellitus with proliferative diabetic retinopathy with traction retinal detachment not involving the macula, unspecified eye",ATOM_PHRASE_MATCH,diabetes,diabetes,"diabetes:8.0(phrase;tokens=diabete,diabetic,mellitu,type)"
E10.3541,"Type 1 diabetes mellitus with proliferative diabetic retinopathy with combined traction retinal detachment and rhegmatogenous retinal detachment, right eye",ATOM_PHRASE_MATCH,diabetes,diabetes,"diabetes:8.0(phrase;tokens=diabete,diabetic,mellitu,type)"
E10.3543,"Type 1 diabetes mellitus with proliferative diabetic retinopathy with combined traction retinal detachment and rhegmatogenous retinal detachment, bilateral",ATOM_PHRASE_MATCH,diabetes,diabetes,"diabetes:8.0(phrase;tokens=diabete,diabetic,mellitu,type)"
E10.3549,"Type 1 diabetes mellitus with proliferative diabetic retinopathy with combined traction retinal detachment and rhegmatogenous retinal detachment, unspecified eye",ATOM_PHRASE_MATCH,diabetes,diabetes,"diabetes:8.0(phrase;tokens=diabete,diabetic,mellitu,type)"
E10.3551,"Type 1 diabetes mellitus with stable proliferative diabetic retinopathy, right eye",ATOM_PHRASE_MATCH,diabetes,diabetes,"diabetes:8.0(phrase;tokens=diabete,diabetic,mellitu,type)"
E10.3552,"Type 1 diabetes mellitus with stable proliferative diabetic retinopathy, left eye",ATOM_PHRASE_MATCH,diabetes,diabetes,"diabetes:8.0(phrase;tokens=diabete,diabetic,mellitu,type)"
E10.37X1,"Type 1 diabetes mellitus with diabetic macular edema, resolved following treatment, right eye",ATOM_PHRASE_MATCH,diabetes,diabetes,"diabetes:8.0(phrase;tokens=diabete,diabetic,mellitu,type)"
E10.37X2,"Type 1 diabetes mellitus with diabetic macular edema, resolved following treatment, left eye",ATOM_PHRASE_MATCH,diabetes,diabetes,"diabetes:8.0(phrase;tokens=diabete,diabetic,mellitu,type)"
E10.37X3,"Type 1 diabetes mellitus with diabetic macular edema, resolved following treatment, bilateral",ATOM_PHRASE_MATCH,diabetes | v41_attrwt_pattern_gate,Cardiac ATTR-compatible phenotype + orthopedic prodrome with genotype unresolved | diabetes,"diabetes:8.0(phrase;tokens=diabete,diabetic,mellitu,type) | v41_attrwt_pattern_gate:3.0(tokens=bilateral,follow,type)"
E10.37X9,"Type 1 diabetes mellitus with diabetic macular edema, resolved following treatment, unspecified eye",ATOM_PHRASE_MATCH,diabetes,diabetes,"diabetes:8.0(phrase;tokens=diabete,diabetic,mellitu,type)"
E10.620,Type 1 diabetes mellitus with diabetic dermatitis,ATOM_PHRASE_MATCH,diabetes,diabetes,"diabetes:8.0(phrase;tokens=diabete,diabetic,mellitu,type)"
E10.630,Type 1 diabetes mellitus with periodontal disease,ATOM_PHRASE_MATCH,diabetes,diabetes,"diabetes:8.0(phrase;tokens=diabete,mellitu,type)"
E10.638,Type 1 diabetes mellitus with other oral complications,ATOM_PHRASE_MATCH,diabetes,diabetes,"diabetes:8.0(phrase;tokens=diabete,mellitu,type)"
E10.A0,"Type 1 diabetes mellitus, presymptomatic, unspecified",ATOM_PHRASE_MATCH,diabetes,diabetes,"diabetes:8.0(phrase;tokens=diabete,mellitu,type)"
E11.3543,"Type 2 diabetes mellitus with proliferative diabetic retinopathy with combined traction retinal detachment and rhegmatogenous retinal detachment, bilateral",CONFIGURED_ICD_CATEGORY,diabetes,diabetes,"diabetes:10.0(phrase;same_icd_category;tokens=diabete,diabetic,mellitu,type)"
E11.37X1,"Type 2 diabetes mellitus with diabetic macular edema, resolved following treatment, right eye",CONFIGURED_ICD_CATEGORY,diabetes,diabetes,"diabetes:10.0(phrase;same_icd_category;tokens=diabete,diabetic,mellitu,type)"
E13.01,Other specified diabetes mellitus with hyperosmolarity with coma,ATOM_PHRASE_MATCH,diabetes,diabetes,"diabetes:7.0(phrase;tokens=diabete,mellitu)"
E13.3211,"Other specified diabetes mellitus with mild nonproliferative diabetic retinopathy with macular edema, right eye",ATOM_PHRASE_MATCH,diabetes,diabetes,"diabetes:8.0(phrase;tokens=diabete,diabetic,mellitu)"
E13.3212,"Other specified diabetes mellitus with mild nonproliferative diabetic retinopathy with macular edema, left eye",ATOM_PHRASE_MATCH,diabetes,diabetes,"diabetes:8.0(phrase;tokens=diabete,diabetic,mellitu)"
E13.3213,"Other specified diabetes mellitus with mild nonproliferative diabetic retinopathy with macular edema, bilateral",ATOM_PHRASE_MATCH,diabetes,diabetes,"diabetes:8.0(phrase;tokens=diabete,diabetic,mellitu)"
E13.3219,"Other specified diabetes mellitus with mild nonproliferative diabetic retinopathy with macular edema, unspecified eye",ATOM_PHRASE_MATCH,diabetes,diabetes,"diabetes:8.0(phrase;tokens=diabete,diabetic,mellitu)"
E13.3291,"Other specified diabetes mellitus with mild nonproliferative diabetic retinopathy without macular edema, right eye",ATOM_PHRASE_MATCH,diabetes,diabetes,"diabetes:8.0(phrase;tokens=diabete,diabetic,mellitu)"
E13.3292,"Other specified diabetes mellitus with mild nonproliferative diabetic retinopathy without macular edema, left eye",ATOM_PHRASE_MATCH,diabetes,diabetes,"diabetes:8.0(phrase;tokens=diabete,diabetic,mellitu)"
E13.3312,"Other specified diabetes mellitus with moderate nonproliferative diabetic retinopathy with macular edema, left eye",ATOM_PHRASE_MATCH,diabetes,diabetes,"diabetes:8.0(phrase;tokens=diabete,diabetic,mellitu)"
E13.3319,"Other specified diabetes mellitus with moderate nonproliferative diabetic retinopathy with macular edema, unspecified eye",ATOM_PHRASE_MATCH,diabetes,diabetes,"diabetes:8.0(phrase;tokens=diabete,diabetic,mellitu)"
E13.3391,"Other specified diabetes mellitus with moderate nonproliferative diabetic retinopathy without macular edema, right eye",ATOM_PHRASE_MATCH,diabetes,diabetes,"diabetes:8.0(phrase;tokens=diabete,diabetic,mellitu)"
E13.3392,"Other specified diabetes mellitus with moderate nonproliferative diabetic retinopathy without macular edema, left eye",ATOM_PHRASE_MATCH,diabetes,diabetes,"diabetes:8.0(phrase;tokens=diabete,diabetic,mellitu)"
E13.3411,"Other specified diabetes mellitus with severe nonproliferative diabetic retinopathy with macular edema, right eye",ATOM_PHRASE_MATCH,diabetes,diabetes,"diabetes:8.0(phrase;tokens=diabete,diabetic,mellitu)"
E13.3412,"Other specified diabetes mellitus with severe nonproliferative diabetic retinopathy with macular edema, left eye",ATOM_PHRASE_MATCH,diabetes,diabetes,"diabetes:8.0(phrase;tokens=diabete,diabetic,mellitu)"
E13.3491,"Other specified diabetes mellitus with severe nonproliferative diabetic retinopathy without macular edema, right eye",ATOM_PHRASE_MATCH,diabetes,diabetes,"diabetes:8.0(phrase;tokens=diabete,diabetic,mellitu)"
E13.3492,"Other specified diabetes mellitus with severe nonproliferative diabetic retinopathy without macular edema, left eye",ATOM_PHRASE_MATCH,diabetes,diabetes,"diabetes:8.0(phrase;tokens=diabete,diabetic,mellitu)"
E13.3493,"Other specified diabetes mellitus with severe nonproliferative diabetic retinopathy without macular edema, bilateral",ATOM_PHRASE_MATCH,diabetes,diabetes,"diabetes:8.0(phrase;tokens=diabete,diabetic,mellitu)"
E13.3511,"Other specified diabetes mellitus with proliferative diabetic retinopathy with macular edema, right eye",ATOM_PHRASE_MATCH,diabetes,diabetes,"diabetes:8.0(phrase;tokens=diabete,diabetic,mellitu)"
E13.3512,"Other specified diabetes mellitus with proliferative diabetic retinopathy with macular edema, left eye",ATOM_PHRASE_MATCH,diabetes,diabetes,"diabetes:8.0(phrase;tokens=diabete,diabetic,mellitu)"
E13.3513,"Other specified diabetes mellitus with proliferative diabetic retinopathy with macular edema, bilateral",ATOM_PHRASE_MATCH,diabetes,diabetes,"diabetes:8.0(phrase;tokens=diabete,diabetic,mellitu)"
E13.3519,"Other specified diabetes mellitus with proliferative diabetic retinopathy with macular edema, unspecified eye",ATOM_PHRASE_MATCH,diabetes,diabetes,"diabetes:8.0(phrase;tokens=diabete,diabetic,mellitu)"
E13.3521,"Other specified diabetes mellitus with proliferative diabetic retinopathy with traction retinal detachment involving the macula, right eye",ATOM_PHRASE_MATCH,diabetes,diabetes,"diabetes:8.0(phrase;tokens=diabete,diabetic,mellitu)"
E13.3522,"Other specified diabetes mellitus with proliferative diabetic retinopathy with traction retinal detachment involving the macula, left eye",ATOM_PHRASE_MATCH,diabetes,diabetes,"diabetes:8.0(phrase;tokens=diabete,diabetic,mellitu)"
E13.3523,"Other specified diabetes mellitus with proliferative diabetic retinopathy with traction retinal detachment involving the macula, bilateral",ATOM_PHRASE_MATCH,diabetes,diabetes,"diabetes:8.0(phrase;tokens=diabete,diabetic,mellitu)"
E13.3529,"Other specified diabetes mellitus with proliferative diabetic retinopathy with traction retinal detachment involving the macula, unspecified eye",ATOM_PHRASE_MATCH,diabetes,diabetes,"diabetes:8.0(phrase;tokens=diabete,diabetic,mellitu)"
E13.3531,"Other specified diabetes mellitus with proliferative diabetic retinopathy with traction retinal detachment not involving the macula, right eye",ATOM_PHRASE_MATCH,diabetes,diabetes,"diabetes:8.0(phrase;tokens=diabete,diabetic,mellitu)"
E13.3532,"Other specified diabetes mellitus with proliferative diabetic retinopathy with traction retinal detachment not involving the macula, left eye",ATOM_PHRASE_MATCH,diabetes,diabetes,"diabetes:8.0(phrase;tokens=diabete,diabetic,mellitu)"
E13.3539,"Other specified diabetes mellitus with proliferative diabetic retinopathy with traction retinal detachment not involving the macula, unspecified eye",ATOM_PHRASE_MATCH,diabetes,diabetes,"diabetes:8.0(phrase;tokens=diabete,diabetic,mellitu)"
E13.3541,"Other specified diabetes mellitus with proliferative diabetic retinopathy with combined traction retinal detachment and rhegmatogenous retinal detachment, right eye",ATOM_PHRASE_MATCH,diabetes,diabetes,"diabetes:8.0(phrase;tokens=diabete,diabetic,mellitu)"
E13.3542,"Other specified diabetes mellitus with proliferative diabetic retinopathy with combined traction retinal detachment and rhegmatogenous retinal detachment, left eye",ATOM_PHRASE_MATCH,diabetes,diabetes,"diabetes:8.0(phrase;tokens=diabete,diabetic,mellitu)"
E13.3543,"Other specified diabetes mellitus with proliferative diabetic retinopathy with combined traction retinal detachment and rhegmatogenous retinal detachment, bilateral",ATOM_PHRASE_MATCH,diabetes,diabetes,"diabetes:8.0(phrase;tokens=diabete,diabetic,mellitu)"
E13.3549,"Other specified diabetes mellitus with proliferative diabetic retinopathy with combined traction retinal detachment and rhegmatogenous retinal detachment, unspecified eye",ATOM_PHRASE_MATCH,diabetes,diabetes,"diabetes:8.0(phrase;tokens=diabete,diabetic,mellitu)"
E13.3551,"Other specified diabetes mellitus with stable proliferative diabetic retinopathy, right eye",ATOM_PHRASE_MATCH,diabetes,diabetes,"diabetes:8.0(phrase;tokens=diabete,diabetic,mellitu)"
E13.3552,"Other specified diabetes mellitus with stable proliferative diabetic retinopathy, left eye",ATOM_PHRASE_MATCH,diabetes,diabetes,"diabetes:8.0(phrase;tokens=diabete,diabetic,mellitu)"
E13.3553,"Other specified diabetes mellitus with stable proliferative diabetic retinopathy, bilateral",ATOM_PHRASE_MATCH,diabetes,diabetes,"diabetes:8.0(phrase;tokens=diabete,diabetic,mellitu)"
E13.37X1,"Other specified diabetes mellitus with diabetic macular edema, resolved following treatment, right eye",ATOM_PHRASE_MATCH,diabetes,diabetes,"diabetes:8.0(phrase;tokens=diabete,diabetic,mellitu)"
E13.37X2,"Other specified diabetes mellitus with diabetic macular edema, resolved following treatment, left eye",ATOM_PHRASE_MATCH,diabetes,diabetes,"diabetes:8.0(phrase;tokens=diabete,diabetic,mellitu)"
E13.37X3,"Other specified diabetes mellitus with diabetic macular edema, resolved following treatment, bilateral",ATOM_PHRASE_MATCH,diabetes,diabetes,"diabetes:8.0(phrase;tokens=diabete,diabetic,mellitu)"
E13.37X9,"Other specified diabetes mellitus with diabetic macular edema, resolved following treatment, unspecified eye",ATOM_PHRASE_MATCH,diabetes,diabetes,"diabetes:8.0(phrase;tokens=diabete,diabetic,mellitu)"
E13.610,Other specified diabetes mellitus with diabetic neuropathic arthropathy,ATOM_PHRASE_MATCH,charcot_arthropathy | diabetes,charcot arthropathy | diabetes,"diabetes:8.0(phrase;tokens=diabete,diabetic,mellitu) | charcot_arthropathy:7.0(phrase;tokens=arthropathy,neuropathic)"
E13.620,Other specified diabetes mellitus with diabetic dermatitis,ATOM_PHRASE_MATCH,diabetes,diabetes,"diabetes:8.0(phrase;tokens=diabete,diabetic,mellitu)"
E13.630,Other specified diabetes mellitus with periodontal disease,ATOM_PHRASE_MATCH,diabetes,diabetes,"diabetes:7.0(phrase;tokens=diabete,mellitu)"
E13.641,Other specified diabetes mellitus with hypoglycemia with coma,ATOM_PHRASE_MATCH,diabetes,diabetes,"diabetes:7.0(phrase;tokens=diabete,mellitu)"
G60.2,Neuropathy in association with hereditary ataxia,CONFIGURED_ICD_CATEGORY,mild_sensory_polyneuropathy | sfn,Mild-to-moderate length-dependent sensory polyneuropathy | Small-fiber neuropathy,mild_sensory_polyneuropathy:3.0(same_icd_category;tokens=neuropathy) | sfn:3.0(same_icd_category;tokens=neuropathy)
G61.1,Serum neuropathy,CONFIGURED_ICD_CATEGORY,cidp,Chronic inflammatory demyelinating polyneuropathy,cidp:3.0(same_icd_category;tokens=neuropathy)
G83.23,Monoplegia of upper limb affecting right nondominant side,ATOM_PHRASE_MATCH,cts_right,"Carpal tunnel syndrome, right","cts_right:3.0(tokens=limb,right,upper)"
G99.0,Autonomic neuropathy in diseases classified elsewhere,ATOM_PHRASE_MATCH,dysautonomia,Autonomic dysfunction / dysautonomia,"dysautonomia:7.0(phrase;tokens=autonomic,neuropathy)"
H16.221,"Keratoconjunctivitis sicca, not specified as Sjogren's, right eye",ATOM_PHRASE_MATCH,dry_eye,dry eye,"dry_eye:8.0(phrase;tokens=eye,keratoconjunctiviti,sicca)"
H21.1X9,"Other vascular disorders of iris and ciliary body, unspecified eye",CONFIGURED_ICD_CATEGORY,iris_abnormality | scalloped_pupil,Scalloped pupil / characteristic pupillary abnormality | iris abnormality,iris_abnormality:3.0(same_icd_category;tokens=iris) | scalloped_pupil:3.0(same_icd_category;tokens=iris)
H21.231,"Degeneration of iris (pigmentary), right eye",CONFIGURED_ICD_CATEGORY,iris_abnormality | scalloped_pupil,Scalloped pupil / characteristic pupillary abnormality | iris abnormality,iris_abnormality:3.0(same_icd_category;tokens=iris) | scalloped_pupil:3.0(same_icd_category;tokens=iris)
H21.233,"Degeneration of iris (pigmentary), bilateral",CONFIGURED_ICD_CATEGORY,iris_abnormality | scalloped_pupil,Scalloped pupil / characteristic pupillary abnormality | iris abnormality,iris_abnormality:3.0(same_icd_category;tokens=iris) | scalloped_pupil:3.0(same_icd_category;tokens=iris)
H21.242,"Degeneration of pupillary margin, left eye",CONFIGURED_ICD_CATEGORY,iris_abnormality | scalloped_pupil,Scalloped pupil / characteristic pupillary abnormality | iris abnormality,"scalloped_pupil:4.0(same_icd_category;tokens=margin,pupillary) | iris_abnormality:3.0(same_icd_category;tokens=pupillary)"
H21.243,"Degeneration of pupillary margin, bilateral",CONFIGURED_ICD_CATEGORY,iris_abnormality | scalloped_pupil,Scalloped pupil / characteristic pupillary abnormality | iris abnormality,"scalloped_pupil:4.0(same_icd_category;tokens=margin,pupillary) | iris_abnormality:3.0(same_icd_category;tokens=pupillary)"
H21.249,"Degeneration of pupillary margin, unspecified eye",CONFIGURED_ICD_CATEGORY,iris_abnormality | scalloped_pupil,Scalloped pupil / characteristic pupillary abnormality | iris abnormality,"scalloped_pupil:4.0(same_icd_category;tokens=margin,pupillary) | iris_abnormality:3.0(same_icd_category;tokens=pupillary)"
H21.262,"Iris atrophy (essential) (progressive), left eye",CONFIGURED_ICD_CATEGORY,iris_abnormality | scalloped_pupil,Scalloped pupil / characteristic pupillary abnormality | iris abnormality,iris_abnormality:3.0(same_icd_category;tokens=iris) | scalloped_pupil:3.0(same_icd_category;tokens=iris)
H21.263,"Iris atrophy (essential) (progressive), bilateral",CONFIGURED_ICD_CATEGORY,iris_abnormality | scalloped_pupil,Scalloped pupil / characteristic pupillary abnormality | iris abnormality,iris_abnormality:3.0(same_icd_category;tokens=iris) | scalloped_pupil:3.0(same_icd_category;tokens=iris)
H21.269,"Iris atrophy (essential) (progressive), unspecified eye",CONFIGURED_ICD_CATEGORY,iris_abnormality | scalloped_pupil,Scalloped pupil / characteristic pupillary abnormality | iris abnormality,iris_abnormality:3.0(same_icd_category;tokens=iris) | scalloped_pupil:3.0(same_icd_category;tokens=iris)
H21.271,"Miotic pupillary cyst, right eye",CONFIGURED_ICD_CATEGORY,iris_abnormality | scalloped_pupil,Scalloped pupil / characteristic pupillary abnormality | iris abnormality,iris_abnormality:3.0(same_icd_category;tokens=pupillary) | scalloped_pupil:3.0(same_icd_category;tokens=pupillary)
H21.272,"Miotic pupillary cyst, left eye",CONFIGURED_ICD_CATEGORY,iris_abnormality | scalloped_pupil,Scalloped pupil / characteristic pupillary abnormality | iris abnormality,iris_abnormality:3.0(same_icd_category;tokens=pupillary) | scalloped_pupil:3.0(same_icd_category;tokens=pupillary)
H21.273,"Miotic pupillary cyst, bilateral",CONFIGURED_ICD_CATEGORY,iris_abnormality | scalloped_pupil,Scalloped pupil / characteristic pupillary abnormality | iris abnormality,iris_abnormality:3.0(same_icd_category;tokens=pupillary) | scalloped_pupil:3.0(same_icd_category;tokens=pupillary)
H21.279,"Miotic pupillary cyst, unspecified eye",CONFIGURED_ICD_CATEGORY,iris_abnormality | scalloped_pupil,Scalloped pupil / characteristic pupillary abnormality | iris abnormality,iris_abnormality:3.0(same_icd_category;tokens=pupillary) | scalloped_pupil:3.0(same_icd_category;tokens=pupillary)
H21.29,Other iris atrophy,CONFIGURED_ICD_CATEGORY,iris_abnormality | scalloped_pupil,Scalloped pupil / characteristic pupillary abnormality | iris abnormality,iris_abnormality:3.0(same_icd_category;tokens=iris) | scalloped_pupil:3.0(same_icd_category;tokens=iris)
H21.303,"Idiopathic cysts of iris, ciliary body or anterior chamber, bilateral",CONFIGURED_ICD_CATEGORY,iris_abnormality | scalloped_pupil,Scalloped pupil / characteristic pupillary abnormality | iris abnormality,iris_abnormality:3.0(same_icd_category;tokens=iris) | scalloped_pupil:3.0(same_icd_category;tokens=iris)
H21.311,"Exudative cysts of iris or anterior chamber, right eye",CONFIGURED_ICD_CATEGORY,iris_abnormality | scalloped_pupil,Scalloped pupil / characteristic pupillary abnormality | iris abnormality,iris_abnormality:3.0(same_icd_category;tokens=iris) | scalloped_pupil:3.0(same_icd_category;tokens=iris)
H21.312,"Exudative cysts of iris or anterior chamber, left eye",CONFIGURED_ICD_CATEGORY,iris_abnormality | scalloped_pupil,Scalloped pupil / characteristic pupillary abnormality | iris abnormality,iris_abnormality:3.0(same_icd_category;tokens=iris) | scalloped_pupil:3.0(same_icd_category;tokens=iris)
H21.313,"Exudative cysts of iris or anterior chamber, bilateral",CONFIGURED_ICD_CATEGORY,iris_abnormality | scalloped_pupil,Scalloped pupil / characteristic pupillary abnormality | iris abnormality,iris_abnormality:3.0(same_icd_category;tokens=iris) | scalloped_pupil:3.0(same_icd_category;tokens=iris)
H21.319,"Exudative cysts of iris or anterior chamber, unspecified eye",CONFIGURED_ICD_CATEGORY,iris_abnormality | scalloped_pupil,Scalloped pupil / characteristic pupillary abnormality | iris abnormality,iris_abnormality:3.0(same_icd_category;tokens=iris) | scalloped_pupil:3.0(same_icd_category;tokens=iris)
H21.321,"Implantation cysts of iris, ciliary body or anterior chamber, right eye",CONFIGURED_ICD_CATEGORY,iris_abnormality | scalloped_pupil,Scalloped pupil / characteristic pupillary abnormality | iris abnormality,iris_abnormality:3.0(same_icd_category;tokens=iris) | scalloped_pupil:3.0(same_icd_category;tokens=iris)
H21.323,"Implantation cysts of iris, ciliary body or anterior chamber, bilateral",CONFIGURED_ICD_CATEGORY,iris_abnormality | scalloped_pupil,Scalloped pupil / characteristic pupillary abnormality | iris abnormality,iris_abnormality:3.0(same_icd_category;tokens=iris) | scalloped_pupil:3.0(same_icd_category;tokens=iris)
H21.329,"Implantation cysts of iris, ciliary body or anterior chamber, unspecified eye",CONFIGURED_ICD_CATEGORY,iris_abnormality | scalloped_pupil,Scalloped pupil / characteristic pupillary abnormality | iris abnormality,iris_abnormality:3.0(same_icd_category;tokens=iris) | scalloped_pupil:3.0(same_icd_category;tokens=iris)
H21.331,"Parasitic cyst of iris, ciliary body or anterior chamber, right eye",CONFIGURED_ICD_CATEGORY,iris_abnormality | scalloped_pupil,Scalloped pupil / characteristic pupillary abnormality | iris abnormality,iris_abnormality:3.0(same_icd_category;tokens=iris) | scalloped_pupil:3.0(same_icd_category;tokens=iris)
H21.332,"Parasitic cyst of iris, ciliary body or anterior chamber, left eye",CONFIGURED_ICD_CATEGORY,iris_abnormality | scalloped_pupil,Scalloped pupil / characteristic pupillary abnormality | iris abnormality,iris_abnormality:3.0(same_icd_category;tokens=iris) | scalloped_pupil:3.0(same_icd_category;tokens=iris)
H21.333,"Parasitic cyst of iris, ciliary body or anterior chamber, bilateral",CONFIGURED_ICD_CATEGORY,iris_abnormality | scalloped_pupil,Scalloped pupil / characteristic pupillary abnormality | iris abnormality,iris_abnormality:3.0(same_icd_category;tokens=iris) | scalloped_pupil:3.0(same_icd_category;tokens=iris)
H21.339,"Parasitic cyst of iris, ciliary body or anterior chamber, unspecified eye",CONFIGURED_ICD_CATEGORY,iris_abnormality | scalloped_pupil,Scalloped pupil / characteristic pupillary abnormality | iris abnormality,iris_abnormality:3.0(same_icd_category;tokens=iris) | scalloped_pupil:3.0(same_icd_category;tokens=iris)
H21.40,"Pupillary membranes, unspecified eye",CONFIGURED_ICD_CATEGORY,iris_abnormality | scalloped_pupil,Scalloped pupil / characteristic pupillary abnormality | iris abnormality,iris_abnormality:3.0(same_icd_category;tokens=pupillary) | scalloped_pupil:3.0(same_icd_category;tokens=pupillary)
H21.501,"Unspecified adhesions of iris, right eye",CONFIGURED_ICD_CATEGORY,iris_abnormality | scalloped_pupil,Scalloped pupil / characteristic pupillary abnormality | iris abnormality,iris_abnormality:3.0(same_icd_category;tokens=iris) | scalloped_pupil:3.0(same_icd_category;tokens=iris)
H21.509,"Unspecified adhesions of iris and ciliary body, unspecified eye",CONFIGURED_ICD_CATEGORY,iris_abnormality | scalloped_pupil,Scalloped pupil / characteristic pupillary abnormality | iris abnormality,iris_abnormality:3.0(same_icd_category;tokens=iris) | scalloped_pupil:3.0(same_icd_category;tokens=iris)
H21.511,"Anterior synechiae (iris), right eye",CONFIGURED_ICD_CATEGORY,iris_abnormality | scalloped_pupil,Scalloped pupil / characteristic pupillary abnormality | iris abnormality,iris_abnormality:3.0(same_icd_category;tokens=iris) | scalloped_pupil:3.0(same_icd_category;tokens=iris)
H21.512,"Anterior synechiae (iris), left eye",CONFIGURED_ICD_CATEGORY,iris_abnormality | scalloped_pupil,Scalloped pupil / characteristic pupillary abnormality | iris abnormality,iris_abnormality:3.0(same_icd_category;tokens=iris) | scalloped_pupil:3.0(same_icd_category;tokens=iris)
H21.513,"Anterior synechiae (iris), bilateral",CONFIGURED_ICD_CATEGORY,iris_abnormality | scalloped_pupil,Scalloped pupil / characteristic pupillary abnormality | iris abnormality,iris_abnormality:3.0(same_icd_category;tokens=iris) | scalloped_pupil:3.0(same_icd_category;tokens=iris)
H21.519,"Anterior synechiae (iris), unspecified eye",CONFIGURED_ICD_CATEGORY,iris_abnormality | scalloped_pupil,Scalloped pupil / characteristic pupillary abnormality | iris abnormality,iris_abnormality:3.0(same_icd_category;tokens=iris) | scalloped_pupil:3.0(same_icd_category;tokens=iris)
H21.541,"Posterior synechiae (iris), right eye",CONFIGURED_ICD_CATEGORY,iris_abnormality | scalloped_pupil,Scalloped pupil / characteristic pupillary abnormality | iris abnormality,iris_abnormality:3.0(same_icd_category;tokens=iris) | scalloped_pupil:3.0(same_icd_category;tokens=iris)
H21.543,"Posterior synechiae (iris), bilateral",CONFIGURED_ICD_CATEGORY,iris_abnormality | scalloped_pupil,Scalloped pupil / characteristic pupillary abnormality | iris abnormality,iris_abnormality:3.0(same_icd_category;tokens=iris) | scalloped_pupil:3.0(same_icd_category;tokens=iris)
H21.549,"Posterior synechiae (iris), unspecified eye",CONFIGURED_ICD_CATEGORY,iris_abnormality | scalloped_pupil,Scalloped pupil / characteristic pupillary abnormality | iris abnormality,iris_abnormality:3.0(same_icd_category;tokens=iris) | scalloped_pupil:3.0(same_icd_category;tokens=iris)
H21.81,Floppy iris syndrome,CONFIGURED_ICD_CATEGORY,iris_abnormality | scalloped_pupil,Scalloped pupil / characteristic pupillary abnormality | iris abnormality,iris_abnormality:3.0(same_icd_category;tokens=iris) | scalloped_pupil:3.0(same_icd_category;tokens=iris)
H21.82,Plateau iris syndrome (post-iridectomy) (postprocedural),CONFIGURED_ICD_CATEGORY,iris_abnormality | scalloped_pupil,Scalloped pupil / characteristic pupillary abnormality | iris abnormality,iris_abnormality:3.0(same_icd_category;tokens=iris) | scalloped_pupil:3.0(same_icd_category;tokens=iris)
H40.022,"Open angle with borderline findings, high risk, left eye",CONFIGURED_ICD_CATEGORY,dry_eye | glaucoma,dry eye | glaucoma,dry_eye:3.0(same_icd_category;tokens=eye) | glaucoma:3.0(same_icd_category;tokens=high)
H40.029,"Open angle with borderline findings, high risk, unspecified eye",CONFIGURED_ICD_CATEGORY,dry_eye | glaucoma,dry eye | glaucoma,dry_eye:3.0(same_icd_category;tokens=eye) | glaucoma:3.0(same_icd_category;tokens=high)
H40.049,"Steroid responder, unspecified eye",CONFIGURED_ICD_CATEGORY,dry_eye,dry eye,dry_eye:3.0(same_icd_category;tokens=eye)
H40.061,"Primary angle closure without glaucoma damage, right eye",CONFIGURED_ICD_CATEGORY,dry_eye | glaucoma,dry eye | glaucoma,dry_eye:3.0(same_icd_category;tokens=eye) | glaucoma:3.0(same_icd_category;tokens=glaucoma)
H40.062,"Primary angle closure without glaucoma damage, left eye",CONFIGURED_ICD_CATEGORY,dry_eye | glaucoma,dry eye | glaucoma,dry_eye:3.0(same_icd_category;tokens=eye) | glaucoma:3.0(same_icd_category;tokens=glaucoma)
H40.063,"Primary angle closure without glaucoma damage, bilateral",CONFIGURED_ICD_CATEGORY,glaucoma,glaucoma,glaucoma:3.0(same_icd_category;tokens=glaucoma)
H40.069,"Primary angle closure without glaucoma damage, unspecified eye",CONFIGURED_ICD_CATEGORY,dry_eye | glaucoma,dry eye | glaucoma,dry_eye:3.0(same_icd_category;tokens=eye) | glaucoma:3.0(same_icd_category;tokens=glaucoma)
H40.1114,"Primary open-angle glaucoma, right eye, indeterminate stage",CONFIGURED_ICD_CATEGORY,dry_eye | glaucoma,dry eye | glaucoma,dry_eye:3.0(same_icd_category;tokens=eye) | glaucoma:3.0(same_icd_category;tokens=glaucoma)
H40.1124,"Primary open-angle glaucoma, left eye, indeterminate stage",CONFIGURED_ICD_CATEGORY,dry_eye | glaucoma,dry eye | glaucoma,dry_eye:3.0(same_icd_category;tokens=eye) | glaucoma:3.0(same_icd_category;tokens=glaucoma)
H40.1191,"Primary open-angle glaucoma, unspecified eye, mild stage",CONFIGURED_ICD_CATEGORY,dry_eye | glaucoma,dry eye | glaucoma,dry_eye:3.0(same_icd_category;tokens=eye) | glaucoma:3.0(same_icd_category;tokens=glaucoma)
H40.1192,"Primary open-angle glaucoma, unspecified eye, moderate stage",CONFIGURED_ICD_CATEGORY,dry_eye | glaucoma,dry eye | glaucoma,dry_eye:3.0(same_icd_category;tokens=eye) | glaucoma:3.0(same_icd_category;tokens=glaucoma)
H40.1194,"Primary open-angle glaucoma, unspecified eye, indeterminate stage",CONFIGURED_ICD_CATEGORY,dry_eye | glaucoma,dry eye | glaucoma,dry_eye:3.0(same_icd_category;tokens=eye) | glaucoma:3.0(same_icd_category;tokens=glaucoma)
H40.1210,"Low-tension glaucoma, right eye, stage unspecified",CONFIGURED_ICD_CATEGORY,dry_eye | glaucoma,dry eye | glaucoma,dry_eye:3.0(same_icd_category;tokens=eye) | glaucoma:3.0(same_icd_category;tokens=glaucoma)
H40.1211,"Low-tension glaucoma, right eye, mild stage",CONFIGURED_ICD_CATEGORY,dry_eye | glaucoma,dry eye | glaucoma,dry_eye:3.0(same_icd_category;tokens=eye) | glaucoma:3.0(same_icd_category;tokens=glaucoma)
H40.1212,"Low-tension glaucoma, right eye, moderate stage",CONFIGURED_ICD_CATEGORY,dry_eye | glaucoma,dry eye | glaucoma,dry_eye:3.0(same_icd_category;tokens=eye) | glaucoma:3.0(same_icd_category;tokens=glaucoma)
H40.1213,"Low-tension glaucoma, right eye, severe stage",CONFIGURED_ICD_CATEGORY,dry_eye | glaucoma,dry eye | glaucoma,dry_eye:3.0(same_icd_category;tokens=eye) | glaucoma:3.0(same_icd_category;tokens=glaucoma)
H40.1214,"Low-tension glaucoma, right eye, indeterminate stage",CONFIGURED_ICD_CATEGORY,dry_eye | glaucoma,dry eye | glaucoma,dry_eye:3.0(same_icd_category;tokens=eye) | glaucoma:3.0(same_icd_category;tokens=glaucoma)
H40.1220,"Low-tension glaucoma, left eye, stage unspecified",CONFIGURED_ICD_CATEGORY,dry_eye | glaucoma,dry eye | glaucoma,dry_eye:3.0(same_icd_category;tokens=eye) | glaucoma:3.0(same_icd_category;tokens=glaucoma)
H40.1221,"Low-tension glaucoma, left eye, mild stage",CONFIGURED_ICD_CATEGORY,dry_eye | glaucoma,dry eye | glaucoma,dry_eye:3.0(same_icd_category;tokens=eye) | glaucoma:3.0(same_icd_category;tokens=glaucoma)
H40.1222,"Low-tension glaucoma, left eye, moderate stage",CONFIGURED_ICD_CATEGORY,dry_eye | glaucoma,dry eye | glaucoma,dry_eye:3.0(same_icd_category;tokens=eye) | glaucoma:3.0(same_icd_category;tokens=glaucoma)
H40.1223,"Low-tension glaucoma, left eye, severe stage",CONFIGURED_ICD_CATEGORY,dry_eye | glaucoma,dry eye | glaucoma,dry_eye:3.0(same_icd_category;tokens=eye) | glaucoma:3.0(same_icd_category;tokens=glaucoma)
H40.1224,"Low-tension glaucoma, left eye, indeterminate stage",CONFIGURED_ICD_CATEGORY,dry_eye | glaucoma,dry eye | glaucoma,dry_eye:3.0(same_icd_category;tokens=eye) | glaucoma:3.0(same_icd_category;tokens=glaucoma)
H40.1290,"Low-tension glaucoma, unspecified eye, stage unspecified",CONFIGURED_ICD_CATEGORY,dry_eye | glaucoma,dry eye | glaucoma,dry_eye:3.0(same_icd_category;tokens=eye) | glaucoma:3.0(same_icd_category;tokens=glaucoma)
H40.1291,"Low-tension glaucoma, unspecified eye, mild stage",CONFIGURED_ICD_CATEGORY,dry_eye | glaucoma,dry eye | glaucoma,dry_eye:3.0(same_icd_category;tokens=eye) | glaucoma:3.0(same_icd_category;tokens=glaucoma)
H40.1292,"Low-tension glaucoma, unspecified eye, moderate stage",CONFIGURED_ICD_CATEGORY,dry_eye | glaucoma,dry eye | glaucoma,dry_eye:3.0(same_icd_category;tokens=eye) | glaucoma:3.0(same_icd_category;tokens=glaucoma)
H40.1293,"Low-tension glaucoma, unspecified eye, severe stage",CONFIGURED_ICD_CATEGORY,dry_eye | glaucoma,dry eye | glaucoma,dry_eye:3.0(same_icd_category;tokens=eye) | glaucoma:3.0(same_icd_category;tokens=glaucoma)
H40.1294,"Low-tension glaucoma, unspecified eye, indeterminate stage",CONFIGURED_ICD_CATEGORY,dry_eye | glaucoma,dry eye | glaucoma,dry_eye:3.0(same_icd_category;tokens=eye) | glaucoma:3.0(same_icd_category;tokens=glaucoma)
H40.1310,"Pigmentary glaucoma, right eye, stage unspecified",CONFIGURED_ICD_CATEGORY,dry_eye | glaucoma,dry eye | glaucoma,dry_eye:3.0(same_icd_category;tokens=eye) | glaucoma:3.0(same_icd_category;tokens=glaucoma)
H40.1311,"Pigmentary glaucoma, right eye, mild stage",CONFIGURED_ICD_CATEGORY,dry_eye | glaucoma,dry eye | glaucoma,dry_eye:3.0(same_icd_category;tokens=eye) | glaucoma:3.0(same_icd_category;tokens=glaucoma)
H40.1312,"Pigmentary glaucoma, right eye, moderate stage",CONFIGURED_ICD_CATEGORY,dry_eye | glaucoma,dry eye | glaucoma,dry_eye:3.0(same_icd_category;tokens=eye) | glaucoma:3.0(same_icd_category;tokens=glaucoma)
H40.1313,"Pigmentary glaucoma, right eye, severe stage",CONFIGURED_ICD_CATEGORY,dry_eye | glaucoma,dry eye | glaucoma,dry_eye:3.0(same_icd_category;tokens=eye) | glaucoma:3.0(same_icd_category;tokens=glaucoma)
H40.1314,"Pigmentary glaucoma, right eye, indeterminate stage",CONFIGURED_ICD_CATEGORY,dry_eye | glaucoma,dry eye | glaucoma,dry_eye:3.0(same_icd_category;tokens=eye) | glaucoma:3.0(same_icd_category;tokens=glaucoma)
H40.1320,"Pigmentary glaucoma, left eye, stage unspecified",CONFIGURED_ICD_CATEGORY,dry_eye | glaucoma,dry eye | glaucoma,dry_eye:3.0(same_icd_category;tokens=eye) | glaucoma:3.0(same_icd_category;tokens=glaucoma)
H40.1321,"Pigmentary glaucoma, left eye, mild stage",CONFIGURED_ICD_CATEGORY,dry_eye | glaucoma,dry eye | glaucoma,dry_eye:3.0(same_icd_category;tokens=eye) | glaucoma:3.0(same_icd_category;tokens=glaucoma)
H40.1322,"Pigmentary glaucoma, left eye, moderate stage",CONFIGURED_ICD_CATEGORY,dry_eye | glaucoma,dry eye | glaucoma,dry_eye:3.0(same_icd_category;tokens=eye) | glaucoma:3.0(same_icd_category;tokens=glaucoma)
H40.1323,"Pigmentary glaucoma, left eye, severe stage",CONFIGURED_ICD_CATEGORY,dry_eye | glaucoma,dry eye | glaucoma,dry_eye:3.0(same_icd_category;tokens=eye) | glaucoma:3.0(same_icd_category;tokens=glaucoma)
H40.1324,"Pigmentary glaucoma, left eye, indeterminate stage",CONFIGURED_ICD_CATEGORY,dry_eye | glaucoma,dry eye | glaucoma,dry_eye:3.0(same_icd_category;tokens=eye) | glaucoma:3.0(same_icd_category;tokens=glaucoma)
H40.1330,"Pigmentary glaucoma, bilateral, stage unspecified",CONFIGURED_ICD_CATEGORY,glaucoma,glaucoma,glaucoma:3.0(same_icd_category;tokens=glaucoma)
H40.1332,"Pigmentary glaucoma, bilateral, moderate stage",CONFIGURED_ICD_CATEGORY,glaucoma,glaucoma,glaucoma:3.0(same_icd_category;tokens=glaucoma)
H40.1333,"Pigmentary glaucoma, bilateral, severe stage",CONFIGURED_ICD_CATEGORY,glaucoma,glaucoma,glaucoma:3.0(same_icd_category;tokens=glaucoma)
H40.1334,"Pigmentary glaucoma, bilateral, indeterminate stage",CONFIGURED_ICD_CATEGORY,glaucoma,glaucoma,glaucoma:3.0(same_icd_category;tokens=glaucoma)
H40.1390,"Pigmentary glaucoma, unspecified eye, stage unspecified",CONFIGURED_ICD_CATEGORY,dry_eye | glaucoma,dry eye | glaucoma,dry_eye:3.0(same_icd_category;tokens=eye) | glaucoma:3.0(same_icd_category;tokens=glaucoma)
H40.1391,"Pigmentary glaucoma, unspecified eye, mild stage",CONFIGURED_ICD_CATEGORY,dry_eye | glaucoma,dry eye | glaucoma,dry_eye:3.0(same_icd_category;tokens=eye) | glaucoma:3.0(same_icd_category;tokens=glaucoma)
H40.1392,"Pigmentary glaucoma, unspecified eye, moderate stage",CONFIGURED_ICD_CATEGORY,dry_eye | glaucoma,dry eye | glaucoma,dry_eye:3.0(same_icd_category;tokens=eye) | glaucoma:3.0(same_icd_category;tokens=glaucoma)
H40.1393,"Pigmentary glaucoma, unspecified eye, severe stage",CONFIGURED_ICD_CATEGORY,dry_eye | glaucoma,dry eye | glaucoma,dry_eye:3.0(same_icd_category;tokens=eye) | glaucoma:3.0(same_icd_category;tokens=glaucoma)
H40.1394,"Pigmentary glaucoma, unspecified eye, indeterminate stage",CONFIGURED_ICD_CATEGORY,dry_eye | glaucoma,dry eye | glaucoma,dry_eye:3.0(same_icd_category;tokens=eye) | glaucoma:3.0(same_icd_category;tokens=glaucoma)
H40.1410,"Capsular glaucoma with pseudoexfoliation of lens, right eye, stage unspecified",CONFIGURED_ICD_CATEGORY,dry_eye | glaucoma,dry eye | glaucoma,dry_eye:3.0(same_icd_category;tokens=eye) | glaucoma:3.0(same_icd_category;tokens=glaucoma)
H40.1411,"Capsular glaucoma with pseudoexfoliation of lens, right eye, mild stage",CONFIGURED_ICD_CATEGORY,dry_eye | glaucoma,dry eye | glaucoma,dry_eye:3.0(same_icd_category;tokens=eye) | glaucoma:3.0(same_icd_category;tokens=glaucoma)
H40.1412,"Capsular glaucoma with pseudoexfoliation of lens, right eye, moderate stage",CONFIGURED_ICD_CATEGORY,dry_eye | glaucoma,dry eye | glaucoma,dry_eye:3.0(same_icd_category;tokens=eye) | glaucoma:3.0(same_icd_category;tokens=glaucoma)
H40.1413,"Capsular glaucoma with pseudoexfoliation of lens, right eye, severe stage",CONFIGURED_ICD_CATEGORY,dry_eye | glaucoma,dry eye | glaucoma,dry_eye:3.0(same_icd_category;tokens=eye) | glaucoma:3.0(same_icd_category;tokens=glaucoma)
H40.1414,"Capsular glaucoma with pseudoexfoliation of lens, right eye, indeterminate stage",CONFIGURED_ICD_CATEGORY,dry_eye | glaucoma,dry eye | glaucoma,dry_eye:3.0(same_icd_category;tokens=eye) | glaucoma:3.0(same_icd_category;tokens=glaucoma)
H40.1421,"Capsular glaucoma with pseudoexfoliation of lens, left eye, mild stage",CONFIGURED_ICD_CATEGORY,dry_eye | glaucoma,dry eye | glaucoma,dry_eye:3.0(same_icd_category;tokens=eye) | glaucoma:3.0(same_icd_category;tokens=glaucoma)
H40.1422,"Capsular glaucoma with pseudoexfoliation of lens, left eye, moderate stage",CONFIGURED_ICD_CATEGORY,dry_eye | glaucoma,dry eye | glaucoma,dry_eye:3.0(same_icd_category;tokens=eye) | glaucoma:3.0(same_icd_category;tokens=glaucoma)
H40.1423,"Capsular glaucoma with pseudoexfoliation of lens, left eye, severe stage",CONFIGURED_ICD_CATEGORY,dry_eye | glaucoma,dry eye | glaucoma,dry_eye:3.0(same_icd_category;tokens=eye) | glaucoma:3.0(same_icd_category;tokens=glaucoma)
H40.1424,"Capsular glaucoma with pseudoexfoliation of lens, left eye, indeterminate stage",CONFIGURED_ICD_CATEGORY,dry_eye | glaucoma,dry eye | glaucoma,dry_eye:3.0(same_icd_category;tokens=eye) | glaucoma:3.0(same_icd_category;tokens=glaucoma)
H40.1430,"Capsular glaucoma with pseudoexfoliation of lens, bilateral, stage unspecified",CONFIGURED_ICD_CATEGORY,glaucoma,glaucoma,glaucoma:3.0(same_icd_category;tokens=glaucoma)
H40.1431,"Capsular glaucoma with pseudoexfoliation of lens, bilateral, mild stage",CONFIGURED_ICD_CATEGORY,glaucoma,glaucoma,glaucoma:3.0(same_icd_category;tokens=glaucoma)
H40.1432,"Capsular glaucoma with pseudoexfoliation of lens, bilateral, moderate stage",CONFIGURED_ICD_CATEGORY,glaucoma,glaucoma,glaucoma:3.0(same_icd_category;tokens=glaucoma)
H40.1433,"Capsular glaucoma with pseudoexfoliation of lens, bilateral, severe stage",CONFIGURED_ICD_CATEGORY,glaucoma,glaucoma,glaucoma:3.0(same_icd_category;tokens=glaucoma)
H40.1434,"Capsular glaucoma with pseudoexfoliation of lens, bilateral, indeterminate stage",CONFIGURED_ICD_CATEGORY,glaucoma,glaucoma,glaucoma:3.0(same_icd_category;tokens=glaucoma)
H40.1490,"Capsular glaucoma with pseudoexfoliation of lens, unspecified eye, stage unspecified",CONFIGURED_ICD_CATEGORY,dry_eye | glaucoma,dry eye | glaucoma,dry_eye:3.0(same_icd_category;tokens=eye) | glaucoma:3.0(same_icd_category;tokens=glaucoma)
H40.1491,"Capsular glaucoma with pseudoexfoliation of lens, unspecified eye, mild stage",CONFIGURED_ICD_CATEGORY,dry_eye | glaucoma,dry eye | glaucoma,dry_eye:3.0(same_icd_category;tokens=eye) | glaucoma:3.0(same_icd_category;tokens=glaucoma)
H40.1492,"Capsular glaucoma with pseudoexfoliation of lens, unspecified eye, moderate stage",CONFIGURED_ICD_CATEGORY,dry_eye | glaucoma,dry eye | glaucoma,dry_eye:3.0(same_icd_category;tokens=eye) | glaucoma:3.0(same_icd_category;tokens=glaucoma)
H40.1493,"Capsular glaucoma with pseudoexfoliation of lens, unspecified eye, severe stage",CONFIGURED_ICD_CATEGORY,dry_eye | glaucoma,dry eye | glaucoma,dry_eye:3.0(same_icd_category;tokens=eye) | glaucoma:3.0(same_icd_category;tokens=glaucoma)
H40.1494,"Capsular glaucoma with pseudoexfoliation of lens, unspecified eye, indeterminate stage",CONFIGURED_ICD_CATEGORY,dry_eye | glaucoma,dry eye | glaucoma,dry_eye:3.0(same_icd_category;tokens=eye) | glaucoma:3.0(same_icd_category;tokens=glaucoma)
H40.151,"Residual stage of open-angle glaucoma, right eye",CONFIGURED_ICD_CATEGORY,dry_eye | glaucoma,dry eye | glaucoma,dry_eye:3.0(same_icd_category;tokens=eye) | glaucoma:3.0(same_icd_category;tokens=glaucoma)
H40.153,"Residual stage of open-angle glaucoma, bilateral",CONFIGURED_ICD_CATEGORY,glaucoma,glaucoma,glaucoma:3.0(same_icd_category;tokens=glaucoma)
H40.159,"Residual stage of open-angle glaucoma, unspecified eye",CONFIGURED_ICD_CATEGORY,dry_eye | glaucoma,dry eye | glaucoma,dry_eye:3.0(same_icd_category;tokens=eye) | glaucoma:3.0(same_icd_category;tokens=glaucoma)
H40.20X1,"Unspecified primary angle-closure glaucoma, mild stage",CONFIGURED_ICD_CATEGORY,glaucoma,glaucoma,glaucoma:3.0(same_icd_category;tokens=glaucoma)
H40.20X2,"Unspecified primary angle-closure glaucoma, moderate stage",CONFIGURED_ICD_CATEGORY,glaucoma,glaucoma,glaucoma:3.0(same_icd_category;tokens=glaucoma)
H40.2211,"Chronic angle-closure glaucoma, right eye, mild stage",CONFIGURED_ICD_CATEGORY,dry_eye | glaucoma,dry eye | glaucoma,dry_eye:3.0(same_icd_category;tokens=eye) | glaucoma:3.0(same_icd_category;tokens=glaucoma)
H40.2213,"Chronic angle-closure glaucoma, right eye, severe stage",CONFIGURED_ICD_CATEGORY,dry_eye | glaucoma,dry eye | glaucoma,dry_eye:3.0(same_icd_category;tokens=eye) | glaucoma:3.0(same_icd_category;tokens=glaucoma)
H40.2214,"Chronic angle-closure glaucoma, right eye, indeterminate stage",CONFIGURED_ICD_CATEGORY,dry_eye | glaucoma,dry eye | glaucoma,dry_eye:3.0(same_icd_category;tokens=eye) | glaucoma:3.0(same_icd_category;tokens=glaucoma)
H40.2221,"Chronic angle-closure glaucoma, left eye, mild stage",CONFIGURED_ICD_CATEGORY,dry_eye | glaucoma,dry eye | glaucoma,dry_eye:3.0(same_icd_category;tokens=eye) | glaucoma:3.0(same_icd_category;tokens=glaucoma)
H40.2224,"Chronic angle-closure glaucoma, left eye, indeterminate stage",CONFIGURED_ICD_CATEGORY,dry_eye | glaucoma,dry eye | glaucoma,dry_eye:3.0(same_icd_category;tokens=eye) | glaucoma:3.0(same_icd_category;tokens=glaucoma)
H40.2234,"Chronic angle-closure glaucoma, bilateral, indeterminate stage",CONFIGURED_ICD_CATEGORY,glaucoma,glaucoma,glaucoma:3.0(same_icd_category;tokens=glaucoma)
H40.2291,"Chronic angle-closure glaucoma, unspecified eye, mild stage",CONFIGURED_ICD_CATEGORY,dry_eye | glaucoma,dry eye | glaucoma,dry_eye:3.0(same_icd_category;tokens=eye) | glaucoma:3.0(same_icd_category;tokens=glaucoma)
H40.2292,"Chronic angle-closure glaucoma, unspecified eye, moderate stage",CONFIGURED_ICD_CATEGORY,dry_eye | glaucoma,dry eye | glaucoma,dry_eye:3.0(same_icd_category;tokens=eye) | glaucoma:3.0(same_icd_category;tokens=glaucoma)
H40.2293,"Chronic angle-closure glaucoma, unspecified eye, severe stage",CONFIGURED_ICD_CATEGORY,dry_eye | glaucoma,dry eye | glaucoma,dry_eye:3.0(same_icd_category;tokens=eye) | glaucoma:3.0(same_icd_category;tokens=glaucoma)
H40.2294,"Chronic angle-closure glaucoma, unspecified eye, indeterminate stage",CONFIGURED_ICD_CATEGORY,dry_eye | glaucoma,dry eye | glaucoma,dry_eye:3.0(same_icd_category;tokens=eye) | glaucoma:3.0(same_icd_category;tokens=glaucoma)
H40.232,"Intermittent angle-closure glaucoma, left eye",CONFIGURED_ICD_CATEGORY,dry_eye | glaucoma,dry eye | glaucoma,dry_eye:3.0(same_icd_category;tokens=eye) | glaucoma:3.0(same_icd_category;tokens=glaucoma)
H40.239,"Intermittent angle-closure glaucoma, unspecified eye",CONFIGURED_ICD_CATEGORY,dry_eye | glaucoma,dry eye | glaucoma,dry_eye:3.0(same_icd_category;tokens=eye) | glaucoma:3.0(same_icd_category;tokens=glaucoma)
H40.241,"Residual stage of angle-closure glaucoma, right eye",CONFIGURED_ICD_CATEGORY,dry_eye | glaucoma,dry eye | glaucoma,dry_eye:3.0(same_icd_category;tokens=eye) | glaucoma:3.0(same_icd_category;tokens=glaucoma)
H40.242,"Residual stage of angle-closure glaucoma, left eye",CONFIGURED_ICD_CATEGORY,dry_eye | glaucoma,dry eye | glaucoma,dry_eye:3.0(same_icd_category;tokens=eye) | glaucoma:3.0(same_icd_category;tokens=glaucoma)
H40.243,"Residual stage of angle-closure glaucoma, bilateral",CONFIGURED_ICD_CATEGORY,glaucoma,glaucoma,glaucoma:3.0(same_icd_category;tokens=glaucoma)
H40.30X0,"Glaucoma secondary to eye trauma, unspecified eye, stage unspecified",CONFIGURED_ICD_CATEGORY,dry_eye | glaucoma,dry eye | glaucoma,dry_eye:3.0(same_icd_category;tokens=eye) | glaucoma:3.0(same_icd_category;tokens=glaucoma)
H40.30X1,"Glaucoma secondary to eye trauma, unspecified eye, mild stage",CONFIGURED_ICD_CATEGORY,dry_eye | glaucoma,dry eye | glaucoma,dry_eye:3.0(same_icd_category;tokens=eye) | glaucoma:3.0(same_icd_category;tokens=glaucoma)
H40.30X2,"Glaucoma secondary to eye trauma, unspecified eye, moderate stage",CONFIGURED_ICD_CATEGORY,dry_eye | glaucoma,dry eye | glaucoma,dry_eye:3.0(same_icd_category;tokens=eye) | glaucoma:3.0(same_icd_category;tokens=glaucoma)
H40.30X3,"Glaucoma secondary to eye trauma, unspecified eye, severe stage",CONFIGURED_ICD_CATEGORY,dry_eye | glaucoma,dry eye | glaucoma,dry_eye:3.0(same_icd_category;tokens=eye) | glaucoma:3.0(same_icd_category;tokens=glaucoma)
H40.30X4,"Glaucoma secondary to eye trauma, unspecified eye, indeterminate stage",CONFIGURED_ICD_CATEGORY,dry_eye | glaucoma,dry eye | glaucoma,dry_eye:3.0(same_icd_category;tokens=eye) | glaucoma:3.0(same_icd_category;tokens=glaucoma)
H40.31X0,"Glaucoma secondary to eye trauma, right eye, stage unspecified",CONFIGURED_ICD_CATEGORY,dry_eye | glaucoma,dry eye | glaucoma,dry_eye:3.0(same_icd_category;tokens=eye) | glaucoma:3.0(same_icd_category;tokens=glaucoma)
H40.31X1,"Glaucoma secondary to eye trauma, right eye, mild stage",CONFIGURED_ICD_CATEGORY,dry_eye | glaucoma,dry eye | glaucoma,dry_eye:3.0(same_icd_category;tokens=eye) | glaucoma:3.0(same_icd_category;tokens=glaucoma)
H40.31X2,"Glaucoma secondary to eye trauma, right eye, moderate stage",CONFIGURED_ICD_CATEGORY,dry_eye | glaucoma,dry eye | glaucoma,dry_eye:3.0(same_icd_category;tokens=eye) | glaucoma:3.0(same_icd_category;tokens=glaucoma)
H40.31X3,"Glaucoma secondary to eye trauma, right eye, severe stage",CONFIGURED_ICD_CATEGORY,dry_eye | glaucoma,dry eye | glaucoma,dry_eye:3.0(same_icd_category;tokens=eye) | glaucoma:3.0(same_icd_category;tokens=glaucoma)
H40.32X0,"Glaucoma secondary to eye trauma, left eye, stage unspecified",CONFIGURED_ICD_CATEGORY,dry_eye | glaucoma,dry eye | glaucoma,dry_eye:3.0(same_icd_category;tokens=eye) | glaucoma:3.0(same_icd_category;tokens=glaucoma)
H40.32X1,"Glaucoma secondary to eye trauma, left eye, mild stage",CONFIGURED_ICD_CATEGORY,dry_eye | glaucoma,dry eye | glaucoma,dry_eye:3.0(same_icd_category;tokens=eye) | glaucoma:3.0(same_icd_category;tokens=glaucoma)
H40.32X2,"Glaucoma secondary to eye trauma, left eye, moderate stage",CONFIGURED_ICD_CATEGORY,dry_eye | glaucoma,dry eye | glaucoma,dry_eye:3.0(same_icd_category;tokens=eye) | glaucoma:3.0(same_icd_category;tokens=glaucoma)
H40.32X3,"Glaucoma secondary to eye trauma, left eye, severe stage",CONFIGURED_ICD_CATEGORY,dry_eye | glaucoma,dry eye | glaucoma,dry_eye:3.0(same_icd_category;tokens=eye) | glaucoma:3.0(same_icd_category;tokens=glaucoma)
H40.32X4,"Glaucoma secondary to eye trauma, left eye, indeterminate stage",CONFIGURED_ICD_CATEGORY,dry_eye | glaucoma,dry eye | glaucoma,dry_eye:3.0(same_icd_category;tokens=eye) | glaucoma:3.0(same_icd_category;tokens=glaucoma)
H40.33X0,"Glaucoma secondary to eye trauma, bilateral, stage unspecified",CONFIGURED_ICD_CATEGORY,dry_eye | glaucoma,dry eye | glaucoma,dry_eye:3.0(same_icd_category;tokens=eye) | glaucoma:3.0(same_icd_category;tokens=glaucoma)
H40.33X1,"Glaucoma secondary to eye trauma, bilateral, mild stage",CONFIGURED_ICD_CATEGORY,dry_eye | glaucoma,dry eye | glaucoma,dry_eye:3.0(same_icd_category;tokens=eye) | glaucoma:3.0(same_icd_category;tokens=glaucoma)
H40.33X2,"Glaucoma secondary to eye trauma, bilateral, moderate stage",CONFIGURED_ICD_CATEGORY,dry_eye | glaucoma,dry eye | glaucoma,dry_eye:3.0(same_icd_category;tokens=eye) | glaucoma:3.0(same_icd_category;tokens=glaucoma)
H40.33X3,"Glaucoma secondary to eye trauma, bilateral, severe stage",CONFIGURED_ICD_CATEGORY,dry_eye | glaucoma,dry eye | glaucoma,dry_eye:3.0(same_icd_category;tokens=eye) | glaucoma:3.0(same_icd_category;tokens=glaucoma)
H40.33X4,"Glaucoma secondary to eye trauma, bilateral, indeterminate stage",CONFIGURED_ICD_CATEGORY,dry_eye | glaucoma,dry eye | glaucoma,dry_eye:3.0(same_icd_category;tokens=eye) | glaucoma:3.0(same_icd_category;tokens=glaucoma)
H40.40X1,"Glaucoma secondary to eye inflammation, unspecified eye, mild stage",CONFIGURED_ICD_CATEGORY,dry_eye | glaucoma,dry eye | glaucoma,dry_eye:3.0(same_icd_category;tokens=eye) | glaucoma:3.0(same_icd_category;tokens=glaucoma)
H40.40X2,"Glaucoma secondary to eye inflammation, unspecified eye, moderate stage",CONFIGURED_ICD_CATEGORY,dry_eye | glaucoma,dry eye | glaucoma,dry_eye:3.0(same_icd_category;tokens=eye) | glaucoma:3.0(same_icd_category;tokens=glaucoma)
H40.40X3,"Glaucoma secondary to eye inflammation, unspecified eye, severe stage",CONFIGURED_ICD_CATEGORY,dry_eye | glaucoma,dry eye | glaucoma,dry_eye:3.0(same_icd_category;tokens=eye) | glaucoma:3.0(same_icd_category;tokens=glaucoma)
H40.41X1,"Glaucoma secondary to eye inflammation, right eye, mild stage",CONFIGURED_ICD_CATEGORY,dry_eye | glaucoma,dry eye | glaucoma,dry_eye:3.0(same_icd_category;tokens=eye) | glaucoma:3.0(same_icd_category;tokens=glaucoma)
H40.41X4,"Glaucoma secondary to eye inflammation, right eye, indeterminate stage",CONFIGURED_ICD_CATEGORY,dry_eye | glaucoma,dry eye | glaucoma,dry_eye:3.0(same_icd_category;tokens=eye) | glaucoma:3.0(same_icd_category;tokens=glaucoma)
H40.42X1,"Glaucoma secondary to eye inflammation, left eye, mild stage",CONFIGURED_ICD_CATEGORY,dry_eye | glaucoma,dry eye | glaucoma,dry_eye:3.0(same_icd_category;tokens=eye) | glaucoma:3.0(same_icd_category;tokens=glaucoma)
H40.42X3,"Glaucoma secondary to eye inflammation, left eye, severe stage",CONFIGURED_ICD_CATEGORY,dry_eye | glaucoma,dry eye | glaucoma,dry_eye:3.0(same_icd_category;tokens=eye) | glaucoma:3.0(same_icd_category;tokens=glaucoma)
H40.42X4,"Glaucoma secondary to eye inflammation, left eye, indeterminate stage",CONFIGURED_ICD_CATEGORY,dry_eye | glaucoma,dry eye | glaucoma,dry_eye:3.0(same_icd_category;tokens=eye) | glaucoma:3.0(same_icd_category;tokens=glaucoma)
H40.43X1,"Glaucoma secondary to eye inflammation, bilateral, mild stage",CONFIGURED_ICD_CATEGORY,dry_eye | glaucoma,dry eye | glaucoma,dry_eye:3.0(same_icd_category;tokens=eye) | glaucoma:3.0(same_icd_category;tokens=glaucoma)
H40.43X2,"Glaucoma secondary to eye inflammation, bilateral, moderate stage",CONFIGURED_ICD_CATEGORY,dry_eye | glaucoma,dry eye | glaucoma,dry_eye:3.0(same_icd_category;tokens=eye) | glaucoma:3.0(same_icd_category;tokens=glaucoma)
H40.43X4,"Glaucoma secondary to eye inflammation, bilateral, indeterminate stage",CONFIGURED_ICD_CATEGORY,dry_eye | glaucoma,dry eye | glaucoma,dry_eye:3.0(same_icd_category;tokens=eye) | glaucoma:3.0(same_icd_category;tokens=glaucoma)
H40.50X1,"Glaucoma secondary to other eye disorders, unspecified eye, mild stage",CONFIGURED_ICD_CATEGORY,dry_eye | glaucoma,dry eye | glaucoma,dry_eye:3.0(same_icd_category;tokens=eye) | glaucoma:3.0(same_icd_category;tokens=glaucoma)
H40.50X2,"Glaucoma secondary to other eye disorders, unspecified eye, moderate stage",CONFIGURED_ICD_CATEGORY,dry_eye | glaucoma,dry eye | glaucoma,dry_eye:3.0(same_icd_category;tokens=eye) | glaucoma:3.0(same_icd_category;tokens=glaucoma)
H40.50X3,"Glaucoma secondary to other eye disorders, unspecified eye, severe stage",CONFIGURED_ICD_CATEGORY,dry_eye | glaucoma,dry eye | glaucoma,dry_eye:3.0(same_icd_category;tokens=eye) | glaucoma:3.0(same_icd_category;tokens=glaucoma)
H40.50X4,"Glaucoma secondary to other eye disorders, unspecified eye, indeterminate stage",CONFIGURED_ICD_CATEGORY,dry_eye | glaucoma,dry eye | glaucoma,dry_eye:3.0(same_icd_category;tokens=eye) | glaucoma:3.0(same_icd_category;tokens=glaucoma)
H40.60X0,"Glaucoma secondary to drugs, unspecified eye, stage unspecified",CONFIGURED_ICD_CATEGORY,dry_eye | glaucoma,dry eye | glaucoma,dry_eye:3.0(same_icd_category;tokens=eye) | glaucoma:3.0(same_icd_category;tokens=glaucoma)
H40.60X1,"Glaucoma secondary to drugs, unspecified eye, mild stage",CONFIGURED_ICD_CATEGORY,dry_eye | glaucoma,dry eye | glaucoma,dry_eye:3.0(same_icd_category;tokens=eye) | glaucoma:3.0(same_icd_category;tokens=glaucoma)
H40.60X2,"Glaucoma secondary to drugs, unspecified eye, moderate stage",CONFIGURED_ICD_CATEGORY,dry_eye | glaucoma,dry eye | glaucoma,dry_eye:3.0(same_icd_category;tokens=eye) | glaucoma:3.0(same_icd_category;tokens=glaucoma)
H40.60X3,"Glaucoma secondary to drugs, unspecified eye, severe stage",CONFIGURED_ICD_CATEGORY,dry_eye | glaucoma,dry eye | glaucoma,dry_eye:3.0(same_icd_category;tokens=eye) | glaucoma:3.0(same_icd_category;tokens=glaucoma)
H40.60X4,"Glaucoma secondary to drugs, unspecified eye, indeterminate stage",CONFIGURED_ICD_CATEGORY,dry_eye | glaucoma,dry eye | glaucoma,dry_eye:3.0(same_icd_category;tokens=eye) | glaucoma:3.0(same_icd_category;tokens=glaucoma)
H40.61X0,"Glaucoma secondary to drugs, right eye, stage unspecified",CONFIGURED_ICD_CATEGORY,dry_eye | glaucoma,dry eye | glaucoma,dry_eye:3.0(same_icd_category;tokens=eye) | glaucoma:3.0(same_icd_category;tokens=glaucoma)
H40.61X1,"Glaucoma secondary to drugs, right eye, mild stage",CONFIGURED_ICD_CATEGORY,dry_eye | glaucoma,dry eye | glaucoma,dry_eye:3.0(same_icd_category;tokens=eye) | glaucoma:3.0(same_icd_category;tokens=glaucoma)
H40.61X2,"Glaucoma secondary to drugs, right eye, moderate stage",CONFIGURED_ICD_CATEGORY,dry_eye | glaucoma,dry eye | glaucoma,dry_eye:3.0(same_icd_category;tokens=eye) | glaucoma:3.0(same_icd_category;tokens=glaucoma)
H40.61X3,"Glaucoma secondary to drugs, right eye, severe stage",CONFIGURED_ICD_CATEGORY,dry_eye | glaucoma,dry eye | glaucoma,dry_eye:3.0(same_icd_category;tokens=eye) | glaucoma:3.0(same_icd_category;tokens=glaucoma)
H40.61X4,"Glaucoma secondary to drugs, right eye, indeterminate stage",CONFIGURED_ICD_CATEGORY,dry_eye | glaucoma,dry eye | glaucoma,dry_eye:3.0(same_icd_category;tokens=eye) | glaucoma:3.0(same_icd_category;tokens=glaucoma)
H40.62X0,"Glaucoma secondary to drugs, left eye, stage unspecified",CONFIGURED_ICD_CATEGORY,dry_eye | glaucoma,dry eye | glaucoma,dry_eye:3.0(same_icd_category;tokens=eye) | glaucoma:3.0(same_icd_category;tokens=glaucoma)
H40.62X1,"Glaucoma secondary to drugs, left eye, mild stage",CONFIGURED_ICD_CATEGORY,dry_eye | glaucoma,dry eye | glaucoma,dry_eye:3.0(same_icd_category;tokens=eye) | glaucoma:3.0(same_icd_category;tokens=glaucoma)
H40.62X2,"Glaucoma secondary to drugs, left eye, moderate stage",CONFIGURED_ICD_CATEGORY,dry_eye | glaucoma,dry eye | glaucoma,dry_eye:3.0(same_icd_category;tokens=eye) | glaucoma:3.0(same_icd_category;tokens=glaucoma)
H40.62X4,"Glaucoma secondary to drugs, left eye, indeterminate stage",CONFIGURED_ICD_CATEGORY,dry_eye | glaucoma,dry eye | glaucoma,dry_eye:3.0(same_icd_category;tokens=eye) | glaucoma:3.0(same_icd_category;tokens=glaucoma)
H40.63X1,"Glaucoma secondary to drugs, bilateral, mild stage",CONFIGURED_ICD_CATEGORY,glaucoma,glaucoma,glaucoma:3.0(same_icd_category;tokens=glaucoma)
H40.63X2,"Glaucoma secondary to drugs, bilateral, moderate stage",CONFIGURED_ICD_CATEGORY,glaucoma,glaucoma,glaucoma:3.0(same_icd_category;tokens=glaucoma)
H40.63X3,"Glaucoma secondary to drugs, bilateral, severe stage",CONFIGURED_ICD_CATEGORY,glaucoma,glaucoma,glaucoma:3.0(same_icd_category;tokens=glaucoma)
H40.63X4,"Glaucoma secondary to drugs, bilateral, indeterminate stage",CONFIGURED_ICD_CATEGORY,glaucoma,glaucoma,glaucoma:3.0(same_icd_category;tokens=glaucoma)
H40.812,"Glaucoma with increased episcleral venous pressure, left eye",CONFIGURED_ICD_CATEGORY,dry_eye | glaucoma,dry eye | glaucoma,"glaucoma:4.0(same_icd_category;tokens=glaucoma,pressure) | dry_eye:3.0(same_icd_category;tokens=eye)"
H40.813,"Glaucoma with increased episcleral venous pressure, bilateral",CONFIGURED_ICD_CATEGORY,glaucoma,glaucoma,"glaucoma:4.0(same_icd_category;tokens=glaucoma,pressure)"
H40.819,"Glaucoma with increased episcleral venous pressure, unspecified eye",CONFIGURED_ICD_CATEGORY,dry_eye | glaucoma,dry eye | glaucoma,"glaucoma:4.0(same_icd_category;tokens=glaucoma,pressure) | dry_eye:3.0(same_icd_category;tokens=eye)"
H40.821,"Hypersecretion glaucoma, right eye",CONFIGURED_ICD_CATEGORY,dry_eye | glaucoma,dry eye | glaucoma,dry_eye:3.0(same_icd_category;tokens=eye) | glaucoma:3.0(same_icd_category;tokens=glaucoma)
H40.822,"Hypersecretion glaucoma, left eye",CONFIGURED_ICD_CATEGORY,dry_eye | glaucoma,dry eye | glaucoma,dry_eye:3.0(same_icd_category;tokens=eye) | glaucoma:3.0(same_icd_category;tokens=glaucoma)
H40.823,"Hypersecretion glaucoma, bilateral",CONFIGURED_ICD_CATEGORY,glaucoma,glaucoma,glaucoma:3.0(same_icd_category;tokens=glaucoma)
H40.829,"Hypersecretion glaucoma, unspecified eye",CONFIGURED_ICD_CATEGORY,dry_eye | glaucoma,dry eye | glaucoma,dry_eye:3.0(same_icd_category;tokens=eye) | glaucoma:3.0(same_icd_category;tokens=glaucoma)
H40.831,"Aqueous misdirection, right eye",CONFIGURED_ICD_CATEGORY,dry_eye,dry eye,dry_eye:3.0(same_icd_category;tokens=eye)
H40.839,"Aqueous misdirection, unspecified eye",CONFIGURED_ICD_CATEGORY,dry_eye,dry eye,dry_eye:3.0(same_icd_category;tokens=eye)
H40.849,"Neovascular secondary angle closure glaucoma, unspecified eye",CONFIGURED_ICD_CATEGORY,dry_eye | glaucoma,dry eye | glaucoma,dry_eye:3.0(same_icd_category;tokens=eye) | glaucoma:3.0(same_icd_category;tokens=glaucoma)
H43.00,"Vitreous prolapse, unspecified eye",CONFIGURED_ICD_CATEGORY,vitreous_opacity,vitreous opacity,vitreous_opacity:3.0(same_icd_category;tokens=vitreou)
H43.02,"Vitreous prolapse, left eye",CONFIGURED_ICD_CATEGORY,vitreous_opacity,vitreous opacity,vitreous_opacity:3.0(same_icd_category;tokens=vitreou)
H43.03,"Vitreous prolapse, bilateral",CONFIGURED_ICD_CATEGORY,vitreous_opacity,vitreous opacity,vitreous_opacity:3.0(same_icd_category;tokens=vitreou)
H43.313,"Vitreous membranes and strands, bilateral",CONFIGURED_ICD_CATEGORY,vitreous_opacity,vitreous opacity,vitreous_opacity:3.0(same_icd_category;tokens=vitreou)
H43.319,"Vitreous membranes and strands, unspecified eye",CONFIGURED_ICD_CATEGORY,vitreous_opacity,vitreous opacity,vitreous_opacity:3.0(same_icd_category;tokens=vitreou)
I69.031,Monoplegia of upper limb following nontraumatic subarachnoid hemorrhage affecting right dominant side,ATOM_PHRASE_MATCH,cts_right,"Carpal tunnel syndrome, right","cts_right:3.0(tokens=limb,right,upper)"
I69.032,Monoplegia of upper limb following nontraumatic subarachnoid hemorrhage affecting left dominant side,ATOM_PHRASE_MATCH,cts_left,"Carpal tunnel syndrome, left","cts_left:3.0(tokens=left,limb,upper)"
I69.033,Monoplegia of upper limb following nontraumatic subarachnoid hemorrhage affecting right non-dominant side,ATOM_PHRASE_MATCH,cts_right,"Carpal tunnel syndrome, right","cts_right:3.0(tokens=limb,right,upper)"
I69.034,Monoplegia of upper limb following nontraumatic subarachnoid hemorrhage affecting left non-dominant side,ATOM_PHRASE_MATCH,cts_left,"Carpal tunnel syndrome, left","cts_left:3.0(tokens=left,limb,upper)"
I69.132,Monoplegia of upper limb following nontraumatic intracerebral hemorrhage affecting left dominant side,ATOM_PHRASE_MATCH,cts_left,"Carpal tunnel syndrome, left","cts_left:3.0(tokens=left,limb,upper)"
I69.133,Monoplegia of upper limb following nontraumatic intracerebral hemorrhage affecting right non-dominant side,ATOM_PHRASE_MATCH,cts_right,"Carpal tunnel syndrome, right","cts_right:3.0(tokens=limb,right,upper)"
I69.134,Monoplegia of upper limb following nontraumatic intracerebral hemorrhage affecting left non-dominant side,ATOM_PHRASE_MATCH,cts_left,"Carpal tunnel syndrome, left","cts_left:3.0(tokens=left,limb,upper)"
I69.231,Monoplegia of upper limb following other nontraumatic intracranial hemorrhage affecting right dominant side,ATOM_PHRASE_MATCH,cts_right,"Carpal tunnel syndrome, right","cts_right:3.0(tokens=limb,right,upper)"
I69.232,Monoplegia of upper limb following other nontraumatic intracranial hemorrhage affecting left dominant side,ATOM_PHRASE_MATCH,cts_left,"Carpal tunnel syndrome, left","cts_left:3.0(tokens=left,limb,upper)"
I69.233,Monoplegia of upper limb following other nontraumatic intracranial hemorrhage affecting right non-dominant side,ATOM_PHRASE_MATCH,cts_right,"Carpal tunnel syndrome, right","cts_right:3.0(tokens=limb,right,upper)"
I69.234,Monoplegia of upper limb following other nontraumatic intracranial hemorrhage affecting left non-dominant side,ATOM_PHRASE_MATCH,cts_left,"Carpal tunnel syndrome, left","cts_left:3.0(tokens=left,limb,upper)"
I69.332,Monoplegia of upper limb following cerebral infarction affecting left dominant side,ATOM_PHRASE_MATCH,cts_left,"Carpal tunnel syndrome, left","cts_left:3.0(tokens=left,limb,upper)"
I69.333,Monoplegia of upper limb following cerebral infarction affecting right non-dominant side,ATOM_PHRASE_MATCH,cts_right,"Carpal tunnel syndrome, right","cts_right:3.0(tokens=limb,right,upper)"
I69.831,Monoplegia of upper limb following other cerebrovascular disease affecting right dominant side,ATOM_PHRASE_MATCH,cts_right,"Carpal tunnel syndrome, right","cts_right:3.0(tokens=limb,right,upper)"
I69.832,Monoplegia of upper limb following other cerebrovascular disease affecting left dominant side,ATOM_PHRASE_MATCH,cts_left,"Carpal tunnel syndrome, left","cts_left:3.0(tokens=left,limb,upper)"
I69.833,Monoplegia of upper limb following other cerebrovascular disease affecting right non-dominant side,ATOM_PHRASE_MATCH,cts_right,"Carpal tunnel syndrome, right","cts_right:3.0(tokens=limb,right,upper)"
I69.834,Monoplegia of upper limb following other cerebrovascular disease affecting left non-dominant side,ATOM_PHRASE_MATCH,cts_left,"Carpal tunnel syndrome, left","cts_left:3.0(tokens=left,limb,upper)"
I69.931,Monoplegia of upper limb following unspecified cerebrovascular disease affecting right dominant side,ATOM_PHRASE_MATCH,cts_right,"Carpal tunnel syndrome, right","cts_right:3.0(tokens=limb,right,upper)"
I69.932,Monoplegia of upper limb following unspecified cerebrovascular disease affecting left dominant side,ATOM_PHRASE_MATCH,cts_left,"Carpal tunnel syndrome, left","cts_left:3.0(tokens=left,limb,upper)"
I69.933,Monoplegia of upper limb following unspecified cerebrovascular disease affecting right non-dominant side,ATOM_PHRASE_MATCH,cts_right,"Carpal tunnel syndrome, right","cts_right:3.0(tokens=limb,right,upper)"
I69.934,Monoplegia of upper limb following unspecified cerebrovascular disease affecting left non-dominant side,ATOM_PHRASE_MATCH,cts_left,"Carpal tunnel syndrome, left","cts_left:3.0(tokens=left,limb,upper)"
I97.111,Postprocedural cardiac insufficiency following other surgery,ATOM_PHRASE_MATCH,orthopedic_to_cardiac_trajectory,Long orthopedic prodrome followed years later by cardiac disease,"orthopedic_to_cardiac_trajectory:3.0(tokens=cardiac,follow,surgery)"
I97.410,Intraoperative hemorrhage and hematoma of a circulatory system organ or structure complicating a cardiac catheterization,ATOM_PHRASE_MATCH,fhx_sudden_death,Family history of sudden death or hereditary amyloid/neuropathy,"fhx_sudden_death:3.0(tokens=cardiac,circulatory,system)"
I97.411,Intraoperative hemorrhage and hematoma of a circulatory system organ or structure complicating a cardiac bypass,ATOM_PHRASE_MATCH,fhx_sudden_death,Family history of sudden death or hereditary amyloid/neuropathy,"fhx_sudden_death:3.0(tokens=cardiac,circulatory,system)"
I97.640,Postprocedural seroma of a circulatory system organ or structure following a cardiac catheterization,ATOM_PHRASE_MATCH,fhx_sudden_death,Family history of sudden death or hereditary amyloid/neuropathy,"fhx_sudden_death:3.0(tokens=cardiac,circulatory,system)"
I97.641,Postprocedural seroma of a circulatory system organ or structure following cardiac bypass,ATOM_PHRASE_MATCH,fhx_sudden_death,Family history of sudden death or hereditary amyloid/neuropathy,"fhx_sudden_death:3.0(tokens=cardiac,circulatory,system)"
I97.820,Postprocedural cerebrovascular infarction following cardiac surgery,ATOM_PHRASE_MATCH,orthopedic_to_cardiac_trajectory,Long orthopedic prodrome followed years later by cardiac disease,"orthopedic_to_cardiac_trajectory:3.0(tokens=cardiac,follow,surgery)"
K31.A14,"Gastric intestinal metaplasia without dysplasia, involving the cardia",CONFIGURED_ICD_CATEGORY,delayed_gastric_emptying | gastroparesis,Gastroparesis / delayed gastric emptying | delayed gastric emptying,delayed_gastric_emptying:3.0(same_icd_category;tokens=gastric) | gastroparesis:3.0(same_icd_category;tokens=gastric)
K31.A29,"Gastric intestinal metaplasia with dysplasia, unspecified",CONFIGURED_ICD_CATEGORY,delayed_gastric_emptying | gastroparesis,Gastroparesis / delayed gastric emptying | delayed gastric emptying,delayed_gastric_emptying:3.0(same_icd_category;tokens=gastric) | gastroparesis:3.0(same_icd_category;tokens=gastric)
K51.312,Ulcerative (chronic) rectosigmoiditis with intestinal obstruction,ATOM_PHRASE_MATCH,gi_dysmotility,Unexplained gastrointestinal dysmotility,"gi_dysmotility:3.0(tokens=chronic,intestinal,obstruction)"
K51.812,Other ulcerative colitis with intestinal obstruction,ATOM_PHRASE_MATCH,ibd_inflammatory_driver,Inflammatory bowel disease,"ibd_inflammatory_driver:7.0(phrase;tokens=coliti,ulcerative)"
K51.912,"Ulcerative colitis, unspecified with intestinal obstruction",ATOM_PHRASE_MATCH,ibd_inflammatory_driver,Inflammatory bowel disease,"ibd_inflammatory_driver:7.0(phrase;tokens=coliti,ulcerative)"
K51.913,"Ulcerative colitis, unspecified with fistula",ATOM_PHRASE_MATCH,ibd_inflammatory_driver,Inflammatory bowel disease,"ibd_inflammatory_driver:7.0(phrase;tokens=coliti,ulcerative)"
L03.123,Acute lymphangitis of right upper limb,ATOM_PHRASE_MATCH,cts_right,"Carpal tunnel syndrome, right","cts_right:3.0(tokens=limb,right,upper)"
L97.103,Non-pressure chronic ulcer of unspecified thigh with necrosis of muscle,CONFIGURED_ICD_CATEGORY,plantar_ulcer,plantar ulcer,plantar_ulcer:3.0(same_icd_category;tokens=ulcer)
L97.104,Non-pressure chronic ulcer of unspecified thigh with necrosis of bone,CONFIGURED_ICD_CATEGORY,plantar_ulcer,plantar ulcer,plantar_ulcer:3.0(same_icd_category;tokens=ulcer)
L97.106,Non-pressure chronic ulcer of unspecified thigh with bone involvement without evidence of necrosis,CONFIGURED_ICD_CATEGORY,plantar_ulcer,plantar ulcer,plantar_ulcer:3.0(same_icd_category;tokens=ulcer)
L97.108,Non-pressure chronic ulcer of unspecified thigh with other specified severity,CONFIGURED_ICD_CATEGORY,plantar_ulcer,plantar ulcer,plantar_ulcer:3.0(same_icd_category;tokens=ulcer)
L97.114,Non-pressure chronic ulcer of right thigh with necrosis of bone,CONFIGURED_ICD_CATEGORY,plantar_ulcer,plantar ulcer,plantar_ulcer:3.0(same_icd_category;tokens=ulcer)
L97.115,Non-pressure chronic ulcer of right thigh with muscle involvement without evidence of necrosis,CONFIGURED_ICD_CATEGORY,plantar_ulcer,plantar ulcer,plantar_ulcer:3.0(same_icd_category;tokens=ulcer)
L97.116,Non-pressure chronic ulcer of right thigh with bone involvement without evidence of necrosis,CONFIGURED_ICD_CATEGORY,plantar_ulcer,plantar ulcer,plantar_ulcer:3.0(same_icd_category;tokens=ulcer)
L97.118,Non-pressure chronic ulcer of right thigh with other specified severity,CONFIGURED_ICD_CATEGORY,plantar_ulcer,plantar ulcer,plantar_ulcer:3.0(same_icd_category;tokens=ulcer)
L97.124,Non-pressure chronic ulcer of left thigh with necrosis of bone,CONFIGURED_ICD_CATEGORY,plantar_ulcer,plantar ulcer,plantar_ulcer:3.0(same_icd_category;tokens=ulcer)
L97.125,Non-pressure chronic ulcer of left thigh with muscle involvement without evidence of necrosis,CONFIGURED_ICD_CATEGORY,plantar_ulcer,plantar ulcer,plantar_ulcer:3.0(same_icd_category;tokens=ulcer)
L97.126,Non-pressure chronic ulcer of left thigh with bone involvement without evidence of necrosis,CONFIGURED_ICD_CATEGORY,plantar_ulcer,plantar ulcer,plantar_ulcer:3.0(same_icd_category;tokens=ulcer)
L97.203,Non-pressure chronic ulcer of unspecified calf with necrosis of muscle,CONFIGURED_ICD_CATEGORY,plantar_ulcer,plantar ulcer,plantar_ulcer:3.0(same_icd_category;tokens=ulcer)
L97.204,Non-pressure chronic ulcer of unspecified calf with necrosis of bone,CONFIGURED_ICD_CATEGORY,plantar_ulcer,plantar ulcer,plantar_ulcer:3.0(same_icd_category;tokens=ulcer)
L97.205,Non-pressure chronic ulcer of unspecified calf with muscle involvement without evidence of necrosis,CONFIGURED_ICD_CATEGORY,plantar_ulcer,plantar ulcer,plantar_ulcer:3.0(same_icd_category;tokens=ulcer)
L97.206,Non-pressure chronic ulcer of unspecified calf with bone involvement without evidence of necrosis,CONFIGURED_ICD_CATEGORY,plantar_ulcer,plantar ulcer,plantar_ulcer:3.0(same_icd_category;tokens=ulcer)
L97.208,Non-pressure chronic ulcer of unspecified calf with other specified severity,CONFIGURED_ICD_CATEGORY,plantar_ulcer,plantar ulcer,plantar_ulcer:3.0(same_icd_category;tokens=ulcer)
L97.214,Non-pressure chronic ulcer of right calf with necrosis of bone,CONFIGURED_ICD_CATEGORY,plantar_ulcer,plantar ulcer,plantar_ulcer:3.0(same_icd_category;tokens=ulcer)
L97.216,Non-pressure chronic ulcer of right calf with bone involvement without evidence of necrosis,CONFIGURED_ICD_CATEGORY,plantar_ulcer,plantar ulcer,plantar_ulcer:3.0(same_icd_category;tokens=ulcer)
L97.224,Non-pressure chronic ulcer of left calf with necrosis of bone,CONFIGURED_ICD_CATEGORY,plantar_ulcer,plantar ulcer,plantar_ulcer:3.0(same_icd_category;tokens=ulcer)
L97.226,Non-pressure chronic ulcer of left calf with bone involvement without evidence of necrosis,CONFIGURED_ICD_CATEGORY,plantar_ulcer,plantar ulcer,plantar_ulcer:3.0(same_icd_category;tokens=ulcer)
L97.303,Non-pressure chronic ulcer of unspecified ankle with necrosis of muscle,CONFIGURED_ICD_CATEGORY,plantar_ulcer,plantar ulcer,plantar_ulcer:3.0(same_icd_category;tokens=ulcer)
L97.304,Non-pressure chronic ulcer of unspecified ankle with necrosis of bone,CONFIGURED_ICD_CATEGORY,plantar_ulcer,plantar ulcer,plantar_ulcer:3.0(same_icd_category;tokens=ulcer)
L97.305,Non-pressure chronic ulcer of unspecified ankle with muscle involvement without evidence of necrosis,CONFIGURED_ICD_CATEGORY,plantar_ulcer,plantar ulcer,plantar_ulcer:3.0(same_icd_category;tokens=ulcer)
L97.306,Non-pressure chronic ulcer of unspecified ankle with bone involvement without evidence of necrosis,CONFIGURED_ICD_CATEGORY,plantar_ulcer,plantar ulcer,plantar_ulcer:3.0(same_icd_category;tokens=ulcer)
L97.308,Non-pressure chronic ulcer of unspecified ankle with other specified severity,CONFIGURED_ICD_CATEGORY,plantar_ulcer,plantar ulcer,plantar_ulcer:3.0(same_icd_category;tokens=ulcer)
L97.324,Non-pressure chronic ulcer of left ankle with necrosis of bone,CONFIGURED_ICD_CATEGORY,plantar_ulcer,plantar ulcer,plantar_ulcer:3.0(same_icd_category;tokens=ulcer)
L97.403,Non-pressure chronic ulcer of unspecified heel and midfoot with necrosis of muscle,CONFIGURED_ICD_CATEGORY,plantar_ulcer,plantar ulcer,plantar_ulcer:3.0(same_icd_category;tokens=ulcer)
L97.404,Non-pressure chronic ulcer of unspecified heel and midfoot with necrosis of bone,CONFIGURED_ICD_CATEGORY,plantar_ulcer,plantar ulcer,plantar_ulcer:3.0(same_icd_category;tokens=ulcer)
L97.405,Non-pressure chronic ulcer of unspecified heel and midfoot with muscle involvement without evidence of necrosis,CONFIGURED_ICD_CATEGORY,plantar_ulcer,plantar ulcer,plantar_ulcer:3.0(same_icd_category;tokens=ulcer)
L97.406,Non-pressure chronic ulcer of unspecified heel and midfoot with bone involvement without evidence of necrosis,CONFIGURED_ICD_CATEGORY,plantar_ulcer,plantar ulcer,plantar_ulcer:3.0(same_icd_category;tokens=ulcer)
L97.408,Non-pressure chronic ulcer of unspecified heel and midfoot with other specified severity,CONFIGURED_ICD_CATEGORY,plantar_ulcer,plantar ulcer,plantar_ulcer:3.0(same_icd_category;tokens=ulcer)
L97.803,Non-pressure chronic ulcer of other part of unspecified lower leg with necrosis of muscle,CONFIGURED_ICD_CATEGORY,plantar_ulcer | trophic_change,plantar ulcer | trophic change,plantar_ulcer:3.0(same_icd_category;tokens=ulcer) | trophic_change:3.0(same_icd_category;tokens=lower)
L97.804,Non-pressure chronic ulcer of other part of unspecified lower leg with necrosis of bone,CONFIGURED_ICD_CATEGORY,plantar_ulcer | trophic_change,plantar ulcer | trophic change,plantar_ulcer:3.0(same_icd_category;tokens=ulcer) | trophic_change:3.0(same_icd_category;tokens=lower)
L97.805,Non-pressure chronic ulcer of other part of unspecified lower leg with muscle involvement without evidence of necrosis,CONFIGURED_ICD_CATEGORY,plantar_ulcer | trophic_change,plantar ulcer | trophic change,plantar_ulcer:3.0(same_icd_category;tokens=ulcer) | trophic_change:3.0(same_icd_category;tokens=lower)
L97.806,Non-pressure chronic ulcer of other part of unspecified lower leg with bone involvement without evidence of necrosis,CONFIGURED_ICD_CATEGORY,plantar_ulcer | trophic_change,plantar ulcer | trophic change,plantar_ulcer:3.0(same_icd_category;tokens=ulcer) | trophic_change:3.0(same_icd_category;tokens=lower)
L97.814,Non-pressure chronic ulcer of other part of right lower leg with necrosis of bone,CONFIGURED_ICD_CATEGORY,plantar_ulcer | trophic_change,plantar ulcer | trophic change,plantar_ulcer:3.0(same_icd_category;tokens=ulcer) | trophic_change:3.0(same_icd_category;tokens=lower)
L97.823,Non-pressure chronic ulcer of other part of left lower leg with necrosis of muscle,CONFIGURED_ICD_CATEGORY,plantar_ulcer | trophic_change,plantar ulcer | trophic change,plantar_ulcer:3.0(same_icd_category;tokens=ulcer) | trophic_change:3.0(same_icd_category;tokens=lower)
L97.903,Non-pressure chronic ulcer of unspecified part of unspecified lower leg with necrosis of muscle,CONFIGURED_ICD_CATEGORY,plantar_ulcer | trophic_change,plantar ulcer | trophic change,plantar_ulcer:3.0(same_icd_category;tokens=ulcer) | trophic_change:3.0(same_icd_category;tokens=lower)
L97.905,Non-pressure chronic ulcer of unspecified part of unspecified lower leg with muscle involvement without evidence of necrosis,CONFIGURED_ICD_CATEGORY,plantar_ulcer | trophic_change,plantar ulcer | trophic change,plantar_ulcer:3.0(same_icd_category;tokens=ulcer) | trophic_change:3.0(same_icd_category;tokens=lower)
L97.906,Non-pressure chronic ulcer of unspecified part of unspecified lower leg with bone involvement without evidence of necrosis,CONFIGURED_ICD_CATEGORY,plantar_ulcer | trophic_change,plantar ulcer | trophic change,plantar_ulcer:3.0(same_icd_category;tokens=ulcer) | trophic_change:3.0(same_icd_category;tokens=lower)
L97.908,Non-pressure chronic ulcer of unspecified part of unspecified lower leg with other specified severity,CONFIGURED_ICD_CATEGORY,plantar_ulcer | trophic_change,plantar ulcer | trophic change,plantar_ulcer:3.0(same_icd_category;tokens=ulcer) | trophic_change:3.0(same_icd_category;tokens=lower)
M05.111,Rheumatoid lung disease with rheumatoid arthritis of right shoulder,ATOM_PHRASE_MATCH,autoimmune_disease | chronic_inflammatory_arthritis,Chronic inflammatory joint disease | autoimmune disease,"autoimmune_disease:7.0(phrase;tokens=arthriti,rheumatoid) | chronic_inflammatory_arthritis:7.0(phrase;tokens=arthriti,rheumatoid)"
M05.112,Rheumatoid lung disease with rheumatoid arthritis of left shoulder,ATOM_PHRASE_MATCH,autoimmune_disease | chronic_inflammatory_arthritis,Chronic inflammatory joint disease | autoimmune disease,"autoimmune_disease:7.0(phrase;tokens=arthriti,rheumatoid) | chronic_inflammatory_arthritis:7.0(phrase;tokens=arthriti,rheumatoid)"
M05.119,Rheumatoid lung disease with rheumatoid arthritis of unspecified shoulder,ATOM_PHRASE_MATCH,autoimmune_disease | chronic_inflammatory_arthritis,Chronic inflammatory joint disease | autoimmune disease,"autoimmune_disease:7.0(phrase;tokens=arthriti,rheumatoid) | chronic_inflammatory_arthritis:7.0(phrase;tokens=arthriti,rheumatoid)"
M05.121,Rheumatoid lung disease with rheumatoid arthritis of right elbow,ATOM_PHRASE_MATCH,autoimmune_disease | chronic_inflammatory_arthritis,Chronic inflammatory joint disease | autoimmune disease,"autoimmune_disease:7.0(phrase;tokens=arthriti,rheumatoid) | chronic_inflammatory_arthritis:7.0(phrase;tokens=arthriti,rheumatoid)"
M05.122,Rheumatoid lung disease with rheumatoid arthritis of left elbow,ATOM_PHRASE_MATCH,autoimmune_disease | chronic_inflammatory_arthritis,Chronic inflammatory joint disease | autoimmune disease,"autoimmune_disease:7.0(phrase;tokens=arthriti,rheumatoid) | chronic_inflammatory_arthritis:7.0(phrase;tokens=arthriti,rheumatoid)"
M05.129,Rheumatoid lung disease with rheumatoid arthritis of unspecified elbow,ATOM_PHRASE_MATCH,autoimmune_disease | chronic_inflammatory_arthritis,Chronic inflammatory joint disease | autoimmune disease,"autoimmune_disease:7.0(phrase;tokens=arthriti,rheumatoid) | chronic_inflammatory_arthritis:7.0(phrase;tokens=arthriti,rheumatoid)"
M05.131,Rheumatoid lung disease with rheumatoid arthritis of right wrist,ATOM_PHRASE_MATCH,autoimmune_disease | chronic_inflammatory_arthritis,Chronic inflammatory joint disease | autoimmune disease,"autoimmune_disease:7.0(phrase;tokens=arthriti,rheumatoid) | chronic_inflammatory_arthritis:7.0(phrase;tokens=arthriti,rheumatoid)"
M05.132,Rheumatoid lung disease with rheumatoid arthritis of left wrist,ATOM_PHRASE_MATCH,autoimmune_disease | chronic_inflammatory_arthritis,Chronic inflammatory joint disease | autoimmune disease,"autoimmune_disease:7.0(phrase;tokens=arthriti,rheumatoid) | chronic_inflammatory_arthritis:7.0(phrase;tokens=arthriti,rheumatoid)"
M05.139,Rheumatoid lung disease with rheumatoid arthritis of unspecified wrist,ATOM_PHRASE_MATCH,autoimmune_disease | chronic_inflammatory_arthritis,Chronic inflammatory joint disease | autoimmune disease,"autoimmune_disease:7.0(phrase;tokens=arthriti,rheumatoid) | chronic_inflammatory_arthritis:7.0(phrase;tokens=arthriti,rheumatoid)"
M05.141,Rheumatoid lung disease with rheumatoid arthritis of right hand,ATOM_PHRASE_MATCH,autoimmune_disease | chronic_inflammatory_arthritis,Chronic inflammatory joint disease | autoimmune disease,"autoimmune_disease:7.0(phrase;tokens=arthriti,rheumatoid) | chronic_inflammatory_arthritis:7.0(phrase;tokens=arthriti,rheumatoid)"
M05.142,Rheumatoid lung disease with rheumatoid arthritis of left hand,ATOM_PHRASE_MATCH,autoimmune_disease | chronic_inflammatory_arthritis,Chronic inflammatory joint disease | autoimmune disease,"autoimmune_disease:7.0(phrase;tokens=arthriti,rheumatoid) | chronic_inflammatory_arthritis:7.0(phrase;tokens=arthriti,rheumatoid)"
M05.149,Rheumatoid lung disease with rheumatoid arthritis of unspecified hand,ATOM_PHRASE_MATCH,autoimmune_disease | chronic_inflammatory_arthritis,Chronic inflammatory joint disease | autoimmune disease,"autoimmune_disease:7.0(phrase;tokens=arthriti,rheumatoid) | chronic_inflammatory_arthritis:7.0(phrase;tokens=arthriti,rheumatoid)"
M05.151,Rheumatoid lung disease with rheumatoid arthritis of right hip,ATOM_PHRASE_MATCH,autoimmune_disease | chronic_inflammatory_arthritis,Chronic inflammatory joint disease | autoimmune disease,"autoimmune_disease:7.0(phrase;tokens=arthriti,rheumatoid) | chronic_inflammatory_arthritis:7.0(phrase;tokens=arthriti,rheumatoid)"
M05.152,Rheumatoid lung disease with rheumatoid arthritis of left hip,ATOM_PHRASE_MATCH,autoimmune_disease | chronic_inflammatory_arthritis,Chronic inflammatory joint disease | autoimmune disease,"autoimmune_disease:7.0(phrase;tokens=arthriti,rheumatoid) | chronic_inflammatory_arthritis:7.0(phrase;tokens=arthriti,rheumatoid)"
M05.159,Rheumatoid lung disease with rheumatoid arthritis of unspecified hip,ATOM_PHRASE_MATCH,autoimmune_disease | chronic_inflammatory_arthritis,Chronic inflammatory joint disease | autoimmune disease,"autoimmune_disease:7.0(phrase;tokens=arthriti,rheumatoid) | chronic_inflammatory_arthritis:7.0(phrase;tokens=arthriti,rheumatoid)"
M05.161,Rheumatoid lung disease with rheumatoid arthritis of right knee,ATOM_PHRASE_MATCH,autoimmune_disease | chronic_inflammatory_arthritis,Chronic inflammatory joint disease | autoimmune disease,"autoimmune_disease:7.0(phrase;tokens=arthriti,rheumatoid) | chronic_inflammatory_arthritis:7.0(phrase;tokens=arthriti,rheumatoid)"
M05.162,Rheumatoid lung disease with rheumatoid arthritis of left knee,ATOM_PHRASE_MATCH,autoimmune_disease | chronic_inflammatory_arthritis,Chronic inflammatory joint disease | autoimmune disease,"autoimmune_disease:7.0(phrase;tokens=arthriti,rheumatoid) | chronic_inflammatory_arthritis:7.0(phrase;tokens=arthriti,rheumatoid)"
M05.169,Rheumatoid lung disease with rheumatoid arthritis of unspecified knee,ATOM_PHRASE_MATCH,autoimmune_disease | chronic_inflammatory_arthritis,Chronic inflammatory joint disease | autoimmune disease,"autoimmune_disease:7.0(phrase;tokens=arthriti,rheumatoid) | chronic_inflammatory_arthritis:7.0(phrase;tokens=arthriti,rheumatoid)"
M05.171,Rheumatoid lung disease with rheumatoid arthritis of right ankle and foot,ATOM_PHRASE_MATCH,autoimmune_disease | chronic_inflammatory_arthritis,Chronic inflammatory joint disease | autoimmune disease,"autoimmune_disease:7.0(phrase;tokens=arthriti,rheumatoid) | chronic_inflammatory_arthritis:7.0(phrase;tokens=arthriti,rheumatoid)"
M05.172,Rheumatoid lung disease with rheumatoid arthritis of left ankle and foot,ATOM_PHRASE_MATCH,autoimmune_disease | chronic_inflammatory_arthritis,Chronic inflammatory joint disease | autoimmune disease,"autoimmune_disease:7.0(phrase;tokens=arthriti,rheumatoid) | chronic_inflammatory_arthritis:7.0(phrase;tokens=arthriti,rheumatoid)"
M05.179,Rheumatoid lung disease with rheumatoid arthritis of unspecified ankle and foot,ATOM_PHRASE_MATCH,autoimmune_disease | chronic_inflammatory_arthritis,Chronic inflammatory joint disease | autoimmune disease,"autoimmune_disease:7.0(phrase;tokens=arthriti,rheumatoid) | chronic_inflammatory_arthritis:7.0(phrase;tokens=arthriti,rheumatoid)"
M05.19,Rheumatoid lung disease with rheumatoid arthritis of multiple sites,ATOM_PHRASE_MATCH,autoimmune_disease | chronic_inflammatory_arthritis,Chronic inflammatory joint disease | autoimmune disease,"autoimmune_disease:7.0(phrase;tokens=arthriti,rheumatoid) | chronic_inflammatory_arthritis:7.0(phrase;tokens=arthriti,rheumatoid)"
M05.211,Rheumatoid vasculitis with rheumatoid arthritis of right shoulder,ATOM_PHRASE_MATCH,autoimmune_disease | chronic_inflammatory_arthritis,Chronic inflammatory joint disease | autoimmune disease,"autoimmune_disease:8.0(phrase;tokens=arthriti,rheumatoid,vasculiti) | chronic_inflammatory_arthritis:7.0(phrase;tokens=arthriti,rheumatoid)"
M05.212,Rheumatoid vasculitis with rheumatoid arthritis of left shoulder,ATOM_PHRASE_MATCH,autoimmune_disease | chronic_inflammatory_arthritis,Chronic inflammatory joint disease | autoimmune disease,"autoimmune_disease:8.0(phrase;tokens=arthriti,rheumatoid,vasculiti) | chronic_inflammatory_arthritis:7.0(phrase;tokens=arthriti,rheumatoid)"
M05.219,Rheumatoid vasculitis with rheumatoid arthritis of unspecified shoulder,ATOM_PHRASE_MATCH,autoimmune_disease | chronic_inflammatory_arthritis,Chronic inflammatory joint disease | autoimmune disease,"autoimmune_disease:8.0(phrase;tokens=arthriti,rheumatoid,vasculiti) | chronic_inflammatory_arthritis:7.0(phrase;tokens=arthriti,rheumatoid)"
M05.221,Rheumatoid vasculitis with rheumatoid arthritis of right elbow,ATOM_PHRASE_MATCH,autoimmune_disease | chronic_inflammatory_arthritis,Chronic inflammatory joint disease | autoimmune disease,"autoimmune_disease:8.0(phrase;tokens=arthriti,rheumatoid,vasculiti) | chronic_inflammatory_arthritis:7.0(phrase;tokens=arthriti,rheumatoid)"
M05.222,Rheumatoid vasculitis with rheumatoid arthritis of left elbow,ATOM_PHRASE_MATCH,autoimmune_disease | chronic_inflammatory_arthritis,Chronic inflammatory joint disease | autoimmune disease,"autoimmune_disease:8.0(phrase;tokens=arthriti,rheumatoid,vasculiti) | chronic_inflammatory_arthritis:7.0(phrase;tokens=arthriti,rheumatoid)"
M05.229,Rheumatoid vasculitis with rheumatoid arthritis of unspecified elbow,ATOM_PHRASE_MATCH,autoimmune_disease | chronic_inflammatory_arthritis,Chronic inflammatory joint disease | autoimmune disease,"autoimmune_disease:8.0(phrase;tokens=arthriti,rheumatoid,vasculiti) | chronic_inflammatory_arthritis:7.0(phrase;tokens=arthriti,rheumatoid)"
M05.231,Rheumatoid vasculitis with rheumatoid arthritis of right wrist,ATOM_PHRASE_MATCH,autoimmune_disease | chronic_inflammatory_arthritis,Chronic inflammatory joint disease | autoimmune disease,"autoimmune_disease:8.0(phrase;tokens=arthriti,rheumatoid,vasculiti) | chronic_inflammatory_arthritis:7.0(phrase;tokens=arthriti,rheumatoid)"
M05.232,Rheumatoid vasculitis with rheumatoid arthritis of left wrist,ATOM_PHRASE_MATCH,autoimmune_disease | chronic_inflammatory_arthritis,Chronic inflammatory joint disease | autoimmune disease,"autoimmune_disease:8.0(phrase;tokens=arthriti,rheumatoid,vasculiti) | chronic_inflammatory_arthritis:7.0(phrase;tokens=arthriti,rheumatoid)"
M05.239,Rheumatoid vasculitis with rheumatoid arthritis of unspecified wrist,ATOM_PHRASE_MATCH,autoimmune_disease | chronic_inflammatory_arthritis,Chronic inflammatory joint disease | autoimmune disease,"autoimmune_disease:8.0(phrase;tokens=arthriti,rheumatoid,vasculiti) | chronic_inflammatory_arthritis:7.0(phrase;tokens=arthriti,rheumatoid)"
M05.242,Rheumatoid vasculitis with rheumatoid arthritis of left hand,ATOM_PHRASE_MATCH,autoimmune_disease | chronic_inflammatory_arthritis,Chronic inflammatory joint disease | autoimmune disease,"autoimmune_disease:8.0(phrase;tokens=arthriti,rheumatoid,vasculiti) | chronic_inflammatory_arthritis:7.0(phrase;tokens=arthriti,rheumatoid)"
M05.249,Rheumatoid vasculitis with rheumatoid arthritis of unspecified hand,ATOM_PHRASE_MATCH,autoimmune_disease | chronic_inflammatory_arthritis,Chronic inflammatory joint disease | autoimmune disease,"autoimmune_disease:8.0(phrase;tokens=arthriti,rheumatoid,vasculiti) | chronic_inflammatory_arthritis:7.0(phrase;tokens=arthriti,rheumatoid)"
M05.251,Rheumatoid vasculitis with rheumatoid arthritis of right hip,ATOM_PHRASE_MATCH,autoimmune_disease | chronic_inflammatory_arthritis,Chronic inflammatory joint disease | autoimmune disease,"autoimmune_disease:8.0(phrase;tokens=arthriti,rheumatoid,vasculiti) | chronic_inflammatory_arthritis:7.0(phrase;tokens=arthriti,rheumatoid)"
M05.252,Rheumatoid vasculitis with rheumatoid arthritis of left hip,ATOM_PHRASE_MATCH,autoimmune_disease | chronic_inflammatory_arthritis,Chronic inflammatory joint disease | autoimmune disease,"autoimmune_disease:8.0(phrase;tokens=arthriti,rheumatoid,vasculiti) | chronic_inflammatory_arthritis:7.0(phrase;tokens=arthriti,rheumatoid)"
M05.259,Rheumatoid vasculitis with rheumatoid arthritis of unspecified hip,ATOM_PHRASE_MATCH,autoimmune_disease | chronic_inflammatory_arthritis,Chronic inflammatory joint disease | autoimmune disease,"autoimmune_disease:8.0(phrase;tokens=arthriti,rheumatoid,vasculiti) | chronic_inflammatory_arthritis:7.0(phrase;tokens=arthriti,rheumatoid)"
M05.261,Rheumatoid vasculitis with rheumatoid arthritis of right knee,ATOM_PHRASE_MATCH,autoimmune_disease | chronic_inflammatory_arthritis,Chronic inflammatory joint disease | autoimmune disease,"autoimmune_disease:8.0(phrase;tokens=arthriti,rheumatoid,vasculiti) | chronic_inflammatory_arthritis:7.0(phrase;tokens=arthriti,rheumatoid)"
M05.262,Rheumatoid vasculitis with rheumatoid arthritis of left knee,ATOM_PHRASE_MATCH,autoimmune_disease | chronic_inflammatory_arthritis,Chronic inflammatory joint disease | autoimmune disease,"autoimmune_disease:8.0(phrase;tokens=arthriti,rheumatoid,vasculiti) | chronic_inflammatory_arthritis:7.0(phrase;tokens=arthriti,rheumatoid)"
M05.269,Rheumatoid vasculitis with rheumatoid arthritis of unspecified knee,ATOM_PHRASE_MATCH,autoimmune_disease | chronic_inflammatory_arthritis,Chronic inflammatory joint disease | autoimmune disease,"autoimmune_disease:8.0(phrase;tokens=arthriti,rheumatoid,vasculiti) | chronic_inflammatory_arthritis:7.0(phrase;tokens=arthriti,rheumatoid)"
M05.271,Rheumatoid vasculitis with rheumatoid arthritis of right ankle and foot,ATOM_PHRASE_MATCH,autoimmune_disease | chronic_inflammatory_arthritis,Chronic inflammatory joint disease | autoimmune disease,"autoimmune_disease:8.0(phrase;tokens=arthriti,rheumatoid,vasculiti) | chronic_inflammatory_arthritis:7.0(phrase;tokens=arthriti,rheumatoid)"
M05.272,Rheumatoid vasculitis with rheumatoid arthritis of left ankle and foot,ATOM_PHRASE_MATCH,autoimmune_disease | chronic_inflammatory_arthritis,Chronic inflammatory joint disease | autoimmune disease,"autoimmune_disease:8.0(phrase;tokens=arthriti,rheumatoid,vasculiti) | chronic_inflammatory_arthritis:7.0(phrase;tokens=arthriti,rheumatoid)"
M05.279,Rheumatoid vasculitis with rheumatoid arthritis of unspecified ankle and foot,ATOM_PHRASE_MATCH,autoimmune_disease | chronic_inflammatory_arthritis,Chronic inflammatory joint disease | autoimmune disease,"autoimmune_disease:8.0(phrase;tokens=arthriti,rheumatoid,vasculiti) | chronic_inflammatory_arthritis:7.0(phrase;tokens=arthriti,rheumatoid)"
M05.311,Rheumatoid heart disease with rheumatoid arthritis of right shoulder,ATOM_PHRASE_MATCH,autoimmune_disease | chronic_inflammatory_arthritis,Chronic inflammatory joint disease | autoimmune disease,"autoimmune_disease:7.0(phrase;tokens=arthriti,rheumatoid) | chronic_inflammatory_arthritis:7.0(phrase;tokens=arthriti,rheumatoid)"
M05.312,Rheumatoid heart disease with rheumatoid arthritis of left shoulder,ATOM_PHRASE_MATCH,autoimmune_disease | chronic_inflammatory_arthritis,Chronic inflammatory joint disease | autoimmune disease,"autoimmune_disease:7.0(phrase;tokens=arthriti,rheumatoid) | chronic_inflammatory_arthritis:7.0(phrase;tokens=arthriti,rheumatoid)"
M05.319,Rheumatoid heart disease with rheumatoid arthritis of unspecified shoulder,ATOM_PHRASE_MATCH,autoimmune_disease | chronic_inflammatory_arthritis,Chronic inflammatory joint disease | autoimmune disease,"autoimmune_disease:7.0(phrase;tokens=arthriti,rheumatoid) | chronic_inflammatory_arthritis:7.0(phrase;tokens=arthriti,rheumatoid)"
M05.321,Rheumatoid heart disease with rheumatoid arthritis of right elbow,ATOM_PHRASE_MATCH,autoimmune_disease | chronic_inflammatory_arthritis,Chronic inflammatory joint disease | autoimmune disease,"autoimmune_disease:7.0(phrase;tokens=arthriti,rheumatoid) | chronic_inflammatory_arthritis:7.0(phrase;tokens=arthriti,rheumatoid)"
M05.322,Rheumatoid heart disease with rheumatoid arthritis of left elbow,ATOM_PHRASE_MATCH,autoimmune_disease | chronic_inflammatory_arthritis,Chronic inflammatory joint disease | autoimmune disease,"autoimmune_disease:7.0(phrase;tokens=arthriti,rheumatoid) | chronic_inflammatory_arthritis:7.0(phrase;tokens=arthriti,rheumatoid)"
M05.329,Rheumatoid heart disease with rheumatoid arthritis of unspecified elbow,ATOM_PHRASE_MATCH,autoimmune_disease | chronic_inflammatory_arthritis,Chronic inflammatory joint disease | autoimmune disease,"autoimmune_disease:7.0(phrase;tokens=arthriti,rheumatoid) | chronic_inflammatory_arthritis:7.0(phrase;tokens=arthriti,rheumatoid)"
M05.331,Rheumatoid heart disease with rheumatoid arthritis of right wrist,ATOM_PHRASE_MATCH,autoimmune_disease | chronic_inflammatory_arthritis,Chronic inflammatory joint disease | autoimmune disease,"autoimmune_disease:7.0(phrase;tokens=arthriti,rheumatoid) | chronic_inflammatory_arthritis:7.0(phrase;tokens=arthriti,rheumatoid)"
M05.332,Rheumatoid heart disease with rheumatoid arthritis of left wrist,ATOM_PHRASE_MATCH,autoimmune_disease | chronic_inflammatory_arthritis,Chronic inflammatory joint disease | autoimmune disease,"autoimmune_disease:7.0(phrase;tokens=arthriti,rheumatoid) | chronic_inflammatory_arthritis:7.0(phrase;tokens=arthriti,rheumatoid)"
M05.339,Rheumatoid heart disease with rheumatoid arthritis of unspecified wrist,ATOM_PHRASE_MATCH,autoimmune_disease | chronic_inflammatory_arthritis,Chronic inflammatory joint disease | autoimmune disease,"autoimmune_disease:7.0(phrase;tokens=arthriti,rheumatoid) | chronic_inflammatory_arthritis:7.0(phrase;tokens=arthriti,rheumatoid)"
M05.341,Rheumatoid heart disease with rheumatoid arthritis of right hand,ATOM_PHRASE_MATCH,autoimmune_disease | chronic_inflammatory_arthritis,Chronic inflammatory joint disease | autoimmune disease,"autoimmune_disease:7.0(phrase;tokens=arthriti,rheumatoid) | chronic_inflammatory_arthritis:7.0(phrase;tokens=arthriti,rheumatoid)"
M05.342,Rheumatoid heart disease with rheumatoid arthritis of left hand,ATOM_PHRASE_MATCH,autoimmune_disease | chronic_inflammatory_arthritis,Chronic inflammatory joint disease | autoimmune disease,"autoimmune_disease:7.0(phrase;tokens=arthriti,rheumatoid) | chronic_inflammatory_arthritis:7.0(phrase;tokens=arthriti,rheumatoid)"
M05.349,Rheumatoid heart disease with rheumatoid arthritis of unspecified hand,ATOM_PHRASE_MATCH,autoimmune_disease | chronic_inflammatory_arthritis,Chronic inflammatory joint disease | autoimmune disease,"autoimmune_disease:7.0(phrase;tokens=arthriti,rheumatoid) | chronic_inflammatory_arthritis:7.0(phrase;tokens=arthriti,rheumatoid)"
M05.351,Rheumatoid heart disease with rheumatoid arthritis of right hip,ATOM_PHRASE_MATCH,autoimmune_disease | chronic_inflammatory_arthritis,Chronic inflammatory joint disease | autoimmune disease,"autoimmune_disease:7.0(phrase;tokens=arthriti,rheumatoid) | chronic_inflammatory_arthritis:7.0(phrase;tokens=arthriti,rheumatoid)"
M05.352,Rheumatoid heart disease with rheumatoid arthritis of left hip,ATOM_PHRASE_MATCH,autoimmune_disease | chronic_inflammatory_arthritis,Chronic inflammatory joint disease | autoimmune disease,"autoimmune_disease:7.0(phrase;tokens=arthriti,rheumatoid) | chronic_inflammatory_arthritis:7.0(phrase;tokens=arthriti,rheumatoid)"
M05.359,Rheumatoid heart disease with rheumatoid arthritis of unspecified hip,ATOM_PHRASE_MATCH,autoimmune_disease | chronic_inflammatory_arthritis,Chronic inflammatory joint disease | autoimmune disease,"autoimmune_disease:7.0(phrase;tokens=arthriti,rheumatoid) | chronic_inflammatory_arthritis:7.0(phrase;tokens=arthriti,rheumatoid)"
M05.361,Rheumatoid heart disease with rheumatoid arthritis of right knee,ATOM_PHRASE_MATCH,autoimmune_disease | chronic_inflammatory_arthritis,Chronic inflammatory joint disease | autoimmune disease,"autoimmune_disease:7.0(phrase;tokens=arthriti,rheumatoid) | chronic_inflammatory_arthritis:7.0(phrase;tokens=arthriti,rheumatoid)"
M05.362,Rheumatoid heart disease with rheumatoid arthritis of left knee,ATOM_PHRASE_MATCH,autoimmune_disease | chronic_inflammatory_arthritis,Chronic inflammatory joint disease | autoimmune disease,"autoimmune_disease:7.0(phrase;tokens=arthriti,rheumatoid) | chronic_inflammatory_arthritis:7.0(phrase;tokens=arthriti,rheumatoid)"
M05.369,Rheumatoid heart disease with rheumatoid arthritis of unspecified knee,ATOM_PHRASE_MATCH,autoimmune_disease | chronic_inflammatory_arthritis,Chronic inflammatory joint disease | autoimmune disease,"autoimmune_disease:7.0(phrase;tokens=arthriti,rheumatoid) | chronic_inflammatory_arthritis:7.0(phrase;tokens=arthriti,rheumatoid)"
M05.371,Rheumatoid heart disease with rheumatoid arthritis of right ankle and foot,ATOM_PHRASE_MATCH,autoimmune_disease | chronic_inflammatory_arthritis,Chronic inflammatory joint disease | autoimmune disease,"autoimmune_disease:7.0(phrase;tokens=arthriti,rheumatoid) | chronic_inflammatory_arthritis:7.0(phrase;tokens=arthriti,rheumatoid)"
M05.372,Rheumatoid heart disease with rheumatoid arthritis of left ankle and foot,ATOM_PHRASE_MATCH,autoimmune_disease | chronic_inflammatory_arthritis,Chronic inflammatory joint disease | autoimmune disease,"autoimmune_disease:7.0(phrase;tokens=arthriti,rheumatoid) | chronic_inflammatory_arthritis:7.0(phrase;tokens=arthriti,rheumatoid)"
M05.40,Rheumatoid myopathy with rheumatoid arthritis of unspecified site,ATOM_PHRASE_MATCH,autoimmune_disease | chronic_inflammatory_arthritis,Chronic inflammatory joint disease | autoimmune disease,"autoimmune_disease:7.0(phrase;tokens=arthriti,rheumatoid) | chronic_inflammatory_arthritis:7.0(phrase;tokens=arthriti,rheumatoid)"
M05.411,Rheumatoid myopathy with rheumatoid arthritis of right shoulder,ATOM_PHRASE_MATCH,autoimmune_disease | chronic_inflammatory_arthritis,Chronic inflammatory joint disease | autoimmune disease,"autoimmune_disease:7.0(phrase;tokens=arthriti,rheumatoid) | chronic_inflammatory_arthritis:7.0(phrase;tokens=arthriti,rheumatoid)"
M05.412,Rheumatoid myopathy with rheumatoid arthritis of left shoulder,ATOM_PHRASE_MATCH,autoimmune_disease | chronic_inflammatory_arthritis,Chronic inflammatory joint disease | autoimmune disease,"autoimmune_disease:7.0(phrase;tokens=arthriti,rheumatoid) | chronic_inflammatory_arthritis:7.0(phrase;tokens=arthriti,rheumatoid)"
M05.419,Rheumatoid myopathy with rheumatoid arthritis of unspecified shoulder,ATOM_PHRASE_MATCH,autoimmune_disease | chronic_inflammatory_arthritis,Chronic inflammatory joint disease | autoimmune disease,"autoimmune_disease:7.0(phrase;tokens=arthriti,rheumatoid) | chronic_inflammatory_arthritis:7.0(phrase;tokens=arthriti,rheumatoid)"
M05.421,Rheumatoid myopathy with rheumatoid arthritis of right elbow,ATOM_PHRASE_MATCH,autoimmune_disease | chronic_inflammatory_arthritis,Chronic inflammatory joint disease | autoimmune disease,"autoimmune_disease:7.0(phrase;tokens=arthriti,rheumatoid) | chronic_inflammatory_arthritis:7.0(phrase;tokens=arthriti,rheumatoid)"
M05.422,Rheumatoid myopathy with rheumatoid arthritis of left elbow,ATOM_PHRASE_MATCH,autoimmune_disease | chronic_inflammatory_arthritis,Chronic inflammatory joint disease | autoimmune disease,"autoimmune_disease:7.0(phrase;tokens=arthriti,rheumatoid) | chronic_inflammatory_arthritis:7.0(phrase;tokens=arthriti,rheumatoid)"
M05.429,Rheumatoid myopathy with rheumatoid arthritis of unspecified elbow,ATOM_PHRASE_MATCH,autoimmune_disease | chronic_inflammatory_arthritis,Chronic inflammatory joint disease | autoimmune disease,"autoimmune_disease:7.0(phrase;tokens=arthriti,rheumatoid) | chronic_inflammatory_arthritis:7.0(phrase;tokens=arthriti,rheumatoid)"
M05.431,Rheumatoid myopathy with rheumatoid arthritis of right wrist,ATOM_PHRASE_MATCH,autoimmune_disease | chronic_inflammatory_arthritis,Chronic inflammatory joint disease | autoimmune disease,"autoimmune_disease:7.0(phrase;tokens=arthriti,rheumatoid) | chronic_inflammatory_arthritis:7.0(phrase;tokens=arthriti,rheumatoid)"
M05.432,Rheumatoid myopathy with rheumatoid arthritis of left wrist,ATOM_PHRASE_MATCH,autoimmune_disease | chronic_inflammatory_arthritis,Chronic inflammatory joint disease | autoimmune disease,"autoimmune_disease:7.0(phrase;tokens=arthriti,rheumatoid) | chronic_inflammatory_arthritis:7.0(phrase;tokens=arthriti,rheumatoid)"
M05.439,Rheumatoid myopathy with rheumatoid arthritis of unspecified wrist,ATOM_PHRASE_MATCH,autoimmune_disease | chronic_inflammatory_arthritis,Chronic inflammatory joint disease | autoimmune disease,"autoimmune_disease:7.0(phrase;tokens=arthriti,rheumatoid) | chronic_inflammatory_arthritis:7.0(phrase;tokens=arthriti,rheumatoid)"
M05.441,Rheumatoid myopathy with rheumatoid arthritis of right hand,ATOM_PHRASE_MATCH,autoimmune_disease | chronic_inflammatory_arthritis,Chronic inflammatory joint disease | autoimmune disease,"autoimmune_disease:7.0(phrase;tokens=arthriti,rheumatoid) | chronic_inflammatory_arthritis:7.0(phrase;tokens=arthriti,rheumatoid)"
M05.442,Rheumatoid myopathy with rheumatoid arthritis of left hand,ATOM_PHRASE_MATCH,autoimmune_disease | chronic_inflammatory_arthritis,Chronic inflammatory joint disease | autoimmune disease,"autoimmune_disease:7.0(phrase;tokens=arthriti,rheumatoid) | chronic_inflammatory_arthritis:7.0(phrase;tokens=arthriti,rheumatoid)"
M05.449,Rheumatoid myopathy with rheumatoid arthritis of unspecified hand,ATOM_PHRASE_MATCH,autoimmune_disease | chronic_inflammatory_arthritis,Chronic inflammatory joint disease | autoimmune disease,"autoimmune_disease:7.0(phrase;tokens=arthriti,rheumatoid) | chronic_inflammatory_arthritis:7.0(phrase;tokens=arthriti,rheumatoid)"
M05.451,Rheumatoid myopathy with rheumatoid arthritis of right hip,ATOM_PHRASE_MATCH,autoimmune_disease | chronic_inflammatory_arthritis,Chronic inflammatory joint disease | autoimmune disease,"autoimmune_disease:7.0(phrase;tokens=arthriti,rheumatoid) | chronic_inflammatory_arthritis:7.0(phrase;tokens=arthriti,rheumatoid)"
M05.452,Rheumatoid myopathy with rheumatoid arthritis of left hip,ATOM_PHRASE_MATCH,autoimmune_disease | chronic_inflammatory_arthritis,Chronic inflammatory joint disease | autoimmune disease,"autoimmune_disease:7.0(phrase;tokens=arthriti,rheumatoid) | chronic_inflammatory_arthritis:7.0(phrase;tokens=arthriti,rheumatoid)"
M05.459,Rheumatoid myopathy with rheumatoid arthritis of unspecified hip,ATOM_PHRASE_MATCH,autoimmune_disease | chronic_inflammatory_arthritis,Chronic inflammatory joint disease | autoimmune disease,"autoimmune_disease:7.0(phrase;tokens=arthriti,rheumatoid) | chronic_inflammatory_arthritis:7.0(phrase;tokens=arthriti,rheumatoid)"
M05.461,Rheumatoid myopathy with rheumatoid arthritis of right knee,ATOM_PHRASE_MATCH,autoimmune_disease | chronic_inflammatory_arthritis,Chronic inflammatory joint disease | autoimmune disease,"autoimmune_disease:7.0(phrase;tokens=arthriti,rheumatoid) | chronic_inflammatory_arthritis:7.0(phrase;tokens=arthriti,rheumatoid)"
M05.462,Rheumatoid myopathy with rheumatoid arthritis of left knee,ATOM_PHRASE_MATCH,autoimmune_disease | chronic_inflammatory_arthritis,Chronic inflammatory joint disease | autoimmune disease,"autoimmune_disease:7.0(phrase;tokens=arthriti,rheumatoid) | chronic_inflammatory_arthritis:7.0(phrase;tokens=arthriti,rheumatoid)"
M05.469,Rheumatoid myopathy with rheumatoid arthritis of unspecified knee,ATOM_PHRASE_MATCH,autoimmune_disease | chronic_inflammatory_arthritis,Chronic inflammatory joint disease | autoimmune disease,"autoimmune_disease:7.0(phrase;tokens=arthriti,rheumatoid) | chronic_inflammatory_arthritis:7.0(phrase;tokens=arthriti,rheumatoid)"
M05.472,Rheumatoid myopathy with rheumatoid arthritis of left ankle and foot,ATOM_PHRASE_MATCH,autoimmune_disease | chronic_inflammatory_arthritis,Chronic inflammatory joint disease | autoimmune disease,"autoimmune_disease:7.0(phrase;tokens=arthriti,rheumatoid) | chronic_inflammatory_arthritis:7.0(phrase;tokens=arthriti,rheumatoid)"
M05.479,Rheumatoid myopathy with rheumatoid arthritis of unspecified ankle and foot,ATOM_PHRASE_MATCH,autoimmune_disease | chronic_inflammatory_arthritis,Chronic inflammatory joint disease | autoimmune disease,"autoimmune_disease:7.0(phrase;tokens=arthriti,rheumatoid) | chronic_inflammatory_arthritis:7.0(phrase;tokens=arthriti,rheumatoid)"
M05.49,Rheumatoid myopathy with rheumatoid arthritis of multiple sites,ATOM_PHRASE_MATCH,autoimmune_disease | chronic_inflammatory_arthritis,Chronic inflammatory joint disease | autoimmune disease,"autoimmune_disease:7.0(phrase;tokens=arthriti,rheumatoid) | chronic_inflammatory_arthritis:7.0(phrase;tokens=arthriti,rheumatoid)"
M05.511,Rheumatoid polyneuropathy with rheumatoid arthritis of right shoulder,ATOM_PHRASE_MATCH,autoimmune_disease | chronic_inflammatory_arthritis,Chronic inflammatory joint disease | autoimmune disease,"autoimmune_disease:7.0(phrase;tokens=arthriti,rheumatoid) | chronic_inflammatory_arthritis:7.0(phrase;tokens=arthriti,rheumatoid)"
M05.512,Rheumatoid polyneuropathy with rheumatoid arthritis of left shoulder,ATOM_PHRASE_MATCH,autoimmune_disease | chronic_inflammatory_arthritis,Chronic inflammatory joint disease | autoimmune disease,"autoimmune_disease:7.0(phrase;tokens=arthriti,rheumatoid) | chronic_inflammatory_arthritis:7.0(phrase;tokens=arthriti,rheumatoid)"
M05.519,Rheumatoid polyneuropathy with rheumatoid arthritis of unspecified shoulder,ATOM_PHRASE_MATCH,autoimmune_disease | chronic_inflammatory_arthritis,Chronic inflammatory joint disease | autoimmune disease,"autoimmune_disease:7.0(phrase;tokens=arthriti,rheumatoid) | chronic_inflammatory_arthritis:7.0(phrase;tokens=arthriti,rheumatoid)"
M05.521,Rheumatoid polyneuropathy with rheumatoid arthritis of right elbow,ATOM_PHRASE_MATCH,autoimmune_disease | chronic_inflammatory_arthritis,Chronic inflammatory joint disease | autoimmune disease,"autoimmune_disease:7.0(phrase;tokens=arthriti,rheumatoid) | chronic_inflammatory_arthritis:7.0(phrase;tokens=arthriti,rheumatoid)"
M05.522,Rheumatoid polyneuropathy with rheumatoid arthritis of left elbow,ATOM_PHRASE_MATCH,autoimmune_disease | chronic_inflammatory_arthritis,Chronic inflammatory joint disease | autoimmune disease,"autoimmune_disease:7.0(phrase;tokens=arthriti,rheumatoid) | chronic_inflammatory_arthritis:7.0(phrase;tokens=arthriti,rheumatoid)"
M05.529,Rheumatoid polyneuropathy with rheumatoid arthritis of unspecified elbow,ATOM_PHRASE_MATCH,autoimmune_disease | chronic_inflammatory_arthritis,Chronic inflammatory joint disease | autoimmune disease,"autoimmune_disease:7.0(phrase;tokens=arthriti,rheumatoid) | chronic_inflammatory_arthritis:7.0(phrase;tokens=arthriti,rheumatoid)"
M05.531,Rheumatoid polyneuropathy with rheumatoid arthritis of right wrist,ATOM_PHRASE_MATCH,autoimmune_disease | chronic_inflammatory_arthritis,Chronic inflammatory joint disease | autoimmune disease,"autoimmune_disease:7.0(phrase;tokens=arthriti,rheumatoid) | chronic_inflammatory_arthritis:7.0(phrase;tokens=arthriti,rheumatoid)"
M05.532,Rheumatoid polyneuropathy with rheumatoid arthritis of left wrist,ATOM_PHRASE_MATCH,autoimmune_disease | chronic_inflammatory_arthritis,Chronic inflammatory joint disease | autoimmune disease,"autoimmune_disease:7.0(phrase;tokens=arthriti,rheumatoid) | chronic_inflammatory_arthritis:7.0(phrase;tokens=arthriti,rheumatoid)"
M05.539,Rheumatoid polyneuropathy with rheumatoid arthritis of unspecified wrist,ATOM_PHRASE_MATCH,autoimmune_disease | chronic_inflammatory_arthritis,Chronic inflammatory joint disease | autoimmune disease,"autoimmune_disease:7.0(phrase;tokens=arthriti,rheumatoid) | chronic_inflammatory_arthritis:7.0(phrase;tokens=arthriti,rheumatoid)"
M05.542,Rheumatoid polyneuropathy with rheumatoid arthritis of left hand,ATOM_PHRASE_MATCH,autoimmune_disease | chronic_inflammatory_arthritis,Chronic inflammatory joint disease | autoimmune disease,"autoimmune_disease:7.0(phrase;tokens=arthriti,rheumatoid) | chronic_inflammatory_arthritis:7.0(phrase;tokens=arthriti,rheumatoid)"
M05.549,Rheumatoid polyneuropathy with rheumatoid arthritis of unspecified hand,ATOM_PHRASE_MATCH,autoimmune_disease | chronic_inflammatory_arthritis,Chronic inflammatory joint disease | autoimmune disease,"autoimmune_disease:7.0(phrase;tokens=arthriti,rheumatoid) | chronic_inflammatory_arthritis:7.0(phrase;tokens=arthriti,rheumatoid)"
M05.551,Rheumatoid polyneuropathy with rheumatoid arthritis of right hip,ATOM_PHRASE_MATCH,autoimmune_disease | chronic_inflammatory_arthritis,Chronic inflammatory joint disease | autoimmune disease,"autoimmune_disease:7.0(phrase;tokens=arthriti,rheumatoid) | chronic_inflammatory_arthritis:7.0(phrase;tokens=arthriti,rheumatoid)"
M05.552,Rheumatoid polyneuropathy with rheumatoid arthritis of left hip,ATOM_PHRASE_MATCH,autoimmune_disease | chronic_inflammatory_arthritis,Chronic inflammatory joint disease | autoimmune disease,"autoimmune_disease:7.0(phrase;tokens=arthriti,rheumatoid) | chronic_inflammatory_arthritis:7.0(phrase;tokens=arthriti,rheumatoid)"
M05.559,Rheumatoid polyneuropathy with rheumatoid arthritis of unspecified hip,ATOM_PHRASE_MATCH,autoimmune_disease | chronic_inflammatory_arthritis,Chronic inflammatory joint disease | autoimmune disease,"autoimmune_disease:7.0(phrase;tokens=arthriti,rheumatoid) | chronic_inflammatory_arthritis:7.0(phrase;tokens=arthriti,rheumatoid)"
M05.561,Rheumatoid polyneuropathy with rheumatoid arthritis of right knee,ATOM_PHRASE_MATCH,autoimmune_disease | chronic_inflammatory_arthritis,Chronic inflammatory joint disease | autoimmune disease,"autoimmune_disease:7.0(phrase;tokens=arthriti,rheumatoid) | chronic_inflammatory_arthritis:7.0(phrase;tokens=arthriti,rheumatoid)"
M05.562,Rheumatoid polyneuropathy with rheumatoid arthritis of left knee,ATOM_PHRASE_MATCH,autoimmune_disease | chronic_inflammatory_arthritis,Chronic inflammatory joint disease | autoimmune disease,"autoimmune_disease:7.0(phrase;tokens=arthriti,rheumatoid) | chronic_inflammatory_arthritis:7.0(phrase;tokens=arthriti,rheumatoid)"
M05.569,Rheumatoid polyneuropathy with rheumatoid arthritis of unspecified knee,ATOM_PHRASE_MATCH,autoimmune_disease | chronic_inflammatory_arthritis,Chronic inflammatory joint disease | autoimmune disease,"autoimmune_disease:7.0(phrase;tokens=arthriti,rheumatoid) | chronic_inflammatory_arthritis:7.0(phrase;tokens=arthriti,rheumatoid)"
M05.571,Rheumatoid polyneuropathy with rheumatoid arthritis of right ankle and foot,ATOM_PHRASE_MATCH,autoimmune_disease | chronic_inflammatory_arthritis,Chronic inflammatory joint disease | autoimmune disease,"autoimmune_disease:7.0(phrase;tokens=arthriti,rheumatoid) | chronic_inflammatory_arthritis:7.0(phrase;tokens=arthriti,rheumatoid)"
M05.572,Rheumatoid polyneuropathy with rheumatoid arthritis of left ankle and foot,ATOM_PHRASE_MATCH,autoimmune_disease | chronic_inflammatory_arthritis,Chronic inflammatory joint disease | autoimmune disease,"autoimmune_disease:7.0(phrase;tokens=arthriti,rheumatoid) | chronic_inflammatory_arthritis:7.0(phrase;tokens=arthriti,rheumatoid)"
M05.579,Rheumatoid polyneuropathy with rheumatoid arthritis of unspecified ankle and foot,ATOM_PHRASE_MATCH,autoimmune_disease | chronic_inflammatory_arthritis,Chronic inflammatory joint disease | autoimmune disease,"autoimmune_disease:7.0(phrase;tokens=arthriti,rheumatoid) | chronic_inflammatory_arthritis:7.0(phrase;tokens=arthriti,rheumatoid)"
M05.60,Rheumatoid arthritis of unspecified site with involvement of other organs and systems,ATOM_PHRASE_MATCH,autoimmune_disease | chronic_inflammatory_arthritis,Chronic inflammatory joint disease | autoimmune disease,"autoimmune_disease:7.0(phrase;tokens=arthriti,rheumatoid) | chronic_inflammatory_arthritis:7.0(phrase;tokens=arthriti,rheumatoid)"
M05.611,Rheumatoid arthritis of right shoulder with involvement of other organs and systems,ATOM_PHRASE_MATCH,autoimmune_disease | chronic_inflammatory_arthritis,Chronic inflammatory joint disease | autoimmune disease,"autoimmune_disease:7.0(phrase;tokens=arthriti,rheumatoid) | chronic_inflammatory_arthritis:7.0(phrase;tokens=arthriti,rheumatoid)"
M05.612,Rheumatoid arthritis of left shoulder with involvement of other organs and systems,ATOM_PHRASE_MATCH,autoimmune_disease | chronic_inflammatory_arthritis,Chronic inflammatory joint disease | autoimmune disease,"autoimmune_disease:7.0(phrase;tokens=arthriti,rheumatoid) | chronic_inflammatory_arthritis:7.0(phrase;tokens=arthriti,rheumatoid)"
M05.619,Rheumatoid arthritis of unspecified shoulder with involvement of other organs and systems,ATOM_PHRASE_MATCH,autoimmune_disease | chronic_inflammatory_arthritis,Chronic inflammatory joint disease | autoimmune disease,"autoimmune_disease:7.0(phrase;tokens=arthriti,rheumatoid) | chronic_inflammatory_arthritis:7.0(phrase;tokens=arthriti,rheumatoid)"
M05.621,Rheumatoid arthritis of right elbow with involvement of other organs and systems,ATOM_PHRASE_MATCH,autoimmune_disease | chronic_inflammatory_arthritis,Chronic inflammatory joint disease | autoimmune disease,"autoimmune_disease:7.0(phrase;tokens=arthriti,rheumatoid) | chronic_inflammatory_arthritis:7.0(phrase;tokens=arthriti,rheumatoid)"
M05.622,Rheumatoid arthritis of left elbow with involvement of other organs and systems,ATOM_PHRASE_MATCH,autoimmune_disease | chronic_inflammatory_arthritis,Chronic inflammatory joint disease | autoimmune disease,"autoimmune_disease:7.0(phrase;tokens=arthriti,rheumatoid) | chronic_inflammatory_arthritis:7.0(phrase;tokens=arthriti,rheumatoid)"
M05.629,Rheumatoid arthritis of unspecified elbow with involvement of other organs and systems,ATOM_PHRASE_MATCH,autoimmune_disease | chronic_inflammatory_arthritis,Chronic inflammatory joint disease | autoimmune disease,"autoimmune_disease:7.0(phrase;tokens=arthriti,rheumatoid) | chronic_inflammatory_arthritis:7.0(phrase;tokens=arthriti,rheumatoid)"
M05.631,Rheumatoid arthritis of right wrist with involvement of other organs and systems,ATOM_PHRASE_MATCH,autoimmune_disease | chronic_inflammatory_arthritis,Chronic inflammatory joint disease | autoimmune disease,"autoimmune_disease:7.0(phrase;tokens=arthriti,rheumatoid) | chronic_inflammatory_arthritis:7.0(phrase;tokens=arthriti,rheumatoid)"
M05.632,Rheumatoid arthritis of left wrist with involvement of other organs and systems,ATOM_PHRASE_MATCH,autoimmune_disease | chronic_inflammatory_arthritis,Chronic inflammatory joint disease | autoimmune disease,"autoimmune_disease:7.0(phrase;tokens=arthriti,rheumatoid) | chronic_inflammatory_arthritis:7.0(phrase;tokens=arthriti,rheumatoid)"
M05.639,Rheumatoid arthritis of unspecified wrist with involvement of other organs and systems,ATOM_PHRASE_MATCH,autoimmune_disease | chronic_inflammatory_arthritis,Chronic inflammatory joint disease | autoimmune disease,"autoimmune_disease:7.0(phrase;tokens=arthriti,rheumatoid) | chronic_inflammatory_arthritis:7.0(phrase;tokens=arthriti,rheumatoid)"
M05.641,Rheumatoid arthritis of right hand with involvement of other organs and systems,ATOM_PHRASE_MATCH,autoimmune_disease | chronic_inflammatory_arthritis,Chronic inflammatory joint disease | autoimmune disease,"autoimmune_disease:7.0(phrase;tokens=arthriti,rheumatoid) | chronic_inflammatory_arthritis:7.0(phrase;tokens=arthriti,rheumatoid)"
M05.642,Rheumatoid arthritis of left hand with involvement of other organs and systems,ATOM_PHRASE_MATCH,autoimmune_disease | chronic_inflammatory_arthritis,Chronic inflammatory joint disease | autoimmune disease,"autoimmune_disease:7.0(phrase;tokens=arthriti,rheumatoid) | chronic_inflammatory_arthritis:7.0(phrase;tokens=arthriti,rheumatoid)"
M05.649,Rheumatoid arthritis of unspecified hand with involvement of other organs and systems,ATOM_PHRASE_MATCH,autoimmune_disease | chronic_inflammatory_arthritis,Chronic inflammatory joint disease | autoimmune disease,"autoimmune_disease:7.0(phrase;tokens=arthriti,rheumatoid) | chronic_inflammatory_arthritis:7.0(phrase;tokens=arthriti,rheumatoid)"
M05.651,Rheumatoid arthritis of right hip with involvement of other organs and systems,ATOM_PHRASE_MATCH,autoimmune_disease | chronic_inflammatory_arthritis,Chronic inflammatory joint disease | autoimmune disease,"autoimmune_disease:7.0(phrase;tokens=arthriti,rheumatoid) | chronic_inflammatory_arthritis:7.0(phrase;tokens=arthriti,rheumatoid)"
M05.652,Rheumatoid arthritis of left hip with involvement of other organs and systems,ATOM_PHRASE_MATCH,autoimmune_disease | chronic_inflammatory_arthritis,Chronic inflammatory joint disease | autoimmune disease,"autoimmune_disease:7.0(phrase;tokens=arthriti,rheumatoid) | chronic_inflammatory_arthritis:7.0(phrase;tokens=arthriti,rheumatoid)"
M05.659,Rheumatoid arthritis of unspecified hip with involvement of other organs and systems,ATOM_PHRASE_MATCH,autoimmune_disease | chronic_inflammatory_arthritis,Chronic inflammatory joint disease | autoimmune disease,"autoimmune_disease:7.0(phrase;tokens=arthriti,rheumatoid) | chronic_inflammatory_arthritis:7.0(phrase;tokens=arthriti,rheumatoid)"
M05.661,Rheumatoid arthritis of right knee with involvement of other organs and systems,ATOM_PHRASE_MATCH,autoimmune_disease | chronic_inflammatory_arthritis,Chronic inflammatory joint disease | autoimmune disease,"autoimmune_disease:7.0(phrase;tokens=arthriti,rheumatoid) | chronic_inflammatory_arthritis:7.0(phrase;tokens=arthriti,rheumatoid)"
M05.669,Rheumatoid arthritis of unspecified knee with involvement of other organs and systems,ATOM_PHRASE_MATCH,autoimmune_disease | chronic_inflammatory_arthritis,Chronic inflammatory joint disease | autoimmune disease,"autoimmune_disease:7.0(phrase;tokens=arthriti,rheumatoid) | chronic_inflammatory_arthritis:7.0(phrase;tokens=arthriti,rheumatoid)"
M05.671,Rheumatoid arthritis of right ankle and foot with involvement of other organs and systems,ATOM_PHRASE_MATCH,autoimmune_disease | chronic_inflammatory_arthritis,Chronic inflammatory joint disease | autoimmune disease,"autoimmune_disease:7.0(phrase;tokens=arthriti,rheumatoid) | chronic_inflammatory_arthritis:7.0(phrase;tokens=arthriti,rheumatoid)"
M05.672,Rheumatoid arthritis of left ankle and foot with involvement of other organs and systems,ATOM_PHRASE_MATCH,autoimmune_disease | chronic_inflammatory_arthritis,Chronic inflammatory joint disease | autoimmune disease,"autoimmune_disease:7.0(phrase;tokens=arthriti,rheumatoid) | chronic_inflammatory_arthritis:7.0(phrase;tokens=arthriti,rheumatoid)"
M05.679,Rheumatoid arthritis of unspecified ankle and foot with involvement of other organs and systems,ATOM_PHRASE_MATCH,autoimmune_disease | chronic_inflammatory_arthritis,Chronic inflammatory joint disease | autoimmune disease,"autoimmune_disease:7.0(phrase;tokens=arthriti,rheumatoid) | chronic_inflammatory_arthritis:7.0(phrase;tokens=arthriti,rheumatoid)"
M05.729,Rheumatoid arthritis with rheumatoid factor of unspecified elbow without organ or systems involvement,ATOM_PHRASE_MATCH,autoimmune_disease | chronic_inflammatory_arthritis,Chronic inflammatory joint disease | autoimmune disease,"autoimmune_disease:7.0(phrase;tokens=arthriti,rheumatoid) | chronic_inflammatory_arthritis:7.0(phrase;tokens=arthriti,rheumatoid)"
M05.752,Rheumatoid arthritis with rheumatoid factor of left hip without organ or systems involvement,ATOM_PHRASE_MATCH,autoimmune_disease | chronic_inflammatory_arthritis,Chronic inflammatory joint disease | autoimmune disease,"autoimmune_disease:7.0(phrase;tokens=arthriti,rheumatoid) | chronic_inflammatory_arthritis:7.0(phrase;tokens=arthriti,rheumatoid)"
M05.759,Rheumatoid arthritis with rheumatoid factor of unspecified hip without organ or systems involvement,ATOM_PHRASE_MATCH,autoimmune_disease | chronic_inflammatory_arthritis,Chronic inflammatory joint disease | autoimmune disease,"autoimmune_disease:7.0(phrase;tokens=arthriti,rheumatoid) | chronic_inflammatory_arthritis:7.0(phrase;tokens=arthriti,rheumatoid)"
M05.811,Other rheumatoid arthritis with rheumatoid factor of right shoulder,ATOM_PHRASE_MATCH,autoimmune_disease | chronic_inflammatory_arthritis,Chronic inflammatory joint disease | autoimmune disease,"autoimmune_disease:7.0(phrase;tokens=arthriti,rheumatoid) | chronic_inflammatory_arthritis:7.0(phrase;tokens=arthriti,rheumatoid)"
M05.819,Other rheumatoid arthritis with rheumatoid factor of unspecified shoulder,ATOM_PHRASE_MATCH,autoimmune_disease | chronic_inflammatory_arthritis,Chronic inflammatory joint disease | autoimmune disease,"autoimmune_disease:7.0(phrase;tokens=arthriti,rheumatoid) | chronic_inflammatory_arthritis:7.0(phrase;tokens=arthriti,rheumatoid)"
M05.821,Other rheumatoid arthritis with rheumatoid factor of right elbow,ATOM_PHRASE_MATCH,autoimmune_disease | chronic_inflammatory_arthritis,Chronic inflammatory joint disease | autoimmune disease,"autoimmune_disease:7.0(phrase;tokens=arthriti,rheumatoid) | chronic_inflammatory_arthritis:7.0(phrase;tokens=arthriti,rheumatoid)"
M05.822,Other rheumatoid arthritis with rheumatoid factor of left elbow,ATOM_PHRASE_MATCH,autoimmune_disease | chronic_inflammatory_arthritis,Chronic inflammatory joint disease | autoimmune disease,"autoimmune_disease:7.0(phrase;tokens=arthriti,rheumatoid) | chronic_inflammatory_arthritis:7.0(phrase;tokens=arthriti,rheumatoid)"
M05.829,Other rheumatoid arthritis with rheumatoid factor of unspecified elbow,ATOM_PHRASE_MATCH,autoimmune_disease | chronic_inflammatory_arthritis,Chronic inflammatory joint disease | autoimmune disease,"autoimmune_disease:7.0(phrase;tokens=arthriti,rheumatoid) | chronic_inflammatory_arthritis:7.0(phrase;tokens=arthriti,rheumatoid)"
M05.831,Other rheumatoid arthritis with rheumatoid factor of right wrist,ATOM_PHRASE_MATCH,autoimmune_disease | chronic_inflammatory_arthritis,Chronic inflammatory joint disease | autoimmune disease,"autoimmune_disease:7.0(phrase;tokens=arthriti,rheumatoid) | chronic_inflammatory_arthritis:7.0(phrase;tokens=arthriti,rheumatoid)"
M05.832,Other rheumatoid arthritis with rheumatoid factor of left wrist,ATOM_PHRASE_MATCH,autoimmune_disease | chronic_inflammatory_arthritis,Chronic inflammatory joint disease | autoimmune disease,"autoimmune_disease:7.0(phrase;tokens=arthriti,rheumatoid) | chronic_inflammatory_arthritis:7.0(phrase;tokens=arthriti,rheumatoid)"
M05.839,Other rheumatoid arthritis with rheumatoid factor of unspecified wrist,ATOM_PHRASE_MATCH,autoimmune_disease | chronic_inflammatory_arthritis,Chronic inflammatory joint disease | autoimmune disease,"autoimmune_disease:7.0(phrase;tokens=arthriti,rheumatoid) | chronic_inflammatory_arthritis:7.0(phrase;tokens=arthriti,rheumatoid)"
M05.849,Other rheumatoid arthritis with rheumatoid factor of unspecified hand,ATOM_PHRASE_MATCH,autoimmune_disease | chronic_inflammatory_arthritis,Chronic inflammatory joint disease | autoimmune disease,"autoimmune_disease:7.0(phrase;tokens=arthriti,rheumatoid) | chronic_inflammatory_arthritis:7.0(phrase;tokens=arthriti,rheumatoid)"
M05.859,Other rheumatoid arthritis with rheumatoid factor of unspecified hip,ATOM_PHRASE_MATCH,autoimmune_disease | chronic_inflammatory_arthritis,Chronic inflammatory joint disease | autoimmune disease,"autoimmune_disease:7.0(phrase;tokens=arthriti,rheumatoid) | chronic_inflammatory_arthritis:7.0(phrase;tokens=arthriti,rheumatoid)"
M05.869,Other rheumatoid arthritis with rheumatoid factor of unspecified knee,ATOM_PHRASE_MATCH,autoimmune_disease | chronic_inflammatory_arthritis,Chronic inflammatory joint disease | autoimmune disease,"autoimmune_disease:7.0(phrase;tokens=arthriti,rheumatoid) | chronic_inflammatory_arthritis:7.0(phrase;tokens=arthriti,rheumatoid)"
M05.871,Other rheumatoid arthritis with rheumatoid factor of right ankle and foot,ATOM_PHRASE_MATCH,autoimmune_disease | chronic_inflammatory_arthritis,Chronic inflammatory joint disease | autoimmune disease,"autoimmune_disease:7.0(phrase;tokens=arthriti,rheumatoid) | chronic_inflammatory_arthritis:7.0(phrase;tokens=arthriti,rheumatoid)"
M05.872,Other rheumatoid arthritis with rheumatoid factor of left ankle and foot,ATOM_PHRASE_MATCH,autoimmune_disease | chronic_inflammatory_arthritis,Chronic inflammatory joint disease | autoimmune disease,"autoimmune_disease:7.0(phrase;tokens=arthriti,rheumatoid) | chronic_inflammatory_arthritis:7.0(phrase;tokens=arthriti,rheumatoid)"
M05.879,Other rheumatoid arthritis with rheumatoid factor of unspecified ankle and foot,ATOM_PHRASE_MATCH,autoimmune_disease | chronic_inflammatory_arthritis,Chronic inflammatory joint disease | autoimmune disease,"autoimmune_disease:7.0(phrase;tokens=arthriti,rheumatoid) | chronic_inflammatory_arthritis:7.0(phrase;tokens=arthriti,rheumatoid)"
M05.8A,Other rheumatoid arthritis with rheumatoid factor of other specified site,ATOM_PHRASE_MATCH,autoimmune_disease | chronic_inflammatory_arthritis,Chronic inflammatory joint disease | autoimmune disease,"autoimmune_disease:7.0(phrase;tokens=arthriti,rheumatoid) | chronic_inflammatory_arthritis:7.0(phrase;tokens=arthriti,rheumatoid)"
M06.012,"Rheumatoid arthritis without rheumatoid factor, left shoulder",ATOM_PHRASE_MATCH,autoimmune_disease | chronic_inflammatory_arthritis,Chronic inflammatory joint disease | autoimmune disease,"autoimmune_disease:7.0(phrase;tokens=arthriti,rheumatoid) | chronic_inflammatory_arthritis:7.0(phrase;tokens=arthriti,rheumatoid)"
M06.022,"Rheumatoid arthritis without rheumatoid factor, left elbow",ATOM_PHRASE_MATCH,autoimmune_disease | chronic_inflammatory_arthritis,Chronic inflammatory joint disease | autoimmune disease,"autoimmune_disease:7.0(phrase;tokens=arthriti,rheumatoid) | chronic_inflammatory_arthritis:7.0(phrase;tokens=arthriti,rheumatoid)"
M06.029,"Rheumatoid arthritis without rheumatoid factor, unspecified elbow",ATOM_PHRASE_MATCH,autoimmune_disease | chronic_inflammatory_arthritis,Chronic inflammatory joint disease | autoimmune disease,"autoimmune_disease:7.0(phrase;tokens=arthriti,rheumatoid) | chronic_inflammatory_arthritis:7.0(phrase;tokens=arthriti,rheumatoid)"
M06.039,"Rheumatoid arthritis without rheumatoid factor, unspecified wrist",ATOM_PHRASE_MATCH,autoimmune_disease | chronic_inflammatory_arthritis,Chronic inflammatory joint disease | autoimmune disease,"autoimmune_disease:7.0(phrase;tokens=arthriti,rheumatoid) | chronic_inflammatory_arthritis:7.0(phrase;tokens=arthriti,rheumatoid)"
M06.052,"Rheumatoid arthritis without rheumatoid factor, left hip",ATOM_PHRASE_MATCH,autoimmune_disease | chronic_inflammatory_arthritis,Chronic inflammatory joint disease | autoimmune disease,"autoimmune_disease:7.0(phrase;tokens=arthriti,rheumatoid) | chronic_inflammatory_arthritis:7.0(phrase;tokens=arthriti,rheumatoid)"
M06.059,"Rheumatoid arthritis without rheumatoid factor, unspecified hip",ATOM_PHRASE_MATCH,autoimmune_disease | chronic_inflammatory_arthritis,Chronic inflammatory joint disease | autoimmune disease,"autoimmune_disease:7.0(phrase;tokens=arthriti,rheumatoid) | chronic_inflammatory_arthritis:7.0(phrase;tokens=arthriti,rheumatoid)"
M06.069,"Rheumatoid arthritis without rheumatoid factor, unspecified knee",ATOM_PHRASE_MATCH,autoimmune_disease | chronic_inflammatory_arthritis,Chronic inflammatory joint disease | autoimmune disease,"autoimmune_disease:7.0(phrase;tokens=arthriti,rheumatoid) | chronic_inflammatory_arthritis:7.0(phrase;tokens=arthriti,rheumatoid)"
M06.819,"Other specified rheumatoid arthritis, unspecified shoulder",ATOM_PHRASE_MATCH,autoimmune_disease | chronic_inflammatory_arthritis,Chronic inflammatory joint disease | autoimmune disease,"autoimmune_disease:7.0(phrase;tokens=arthriti,rheumatoid) | chronic_inflammatory_arthritis:7.0(phrase;tokens=arthriti,rheumatoid)"
M06.821,"Other specified rheumatoid arthritis, right elbow",ATOM_PHRASE_MATCH,autoimmune_disease | chronic_inflammatory_arthritis,Chronic inflammatory joint disease | autoimmune disease,"autoimmune_disease:7.0(phrase;tokens=arthriti,rheumatoid) | chronic_inflammatory_arthritis:7.0(phrase;tokens=arthriti,rheumatoid)"
M06.822,"Other specified rheumatoid arthritis, left elbow",ATOM_PHRASE_MATCH,autoimmune_disease | chronic_inflammatory_arthritis,Chronic inflammatory joint disease | autoimmune disease,"autoimmune_disease:7.0(phrase;tokens=arthriti,rheumatoid) | chronic_inflammatory_arthritis:7.0(phrase;tokens=arthriti,rheumatoid)"
M06.829,"Other specified rheumatoid arthritis, unspecified elbow",ATOM_PHRASE_MATCH,autoimmune_disease | chronic_inflammatory_arthritis,Chronic inflammatory joint disease | autoimmune disease,"autoimmune_disease:7.0(phrase;tokens=arthriti,rheumatoid) | chronic_inflammatory_arthritis:7.0(phrase;tokens=arthriti,rheumatoid)"
M06.831,"Other specified rheumatoid arthritis, right wrist",ATOM_PHRASE_MATCH,autoimmune_disease | chronic_inflammatory_arthritis,Chronic inflammatory joint disease | autoimmune disease,"autoimmune_disease:7.0(phrase;tokens=arthriti,rheumatoid) | chronic_inflammatory_arthritis:7.0(phrase;tokens=arthriti,rheumatoid)"
M06.839,"Other specified rheumatoid arthritis, unspecified wrist",ATOM_PHRASE_MATCH,autoimmune_disease | chronic_inflammatory_arthritis,Chronic inflammatory joint disease | autoimmune disease,"autoimmune_disease:7.0(phrase;tokens=arthriti,rheumatoid) | chronic_inflammatory_arthritis:7.0(phrase;tokens=arthriti,rheumatoid)"
M06.849,"Other specified rheumatoid arthritis, unspecified hand",ATOM_PHRASE_MATCH,autoimmune_disease | chronic_inflammatory_arthritis,Chronic inflammatory joint disease | autoimmune disease,"autoimmune_disease:7.0(phrase;tokens=arthriti,rheumatoid) | chronic_inflammatory_arthritis:7.0(phrase;tokens=arthriti,rheumatoid)"
M06.859,"Other specified rheumatoid arthritis, unspecified hip",ATOM_PHRASE_MATCH,autoimmune_disease | chronic_inflammatory_arthritis,Chronic inflammatory joint disease | autoimmune disease,"autoimmune_disease:7.0(phrase;tokens=arthriti,rheumatoid) | chronic_inflammatory_arthritis:7.0(phrase;tokens=arthriti,rheumatoid)"
M06.869,"Other specified rheumatoid arthritis, unspecified knee",ATOM_PHRASE_MATCH,autoimmune_disease | chronic_inflammatory_arthritis,Chronic inflammatory joint disease | autoimmune disease,"autoimmune_disease:7.0(phrase;tokens=arthriti,rheumatoid) | chronic_inflammatory_arthritis:7.0(phrase;tokens=arthriti,rheumatoid)"
M06.871,"Other specified rheumatoid arthritis, right ankle and foot",ATOM_PHRASE_MATCH,autoimmune_disease | chronic_inflammatory_arthritis,Chronic inflammatory joint disease | autoimmune disease,"autoimmune_disease:7.0(phrase;tokens=arthriti,rheumatoid) | chronic_inflammatory_arthritis:7.0(phrase;tokens=arthriti,rheumatoid)"
M06.872,"Other specified rheumatoid arthritis, left ankle and foot",ATOM_PHRASE_MATCH,autoimmune_disease | chronic_inflammatory_arthritis,Chronic inflammatory joint disease | autoimmune disease,"autoimmune_disease:7.0(phrase;tokens=arthriti,rheumatoid) | chronic_inflammatory_arthritis:7.0(phrase;tokens=arthriti,rheumatoid)"
M08.011,"Unspecified juvenile rheumatoid arthritis, right shoulder",ATOM_PHRASE_MATCH,autoimmune_disease | chronic_inflammatory_arthritis,Chronic inflammatory joint disease | autoimmune disease,"autoimmune_disease:7.0(phrase;tokens=arthriti,rheumatoid) | chronic_inflammatory_arthritis:7.0(phrase;tokens=arthriti,rheumatoid)"
M08.012,"Unspecified juvenile rheumatoid arthritis, left shoulder",ATOM_PHRASE_MATCH,autoimmune_disease | chronic_inflammatory_arthritis,Chronic inflammatory joint disease | autoimmune disease,"autoimmune_disease:7.0(phrase;tokens=arthriti,rheumatoid) | chronic_inflammatory_arthritis:7.0(phrase;tokens=arthriti,rheumatoid)"
M08.019,"Unspecified juvenile rheumatoid arthritis, unspecified shoulder",ATOM_PHRASE_MATCH,autoimmune_disease | chronic_inflammatory_arthritis,Chronic inflammatory joint disease | autoimmune disease,"autoimmune_disease:7.0(phrase;tokens=arthriti,rheumatoid) | chronic_inflammatory_arthritis:7.0(phrase;tokens=arthriti,rheumatoid)"
M08.022,"Unspecified juvenile rheumatoid arthritis, left elbow",ATOM_PHRASE_MATCH,autoimmune_disease | chronic_inflammatory_arthritis,Chronic inflammatory joint disease | autoimmune disease,"autoimmune_disease:7.0(phrase;tokens=arthriti,rheumatoid) | chronic_inflammatory_arthritis:7.0(phrase;tokens=arthriti,rheumatoid)"
M08.029,"Unspecified juvenile rheumatoid arthritis, unspecified elbow",ATOM_PHRASE_MATCH,autoimmune_disease | chronic_inflammatory_arthritis,Chronic inflammatory joint disease | autoimmune disease,"autoimmune_disease:7.0(phrase;tokens=arthriti,rheumatoid) | chronic_inflammatory_arthritis:7.0(phrase;tokens=arthriti,rheumatoid)"
M08.031,"Unspecified juvenile rheumatoid arthritis, right wrist",ATOM_PHRASE_MATCH,autoimmune_disease | chronic_inflammatory_arthritis,Chronic inflammatory joint disease | autoimmune disease,"autoimmune_disease:7.0(phrase;tokens=arthriti,rheumatoid) | chronic_inflammatory_arthritis:7.0(phrase;tokens=arthriti,rheumatoid)"
M08.032,"Unspecified juvenile rheumatoid arthritis, left wrist",ATOM_PHRASE_MATCH,autoimmune_disease | chronic_inflammatory_arthritis,Chronic inflammatory joint disease | autoimmune disease,"autoimmune_disease:7.0(phrase;tokens=arthriti,rheumatoid) | chronic_inflammatory_arthritis:7.0(phrase;tokens=arthriti,rheumatoid)"
M08.039,"Unspecified juvenile rheumatoid arthritis, unspecified wrist",ATOM_PHRASE_MATCH,autoimmune_disease | chronic_inflammatory_arthritis,Chronic inflammatory joint disease | autoimmune disease,"autoimmune_disease:7.0(phrase;tokens=arthriti,rheumatoid) | chronic_inflammatory_arthritis:7.0(phrase;tokens=arthriti,rheumatoid)"
M08.041,"Unspecified juvenile rheumatoid arthritis, right hand",ATOM_PHRASE_MATCH,autoimmune_disease | chronic_inflammatory_arthritis,Chronic inflammatory joint disease | autoimmune disease,"autoimmune_disease:7.0(phrase;tokens=arthriti,rheumatoid) | chronic_inflammatory_arthritis:7.0(phrase;tokens=arthriti,rheumatoid)"
M08.049,"Unspecified juvenile rheumatoid arthritis, unspecified hand",ATOM_PHRASE_MATCH,autoimmune_disease | chronic_inflammatory_arthritis,Chronic inflammatory joint disease | autoimmune disease,"autoimmune_disease:7.0(phrase;tokens=arthriti,rheumatoid) | chronic_inflammatory_arthritis:7.0(phrase;tokens=arthriti,rheumatoid)"
M08.051,"Unspecified juvenile rheumatoid arthritis, right hip",ATOM_PHRASE_MATCH,autoimmune_disease | chronic_inflammatory_arthritis,Chronic inflammatory joint disease | autoimmune disease,"autoimmune_disease:7.0(phrase;tokens=arthriti,rheumatoid) | chronic_inflammatory_arthritis:7.0(phrase;tokens=arthriti,rheumatoid)"
M08.052,"Unspecified juvenile rheumatoid arthritis, left hip",ATOM_PHRASE_MATCH,autoimmune_disease | chronic_inflammatory_arthritis,Chronic inflammatory joint disease | autoimmune disease,"autoimmune_disease:7.0(phrase;tokens=arthriti,rheumatoid) | chronic_inflammatory_arthritis:7.0(phrase;tokens=arthriti,rheumatoid)"
M08.059,"Unspecified juvenile rheumatoid arthritis, unspecified hip",ATOM_PHRASE_MATCH,autoimmune_disease | chronic_inflammatory_arthritis,Chronic inflammatory joint disease | autoimmune disease,"autoimmune_disease:7.0(phrase;tokens=arthriti,rheumatoid) | chronic_inflammatory_arthritis:7.0(phrase;tokens=arthriti,rheumatoid)"
M08.062,"Unspecified juvenile rheumatoid arthritis, left knee",ATOM_PHRASE_MATCH,autoimmune_disease | chronic_inflammatory_arthritis,Chronic inflammatory joint disease | autoimmune disease,"autoimmune_disease:7.0(phrase;tokens=arthriti,rheumatoid) | chronic_inflammatory_arthritis:7.0(phrase;tokens=arthriti,rheumatoid)"
M08.069,"Unspecified juvenile rheumatoid arthritis, unspecified knee",ATOM_PHRASE_MATCH,autoimmune_disease | chronic_inflammatory_arthritis,Chronic inflammatory joint disease | autoimmune disease,"autoimmune_disease:7.0(phrase;tokens=arthriti,rheumatoid) | chronic_inflammatory_arthritis:7.0(phrase;tokens=arthriti,rheumatoid)"
M08.072,"Unspecified juvenile rheumatoid arthritis, left ankle and foot",ATOM_PHRASE_MATCH,autoimmune_disease | chronic_inflammatory_arthritis,Chronic inflammatory joint disease | autoimmune disease,"autoimmune_disease:7.0(phrase;tokens=arthriti,rheumatoid) | chronic_inflammatory_arthritis:7.0(phrase;tokens=arthriti,rheumatoid)"
M08.211,"Juvenile rheumatoid arthritis with systemic onset, right shoulder",ATOM_PHRASE_MATCH,autoimmune_disease | chronic_inflammatory_arthritis,Chronic inflammatory joint disease | autoimmune disease,"autoimmune_disease:8.0(phrase;tokens=arthriti,rheumatoid,systemic) | chronic_inflammatory_arthritis:7.0(phrase;tokens=arthriti,rheumatoid)"
M08.212,"Juvenile rheumatoid arthritis with systemic onset, left shoulder",ATOM_PHRASE_MATCH,autoimmune_disease | chronic_inflammatory_arthritis,Chronic inflammatory joint disease | autoimmune disease,"autoimmune_disease:8.0(phrase;tokens=arthriti,rheumatoid,systemic) | chronic_inflammatory_arthritis:7.0(phrase;tokens=arthriti,rheumatoid)"
M08.219,"Juvenile rheumatoid arthritis with systemic onset, unspecified shoulder",ATOM_PHRASE_MATCH,autoimmune_disease | chronic_inflammatory_arthritis,Chronic inflammatory joint disease | autoimmune disease,"autoimmune_disease:8.0(phrase;tokens=arthriti,rheumatoid,systemic) | chronic_inflammatory_arthritis:7.0(phrase;tokens=arthriti,rheumatoid)"
M08.221,"Juvenile rheumatoid arthritis with systemic onset, right elbow",ATOM_PHRASE_MATCH,autoimmune_disease | chronic_inflammatory_arthritis,Chronic inflammatory joint disease | autoimmune disease,"autoimmune_disease:8.0(phrase;tokens=arthriti,rheumatoid,systemic) | chronic_inflammatory_arthritis:7.0(phrase;tokens=arthriti,rheumatoid)"
M08.222,"Juvenile rheumatoid arthritis with systemic onset, left elbow",ATOM_PHRASE_MATCH,autoimmune_disease | chronic_inflammatory_arthritis,Chronic inflammatory joint disease | autoimmune disease,"autoimmune_disease:8.0(phrase;tokens=arthriti,rheumatoid,systemic) | chronic_inflammatory_arthritis:7.0(phrase;tokens=arthriti,rheumatoid)"
M08.229,"Juvenile rheumatoid arthritis with systemic onset, unspecified elbow",ATOM_PHRASE_MATCH,autoimmune_disease | chronic_inflammatory_arthritis,Chronic inflammatory joint disease | autoimmune disease,"autoimmune_disease:8.0(phrase;tokens=arthriti,rheumatoid,systemic) | chronic_inflammatory_arthritis:7.0(phrase;tokens=arthriti,rheumatoid)"
M08.231,"Juvenile rheumatoid arthritis with systemic onset, right wrist",ATOM_PHRASE_MATCH,autoimmune_disease | chronic_inflammatory_arthritis,Chronic inflammatory joint disease | autoimmune disease,"autoimmune_disease:8.0(phrase;tokens=arthriti,rheumatoid,systemic) | chronic_inflammatory_arthritis:7.0(phrase;tokens=arthriti,rheumatoid)"
M08.232,"Juvenile rheumatoid arthritis with systemic onset, left wrist",ATOM_PHRASE_MATCH,autoimmune_disease | chronic_inflammatory_arthritis,Chronic inflammatory joint disease | autoimmune disease,"autoimmune_disease:8.0(phrase;tokens=arthriti,rheumatoid,systemic) | chronic_inflammatory_arthritis:7.0(phrase;tokens=arthriti,rheumatoid)"
M08.239,"Juvenile rheumatoid arthritis with systemic onset, unspecified wrist",ATOM_PHRASE_MATCH,autoimmune_disease | chronic_inflammatory_arthritis,Chronic inflammatory joint disease | autoimmune disease,"autoimmune_disease:8.0(phrase;tokens=arthriti,rheumatoid,systemic) | chronic_inflammatory_arthritis:7.0(phrase;tokens=arthriti,rheumatoid)"
M08.241,"Juvenile rheumatoid arthritis with systemic onset, right hand",ATOM_PHRASE_MATCH,autoimmune_disease | chronic_inflammatory_arthritis,Chronic inflammatory joint disease | autoimmune disease,"autoimmune_disease:8.0(phrase;tokens=arthriti,rheumatoid,systemic) | chronic_inflammatory_arthritis:7.0(phrase;tokens=arthriti,rheumatoid)"
M08.242,"Juvenile rheumatoid arthritis with systemic onset, left hand",ATOM_PHRASE_MATCH,autoimmune_disease | chronic_inflammatory_arthritis,Chronic inflammatory joint disease | autoimmune disease,"autoimmune_disease:8.0(phrase;tokens=arthriti,rheumatoid,systemic) | chronic_inflammatory_arthritis:7.0(phrase;tokens=arthriti,rheumatoid)"
M08.249,"Juvenile rheumatoid arthritis with systemic onset, unspecified hand",ATOM_PHRASE_MATCH,autoimmune_disease | chronic_inflammatory_arthritis,Chronic inflammatory joint disease | autoimmune disease,"autoimmune_disease:8.0(phrase;tokens=arthriti,rheumatoid,systemic) | chronic_inflammatory_arthritis:7.0(phrase;tokens=arthriti,rheumatoid)"
M08.251,"Juvenile rheumatoid arthritis with systemic onset, right hip",ATOM_PHRASE_MATCH,autoimmune_disease | chronic_inflammatory_arthritis,Chronic inflammatory joint disease | autoimmune disease,"autoimmune_disease:8.0(phrase;tokens=arthriti,rheumatoid,systemic) | chronic_inflammatory_arthritis:7.0(phrase;tokens=arthriti,rheumatoid)"
M08.252,"Juvenile rheumatoid arthritis with systemic onset, left hip",ATOM_PHRASE_MATCH,autoimmune_disease | chronic_inflammatory_arthritis,Chronic inflammatory joint disease | autoimmune disease,"autoimmune_disease:8.0(phrase;tokens=arthriti,rheumatoid,systemic) | chronic_inflammatory_arthritis:7.0(phrase;tokens=arthriti,rheumatoid)"
M08.259,"Juvenile rheumatoid arthritis with systemic onset, unspecified hip",ATOM_PHRASE_MATCH,autoimmune_disease | chronic_inflammatory_arthritis,Chronic inflammatory joint disease | autoimmune disease,"autoimmune_disease:8.0(phrase;tokens=arthriti,rheumatoid,systemic) | chronic_inflammatory_arthritis:7.0(phrase;tokens=arthriti,rheumatoid)"
M08.261,"Juvenile rheumatoid arthritis with systemic onset, right knee",ATOM_PHRASE_MATCH,autoimmune_disease | chronic_inflammatory_arthritis,Chronic inflammatory joint disease | autoimmune disease,"autoimmune_disease:8.0(phrase;tokens=arthriti,rheumatoid,systemic) | chronic_inflammatory_arthritis:7.0(phrase;tokens=arthriti,rheumatoid)"
M08.262,"Juvenile rheumatoid arthritis with systemic onset, left knee",ATOM_PHRASE_MATCH,autoimmune_disease | chronic_inflammatory_arthritis,Chronic inflammatory joint disease | autoimmune disease,"autoimmune_disease:8.0(phrase;tokens=arthriti,rheumatoid,systemic) | chronic_inflammatory_arthritis:7.0(phrase;tokens=arthriti,rheumatoid)"
M08.271,"Juvenile rheumatoid arthritis with systemic onset, right ankle and foot",ATOM_PHRASE_MATCH,autoimmune_disease | chronic_inflammatory_arthritis,Chronic inflammatory joint disease | autoimmune disease,"autoimmune_disease:8.0(phrase;tokens=arthriti,rheumatoid,systemic) | chronic_inflammatory_arthritis:7.0(phrase;tokens=arthriti,rheumatoid)"
M08.272,"Juvenile rheumatoid arthritis with systemic onset, left ankle and foot",ATOM_PHRASE_MATCH,autoimmune_disease | chronic_inflammatory_arthritis,Chronic inflammatory joint disease | autoimmune disease,"autoimmune_disease:8.0(phrase;tokens=arthriti,rheumatoid,systemic) | chronic_inflammatory_arthritis:7.0(phrase;tokens=arthriti,rheumatoid)"
M08.279,"Juvenile rheumatoid arthritis with systemic onset, unspecified ankle and foot",ATOM_PHRASE_MATCH,autoimmune_disease | chronic_inflammatory_arthritis,Chronic inflammatory joint disease | autoimmune disease,"autoimmune_disease:8.0(phrase;tokens=arthriti,rheumatoid,systemic) | chronic_inflammatory_arthritis:7.0(phrase;tokens=arthriti,rheumatoid)"
M08.28,"Juvenile rheumatoid arthritis with systemic onset, vertebrae",ATOM_PHRASE_MATCH,autoimmune_disease | chronic_inflammatory_arthritis,Chronic inflammatory joint disease | autoimmune disease,"autoimmune_disease:8.0(phrase;tokens=arthriti,rheumatoid,systemic) | chronic_inflammatory_arthritis:7.0(phrase;tokens=arthriti,rheumatoid)"
M08.411,"Pauciarticular juvenile rheumatoid arthritis, right shoulder",ATOM_PHRASE_MATCH,autoimmune_disease | chronic_inflammatory_arthritis,Chronic inflammatory joint disease | autoimmune disease,"autoimmune_disease:7.0(phrase;tokens=arthriti,rheumatoid) | chronic_inflammatory_arthritis:7.0(phrase;tokens=arthriti,rheumatoid)"
M08.412,"Pauciarticular juvenile rheumatoid arthritis, left shoulder",ATOM_PHRASE_MATCH,autoimmune_disease | chronic_inflammatory_arthritis,Chronic inflammatory joint disease | autoimmune disease,"autoimmune_disease:7.0(phrase;tokens=arthriti,rheumatoid) | chronic_inflammatory_arthritis:7.0(phrase;tokens=arthriti,rheumatoid)"
M08.419,"Pauciarticular juvenile rheumatoid arthritis, unspecified shoulder",ATOM_PHRASE_MATCH,autoimmune_disease | chronic_inflammatory_arthritis,Chronic inflammatory joint disease | autoimmune disease,"autoimmune_disease:7.0(phrase;tokens=arthriti,rheumatoid) | chronic_inflammatory_arthritis:7.0(phrase;tokens=arthriti,rheumatoid)"
M08.421,"Pauciarticular juvenile rheumatoid arthritis, right elbow",ATOM_PHRASE_MATCH,autoimmune_disease | chronic_inflammatory_arthritis,Chronic inflammatory joint disease | autoimmune disease,"autoimmune_disease:7.0(phrase;tokens=arthriti,rheumatoid) | chronic_inflammatory_arthritis:7.0(phrase;tokens=arthriti,rheumatoid)"
M08.422,"Pauciarticular juvenile rheumatoid arthritis, left elbow",ATOM_PHRASE_MATCH,autoimmune_disease | chronic_inflammatory_arthritis,Chronic inflammatory joint disease | autoimmune disease,"autoimmune_disease:7.0(phrase;tokens=arthriti,rheumatoid) | chronic_inflammatory_arthritis:7.0(phrase;tokens=arthriti,rheumatoid)"
M08.429,"Pauciarticular juvenile rheumatoid arthritis, unspecified elbow",ATOM_PHRASE_MATCH,autoimmune_disease | chronic_inflammatory_arthritis,Chronic inflammatory joint disease | autoimmune disease,"autoimmune_disease:7.0(phrase;tokens=arthriti,rheumatoid) | chronic_inflammatory_arthritis:7.0(phrase;tokens=arthriti,rheumatoid)"
M08.431,"Pauciarticular juvenile rheumatoid arthritis, right wrist",ATOM_PHRASE_MATCH,autoimmune_disease | chronic_inflammatory_arthritis,Chronic inflammatory joint disease | autoimmune disease,"autoimmune_disease:7.0(phrase;tokens=arthriti,rheumatoid) | chronic_inflammatory_arthritis:7.0(phrase;tokens=arthriti,rheumatoid)"
M08.432,"Pauciarticular juvenile rheumatoid arthritis, left wrist",ATOM_PHRASE_MATCH,autoimmune_disease | chronic_inflammatory_arthritis,Chronic inflammatory joint disease | autoimmune disease,"autoimmune_disease:7.0(phrase;tokens=arthriti,rheumatoid) | chronic_inflammatory_arthritis:7.0(phrase;tokens=arthriti,rheumatoid)"
M08.439,"Pauciarticular juvenile rheumatoid arthritis, unspecified wrist",ATOM_PHRASE_MATCH,autoimmune_disease | chronic_inflammatory_arthritis,Chronic inflammatory joint disease | autoimmune disease,"autoimmune_disease:7.0(phrase;tokens=arthriti,rheumatoid) | chronic_inflammatory_arthritis:7.0(phrase;tokens=arthriti,rheumatoid)"
M08.441,"Pauciarticular juvenile rheumatoid arthritis, right hand",ATOM_PHRASE_MATCH,autoimmune_disease | chronic_inflammatory_arthritis,Chronic inflammatory joint disease | autoimmune disease,"autoimmune_disease:7.0(phrase;tokens=arthriti,rheumatoid) | chronic_inflammatory_arthritis:7.0(phrase;tokens=arthriti,rheumatoid)"
M08.449,"Pauciarticular juvenile rheumatoid arthritis, unspecified hand",ATOM_PHRASE_MATCH,autoimmune_disease | chronic_inflammatory_arthritis,Chronic inflammatory joint disease | autoimmune disease,"autoimmune_disease:7.0(phrase;tokens=arthriti,rheumatoid) | chronic_inflammatory_arthritis:7.0(phrase;tokens=arthriti,rheumatoid)"
M08.451,"Pauciarticular juvenile rheumatoid arthritis, right hip",ATOM_PHRASE_MATCH,autoimmune_disease | chronic_inflammatory_arthritis,Chronic inflammatory joint disease | autoimmune disease,"autoimmune_disease:7.0(phrase;tokens=arthriti,rheumatoid) | chronic_inflammatory_arthritis:7.0(phrase;tokens=arthriti,rheumatoid)"
M08.452,"Pauciarticular juvenile rheumatoid arthritis, left hip",ATOM_PHRASE_MATCH,autoimmune_disease | chronic_inflammatory_arthritis,Chronic inflammatory joint disease | autoimmune disease,"autoimmune_disease:7.0(phrase;tokens=arthriti,rheumatoid) | chronic_inflammatory_arthritis:7.0(phrase;tokens=arthriti,rheumatoid)"
M08.459,"Pauciarticular juvenile rheumatoid arthritis, unspecified hip",ATOM_PHRASE_MATCH,autoimmune_disease | chronic_inflammatory_arthritis,Chronic inflammatory joint disease | autoimmune disease,"autoimmune_disease:7.0(phrase;tokens=arthriti,rheumatoid) | chronic_inflammatory_arthritis:7.0(phrase;tokens=arthriti,rheumatoid)"
M08.461,"Pauciarticular juvenile rheumatoid arthritis, right knee",ATOM_PHRASE_MATCH,autoimmune_disease | chronic_inflammatory_arthritis,Chronic inflammatory joint disease | autoimmune disease,"autoimmune_disease:7.0(phrase;tokens=arthriti,rheumatoid) | chronic_inflammatory_arthritis:7.0(phrase;tokens=arthriti,rheumatoid)"
M08.462,"Pauciarticular juvenile rheumatoid arthritis, left knee",ATOM_PHRASE_MATCH,autoimmune_disease | chronic_inflammatory_arthritis,Chronic inflammatory joint disease | autoimmune disease,"autoimmune_disease:7.0(phrase;tokens=arthriti,rheumatoid) | chronic_inflammatory_arthritis:7.0(phrase;tokens=arthriti,rheumatoid)"
M08.469,"Pauciarticular juvenile rheumatoid arthritis, unspecified knee",ATOM_PHRASE_MATCH,autoimmune_disease | chronic_inflammatory_arthritis,Chronic inflammatory joint disease | autoimmune disease,"autoimmune_disease:7.0(phrase;tokens=arthriti,rheumatoid) | chronic_inflammatory_arthritis:7.0(phrase;tokens=arthriti,rheumatoid)"
M08.479,"Pauciarticular juvenile rheumatoid arthritis, unspecified ankle and foot",ATOM_PHRASE_MATCH,autoimmune_disease | chronic_inflammatory_arthritis,Chronic inflammatory joint disease | autoimmune disease,"autoimmune_disease:7.0(phrase;tokens=arthriti,rheumatoid) | chronic_inflammatory_arthritis:7.0(phrase;tokens=arthriti,rheumatoid)"
M08.48,"Pauciarticular juvenile rheumatoid arthritis, vertebrae",ATOM_PHRASE_MATCH,autoimmune_disease | chronic_inflammatory_arthritis,Chronic inflammatory joint disease | autoimmune disease,"autoimmune_disease:7.0(phrase;tokens=arthriti,rheumatoid) | chronic_inflammatory_arthritis:7.0(phrase;tokens=arthriti,rheumatoid)"
M08.4A,"Pauciarticular juvenile rheumatoid arthritis, other specified site",ATOM_PHRASE_MATCH,autoimmune_disease | chronic_inflammatory_arthritis,Chronic inflammatory joint disease | autoimmune disease,"autoimmune_disease:7.0(phrase;tokens=arthriti,rheumatoid) | chronic_inflammatory_arthritis:7.0(phrase;tokens=arthriti,rheumatoid)"
M10.311,"Gout due to renal impairment, right shoulder",ATOM_PHRASE_MATCH,renal_dysfunction,Renal dysfunction / chronic kidney disease,"renal_dysfunction:7.0(phrase;tokens=impair,renal)"
M10.319,"Gout due to renal impairment, unspecified shoulder",ATOM_PHRASE_MATCH,renal_dysfunction,Renal dysfunction / chronic kidney disease,"renal_dysfunction:7.0(phrase;tokens=impair,renal)"
M10.321,"Gout due to renal impairment, right elbow",ATOM_PHRASE_MATCH,renal_dysfunction,Renal dysfunction / chronic kidney disease,"renal_dysfunction:7.0(phrase;tokens=impair,renal)"
M10.329,"Gout due to renal impairment, unspecified elbow",ATOM_PHRASE_MATCH,renal_dysfunction,Renal dysfunction / chronic kidney disease,"renal_dysfunction:7.0(phrase;tokens=impair,renal)"
M10.339,"Gout due to renal impairment, unspecified wrist",ATOM_PHRASE_MATCH,renal_dysfunction,Renal dysfunction / chronic kidney disease,"renal_dysfunction:7.0(phrase;tokens=impair,renal)"
M10.349,"Gout due to renal impairment, unspecified hand",ATOM_PHRASE_MATCH,renal_dysfunction,Renal dysfunction / chronic kidney disease,"renal_dysfunction:7.0(phrase;tokens=impair,renal)"
M10.351,"Gout due to renal impairment, right hip",ATOM_PHRASE_MATCH,renal_dysfunction,Renal dysfunction / chronic kidney disease,"renal_dysfunction:7.0(phrase;tokens=impair,renal)"
M10.352,"Gout due to renal impairment, left hip",ATOM_PHRASE_MATCH,renal_dysfunction,Renal dysfunction / chronic kidney disease,"renal_dysfunction:7.0(phrase;tokens=impair,renal)"
M10.359,"Gout due to renal impairment, unspecified hip",ATOM_PHRASE_MATCH,renal_dysfunction,Renal dysfunction / chronic kidney disease,"renal_dysfunction:7.0(phrase;tokens=impair,renal)"
M10.369,"Gout due to renal impairment, unspecified knee",ATOM_PHRASE_MATCH,renal_dysfunction,Renal dysfunction / chronic kidney disease,"renal_dysfunction:7.0(phrase;tokens=impair,renal)"
M10.38,"Gout due to renal impairment, vertebrae",ATOM_PHRASE_MATCH,renal_dysfunction,Renal dysfunction / chronic kidney disease,"renal_dysfunction:7.0(phrase;tokens=impair,renal)"
M14.611,"Charcot's joint, right shoulder",CONFIGURED_ICD_CATEGORY,charcot_arthropathy,charcot arthropathy,"charcot_arthropathy:4.0(same_icd_category;tokens=charcot,joint)"
M14.612,"Charcot's joint, left shoulder",CONFIGURED_ICD_CATEGORY,charcot_arthropathy,charcot arthropathy,"charcot_arthropathy:4.0(same_icd_category;tokens=charcot,joint)"
M14.619,"Charcot's joint, unspecified shoulder",CONFIGURED_ICD_CATEGORY,charcot_arthropathy,charcot arthropathy,"charcot_arthropathy:4.0(same_icd_category;tokens=charcot,joint)"
M14.621,"Charcot's joint, right elbow",CONFIGURED_ICD_CATEGORY,charcot_arthropathy,charcot arthropathy,"charcot_arthropathy:4.0(same_icd_category;tokens=charcot,joint)"
M14.622,"Charcot's joint, left elbow",CONFIGURED_ICD_CATEGORY,charcot_arthropathy,charcot arthropathy,"charcot_arthropathy:4.0(same_icd_category;tokens=charcot,joint)"
M14.629,"Charcot's joint, unspecified elbow",CONFIGURED_ICD_CATEGORY,charcot_arthropathy,charcot arthropathy,"charcot_arthropathy:4.0(same_icd_category;tokens=charcot,joint)"
M14.631,"Charcot's joint, right wrist",CONFIGURED_ICD_CATEGORY,charcot_arthropathy,charcot arthropathy,"charcot_arthropathy:4.0(same_icd_category;tokens=charcot,joint)"
M14.632,"Charcot's joint, left wrist",CONFIGURED_ICD_CATEGORY,charcot_arthropathy,charcot arthropathy,"charcot_arthropathy:4.0(same_icd_category;tokens=charcot,joint)"
M14.639,"Charcot's joint, unspecified wrist",CONFIGURED_ICD_CATEGORY,charcot_arthropathy,charcot arthropathy,"charcot_arthropathy:4.0(same_icd_category;tokens=charcot,joint)"
M14.641,"Charcot's joint, right hand",CONFIGURED_ICD_CATEGORY,charcot_arthropathy,charcot arthropathy,"charcot_arthropathy:4.0(same_icd_category;tokens=charcot,joint)"
M14.642,"Charcot's joint, left hand",CONFIGURED_ICD_CATEGORY,charcot_arthropathy,charcot arthropathy,"charcot_arthropathy:4.0(same_icd_category;tokens=charcot,joint)"
M14.649,"Charcot's joint, unspecified hand",CONFIGURED_ICD_CATEGORY,charcot_arthropathy,charcot arthropathy,"charcot_arthropathy:4.0(same_icd_category;tokens=charcot,joint)"
M14.651,"Charcot's joint, right hip",CONFIGURED_ICD_CATEGORY,charcot_arthropathy,charcot arthropathy,"charcot_arthropathy:4.0(same_icd_category;tokens=charcot,joint)"
M14.652,"Charcot's joint, left hip",CONFIGURED_ICD_CATEGORY,charcot_arthropathy,charcot arthropathy,"charcot_arthropathy:4.0(same_icd_category;tokens=charcot,joint)"
M14.659,"Charcot's joint, unspecified hip",CONFIGURED_ICD_CATEGORY,charcot_arthropathy,charcot arthropathy,"charcot_arthropathy:4.0(same_icd_category;tokens=charcot,joint)"
M14.661,"Charcot's joint, right knee",CONFIGURED_ICD_CATEGORY,charcot_arthropathy,charcot arthropathy,"charcot_arthropathy:4.0(same_icd_category;tokens=charcot,joint)"
M14.669,"Charcot's joint, unspecified knee",CONFIGURED_ICD_CATEGORY,charcot_arthropathy,charcot arthropathy,"charcot_arthropathy:4.0(same_icd_category;tokens=charcot,joint)"
M14.871,"Arthropathies in other specified diseases classified elsewhere, right ankle and foot",CONFIGURED_ICD_CATEGORY,charcot_arthropathy | plantar_ulcer | trophic_change,charcot arthropathy | plantar ulcer | trophic change,charcot_arthropathy:3.0(same_icd_category;tokens=foot) | plantar_ulcer:3.0(same_icd_category;tokens=foot) | trophic_change:3.0(same_icd_category;tokens=foot)
M14.872,"Arthropathies in other specified diseases classified elsewhere, left ankle and foot",CONFIGURED_ICD_CATEGORY,charcot_arthropathy | plantar_ulcer | trophic_change,charcot arthropathy | plantar ulcer | trophic change,charcot_arthropathy:3.0(same_icd_category;tokens=foot) | plantar_ulcer:3.0(same_icd_category;tokens=foot) | trophic_change:3.0(same_icd_category;tokens=foot)
M14.879,"Arthropathies in other specified diseases classified elsewhere, unspecified ankle and foot",CONFIGURED_ICD_CATEGORY,charcot_arthropathy | plantar_ulcer | trophic_change,charcot arthropathy | plantar ulcer | trophic change,charcot_arthropathy:3.0(same_icd_category;tokens=foot) | plantar_ulcer:3.0(same_icd_category;tokens=foot) | trophic_change:3.0(same_icd_category;tokens=foot)
M1A.3110,"Chronic gout due to renal impairment, right shoulder, without tophus (tophi)",ATOM_PHRASE_MATCH,renal_dysfunction,Renal dysfunction / chronic kidney disease,"renal_dysfunction:8.0(phrase;tokens=chronic,impair,renal)"
M1A.3111,"Chronic gout due to renal impairment, right shoulder, with tophus (tophi)",ATOM_PHRASE_MATCH,renal_dysfunction,Renal dysfunction / chronic kidney disease,"renal_dysfunction:8.0(phrase;tokens=chronic,impair,renal)"
M1A.3120,"Chronic gout due to renal impairment, left shoulder, without tophus (tophi)",ATOM_PHRASE_MATCH,renal_dysfunction,Renal dysfunction / chronic kidney disease,"renal_dysfunction:8.0(phrase;tokens=chronic,impair,renal)"
M1A.3121,"Chronic gout due to renal impairment, left shoulder, with tophus (tophi)",ATOM_PHRASE_MATCH,renal_dysfunction,Renal dysfunction / chronic kidney disease,"renal_dysfunction:8.0(phrase;tokens=chronic,impair,renal)"
M1A.3190,"Chronic gout due to renal impairment, unspecified shoulder, without tophus (tophi)",ATOM_PHRASE_MATCH,renal_dysfunction,Renal dysfunction / chronic kidney disease,"renal_dysfunction:8.0(phrase;tokens=chronic,impair,renal)"
M1A.3191,"Chronic gout due to renal impairment, unspecified shoulder, with tophus (tophi)",ATOM_PHRASE_MATCH,renal_dysfunction,Renal dysfunction / chronic kidney disease,"renal_dysfunction:8.0(phrase;tokens=chronic,impair,renal)"
M1A.3210,"Chronic gout due to renal impairment, right elbow, without tophus (tophi)",ATOM_PHRASE_MATCH,renal_dysfunction,Renal dysfunction / chronic kidney disease,"renal_dysfunction:8.0(phrase;tokens=chronic,impair,renal)"
M1A.3211,"Chronic gout due to renal impairment, right elbow, with tophus (tophi)",ATOM_PHRASE_MATCH,renal_dysfunction,Renal dysfunction / chronic kidney disease,"renal_dysfunction:8.0(phrase;tokens=chronic,impair,renal)"
M1A.3290,"Chronic gout due to renal impairment, unspecified elbow, without tophus (tophi)",ATOM_PHRASE_MATCH,renal_dysfunction,Renal dysfunction / chronic kidney disease,"renal_dysfunction:8.0(phrase;tokens=chronic,impair,renal)"
M1A.3291,"Chronic gout due to renal impairment, unspecified elbow, with tophus (tophi)",ATOM_PHRASE_MATCH,renal_dysfunction,Renal dysfunction / chronic kidney disease,"renal_dysfunction:8.0(phrase;tokens=chronic,impair,renal)"
M1A.3311,"Chronic gout due to renal impairment, right wrist, with tophus (tophi)",ATOM_PHRASE_MATCH,renal_dysfunction,Renal dysfunction / chronic kidney disease,"renal_dysfunction:8.0(phrase;tokens=chronic,impair,renal)"
M1A.3320,"Chronic gout due to renal impairment, left wrist, without tophus (tophi)",ATOM_PHRASE_MATCH,renal_dysfunction,Renal dysfunction / chronic kidney disease,"renal_dysfunction:8.0(phrase;tokens=chronic,impair,renal)"
M1A.3321,"Chronic gout due to renal impairment, left wrist, with tophus (tophi)",ATOM_PHRASE_MATCH,renal_dysfunction,Renal dysfunction / chronic kidney disease,"renal_dysfunction:8.0(phrase;tokens=chronic,impair,renal)"
M1A.3390,"Chronic gout due to renal impairment, unspecified wrist, without tophus (tophi)",ATOM_PHRASE_MATCH,renal_dysfunction,Renal dysfunction / chronic kidney disease,"renal_dysfunction:8.0(phrase;tokens=chronic,impair,renal)"
M1A.3391,"Chronic gout due to renal impairment, unspecified wrist, with tophus (tophi)",ATOM_PHRASE_MATCH,renal_dysfunction,Renal dysfunction / chronic kidney disease,"renal_dysfunction:8.0(phrase;tokens=chronic,impair,renal)"
M1A.3420,"Chronic gout due to renal impairment, left hand, without tophus (tophi)",ATOM_PHRASE_MATCH,renal_dysfunction,Renal dysfunction / chronic kidney disease,"renal_dysfunction:8.0(phrase;tokens=chronic,impair,renal)"
M1A.3421,"Chronic gout due to renal impairment, left hand, with tophus (tophi)",ATOM_PHRASE_MATCH,renal_dysfunction,Renal dysfunction / chronic kidney disease,"renal_dysfunction:8.0(phrase;tokens=chronic,impair,renal)"
M1A.3510,"Chronic gout due to renal impairment, right hip, without tophus (tophi)",ATOM_PHRASE_MATCH,renal_dysfunction,Renal dysfunction / chronic kidney disease,"renal_dysfunction:8.0(phrase;tokens=chronic,impair,renal)"
M1A.3511,"Chronic gout due to renal impairment, right hip, with tophus (tophi)",ATOM_PHRASE_MATCH,renal_dysfunction,Renal dysfunction / chronic kidney disease,"renal_dysfunction:8.0(phrase;tokens=chronic,impair,renal)"
M1A.3520,"Chronic gout due to renal impairment, left hip, without tophus (tophi)",ATOM_PHRASE_MATCH,renal_dysfunction,Renal dysfunction / chronic kidney disease,"renal_dysfunction:8.0(phrase;tokens=chronic,impair,renal)"
M1A.3521,"Chronic gout due to renal impairment, left hip, with tophus (tophi)",ATOM_PHRASE_MATCH,renal_dysfunction,Renal dysfunction / chronic kidney disease,"renal_dysfunction:8.0(phrase;tokens=chronic,impair,renal)"
M1A.3590,"Chronic gout due to renal impairment, unspecified hip, without tophus (tophi)",ATOM_PHRASE_MATCH,renal_dysfunction,Renal dysfunction / chronic kidney disease,"renal_dysfunction:8.0(phrase;tokens=chronic,impair,renal)"
M1A.3591,"Chronic gout due to renal impairment, unspecified hip, with tophus (tophi)",ATOM_PHRASE_MATCH,renal_dysfunction,Renal dysfunction / chronic kidney disease,"renal_dysfunction:8.0(phrase;tokens=chronic,impair,renal)"
M1A.3611,"Chronic gout due to renal impairment, right knee, with tophus (tophi)",ATOM_PHRASE_MATCH,renal_dysfunction,Renal dysfunction / chronic kidney disease,"renal_dysfunction:8.0(phrase;tokens=chronic,impair,renal)"
M1A.3621,"Chronic gout due to renal impairment, left knee, with tophus (tophi)",ATOM_PHRASE_MATCH,renal_dysfunction,Renal dysfunction / chronic kidney disease,"renal_dysfunction:8.0(phrase;tokens=chronic,impair,renal)"
M1A.3690,"Chronic gout due to renal impairment, unspecified knee, without tophus (tophi)",ATOM_PHRASE_MATCH,renal_dysfunction,Renal dysfunction / chronic kidney disease,"renal_dysfunction:8.0(phrase;tokens=chronic,impair,renal)"
M1A.3691,"Chronic gout due to renal impairment, unspecified knee, with tophus (tophi)",ATOM_PHRASE_MATCH,renal_dysfunction,Renal dysfunction / chronic kidney disease,"renal_dysfunction:8.0(phrase;tokens=chronic,impair,renal)"
M1A.38X0,"Chronic gout due to renal impairment, vertebrae, without tophus (tophi)",ATOM_PHRASE_MATCH,renal_dysfunction,Renal dysfunction / chronic kidney disease,"renal_dysfunction:8.0(phrase;tokens=chronic,impair,renal)"
M1A.38X1,"Chronic gout due to renal impairment, vertebrae, with tophus (tophi)",ATOM_PHRASE_MATCH,renal_dysfunction,Renal dysfunction / chronic kidney disease,"renal_dysfunction:8.0(phrase;tokens=chronic,impair,renal)"
M35.0A,Sjogren syndrome with glomerular disease,CONFIGURED_ICD_CATEGORY,autoimmune_disease,autoimmune disease,autoimmune_disease:3.0(same_icd_category;tokens=sjogren)
M45.1,Ankylosing spondylitis of occipito-atlanto-axial region,ATOM_PHRASE_MATCH,chronic_inflammatory_arthritis,Chronic inflammatory joint disease,"chronic_inflammatory_arthritis:7.0(phrase;tokens=ankylos,spondyliti)"
M48.01,"Spinal stenosis, occipito-atlanto-axial region",CONFIGURED_ICD_CATEGORY,lumbar_stenosis,Lumbar spinal stenosis,"lumbar_stenosis:4.0(same_icd_category;tokens=spinal,stenosi)"
M48.36,"Traumatic spondylopathy, lumbar region",CONFIGURED_ICD_CATEGORY,lumbar_stenosis,Lumbar spinal stenosis,lumbar_stenosis:3.0(same_icd_category;tokens=lumbar)
M65.00,"Abscess of tendon sheath, unspecified site",CONFIGURED_ICD_CATEGORY,biceps_rupture | trigger_finger,"Spontaneous distal biceps tendon rupture (""Popeye sign"") | Trigger finger / stenosing tenosynovitis","trigger_finger:4.0(same_icd_category;tokens=sheath,tendon) | biceps_rupture:3.0(same_icd_category;tokens=tendon)"
M65.012,"Abscess of tendon sheath, left shoulder",CONFIGURED_ICD_CATEGORY,biceps_rupture | rotator_cuff | trigger_finger,"Rotator cuff tear / repair | Spontaneous distal biceps tendon rupture (""Popeye sign"") | Trigger finger / stenosing tenosynovitis","trigger_finger:4.0(same_icd_category;tokens=sheath,tendon) | biceps_rupture:3.0(same_icd_category;tokens=tendon) | rotator_cuff:3.0(same_icd_category;tokens=shoulder)"
M65.019,"Abscess of tendon sheath, unspecified shoulder",CONFIGURED_ICD_CATEGORY,biceps_rupture | rotator_cuff | trigger_finger,"Rotator cuff tear / repair | Spontaneous distal biceps tendon rupture (""Popeye sign"") | Trigger finger / stenosing tenosynovitis","trigger_finger:4.0(same_icd_category;tokens=sheath,tendon) | biceps_rupture:3.0(same_icd_category;tokens=tendon) | rotator_cuff:3.0(same_icd_category;tokens=shoulder)"
M65.021,"Abscess of tendon sheath, right upper arm",CONFIGURED_ICD_CATEGORY,biceps_rupture | trigger_finger,"Spontaneous distal biceps tendon rupture (""Popeye sign"") | Trigger finger / stenosing tenosynovitis","trigger_finger:4.0(same_icd_category;tokens=sheath,tendon) | biceps_rupture:3.0(same_icd_category;tokens=tendon)"
M65.029,"Abscess of tendon sheath, unspecified upper arm",CONFIGURED_ICD_CATEGORY,biceps_rupture | trigger_finger,"Spontaneous distal biceps tendon rupture (""Popeye sign"") | Trigger finger / stenosing tenosynovitis","trigger_finger:4.0(same_icd_category;tokens=sheath,tendon) | biceps_rupture:3.0(same_icd_category;tokens=tendon)"
M65.039,"Abscess of tendon sheath, unspecified forearm",CONFIGURED_ICD_CATEGORY,biceps_rupture | trigger_finger,"Spontaneous distal biceps tendon rupture (""Popeye sign"") | Trigger finger / stenosing tenosynovitis","trigger_finger:4.0(same_icd_category;tokens=sheath,tendon) | biceps_rupture:3.0(same_icd_category;tokens=tendon)"
M65.049,"Abscess of tendon sheath, unspecified hand",CONFIGURED_ICD_CATEGORY,biceps_rupture | trigger_finger,"Spontaneous distal biceps tendon rupture (""Popeye sign"") | Trigger finger / stenosing tenosynovitis","trigger_finger:4.0(same_icd_category;tokens=sheath,tendon) | biceps_rupture:3.0(same_icd_category;tokens=tendon)"
M65.051,"Abscess of tendon sheath, right thigh",CONFIGURED_ICD_CATEGORY,biceps_rupture | trigger_finger,"Spontaneous distal biceps tendon rupture (""Popeye sign"") | Trigger finger / stenosing tenosynovitis","trigger_finger:4.0(same_icd_category;tokens=sheath,tendon) | biceps_rupture:3.0(same_icd_category;tokens=tendon)"
M65.059,"Abscess of tendon sheath, unspecified thigh",CONFIGURED_ICD_CATEGORY,biceps_rupture | trigger_finger,"Spontaneous distal biceps tendon rupture (""Popeye sign"") | Trigger finger / stenosing tenosynovitis","trigger_finger:4.0(same_icd_category;tokens=sheath,tendon) | biceps_rupture:3.0(same_icd_category;tokens=tendon)"
M65.069,"Abscess of tendon sheath, unspecified lower leg",CONFIGURED_ICD_CATEGORY,biceps_rupture | trigger_finger,"Spontaneous distal biceps tendon rupture (""Popeye sign"") | Trigger finger / stenosing tenosynovitis","trigger_finger:4.0(same_icd_category;tokens=sheath,tendon) | biceps_rupture:3.0(same_icd_category;tokens=tendon)"
M65.071,"Abscess of tendon sheath, right ankle and foot",CONFIGURED_ICD_CATEGORY,biceps_rupture | trigger_finger,"Spontaneous distal biceps tendon rupture (""Popeye sign"") | Trigger finger / stenosing tenosynovitis","trigger_finger:4.0(same_icd_category;tokens=sheath,tendon) | biceps_rupture:3.0(same_icd_category;tokens=tendon)"
M65.079,"Abscess of tendon sheath, unspecified ankle and foot",CONFIGURED_ICD_CATEGORY,biceps_rupture | trigger_finger,"Spontaneous distal biceps tendon rupture (""Popeye sign"") | Trigger finger / stenosing tenosynovitis","trigger_finger:4.0(same_icd_category;tokens=sheath,tendon) | biceps_rupture:3.0(same_icd_category;tokens=tendon)"
M65.08,"Abscess of tendon sheath, other site",CONFIGURED_ICD_CATEGORY,biceps_rupture | trigger_finger,"Spontaneous distal biceps tendon rupture (""Popeye sign"") | Trigger finger / stenosing tenosynovitis","trigger_finger:4.0(same_icd_category;tokens=sheath,tendon) | biceps_rupture:3.0(same_icd_category;tokens=tendon)"
M65.111,"Other infective (teno)synovitis, right shoulder",CONFIGURED_ICD_CATEGORY,rotator_cuff,Rotator cuff tear / repair,rotator_cuff:3.0(same_icd_category;tokens=shoulder)
M65.112,"Other infective (teno)synovitis, left shoulder",CONFIGURED_ICD_CATEGORY,rotator_cuff,Rotator cuff tear / repair,rotator_cuff:3.0(same_icd_category;tokens=shoulder)
M65.119,"Other infective (teno)synovitis, unspecified shoulder",CONFIGURED_ICD_CATEGORY,rotator_cuff,Rotator cuff tear / repair,rotator_cuff:3.0(same_icd_category;tokens=shoulder)
M65.819,"Other synovitis and tenosynovitis, unspecified shoulder",CONFIGURED_ICD_CATEGORY,rotator_cuff | trigger_finger,Rotator cuff tear / repair | Trigger finger / stenosing tenosynovitis,rotator_cuff:3.0(same_icd_category;tokens=shoulder) | trigger_finger:3.0(same_icd_category;tokens=tenosynoviti)
M65.821,"Other synovitis and tenosynovitis, right upper arm",CONFIGURED_ICD_CATEGORY,trigger_finger,Trigger finger / stenosing tenosynovitis,trigger_finger:3.0(same_icd_category;tokens=tenosynoviti)
M65.822,"Other synovitis and tenosynovitis, left upper arm",CONFIGURED_ICD_CATEGORY,trigger_finger,Trigger finger / stenosing tenosynovitis,trigger_finger:3.0(same_icd_category;tokens=tenosynoviti)
M65.829,"Other synovitis and tenosynovitis, unspecified upper arm",CONFIGURED_ICD_CATEGORY,trigger_finger,Trigger finger / stenosing tenosynovitis,trigger_finger:3.0(same_icd_category;tokens=tenosynoviti)
M65.851,"Other synovitis and tenosynovitis, right thigh",CONFIGURED_ICD_CATEGORY,trigger_finger,Trigger finger / stenosing tenosynovitis,trigger_finger:3.0(same_icd_category;tokens=tenosynoviti)
M65.852,"Other synovitis and tenosynovitis, left thigh",CONFIGURED_ICD_CATEGORY,trigger_finger,Trigger finger / stenosing tenosynovitis,trigger_finger:3.0(same_icd_category;tokens=tenosynoviti)
M65.859,"Other synovitis and tenosynovitis, unspecified thigh",CONFIGURED_ICD_CATEGORY,trigger_finger,Trigger finger / stenosing tenosynovitis,trigger_finger:3.0(same_icd_category;tokens=tenosynoviti)
M65.861,"Other synovitis and tenosynovitis, right lower leg",CONFIGURED_ICD_CATEGORY,trigger_finger,Trigger finger / stenosing tenosynovitis,trigger_finger:3.0(same_icd_category;tokens=tenosynoviti)
M65.89,"Other synovitis and tenosynovitis, multiple sites",CONFIGURED_ICD_CATEGORY,trigger_finger,Trigger finger / stenosing tenosynovitis,trigger_finger:3.0(same_icd_category;tokens=tenosynoviti)
M65.912,"Unspecified synovitis and tenosynovitis, left shoulder",CONFIGURED_ICD_CATEGORY,rotator_cuff | trigger_finger,Rotator cuff tear / repair | Trigger finger / stenosing tenosynovitis,rotator_cuff:3.0(same_icd_category;tokens=shoulder) | trigger_finger:3.0(same_icd_category;tokens=tenosynoviti)
M65.919,"Unspecified synovitis and tenosynovitis, unspecified shoulder",CONFIGURED_ICD_CATEGORY,rotator_cuff | trigger_finger,Rotator cuff tear / repair | Trigger finger / stenosing tenosynovitis,rotator_cuff:3.0(same_icd_category;tokens=shoulder) | trigger_finger:3.0(same_icd_category;tokens=tenosynoviti)
M65.921,"Unspecified synovitis and tenosynovitis, right upper arm",CONFIGURED_ICD_CATEGORY,trigger_finger,Trigger finger / stenosing tenosynovitis,trigger_finger:3.0(same_icd_category;tokens=tenosynoviti)
M65.922,"Unspecified synovitis and tenosynovitis, left upper arm",CONFIGURED_ICD_CATEGORY,trigger_finger,Trigger finger / stenosing tenosynovitis,trigger_finger:3.0(same_icd_category;tokens=tenosynoviti)
M65.929,"Unspecified synovitis and tenosynovitis, unspecified upper arm",CONFIGURED_ICD_CATEGORY,trigger_finger,Trigger finger / stenosing tenosynovitis,trigger_finger:3.0(same_icd_category;tokens=tenosynoviti)
M65.951,"Unspecified synovitis and tenosynovitis, right thigh",CONFIGURED_ICD_CATEGORY,trigger_finger,Trigger finger / stenosing tenosynovitis,trigger_finger:3.0(same_icd_category;tokens=tenosynoviti)
M65.952,"Unspecified synovitis and tenosynovitis, left thigh",CONFIGURED_ICD_CATEGORY,trigger_finger,Trigger finger / stenosing tenosynovitis,trigger_finger:3.0(same_icd_category;tokens=tenosynoviti)
M65.959,"Unspecified synovitis and tenosynovitis, unspecified thigh",CONFIGURED_ICD_CATEGORY,trigger_finger,Trigger finger / stenosing tenosynovitis,trigger_finger:3.0(same_icd_category;tokens=tenosynoviti)
M65.99,"Unspecified synovitis and tenosynovitis, multiple sites",CONFIGURED_ICD_CATEGORY,trigger_finger,Trigger finger / stenosing tenosynovitis,trigger_finger:3.0(same_icd_category;tokens=tenosynoviti)
M66.10,"Rupture of synovium, unspecified joint",CONFIGURED_ICD_CATEGORY,biceps_rupture | rotator_cuff | spontaneous_atraumatic_rupture,"Rotator cuff tear / repair | Spontaneous / trivial-trauma rupture mechanism | Spontaneous distal biceps tendon rupture (""Popeye sign"")",biceps_rupture:3.0(same_icd_category;tokens=rupture) | rotator_cuff:3.0(same_icd_category;tokens=rupture) | spontaneous_atraumatic_rupture:3.0(same_icd_category;tokens=rupture)
M66.111,"Rupture of synovium, right shoulder",CONFIGURED_ICD_CATEGORY,biceps_rupture | rotator_cuff | spontaneous_atraumatic_rupture,"Rotator cuff tear / repair | Spontaneous / trivial-trauma rupture mechanism | Spontaneous distal biceps tendon rupture (""Popeye sign"")","rotator_cuff:4.0(same_icd_category;tokens=rupture,shoulder) | biceps_rupture:3.0(same_icd_category;tokens=rupture) | spontaneous_atraumatic_rupture:3.0(same_icd_category;tokens=rupture)"
M66.112,"Rupture of synovium, left shoulder",CONFIGURED_ICD_CATEGORY,biceps_rupture | rotator_cuff | spontaneous_atraumatic_rupture,"Rotator cuff tear / repair | Spontaneous / trivial-trauma rupture mechanism | Spontaneous distal biceps tendon rupture (""Popeye sign"")","rotator_cuff:4.0(same_icd_category;tokens=rupture,shoulder) | biceps_rupture:3.0(same_icd_category;tokens=rupture) | spontaneous_atraumatic_rupture:3.0(same_icd_category;tokens=rupture)"
M66.119,"Rupture of synovium, unspecified shoulder",CONFIGURED_ICD_CATEGORY,biceps_rupture | rotator_cuff | spontaneous_atraumatic_rupture,"Rotator cuff tear / repair | Spontaneous / trivial-trauma rupture mechanism | Spontaneous distal biceps tendon rupture (""Popeye sign"")","rotator_cuff:4.0(same_icd_category;tokens=rupture,shoulder) | biceps_rupture:3.0(same_icd_category;tokens=rupture) | spontaneous_atraumatic_rupture:3.0(same_icd_category;tokens=rupture)"
M66.121,"Rupture of synovium, right elbow",CONFIGURED_ICD_CATEGORY,biceps_rupture | rotator_cuff | spontaneous_atraumatic_rupture,"Rotator cuff tear / repair | Spontaneous / trivial-trauma rupture mechanism | Spontaneous distal biceps tendon rupture (""Popeye sign"")",biceps_rupture:3.0(same_icd_category;tokens=rupture) | rotator_cuff:3.0(same_icd_category;tokens=rupture) | spontaneous_atraumatic_rupture:3.0(same_icd_category;tokens=rupture)
M66.122,"Rupture of synovium, left elbow",CONFIGURED_ICD_CATEGORY,biceps_rupture | rotator_cuff | spontaneous_atraumatic_rupture,"Rotator cuff tear / repair | Spontaneous / trivial-trauma rupture mechanism | Spontaneous distal biceps tendon rupture (""Popeye sign"")",biceps_rupture:3.0(same_icd_category;tokens=rupture) | rotator_cuff:3.0(same_icd_category;tokens=rupture) | spontaneous_atraumatic_rupture:3.0(same_icd_category;tokens=rupture)
M66.129,"Rupture of synovium, unspecified elbow",CONFIGURED_ICD_CATEGORY,biceps_rupture | rotator_cuff | spontaneous_atraumatic_rupture,"Rotator cuff tear / repair | Spontaneous / trivial-trauma rupture mechanism | Spontaneous distal biceps tendon rupture (""Popeye sign"")",biceps_rupture:3.0(same_icd_category;tokens=rupture) | rotator_cuff:3.0(same_icd_category;tokens=rupture) | spontaneous_atraumatic_rupture:3.0(same_icd_category;tokens=rupture)
M66.131,"Rupture of synovium, right wrist",CONFIGURED_ICD_CATEGORY,biceps_rupture | rotator_cuff | spontaneous_atraumatic_rupture,"Rotator cuff tear / repair | Spontaneous / trivial-trauma rupture mechanism | Spontaneous distal biceps tendon rupture (""Popeye sign"")",biceps_rupture:3.0(same_icd_category;tokens=rupture) | rotator_cuff:3.0(same_icd_category;tokens=rupture) | spontaneous_atraumatic_rupture:3.0(same_icd_category;tokens=rupture)
M66.132,"Rupture of synovium, left wrist",CONFIGURED_ICD_CATEGORY,biceps_rupture | rotator_cuff | spontaneous_atraumatic_rupture,"Rotator cuff tear / repair | Spontaneous / trivial-trauma rupture mechanism | Spontaneous distal biceps tendon rupture (""Popeye sign"")",biceps_rupture:3.0(same_icd_category;tokens=rupture) | rotator_cuff:3.0(same_icd_category;tokens=rupture) | spontaneous_atraumatic_rupture:3.0(same_icd_category;tokens=rupture)
M66.139,"Rupture of synovium, unspecified wrist",CONFIGURED_ICD_CATEGORY,biceps_rupture | rotator_cuff | spontaneous_atraumatic_rupture,"Rotator cuff tear / repair | Spontaneous / trivial-trauma rupture mechanism | Spontaneous distal biceps tendon rupture (""Popeye sign"")",biceps_rupture:3.0(same_icd_category;tokens=rupture) | rotator_cuff:3.0(same_icd_category;tokens=rupture) | spontaneous_atraumatic_rupture:3.0(same_icd_category;tokens=rupture)
M66.141,"Rupture of synovium, right hand",CONFIGURED_ICD_CATEGORY,biceps_rupture | rotator_cuff | spontaneous_atraumatic_rupture,"Rotator cuff tear / repair | Spontaneous / trivial-trauma rupture mechanism | Spontaneous distal biceps tendon rupture (""Popeye sign"")",biceps_rupture:3.0(same_icd_category;tokens=rupture) | rotator_cuff:3.0(same_icd_category;tokens=rupture) | spontaneous_atraumatic_rupture:3.0(same_icd_category;tokens=rupture)
M66.142,"Rupture of synovium, left hand",CONFIGURED_ICD_CATEGORY,biceps_rupture | rotator_cuff | spontaneous_atraumatic_rupture,"Rotator cuff tear / repair | Spontaneous / trivial-trauma rupture mechanism | Spontaneous distal biceps tendon rupture (""Popeye sign"")",biceps_rupture:3.0(same_icd_category;tokens=rupture) | rotator_cuff:3.0(same_icd_category;tokens=rupture) | spontaneous_atraumatic_rupture:3.0(same_icd_category;tokens=rupture)
M66.143,"Rupture of synovium, unspecified hand",CONFIGURED_ICD_CATEGORY,biceps_rupture | rotator_cuff | spontaneous_atraumatic_rupture,"Rotator cuff tear / repair | Spontaneous / trivial-trauma rupture mechanism | Spontaneous distal biceps tendon rupture (""Popeye sign"")",biceps_rupture:3.0(same_icd_category;tokens=rupture) | rotator_cuff:3.0(same_icd_category;tokens=rupture) | spontaneous_atraumatic_rupture:3.0(same_icd_category;tokens=rupture)
M66.144,"Rupture of synovium, right finger(s)",CONFIGURED_ICD_CATEGORY,biceps_rupture | rotator_cuff | spontaneous_atraumatic_rupture | trigger_finger,"Rotator cuff tear / repair | Spontaneous / trivial-trauma rupture mechanism | Spontaneous distal biceps tendon rupture (""Popeye sign"") | Trigger finger / stenosing tenosynovitis",biceps_rupture:3.0(same_icd_category;tokens=rupture) | rotator_cuff:3.0(same_icd_category;tokens=rupture) | spontaneous_atraumatic_rupture:3.0(same_icd_category;tokens=rupture) | trigger_finger:3.0(same_icd_category;tokens=finger)
M66.145,"Rupture of synovium, left finger(s)",CONFIGURED_ICD_CATEGORY,biceps_rupture | rotator_cuff | spontaneous_atraumatic_rupture | trigger_finger,"Rotator cuff tear / repair | Spontaneous / trivial-trauma rupture mechanism | Spontaneous distal biceps tendon rupture (""Popeye sign"") | Trigger finger / stenosing tenosynovitis",biceps_rupture:3.0(same_icd_category;tokens=rupture) | rotator_cuff:3.0(same_icd_category;tokens=rupture) | spontaneous_atraumatic_rupture:3.0(same_icd_category;tokens=rupture) | trigger_finger:3.0(same_icd_category;tokens=finger)
M66.146,"Rupture of synovium, unspecified finger(s)",CONFIGURED_ICD_CATEGORY,biceps_rupture | rotator_cuff | spontaneous_atraumatic_rupture | trigger_finger,"Rotator cuff tear / repair | Spontaneous / trivial-trauma rupture mechanism | Spontaneous distal biceps tendon rupture (""Popeye sign"") | Trigger finger / stenosing tenosynovitis",biceps_rupture:3.0(same_icd_category;tokens=rupture) | rotator_cuff:3.0(same_icd_category;tokens=rupture) | spontaneous_atraumatic_rupture:3.0(same_icd_category;tokens=rupture) | trigger_finger:3.0(same_icd_category;tokens=finger)
M66.151,"Rupture of synovium, right hip",CONFIGURED_ICD_CATEGORY,biceps_rupture | rotator_cuff | spontaneous_atraumatic_rupture,"Rotator cuff tear / repair | Spontaneous / trivial-trauma rupture mechanism | Spontaneous distal biceps tendon rupture (""Popeye sign"")",biceps_rupture:3.0(same_icd_category;tokens=rupture) | rotator_cuff:3.0(same_icd_category;tokens=rupture) | spontaneous_atraumatic_rupture:3.0(same_icd_category;tokens=rupture)
M66.152,"Rupture of synovium, left hip",CONFIGURED_ICD_CATEGORY,biceps_rupture | rotator_cuff | spontaneous_atraumatic_rupture,"Rotator cuff tear / repair | Spontaneous / trivial-trauma rupture mechanism | Spontaneous distal biceps tendon rupture (""Popeye sign"")",biceps_rupture:3.0(same_icd_category;tokens=rupture) | rotator_cuff:3.0(same_icd_category;tokens=rupture) | spontaneous_atraumatic_rupture:3.0(same_icd_category;tokens=rupture)
M66.159,"Rupture of synovium, unspecified hip",CONFIGURED_ICD_CATEGORY,biceps_rupture | rotator_cuff | spontaneous_atraumatic_rupture,"Rotator cuff tear / repair | Spontaneous / trivial-trauma rupture mechanism | Spontaneous distal biceps tendon rupture (""Popeye sign"")",biceps_rupture:3.0(same_icd_category;tokens=rupture) | rotator_cuff:3.0(same_icd_category;tokens=rupture) | spontaneous_atraumatic_rupture:3.0(same_icd_category;tokens=rupture)
M66.171,"Rupture of synovium, right ankle",CONFIGURED_ICD_CATEGORY,biceps_rupture | rotator_cuff | spontaneous_atraumatic_rupture,"Rotator cuff tear / repair | Spontaneous / trivial-trauma rupture mechanism | Spontaneous distal biceps tendon rupture (""Popeye sign"")",biceps_rupture:3.0(same_icd_category;tokens=rupture) | rotator_cuff:3.0(same_icd_category;tokens=rupture) | spontaneous_atraumatic_rupture:3.0(same_icd_category;tokens=rupture)
M66.172,"Rupture of synovium, left ankle",CONFIGURED_ICD_CATEGORY,biceps_rupture | rotator_cuff | spontaneous_atraumatic_rupture,"Rotator cuff tear / repair | Spontaneous / trivial-trauma rupture mechanism | Spontaneous distal biceps tendon rupture (""Popeye sign"")",biceps_rupture:3.0(same_icd_category;tokens=rupture) | rotator_cuff:3.0(same_icd_category;tokens=rupture) | spontaneous_atraumatic_rupture:3.0(same_icd_category;tokens=rupture)
M66.173,"Rupture of synovium, unspecified ankle",CONFIGURED_ICD_CATEGORY,biceps_rupture | rotator_cuff | spontaneous_atraumatic_rupture,"Rotator cuff tear / repair | Spontaneous / trivial-trauma rupture mechanism | Spontaneous distal biceps tendon rupture (""Popeye sign"")",biceps_rupture:3.0(same_icd_category;tokens=rupture) | rotator_cuff:3.0(same_icd_category;tokens=rupture) | spontaneous_atraumatic_rupture:3.0(same_icd_category;tokens=rupture)
M66.174,"Rupture of synovium, right foot",CONFIGURED_ICD_CATEGORY,biceps_rupture | rotator_cuff | spontaneous_atraumatic_rupture,"Rotator cuff tear / repair | Spontaneous / trivial-trauma rupture mechanism | Spontaneous distal biceps tendon rupture (""Popeye sign"")",biceps_rupture:3.0(same_icd_category;tokens=rupture) | rotator_cuff:3.0(same_icd_category;tokens=rupture) | spontaneous_atraumatic_rupture:3.0(same_icd_category;tokens=rupture)
M66.175,"Rupture of synovium, left foot",CONFIGURED_ICD_CATEGORY,biceps_rupture | rotator_cuff | spontaneous_atraumatic_rupture,"Rotator cuff tear / repair | Spontaneous / trivial-trauma rupture mechanism | Spontaneous distal biceps tendon rupture (""Popeye sign"")",biceps_rupture:3.0(same_icd_category;tokens=rupture) | rotator_cuff:3.0(same_icd_category;tokens=rupture) | spontaneous_atraumatic_rupture:3.0(same_icd_category;tokens=rupture)
M66.176,"Rupture of synovium, unspecified foot",CONFIGURED_ICD_CATEGORY,biceps_rupture | rotator_cuff | spontaneous_atraumatic_rupture,"Rotator cuff tear / repair | Spontaneous / trivial-trauma rupture mechanism | Spontaneous distal biceps tendon rupture (""Popeye sign"")",biceps_rupture:3.0(same_icd_category;tokens=rupture) | rotator_cuff:3.0(same_icd_category;tokens=rupture) | spontaneous_atraumatic_rupture:3.0(same_icd_category;tokens=rupture)
M66.177,"Rupture of synovium, right toe(s)",CONFIGURED_ICD_CATEGORY,biceps_rupture | rotator_cuff | spontaneous_atraumatic_rupture,"Rotator cuff tear / repair | Spontaneous / trivial-trauma rupture mechanism | Spontaneous distal biceps tendon rupture (""Popeye sign"")",biceps_rupture:3.0(same_icd_category;tokens=rupture) | rotator_cuff:3.0(same_icd_category;tokens=rupture) | spontaneous_atraumatic_rupture:3.0(same_icd_category;tokens=rupture)
M66.178,"Rupture of synovium, left toe(s)",CONFIGURED_ICD_CATEGORY,biceps_rupture | rotator_cuff | spontaneous_atraumatic_rupture,"Rotator cuff tear / repair | Spontaneous / trivial-trauma rupture mechanism | Spontaneous distal biceps tendon rupture (""Popeye sign"")",biceps_rupture:3.0(same_icd_category;tokens=rupture) | rotator_cuff:3.0(same_icd_category;tokens=rupture) | spontaneous_atraumatic_rupture:3.0(same_icd_category;tokens=rupture)
M66.179,"Rupture of synovium, unspecified toe(s)",CONFIGURED_ICD_CATEGORY,biceps_rupture | rotator_cuff | spontaneous_atraumatic_rupture,"Rotator cuff tear / repair | Spontaneous / trivial-trauma rupture mechanism | Spontaneous distal biceps tendon rupture (""Popeye sign"")",biceps_rupture:3.0(same_icd_category;tokens=rupture) | rotator_cuff:3.0(same_icd_category;tokens=rupture) | spontaneous_atraumatic_rupture:3.0(same_icd_category;tokens=rupture)
M66.20,"Spontaneous rupture of extensor tendons, unspecified site",CONFIGURED_ICD_CATEGORY,biceps_rupture | rotator_cuff | spontaneous_atraumatic_rupture | trigger_finger,"Rotator cuff tear / repair | Spontaneous / trivial-trauma rupture mechanism | Spontaneous distal biceps tendon rupture (""Popeye sign"") | Trigger finger / stenosing tenosynovitis","biceps_rupture:5.0(same_icd_category;tokens=rupture,spontaneou,tendon) | spontaneous_atraumatic_rupture:5.0(same_icd_category;tokens=rupture,spontaneou,tendon) | rotator_cuff:3.0(same_icd_category;tokens=rupture) | trigger_finger:3.0(same_icd_category;tokens=tendon)"
M66.211,"Spontaneous rupture of extensor tendons, right shoulder",CONFIGURED_ICD_CATEGORY,biceps_rupture | rotator_cuff | spontaneous_atraumatic_rupture | trigger_finger,"Rotator cuff tear / repair | Spontaneous / trivial-trauma rupture mechanism | Spontaneous distal biceps tendon rupture (""Popeye sign"") | Trigger finger / stenosing tenosynovitis","biceps_rupture:5.0(same_icd_category;tokens=rupture,spontaneou,tendon) | spontaneous_atraumatic_rupture:5.0(same_icd_category;tokens=rupture,spontaneou,tendon) | rotator_cuff:4.0(same_icd_category;tokens=rupture,shoulder) | trigger_finger:3.0(same_icd_category;tokens=tendon)"
M66.212,"Spontaneous rupture of extensor tendons, left shoulder",CONFIGURED_ICD_CATEGORY,biceps_rupture | rotator_cuff | spontaneous_atraumatic_rupture | trigger_finger,"Rotator cuff tear / repair | Spontaneous / trivial-trauma rupture mechanism | Spontaneous distal biceps tendon rupture (""Popeye sign"") | Trigger finger / stenosing tenosynovitis","biceps_rupture:5.0(same_icd_category;tokens=rupture,spontaneou,tendon) | spontaneous_atraumatic_rupture:5.0(same_icd_category;tokens=rupture,spontaneou,tendon) | rotator_cuff:4.0(same_icd_category;tokens=rupture,shoulder) | trigger_finger:3.0(same_icd_category;tokens=tendon)"
M66.219,"Spontaneous rupture of extensor tendons, unspecified shoulder",CONFIGURED_ICD_CATEGORY,biceps_rupture | rotator_cuff | spontaneous_atraumatic_rupture | trigger_finger,"Rotator cuff tear / repair | Spontaneous / trivial-trauma rupture mechanism | Spontaneous distal biceps tendon rupture (""Popeye sign"") | Trigger finger / stenosing tenosynovitis","biceps_rupture:5.0(same_icd_category;tokens=rupture,spontaneou,tendon) | spontaneous_atraumatic_rupture:5.0(same_icd_category;tokens=rupture,spontaneou,tendon) | rotator_cuff:4.0(same_icd_category;tokens=rupture,shoulder) | trigger_finger:3.0(same_icd_category;tokens=tendon)"
M66.221,"Spontaneous rupture of extensor tendons, right upper arm",CONFIGURED_ICD_CATEGORY,biceps_rupture | rotator_cuff | spontaneous_atraumatic_rupture | trigger_finger,"Rotator cuff tear / repair | Spontaneous / trivial-trauma rupture mechanism | Spontaneous distal biceps tendon rupture (""Popeye sign"") | Trigger finger / stenosing tenosynovitis","biceps_rupture:5.0(same_icd_category;tokens=rupture,spontaneou,tendon) | spontaneous_atraumatic_rupture:5.0(same_icd_category;tokens=rupture,spontaneou,tendon) | rotator_cuff:3.0(same_icd_category;tokens=rupture) | trigger_finger:3.0(same_icd_category;tokens=tendon)"
M66.222,"Spontaneous rupture of extensor tendons, left upper arm",CONFIGURED_ICD_CATEGORY,biceps_rupture | rotator_cuff | spontaneous_atraumatic_rupture | trigger_finger,"Rotator cuff tear / repair | Spontaneous / trivial-trauma rupture mechanism | Spontaneous distal biceps tendon rupture (""Popeye sign"") | Trigger finger / stenosing tenosynovitis","biceps_rupture:5.0(same_icd_category;tokens=rupture,spontaneou,tendon) | spontaneous_atraumatic_rupture:5.0(same_icd_category;tokens=rupture,spontaneou,tendon) | rotator_cuff:3.0(same_icd_category;tokens=rupture) | trigger_finger:3.0(same_icd_category;tokens=tendon)"
M66.229,"Spontaneous rupture of extensor tendons, unspecified upper arm",CONFIGURED_ICD_CATEGORY,biceps_rupture | rotator_cuff | spontaneous_atraumatic_rupture | trigger_finger,"Rotator cuff tear / repair | Spontaneous / trivial-trauma rupture mechanism | Spontaneous distal biceps tendon rupture (""Popeye sign"") | Trigger finger / stenosing tenosynovitis","biceps_rupture:5.0(same_icd_category;tokens=rupture,spontaneou,tendon) | spontaneous_atraumatic_rupture:5.0(same_icd_category;tokens=rupture,spontaneou,tendon) | rotator_cuff:3.0(same_icd_category;tokens=rupture) | trigger_finger:3.0(same_icd_category;tokens=tendon)"
M66.231,"Spontaneous rupture of extensor tendons, right forearm",CONFIGURED_ICD_CATEGORY,biceps_rupture | rotator_cuff | spontaneous_atraumatic_rupture | trigger_finger,"Rotator cuff tear / repair | Spontaneous / trivial-trauma rupture mechanism | Spontaneous distal biceps tendon rupture (""Popeye sign"") | Trigger finger / stenosing tenosynovitis","biceps_rupture:5.0(same_icd_category;tokens=rupture,spontaneou,tendon) | spontaneous_atraumatic_rupture:5.0(same_icd_category;tokens=rupture,spontaneou,tendon) | rotator_cuff:3.0(same_icd_category;tokens=rupture) | trigger_finger:3.0(same_icd_category;tokens=tendon)"
M66.232,"Spontaneous rupture of extensor tendons, left forearm",CONFIGURED_ICD_CATEGORY,biceps_rupture | rotator_cuff | spontaneous_atraumatic_rupture | trigger_finger,"Rotator cuff tear / repair | Spontaneous / trivial-trauma rupture mechanism | Spontaneous distal biceps tendon rupture (""Popeye sign"") | Trigger finger / stenosing tenosynovitis","biceps_rupture:5.0(same_icd_category;tokens=rupture,spontaneou,tendon) | spontaneous_atraumatic_rupture:5.0(same_icd_category;tokens=rupture,spontaneou,tendon) | rotator_cuff:3.0(same_icd_category;tokens=rupture) | trigger_finger:3.0(same_icd_category;tokens=tendon)"
M66.239,"Spontaneous rupture of extensor tendons, unspecified forearm",CONFIGURED_ICD_CATEGORY,biceps_rupture | rotator_cuff | spontaneous_atraumatic_rupture | trigger_finger,"Rotator cuff tear / repair | Spontaneous / trivial-trauma rupture mechanism | Spontaneous distal biceps tendon rupture (""Popeye sign"") | Trigger finger / stenosing tenosynovitis","biceps_rupture:5.0(same_icd_category;tokens=rupture,spontaneou,tendon) | spontaneous_atraumatic_rupture:5.0(same_icd_category;tokens=rupture,spontaneou,tendon) | rotator_cuff:3.0(same_icd_category;tokens=rupture) | trigger_finger:3.0(same_icd_category;tokens=tendon)"
M66.249,"Spontaneous rupture of extensor tendons, unspecified hand",CONFIGURED_ICD_CATEGORY,biceps_rupture | rotator_cuff | spontaneous_atraumatic_rupture | trigger_finger,"Rotator cuff tear / repair | Spontaneous / trivial-trauma rupture mechanism | Spontaneous distal biceps tendon rupture (""Popeye sign"") | Trigger finger / stenosing tenosynovitis","biceps_rupture:5.0(same_icd_category;tokens=rupture,spontaneou,tendon) | spontaneous_atraumatic_rupture:5.0(same_icd_category;tokens=rupture,spontaneou,tendon) | rotator_cuff:3.0(same_icd_category;tokens=rupture) | trigger_finger:3.0(same_icd_category;tokens=tendon)"
M66.252,"Spontaneous rupture of extensor tendons, left thigh",CONFIGURED_ICD_CATEGORY,biceps_rupture | rotator_cuff | spontaneous_atraumatic_rupture | trigger_finger,"Rotator cuff tear / repair | Spontaneous / trivial-trauma rupture mechanism | Spontaneous distal biceps tendon rupture (""Popeye sign"") | Trigger finger / stenosing tenosynovitis","biceps_rupture:5.0(same_icd_category;tokens=rupture,spontaneou,tendon) | spontaneous_atraumatic_rupture:5.0(same_icd_category;tokens=rupture,spontaneou,tendon) | rotator_cuff:3.0(same_icd_category;tokens=rupture) | trigger_finger:3.0(same_icd_category;tokens=tendon)"
M66.259,"Spontaneous rupture of extensor tendons, unspecified thigh",CONFIGURED_ICD_CATEGORY,biceps_rupture | rotator_cuff | spontaneous_atraumatic_rupture | trigger_finger,"Rotator cuff tear / repair | Spontaneous / trivial-trauma rupture mechanism | Spontaneous distal biceps tendon rupture (""Popeye sign"") | Trigger finger / stenosing tenosynovitis","biceps_rupture:5.0(same_icd_category;tokens=rupture,spontaneou,tendon) | spontaneous_atraumatic_rupture:5.0(same_icd_category;tokens=rupture,spontaneou,tendon) | rotator_cuff:3.0(same_icd_category;tokens=rupture) | trigger_finger:3.0(same_icd_category;tokens=tendon)"
M66.261,"Spontaneous rupture of extensor tendons, right lower leg",CONFIGURED_ICD_CATEGORY,biceps_rupture | rotator_cuff | spontaneous_atraumatic_rupture | trigger_finger,"Rotator cuff tear / repair | Spontaneous / trivial-trauma rupture mechanism | Spontaneous distal biceps tendon rupture (""Popeye sign"") | Trigger finger / stenosing tenosynovitis","biceps_rupture:5.0(same_icd_category;tokens=rupture,spontaneou,tendon) | spontaneous_atraumatic_rupture:5.0(same_icd_category;tokens=rupture,spontaneou,tendon) | rotator_cuff:3.0(same_icd_category;tokens=rupture) | trigger_finger:3.0(same_icd_category;tokens=tendon)"
M66.262,"Spontaneous rupture of extensor tendons, left lower leg",CONFIGURED_ICD_CATEGORY,biceps_rupture | rotator_cuff | spontaneous_atraumatic_rupture | trigger_finger,"Rotator cuff tear / repair | Spontaneous / trivial-trauma rupture mechanism | Spontaneous distal biceps tendon rupture (""Popeye sign"") | Trigger finger / stenosing tenosynovitis","biceps_rupture:5.0(same_icd_category;tokens=rupture,spontaneou,tendon) | spontaneous_atraumatic_rupture:5.0(same_icd_category;tokens=rupture,spontaneou,tendon) | rotator_cuff:3.0(same_icd_category;tokens=rupture) | trigger_finger:3.0(same_icd_category;tokens=tendon)"
M66.269,"Spontaneous rupture of extensor tendons, unspecified lower leg",CONFIGURED_ICD_CATEGORY,biceps_rupture | rotator_cuff | spontaneous_atraumatic_rupture | trigger_finger,"Rotator cuff tear / repair | Spontaneous / trivial-trauma rupture mechanism | Spontaneous distal biceps tendon rupture (""Popeye sign"") | Trigger finger / stenosing tenosynovitis","biceps_rupture:5.0(same_icd_category;tokens=rupture,spontaneou,tendon) | spontaneous_atraumatic_rupture:5.0(same_icd_category;tokens=rupture,spontaneou,tendon) | rotator_cuff:3.0(same_icd_category;tokens=rupture) | trigger_finger:3.0(same_icd_category;tokens=tendon)"
M66.272,"Spontaneous rupture of extensor tendons, left ankle and foot",CONFIGURED_ICD_CATEGORY,biceps_rupture | rotator_cuff | spontaneous_atraumatic_rupture | trigger_finger,"Rotator cuff tear / repair | Spontaneous / trivial-trauma rupture mechanism | Spontaneous distal biceps tendon rupture (""Popeye sign"") | Trigger finger / stenosing tenosynovitis","biceps_rupture:5.0(same_icd_category;tokens=rupture,spontaneou,tendon) | spontaneous_atraumatic_rupture:5.0(same_icd_category;tokens=rupture,spontaneou,tendon) | rotator_cuff:3.0(same_icd_category;tokens=rupture) | trigger_finger:3.0(same_icd_category;tokens=tendon)"
M66.279,"Spontaneous rupture of extensor tendons, unspecified ankle and foot",CONFIGURED_ICD_CATEGORY,biceps_rupture | rotator_cuff | spontaneous_atraumatic_rupture | trigger_finger,"Rotator cuff tear / repair | Spontaneous / trivial-trauma rupture mechanism | Spontaneous distal biceps tendon rupture (""Popeye sign"") | Trigger finger / stenosing tenosynovitis","biceps_rupture:5.0(same_icd_category;tokens=rupture,spontaneou,tendon) | spontaneous_atraumatic_rupture:5.0(same_icd_category;tokens=rupture,spontaneou,tendon) | rotator_cuff:3.0(same_icd_category;tokens=rupture) | trigger_finger:3.0(same_icd_category;tokens=tendon)"
M66.28,"Spontaneous rupture of extensor tendons, other site",CONFIGURED_ICD_CATEGORY,biceps_rupture | rotator_cuff | spontaneous_atraumatic_rupture | trigger_finger,"Rotator cuff tear / repair | Spontaneous / trivial-trauma rupture mechanism | Spontaneous distal biceps tendon rupture (""Popeye sign"") | Trigger finger / stenosing tenosynovitis","biceps_rupture:5.0(same_icd_category;tokens=rupture,spontaneou,tendon) | spontaneous_atraumatic_rupture:5.0(same_icd_category;tokens=rupture,spontaneou,tendon) | rotator_cuff:3.0(same_icd_category;tokens=rupture) | trigger_finger:3.0(same_icd_category;tokens=tendon)"
M66.29,"Spontaneous rupture of extensor tendons, multiple sites",CONFIGURED_ICD_CATEGORY,biceps_rupture | rotator_cuff | spontaneous_atraumatic_rupture | trigger_finger,"Rotator cuff tear / repair | Spontaneous / trivial-trauma rupture mechanism | Spontaneous distal biceps tendon rupture (""Popeye sign"") | Trigger finger / stenosing tenosynovitis","biceps_rupture:5.0(same_icd_category;tokens=rupture,spontaneou,tendon) | spontaneous_atraumatic_rupture:5.0(same_icd_category;tokens=rupture,spontaneou,tendon) | rotator_cuff:3.0(same_icd_category;tokens=rupture) | trigger_finger:3.0(same_icd_category;tokens=tendon)"
M66.30,"Spontaneous rupture of flexor tendons, unspecified site",CONFIGURED_ICD_CATEGORY,biceps_rupture | rotator_cuff | spontaneous_atraumatic_rupture | trigger_finger,"Rotator cuff tear / repair | Spontaneous / trivial-trauma rupture mechanism | Spontaneous distal biceps tendon rupture (""Popeye sign"") | Trigger finger / stenosing tenosynovitis","biceps_rupture:5.0(same_icd_category;tokens=rupture,spontaneou,tendon) | spontaneous_atraumatic_rupture:5.0(same_icd_category;tokens=rupture,spontaneou,tendon) | trigger_finger:4.0(same_icd_category;tokens=flexor,tendon) | rotator_cuff:3.0(same_icd_category;tokens=rupture)"
M66.312,"Spontaneous rupture of flexor tendons, left shoulder",CONFIGURED_ICD_CATEGORY,biceps_rupture | rotator_cuff | spontaneous_atraumatic_rupture | trigger_finger,"Rotator cuff tear / repair | Spontaneous / trivial-trauma rupture mechanism | Spontaneous distal biceps tendon rupture (""Popeye sign"") | Trigger finger / stenosing tenosynovitis","biceps_rupture:5.0(same_icd_category;tokens=rupture,spontaneou,tendon) | spontaneous_atraumatic_rupture:5.0(same_icd_category;tokens=rupture,spontaneou,tendon) | rotator_cuff:4.0(same_icd_category;tokens=rupture,shoulder) | trigger_finger:4.0(same_icd_category;tokens=flexor,tendon)"
M66.319,"Spontaneous rupture of flexor tendons, unspecified shoulder",CONFIGURED_ICD_CATEGORY,biceps_rupture | rotator_cuff | spontaneous_atraumatic_rupture | trigger_finger,"Rotator cuff tear / repair | Spontaneous / trivial-trauma rupture mechanism | Spontaneous distal biceps tendon rupture (""Popeye sign"") | Trigger finger / stenosing tenosynovitis","biceps_rupture:5.0(same_icd_category;tokens=rupture,spontaneou,tendon) | spontaneous_atraumatic_rupture:5.0(same_icd_category;tokens=rupture,spontaneou,tendon) | rotator_cuff:4.0(same_icd_category;tokens=rupture,shoulder) | trigger_finger:4.0(same_icd_category;tokens=flexor,tendon)"
M66.321,"Spontaneous rupture of flexor tendons, right upper arm",CONFIGURED_ICD_CATEGORY,biceps_rupture | rotator_cuff | spontaneous_atraumatic_rupture | trigger_finger,"Rotator cuff tear / repair | Spontaneous / trivial-trauma rupture mechanism | Spontaneous distal biceps tendon rupture (""Popeye sign"") | Trigger finger / stenosing tenosynovitis","biceps_rupture:5.0(same_icd_category;tokens=rupture,spontaneou,tendon) | spontaneous_atraumatic_rupture:5.0(same_icd_category;tokens=rupture,spontaneou,tendon) | trigger_finger:4.0(same_icd_category;tokens=flexor,tendon) | rotator_cuff:3.0(same_icd_category;tokens=rupture)"
M66.322,"Spontaneous rupture of flexor tendons, left upper arm",CONFIGURED_ICD_CATEGORY,biceps_rupture | rotator_cuff | spontaneous_atraumatic_rupture | trigger_finger,"Rotator cuff tear / repair | Spontaneous / trivial-trauma rupture mechanism | Spontaneous distal biceps tendon rupture (""Popeye sign"") | Trigger finger / stenosing tenosynovitis","biceps_rupture:5.0(same_icd_category;tokens=rupture,spontaneou,tendon) | spontaneous_atraumatic_rupture:5.0(same_icd_category;tokens=rupture,spontaneou,tendon) | trigger_finger:4.0(same_icd_category;tokens=flexor,tendon) | rotator_cuff:3.0(same_icd_category;tokens=rupture)"
M66.329,"Spontaneous rupture of flexor tendons, unspecified upper arm",CONFIGURED_ICD_CATEGORY,biceps_rupture | rotator_cuff | spontaneous_atraumatic_rupture | trigger_finger,"Rotator cuff tear / repair | Spontaneous / trivial-trauma rupture mechanism | Spontaneous distal biceps tendon rupture (""Popeye sign"") | Trigger finger / stenosing tenosynovitis","biceps_rupture:5.0(same_icd_category;tokens=rupture,spontaneou,tendon) | spontaneous_atraumatic_rupture:5.0(same_icd_category;tokens=rupture,spontaneou,tendon) | trigger_finger:4.0(same_icd_category;tokens=flexor,tendon) | rotator_cuff:3.0(same_icd_category;tokens=rupture)"
M66.331,"Spontaneous rupture of flexor tendons, right forearm",CONFIGURED_ICD_CATEGORY,biceps_rupture | rotator_cuff | spontaneous_atraumatic_rupture | trigger_finger,"Rotator cuff tear / repair | Spontaneous / trivial-trauma rupture mechanism | Spontaneous distal biceps tendon rupture (""Popeye sign"") | Trigger finger / stenosing tenosynovitis","biceps_rupture:5.0(same_icd_category;tokens=rupture,spontaneou,tendon) | spontaneous_atraumatic_rupture:5.0(same_icd_category;tokens=rupture,spontaneou,tendon) | trigger_finger:4.0(same_icd_category;tokens=flexor,tendon) | rotator_cuff:3.0(same_icd_category;tokens=rupture)"
M66.332,"Spontaneous rupture of flexor tendons, left forearm",CONFIGURED_ICD_CATEGORY,biceps_rupture | rotator_cuff | spontaneous_atraumatic_rupture | trigger_finger,"Rotator cuff tear / repair | Spontaneous / trivial-trauma rupture mechanism | Spontaneous distal biceps tendon rupture (""Popeye sign"") | Trigger finger / stenosing tenosynovitis","biceps_rupture:5.0(same_icd_category;tokens=rupture,spontaneou,tendon) | spontaneous_atraumatic_rupture:5.0(same_icd_category;tokens=rupture,spontaneou,tendon) | trigger_finger:4.0(same_icd_category;tokens=flexor,tendon) | rotator_cuff:3.0(same_icd_category;tokens=rupture)"
M66.339,"Spontaneous rupture of flexor tendons, unspecified forearm",CONFIGURED_ICD_CATEGORY,biceps_rupture | rotator_cuff | spontaneous_atraumatic_rupture | trigger_finger,"Rotator cuff tear / repair | Spontaneous / trivial-trauma rupture mechanism | Spontaneous distal biceps tendon rupture (""Popeye sign"") | Trigger finger / stenosing tenosynovitis","biceps_rupture:5.0(same_icd_category;tokens=rupture,spontaneou,tendon) | spontaneous_atraumatic_rupture:5.0(same_icd_category;tokens=rupture,spontaneou,tendon) | trigger_finger:4.0(same_icd_category;tokens=flexor,tendon) | rotator_cuff:3.0(same_icd_category;tokens=rupture)"
M66.341,"Spontaneous rupture of flexor tendons, right hand",CONFIGURED_ICD_CATEGORY,biceps_rupture | rotator_cuff | spontaneous_atraumatic_rupture | trigger_finger,"Rotator cuff tear / repair | Spontaneous / trivial-trauma rupture mechanism | Spontaneous distal biceps tendon rupture (""Popeye sign"") | Trigger finger / stenosing tenosynovitis","biceps_rupture:5.0(same_icd_category;tokens=rupture,spontaneou,tendon) | spontaneous_atraumatic_rupture:5.0(same_icd_category;tokens=rupture,spontaneou,tendon) | trigger_finger:4.0(same_icd_category;tokens=flexor,tendon) | rotator_cuff:3.0(same_icd_category;tokens=rupture)"
M66.342,"Spontaneous rupture of flexor tendons, left hand",CONFIGURED_ICD_CATEGORY,biceps_rupture | rotator_cuff | spontaneous_atraumatic_rupture | trigger_finger,"Rotator cuff tear / repair | Spontaneous / trivial-trauma rupture mechanism | Spontaneous distal biceps tendon rupture (""Popeye sign"") | Trigger finger / stenosing tenosynovitis","biceps_rupture:5.0(same_icd_category;tokens=rupture,spontaneou,tendon) | spontaneous_atraumatic_rupture:5.0(same_icd_category;tokens=rupture,spontaneou,tendon) | trigger_finger:4.0(same_icd_category;tokens=flexor,tendon) | rotator_cuff:3.0(same_icd_category;tokens=rupture)"
M66.349,"Spontaneous rupture of flexor tendons, unspecified hand",CONFIGURED_ICD_CATEGORY,biceps_rupture | rotator_cuff | spontaneous_atraumatic_rupture | trigger_finger,"Rotator cuff tear / repair | Spontaneous / trivial-trauma rupture mechanism | Spontaneous distal biceps tendon rupture (""Popeye sign"") | Trigger finger / stenosing tenosynovitis","biceps_rupture:5.0(same_icd_category;tokens=rupture,spontaneou,tendon) | spontaneous_atraumatic_rupture:5.0(same_icd_category;tokens=rupture,spontaneou,tendon) | trigger_finger:4.0(same_icd_category;tokens=flexor,tendon) | rotator_cuff:3.0(same_icd_category;tokens=rupture)"
M66.351,"Spontaneous rupture of flexor tendons, right thigh",CONFIGURED_ICD_CATEGORY,biceps_rupture | rotator_cuff | spontaneous_atraumatic_rupture | trigger_finger,"Rotator cuff tear / repair | Spontaneous / trivial-trauma rupture mechanism | Spontaneous distal biceps tendon rupture (""Popeye sign"") | Trigger finger / stenosing tenosynovitis","biceps_rupture:5.0(same_icd_category;tokens=rupture,spontaneou,tendon) | spontaneous_atraumatic_rupture:5.0(same_icd_category;tokens=rupture,spontaneou,tendon) | trigger_finger:4.0(same_icd_category;tokens=flexor,tendon) | rotator_cuff:3.0(same_icd_category;tokens=rupture)"
M66.352,"Spontaneous rupture of flexor tendons, left thigh",CONFIGURED_ICD_CATEGORY,biceps_rupture | rotator_cuff | spontaneous_atraumatic_rupture | trigger_finger,"Rotator cuff tear / repair | Spontaneous / trivial-trauma rupture mechanism | Spontaneous distal biceps tendon rupture (""Popeye sign"") | Trigger finger / stenosing tenosynovitis","biceps_rupture:5.0(same_icd_category;tokens=rupture,spontaneou,tendon) | spontaneous_atraumatic_rupture:5.0(same_icd_category;tokens=rupture,spontaneou,tendon) | trigger_finger:4.0(same_icd_category;tokens=flexor,tendon) | rotator_cuff:3.0(same_icd_category;tokens=rupture)"
M66.359,"Spontaneous rupture of flexor tendons, unspecified thigh",CONFIGURED_ICD_CATEGORY,biceps_rupture | rotator_cuff | spontaneous_atraumatic_rupture | trigger_finger,"Rotator cuff tear / repair | Spontaneous / trivial-trauma rupture mechanism | Spontaneous distal biceps tendon rupture (""Popeye sign"") | Trigger finger / stenosing tenosynovitis","biceps_rupture:5.0(same_icd_category;tokens=rupture,spontaneou,tendon) | spontaneous_atraumatic_rupture:5.0(same_icd_category;tokens=rupture,spontaneou,tendon) | trigger_finger:4.0(same_icd_category;tokens=flexor,tendon) | rotator_cuff:3.0(same_icd_category;tokens=rupture)"
M66.361,"Spontaneous rupture of flexor tendons, right lower leg",CONFIGURED_ICD_CATEGORY,biceps_rupture | rotator_cuff | spontaneous_atraumatic_rupture | trigger_finger,"Rotator cuff tear / repair | Spontaneous / trivial-trauma rupture mechanism | Spontaneous distal biceps tendon rupture (""Popeye sign"") | Trigger finger / stenosing tenosynovitis","biceps_rupture:5.0(same_icd_category;tokens=rupture,spontaneou,tendon) | spontaneous_atraumatic_rupture:5.0(same_icd_category;tokens=rupture,spontaneou,tendon) | trigger_finger:4.0(same_icd_category;tokens=flexor,tendon) | rotator_cuff:3.0(same_icd_category;tokens=rupture)"
M66.369,"Spontaneous rupture of flexor tendons, unspecified lower leg",CONFIGURED_ICD_CATEGORY,biceps_rupture | rotator_cuff | spontaneous_atraumatic_rupture | trigger_finger,"Rotator cuff tear / repair | Spontaneous / trivial-trauma rupture mechanism | Spontaneous distal biceps tendon rupture (""Popeye sign"") | Trigger finger / stenosing tenosynovitis","biceps_rupture:5.0(same_icd_category;tokens=rupture,spontaneou,tendon) | spontaneous_atraumatic_rupture:5.0(same_icd_category;tokens=rupture,spontaneou,tendon) | trigger_finger:4.0(same_icd_category;tokens=flexor,tendon) | rotator_cuff:3.0(same_icd_category;tokens=rupture)"
M66.371,"Spontaneous rupture of flexor tendons, right ankle and foot",CONFIGURED_ICD_CATEGORY,biceps_rupture | rotator_cuff | spontaneous_atraumatic_rupture | trigger_finger,"Rotator cuff tear / repair | Spontaneous / trivial-trauma rupture mechanism | Spontaneous distal biceps tendon rupture (""Popeye sign"") | Trigger finger / stenosing tenosynovitis","biceps_rupture:5.0(same_icd_category;tokens=rupture,spontaneou,tendon) | spontaneous_atraumatic_rupture:5.0(same_icd_category;tokens=rupture,spontaneou,tendon) | trigger_finger:4.0(same_icd_category;tokens=flexor,tendon) | rotator_cuff:3.0(same_icd_category;tokens=rupture)"
M66.379,"Spontaneous rupture of flexor tendons, unspecified ankle and foot",CONFIGURED_ICD_CATEGORY,biceps_rupture | rotator_cuff | spontaneous_atraumatic_rupture | trigger_finger,"Rotator cuff tear / repair | Spontaneous / trivial-trauma rupture mechanism | Spontaneous distal biceps tendon rupture (""Popeye sign"") | Trigger finger / stenosing tenosynovitis","biceps_rupture:5.0(same_icd_category;tokens=rupture,spontaneou,tendon) | spontaneous_atraumatic_rupture:5.0(same_icd_category;tokens=rupture,spontaneou,tendon) | trigger_finger:4.0(same_icd_category;tokens=flexor,tendon) | rotator_cuff:3.0(same_icd_category;tokens=rupture)"
M66.39,"Spontaneous rupture of flexor tendons, multiple sites",CONFIGURED_ICD_CATEGORY,biceps_rupture | rotator_cuff | spontaneous_atraumatic_rupture | trigger_finger,"Rotator cuff tear / repair | Spontaneous / trivial-trauma rupture mechanism | Spontaneous distal biceps tendon rupture (""Popeye sign"") | Trigger finger / stenosing tenosynovitis","biceps_rupture:5.0(same_icd_category;tokens=rupture,spontaneou,tendon) | spontaneous_atraumatic_rupture:5.0(same_icd_category;tokens=rupture,spontaneou,tendon) | trigger_finger:4.0(same_icd_category;tokens=flexor,tendon) | rotator_cuff:3.0(same_icd_category;tokens=rupture)"
M66.811,"Spontaneous rupture of other tendons, right shoulder",CONFIGURED_ICD_CATEGORY,biceps_rupture | rotator_cuff | spontaneous_atraumatic_rupture | trigger_finger,"Rotator cuff tear / repair | Spontaneous / trivial-trauma rupture mechanism | Spontaneous distal biceps tendon rupture (""Popeye sign"") | Trigger finger / stenosing tenosynovitis","biceps_rupture:5.0(same_icd_category;tokens=rupture,spontaneou,tendon) | spontaneous_atraumatic_rupture:5.0(same_icd_category;tokens=rupture,spontaneou,tendon) | rotator_cuff:4.0(same_icd_category;tokens=rupture,shoulder) | trigger_finger:3.0(same_icd_category;tokens=tendon)"
M66.812,"Spontaneous rupture of other tendons, left shoulder",CONFIGURED_ICD_CATEGORY,biceps_rupture | rotator_cuff | spontaneous_atraumatic_rupture | trigger_finger,"Rotator cuff tear / repair | Spontaneous / trivial-trauma rupture mechanism | Spontaneous distal biceps tendon rupture (""Popeye sign"") | Trigger finger / stenosing tenosynovitis","biceps_rupture:5.0(same_icd_category;tokens=rupture,spontaneou,tendon) | spontaneous_atraumatic_rupture:5.0(same_icd_category;tokens=rupture,spontaneou,tendon) | rotator_cuff:4.0(same_icd_category;tokens=rupture,shoulder) | trigger_finger:3.0(same_icd_category;tokens=tendon)"
M66.819,"Spontaneous rupture of other tendons, unspecified shoulder",CONFIGURED_ICD_CATEGORY,biceps_rupture | rotator_cuff | spontaneous_atraumatic_rupture | trigger_finger,"Rotator cuff tear / repair | Spontaneous / trivial-trauma rupture mechanism | Spontaneous distal biceps tendon rupture (""Popeye sign"") | Trigger finger / stenosing tenosynovitis","biceps_rupture:5.0(same_icd_category;tokens=rupture,spontaneou,tendon) | spontaneous_atraumatic_rupture:5.0(same_icd_category;tokens=rupture,spontaneou,tendon) | rotator_cuff:4.0(same_icd_category;tokens=rupture,shoulder) | trigger_finger:3.0(same_icd_category;tokens=tendon)"
M66.831,"Spontaneous rupture of other tendons, right forearm",CONFIGURED_ICD_CATEGORY,biceps_rupture | rotator_cuff | spontaneous_atraumatic_rupture | trigger_finger,"Rotator cuff tear / repair | Spontaneous / trivial-trauma rupture mechanism | Spontaneous distal biceps tendon rupture (""Popeye sign"") | Trigger finger / stenosing tenosynovitis","biceps_rupture:5.0(same_icd_category;tokens=rupture,spontaneou,tendon) | spontaneous_atraumatic_rupture:5.0(same_icd_category;tokens=rupture,spontaneou,tendon) | rotator_cuff:3.0(same_icd_category;tokens=rupture) | trigger_finger:3.0(same_icd_category;tokens=tendon)"
M66.832,"Spontaneous rupture of other tendons, left forearm",CONFIGURED_ICD_CATEGORY,biceps_rupture | rotator_cuff | spontaneous_atraumatic_rupture | trigger_finger,"Rotator cuff tear / repair | Spontaneous / trivial-trauma rupture mechanism | Spontaneous distal biceps tendon rupture (""Popeye sign"") | Trigger finger / stenosing tenosynovitis","biceps_rupture:5.0(same_icd_category;tokens=rupture,spontaneou,tendon) | spontaneous_atraumatic_rupture:5.0(same_icd_category;tokens=rupture,spontaneou,tendon) | rotator_cuff:3.0(same_icd_category;tokens=rupture) | trigger_finger:3.0(same_icd_category;tokens=tendon)"
M66.839,"Spontaneous rupture of other tendons, unspecified forearm",CONFIGURED_ICD_CATEGORY,biceps_rupture | rotator_cuff | spontaneous_atraumatic_rupture | trigger_finger,"Rotator cuff tear / repair | Spontaneous / trivial-trauma rupture mechanism | Spontaneous distal biceps tendon rupture (""Popeye sign"") | Trigger finger / stenosing tenosynovitis","biceps_rupture:5.0(same_icd_category;tokens=rupture,spontaneou,tendon) | spontaneous_atraumatic_rupture:5.0(same_icd_category;tokens=rupture,spontaneou,tendon) | rotator_cuff:3.0(same_icd_category;tokens=rupture) | trigger_finger:3.0(same_icd_category;tokens=tendon)"
M66.842,"Spontaneous rupture of other tendons, left hand",CONFIGURED_ICD_CATEGORY,biceps_rupture | rotator_cuff | spontaneous_atraumatic_rupture | trigger_finger,"Rotator cuff tear / repair | Spontaneous / trivial-trauma rupture mechanism | Spontaneous distal biceps tendon rupture (""Popeye sign"") | Trigger finger / stenosing tenosynovitis","biceps_rupture:5.0(same_icd_category;tokens=rupture,spontaneou,tendon) | spontaneous_atraumatic_rupture:5.0(same_icd_category;tokens=rupture,spontaneou,tendon) | rotator_cuff:3.0(same_icd_category;tokens=rupture) | trigger_finger:3.0(same_icd_category;tokens=tendon)"
M66.849,"Spontaneous rupture of other tendons, unspecified hand",CONFIGURED_ICD_CATEGORY,biceps_rupture | rotator_cuff | spontaneous_atraumatic_rupture | trigger_finger,"Rotator cuff tear / repair | Spontaneous / trivial-trauma rupture mechanism | Spontaneous distal biceps tendon rupture (""Popeye sign"") | Trigger finger / stenosing tenosynovitis","biceps_rupture:5.0(same_icd_category;tokens=rupture,spontaneou,tendon) | spontaneous_atraumatic_rupture:5.0(same_icd_category;tokens=rupture,spontaneou,tendon) | rotator_cuff:3.0(same_icd_category;tokens=rupture) | trigger_finger:3.0(same_icd_category;tokens=tendon)"
M66.851,"Spontaneous rupture of other tendons, right thigh",CONFIGURED_ICD_CATEGORY,biceps_rupture | rotator_cuff | spontaneous_atraumatic_rupture | trigger_finger,"Rotator cuff tear / repair | Spontaneous / trivial-trauma rupture mechanism | Spontaneous distal biceps tendon rupture (""Popeye sign"") | Trigger finger / stenosing tenosynovitis","biceps_rupture:5.0(same_icd_category;tokens=rupture,spontaneou,tendon) | spontaneous_atraumatic_rupture:5.0(same_icd_category;tokens=rupture,spontaneou,tendon) | rotator_cuff:3.0(same_icd_category;tokens=rupture) | trigger_finger:3.0(same_icd_category;tokens=tendon)"
M66.852,"Spontaneous rupture of other tendons, left thigh",CONFIGURED_ICD_CATEGORY,biceps_rupture | rotator_cuff | spontaneous_atraumatic_rupture | trigger_finger,"Rotator cuff tear / repair | Spontaneous / trivial-trauma rupture mechanism | Spontaneous distal biceps tendon rupture (""Popeye sign"") | Trigger finger / stenosing tenosynovitis","biceps_rupture:5.0(same_icd_category;tokens=rupture,spontaneou,tendon) | spontaneous_atraumatic_rupture:5.0(same_icd_category;tokens=rupture,spontaneou,tendon) | rotator_cuff:3.0(same_icd_category;tokens=rupture) | trigger_finger:3.0(same_icd_category;tokens=tendon)"
M66.859,"Spontaneous rupture of other tendons, unspecified thigh",CONFIGURED_ICD_CATEGORY,biceps_rupture | rotator_cuff | spontaneous_atraumatic_rupture | trigger_finger,"Rotator cuff tear / repair | Spontaneous / trivial-trauma rupture mechanism | Spontaneous distal biceps tendon rupture (""Popeye sign"") | Trigger finger / stenosing tenosynovitis","biceps_rupture:5.0(same_icd_category;tokens=rupture,spontaneou,tendon) | spontaneous_atraumatic_rupture:5.0(same_icd_category;tokens=rupture,spontaneou,tendon) | rotator_cuff:3.0(same_icd_category;tokens=rupture) | trigger_finger:3.0(same_icd_category;tokens=tendon)"
M66.861,"Spontaneous rupture of other tendons, right lower leg",CONFIGURED_ICD_CATEGORY,biceps_rupture | rotator_cuff | spontaneous_atraumatic_rupture | trigger_finger,"Rotator cuff tear / repair | Spontaneous / trivial-trauma rupture mechanism | Spontaneous distal biceps tendon rupture (""Popeye sign"") | Trigger finger / stenosing tenosynovitis","biceps_rupture:5.0(same_icd_category;tokens=rupture,spontaneou,tendon) | spontaneous_atraumatic_rupture:5.0(same_icd_category;tokens=rupture,spontaneou,tendon) | rotator_cuff:3.0(same_icd_category;tokens=rupture) | trigger_finger:3.0(same_icd_category;tokens=tendon)"
M66.862,"Spontaneous rupture of other tendons, left lower leg",CONFIGURED_ICD_CATEGORY,biceps_rupture | rotator_cuff | spontaneous_atraumatic_rupture | trigger_finger,"Rotator cuff tear / repair | Spontaneous / trivial-trauma rupture mechanism | Spontaneous distal biceps tendon rupture (""Popeye sign"") | Trigger finger / stenosing tenosynovitis","biceps_rupture:5.0(same_icd_category;tokens=rupture,spontaneou,tendon) | spontaneous_atraumatic_rupture:5.0(same_icd_category;tokens=rupture,spontaneou,tendon) | rotator_cuff:3.0(same_icd_category;tokens=rupture) | trigger_finger:3.0(same_icd_category;tokens=tendon)"
M66.869,"Spontaneous rupture of other tendons, unspecified lower leg",CONFIGURED_ICD_CATEGORY,biceps_rupture | rotator_cuff | spontaneous_atraumatic_rupture | trigger_finger,"Rotator cuff tear / repair | Spontaneous / trivial-trauma rupture mechanism | Spontaneous distal biceps tendon rupture (""Popeye sign"") | Trigger finger / stenosing tenosynovitis","biceps_rupture:5.0(same_icd_category;tokens=rupture,spontaneou,tendon) | spontaneous_atraumatic_rupture:5.0(same_icd_category;tokens=rupture,spontaneou,tendon) | rotator_cuff:3.0(same_icd_category;tokens=rupture) | trigger_finger:3.0(same_icd_category;tokens=tendon)"
M66.879,"Spontaneous rupture of other tendons, unspecified ankle and foot",CONFIGURED_ICD_CATEGORY,biceps_rupture | rotator_cuff | spontaneous_atraumatic_rupture | trigger_finger,"Rotator cuff tear / repair | Spontaneous / trivial-trauma rupture mechanism | Spontaneous distal biceps tendon rupture (""Popeye sign"") | Trigger finger / stenosing tenosynovitis","biceps_rupture:5.0(same_icd_category;tokens=rupture,spontaneou,tendon) | spontaneous_atraumatic_rupture:5.0(same_icd_category;tokens=rupture,spontaneou,tendon) | rotator_cuff:3.0(same_icd_category;tokens=rupture) | trigger_finger:3.0(same_icd_category;tokens=tendon)"
M75.90,"Shoulder lesion, unspecified, unspecified shoulder",CONFIGURED_ICD_CATEGORY,rotator_cuff | shoulder_disorder,Other shoulder disorder | Rotator cuff tear / repair,rotator_cuff:3.0(same_icd_category;tokens=shoulder) | shoulder_disorder:3.0(same_icd_category;tokens=shoulder)
M86.419,"Chronic osteomyelitis with draining sinus, unspecified shoulder",ATOM_PHRASE_MATCH,chronic_infection,Chronic or active infection,"chronic_infection:7.0(phrase;tokens=chronic,osteomyeliti)"
M86.429,"Chronic osteomyelitis with draining sinus, unspecified humerus",ATOM_PHRASE_MATCH,chronic_infection,Chronic or active infection,"chronic_infection:7.0(phrase;tokens=chronic,osteomyeliti)"
M86.431,"Chronic osteomyelitis with draining sinus, right radius and ulna",ATOM_PHRASE_MATCH,chronic_infection,Chronic or active infection,"chronic_infection:7.0(phrase;tokens=chronic,osteomyeliti)"
M86.439,"Chronic osteomyelitis with draining sinus, unspecified radius and ulna",ATOM_PHRASE_MATCH,chronic_infection,Chronic or active infection,"chronic_infection:7.0(phrase;tokens=chronic,osteomyeliti)"
M86.449,"Chronic osteomyelitis with draining sinus, unspecified hand",ATOM_PHRASE_MATCH,chronic_infection,Chronic or active infection,"chronic_infection:7.0(phrase;tokens=chronic,osteomyeliti)"
M86.459,"Chronic osteomyelitis with draining sinus, unspecified femur",ATOM_PHRASE_MATCH,chronic_infection,Chronic or active infection,"chronic_infection:7.0(phrase;tokens=chronic,osteomyeliti)"
M92.31,"Other juvenile osteochondrosis, right upper limb",ATOM_PHRASE_MATCH,cts_right,"Carpal tunnel syndrome, right","cts_right:3.0(tokens=limb,right,upper)"
M92.32,"Other juvenile osteochondrosis, left upper limb",ATOM_PHRASE_MATCH,cts_left,"Carpal tunnel syndrome, left","cts_left:3.0(tokens=left,limb,upper)"
M99.23,Subluxation stenosis of neural canal of lumbar region,ATOM_PHRASE_MATCH,lumbar_stenosis,Lumbar spinal stenosis,"lumbar_stenosis:3.0(tokens=canal,lumbar,stenosi)"
M99.43,Connective tissue stenosis of neural canal of lumbar region,ATOM_PHRASE_MATCH,lumbar_stenosis,Lumbar spinal stenosis,"lumbar_stenosis:3.0(tokens=canal,lumbar,stenosi)"
N04.22,Secondary membranous nephropathy with nephrotic syndrome,CONFIGURED_ICD_CATEGORY,nephrotic_syndrome,Nephrotic syndrome,nephrotic_syndrome:3.0(same_icd_category;tokens=nephrotic)
N04.29,Other nephrotic syndrome with diffuse membranous glomerulonephritis,CONFIGURED_ICD_CATEGORY,nephrotic_syndrome,Nephrotic syndrome,nephrotic_syndrome:3.0(same_icd_category;tokens=nephrotic)
N04.3,Nephrotic syndrome with diffuse mesangial proliferative glomerulonephritis,CONFIGURED_ICD_CATEGORY,nephrotic_syndrome,Nephrotic syndrome,nephrotic_syndrome:3.0(same_icd_category;tokens=nephrotic)
N04.4,Nephrotic syndrome with diffuse endocapillary proliferative glomerulonephritis,CONFIGURED_ICD_CATEGORY,nephrotic_syndrome,Nephrotic syndrome,nephrotic_syndrome:3.0(same_icd_category;tokens=nephrotic)
N04.6,Nephrotic syndrome with dense deposit disease,CONFIGURED_ICD_CATEGORY,nephrotic_syndrome,Nephrotic syndrome,nephrotic_syndrome:3.0(same_icd_category;tokens=nephrotic)
N04.7,Nephrotic syndrome with diffuse crescentic glomerulonephritis,CONFIGURED_ICD_CATEGORY,nephrotic_syndrome,Nephrotic syndrome,nephrotic_syndrome:3.0(same_icd_category;tokens=nephrotic)
N04.A,Nephrotic syndrome with C3 glomerulonephritis,CONFIGURED_ICD_CATEGORY,nephrotic_syndrome,Nephrotic syndrome,nephrotic_syndrome:3.0(same_icd_category;tokens=nephrotic)
N04.B1,Nephrotic syndrome with idiopathic immune complex membranoproliferative glomerulonephritis (IC-MPGN),CONFIGURED_ICD_CATEGORY,nephrotic_syndrome,Nephrotic syndrome,nephrotic_syndrome:3.0(same_icd_category;tokens=nephrotic)
N31.1,"Reflex neuropathic bladder, not elsewhere classified",CONFIGURED_ICD_CATEGORY,neurogenic_bladder | urinary_incontinence | urinary_retention,neurogenic bladder | urinary incontinence | urinary retention,neurogenic_bladder:3.0(same_icd_category;tokens=bladder) | urinary_incontinence:3.0(same_icd_category;tokens=bladder) | urinary_retention:3.0(same_icd_category;tokens=bladder)
N52.32,Erectile dysfunction following radical cystectomy,CONFIGURED_ICD_CATEGORY,erectile_dysfunction,erectile dysfunction,"erectile_dysfunction:9.0(phrase;same_icd_category;tokens=dysfunction,erectile)"
N52.36,Erectile dysfunction following interstitial seed therapy,CONFIGURED_ICD_CATEGORY,erectile_dysfunction,erectile dysfunction,"erectile_dysfunction:9.0(phrase;same_icd_category;tokens=dysfunction,erectile)"
O03.32,Renal failure following incomplete spontaneous abortion,ATOM_PHRASE_MATCH,kidney_failure,Kidney failure / end-stage renal disease,"kidney_failure:7.0(phrase;tokens=failure,renal)"
O04.82,Renal failure following (induced) termination of pregnancy,ATOM_PHRASE_MATCH,kidney_failure,Kidney failure / end-stage renal disease,"kidney_failure:7.0(phrase;tokens=failure,renal)"
O07.32,Renal failure following failed attempted termination of pregnancy,ATOM_PHRASE_MATCH,kidney_failure,Kidney failure / end-stage renal disease,"kidney_failure:7.0(phrase;tokens=failure,renal)"
O10.02,Pre-existing essential hypertension complicating childbirth,ATOM_PHRASE_MATCH,hypertension,Hypertension,"hypertension:3.0(tokens=exist,hypertension,pre)"
O10.111,"Pre-existing hypertensive heart disease complicating pregnancy, first trimester",ATOM_PHRASE_MATCH,hypertension,Hypertension,"hypertension:3.0(tokens=exist,hypertensive,pre)"
O10.12,Pre-existing hypertensive heart disease complicating childbirth,ATOM_PHRASE_MATCH,hypertension,Hypertension,"hypertension:3.0(tokens=exist,hypertensive,pre)"
O10.13,Pre-existing hypertensive heart disease complicating the puerperium,ATOM_PHRASE_MATCH,hypertension,Hypertension,"hypertension:3.0(tokens=exist,hypertensive,pre)"
O10.22,Pre-existing hypertensive chronic kidney disease complicating childbirth,ATOM_PHRASE_MATCH,hypertension | renal_dysfunction,Hypertension | Renal dysfunction / chronic kidney disease,"renal_dysfunction:7.0(phrase;tokens=chronic,kidney) | hypertension:3.0(tokens=exist,hypertensive,pre)"
O10.23,Pre-existing hypertensive chronic kidney disease complicating the puerperium,ATOM_PHRASE_MATCH,hypertension | renal_dysfunction,Hypertension | Renal dysfunction / chronic kidney disease,"renal_dysfunction:7.0(phrase;tokens=chronic,kidney) | hypertension:3.0(tokens=exist,hypertensive,pre)"
O10.311,"Pre-existing hypertensive heart and chronic kidney disease complicating pregnancy, first trimester",ATOM_PHRASE_MATCH,hypertension | renal_dysfunction,Hypertension | Renal dysfunction / chronic kidney disease,"renal_dysfunction:7.0(phrase;tokens=chronic,kidney) | hypertension:3.0(tokens=exist,hypertensive,pre)"
O10.312,"Pre-existing hypertensive heart and chronic kidney disease complicating pregnancy, second trimester",ATOM_PHRASE_MATCH,hypertension | renal_dysfunction,Hypertension | Renal dysfunction / chronic kidney disease,"renal_dysfunction:7.0(phrase;tokens=chronic,kidney) | hypertension:3.0(tokens=exist,hypertensive,pre)"
O10.313,"Pre-existing hypertensive heart and chronic kidney disease complicating pregnancy, third trimester",ATOM_PHRASE_MATCH,hypertension | renal_dysfunction,Hypertension | Renal dysfunction / chronic kidney disease,"renal_dysfunction:7.0(phrase;tokens=chronic,kidney) | hypertension:3.0(tokens=exist,hypertensive,pre)"
O10.319,"Pre-existing hypertensive heart and chronic kidney disease complicating pregnancy, unspecified trimester",ATOM_PHRASE_MATCH,hypertension | renal_dysfunction,Hypertension | Renal dysfunction / chronic kidney disease,"renal_dysfunction:7.0(phrase;tokens=chronic,kidney) | hypertension:3.0(tokens=exist,hypertensive,pre)"
O10.32,Pre-existing hypertensive heart and chronic kidney disease complicating childbirth,ATOM_PHRASE_MATCH,hypertension | renal_dysfunction,Hypertension | Renal dysfunction / chronic kidney disease,"renal_dysfunction:7.0(phrase;tokens=chronic,kidney) | hypertension:3.0(tokens=exist,hypertensive,pre)"
O10.33,Pre-existing hypertensive heart and chronic kidney disease complicating the puerperium,ATOM_PHRASE_MATCH,hypertension | renal_dysfunction,Hypertension | Renal dysfunction / chronic kidney disease,"renal_dysfunction:7.0(phrase;tokens=chronic,kidney) | hypertension:3.0(tokens=exist,hypertensive,pre)"
O10.42,Pre-existing secondary hypertension complicating childbirth,ATOM_PHRASE_MATCH,hypertension,Hypertension,"hypertension:3.0(tokens=exist,hypertension,pre)"
O10.43,Pre-existing secondary hypertension complicating the puerperium,ATOM_PHRASE_MATCH,hypertension,Hypertension,"hypertension:3.0(tokens=exist,hypertension,pre)"
O10.92,Unspecified pre-existing hypertension complicating childbirth,ATOM_PHRASE_MATCH,hypertension,Hypertension,"hypertension:3.0(tokens=exist,hypertension,pre)"
O24.02,"Pre-existing type 1 diabetes mellitus, in childbirth",ATOM_PHRASE_MATCH,diabetes,diabetes,"diabetes:8.0(phrase;tokens=diabete,mellitu,type)"
O24.33,Unspecified pre-existing diabetes mellitus in the puerperium,ATOM_PHRASE_MATCH,diabetes,diabetes,"diabetes:7.0(phrase;tokens=diabete,mellitu)"
O24.424,"Gestational diabetes mellitus in childbirth, insulin controlled",ATOM_PHRASE_MATCH,diabetes,diabetes,"diabetes:7.0(phrase;tokens=diabete,mellitu)"
O24.425,"Gestational diabetes mellitus in childbirth, controlled by oral hypoglycemic drugs",ATOM_PHRASE_MATCH,diabetes,diabetes,"diabetes:7.0(phrase;tokens=diabete,mellitu)"
O24.819,"Other pre-existing diabetes mellitus in pregnancy, unspecified trimester",ATOM_PHRASE_MATCH,diabetes,diabetes,"diabetes:7.0(phrase;tokens=diabete,mellitu)"
O24.82,Other pre-existing diabetes mellitus in childbirth,ATOM_PHRASE_MATCH,diabetes,diabetes,"diabetes:7.0(phrase;tokens=diabete,mellitu)"
O24.83,Other pre-existing diabetes mellitus in the puerperium,ATOM_PHRASE_MATCH,diabetes,diabetes,"diabetes:7.0(phrase;tokens=diabete,mellitu)"
Q71.21,"Congenital absence of both forearm and hand, right upper limb",ATOM_PHRASE_MATCH,cts_right,"Carpal tunnel syndrome, right","cts_right:3.0(tokens=limb,right,upper)"
Q71.22,"Congenital absence of both forearm and hand, left upper limb",ATOM_PHRASE_MATCH,cts_left,"Carpal tunnel syndrome, left","cts_left:3.0(tokens=left,limb,upper)"
Q71.811,Congenital shortening of right upper limb,ATOM_PHRASE_MATCH,cts_right,"Carpal tunnel syndrome, right","cts_right:3.0(tokens=limb,right,upper)"
Q71.91,Unspecified reduction defect of right upper limb,ATOM_PHRASE_MATCH,cts_right,"Carpal tunnel syndrome, right","cts_right:3.0(tokens=limb,right,upper)"
Q72.20,"Congenital absence of both lower leg and foot, unspecified lower limb",ATOM_PHRASE_MATCH,burning_feet,Burning feet,"burning_feet:3.0(tokens=foot,limb,lower)"
Q72.21,"Congenital absence of both lower leg and foot, right lower limb",ATOM_PHRASE_MATCH,burning_feet,Burning feet,"burning_feet:3.0(tokens=foot,limb,lower)"
Q72.22,"Congenital absence of both lower leg and foot, left lower limb",ATOM_PHRASE_MATCH,burning_feet,Burning feet,"burning_feet:3.0(tokens=foot,limb,lower)"
Q72.70,"Split foot, unspecified lower limb",ATOM_PHRASE_MATCH,burning_feet,Burning feet,"burning_feet:3.0(tokens=foot,limb,lower)"
Q72.71,"Split foot, right lower limb",ATOM_PHRASE_MATCH,burning_feet,Burning feet,"burning_feet:3.0(tokens=foot,limb,lower)"
Q72.72,"Split foot, left lower limb",ATOM_PHRASE_MATCH,burning_feet,Burning feet,"burning_feet:3.0(tokens=foot,limb,lower)"
QA0.0139,"Neurodevelopmental disorder, related to pathogenic variant in other transporter or solute carrier gene",ATOM_PHRASE_MATCH,ttr_pathogenic_variant,Pathogenic or likely pathogenic TTR variant in the patient,"ttr_pathogenic_variant:3.0(tokens=carrier,pathogenic,variant)"
R19.11,Absent bowel sounds,CONFIGURED_ICD_CATEGORY,constipation,constipation,constipation:3.0(same_icd_category;tokens=bowel)
S06.1X0A,"Traumatic cerebral edema without loss of consciousness, initial encounter",ATOM_PHRASE_MATCH,syncope,Syncope / presyncope,"syncope:7.0(phrase;tokens=consciousness,loss)"
S06.1X0D,"Traumatic cerebral edema without loss of consciousness, subsequent encounter",ATOM_PHRASE_MATCH,syncope,Syncope / presyncope,"syncope:7.0(phrase;tokens=consciousness,loss)"
S06.1X0S,"Traumatic cerebral edema without loss of consciousness, sequela",ATOM_PHRASE_MATCH,syncope,Syncope / presyncope,"syncope:7.0(phrase;tokens=consciousness,loss)"
S06.1X1A,"Traumatic cerebral edema with loss of consciousness of 30 minutes or less, initial encounter",ATOM_PHRASE_MATCH,syncope,Syncope / presyncope,"syncope:7.0(phrase;tokens=consciousness,loss)"
S06.1X1D,"Traumatic cerebral edema with loss of consciousness of 30 minutes or less, subsequent encounter",ATOM_PHRASE_MATCH,syncope,Syncope / presyncope,"syncope:7.0(phrase;tokens=consciousness,loss)"
S06.1X1S,"Traumatic cerebral edema with loss of consciousness of 30 minutes or less, sequela",ATOM_PHRASE_MATCH,syncope,Syncope / presyncope,"syncope:7.0(phrase;tokens=consciousness,loss)"
S06.1X2A,"Traumatic cerebral edema with loss of consciousness of 31 minutes to 59 minutes, initial encounter",ATOM_PHRASE_MATCH,syncope,Syncope / presyncope,"syncope:7.0(phrase;tokens=consciousness,loss)"
S06.1X2D,"Traumatic cerebral edema with loss of consciousness of 31 minutes to 59 minutes, subsequent encounter",ATOM_PHRASE_MATCH,syncope,Syncope / presyncope,"syncope:7.0(phrase;tokens=consciousness,loss)"
S06.1X2S,"Traumatic cerebral edema with loss of consciousness of 31 minutes to 59 minutes, sequela",ATOM_PHRASE_MATCH,syncope,Syncope / presyncope,"syncope:7.0(phrase;tokens=consciousness,loss)"
S06.1X3A,"Traumatic cerebral edema with loss of consciousness of 1 hour to 5 hours 59 minutes, initial encounter",ATOM_PHRASE_MATCH,syncope,Syncope / presyncope,"syncope:7.0(phrase;tokens=consciousness,loss)"
S06.1X3D,"Traumatic cerebral edema with loss of consciousness of 1 hour to 5 hours 59 minutes, subsequent encounter",ATOM_PHRASE_MATCH,syncope,Syncope / presyncope,"syncope:7.0(phrase;tokens=consciousness,loss)"
S06.1X3S,"Traumatic cerebral edema with loss of consciousness of 1 hour to 5 hours 59 minutes, sequela",ATOM_PHRASE_MATCH,syncope,Syncope / presyncope,"syncope:7.0(phrase;tokens=consciousness,loss)"
S06.1X4A,"Traumatic cerebral edema with loss of consciousness of 6 hours to 24 hours, initial encounter",ATOM_PHRASE_MATCH,syncope,Syncope / presyncope,"syncope:7.0(phrase;tokens=consciousness,loss)"
S06.1X4D,"Traumatic cerebral edema with loss of consciousness of 6 hours to 24 hours, subsequent encounter",ATOM_PHRASE_MATCH,syncope,Syncope / presyncope,"syncope:7.0(phrase;tokens=consciousness,loss)"
S06.1X4S,"Traumatic cerebral edema with loss of consciousness of 6 hours to 24 hours, sequela",ATOM_PHRASE_MATCH,syncope,Syncope / presyncope,"syncope:7.0(phrase;tokens=consciousness,loss)"
S06.1X5A,"Traumatic cerebral edema with loss of consciousness greater than 24 hours with return to pre-existing conscious level, initial encounter",ATOM_PHRASE_MATCH,age_excessive_snhl | syncope,Bilateral sensorineural hearing loss disproportionate to age | Syncope / presyncope,"syncope:7.0(phrase;tokens=consciousness,loss) | age_excessive_snhl:3.0(tokens=greater,loss,than)"
S06.1X5D,"Traumatic cerebral edema with loss of consciousness greater than 24 hours with return to pre-existing conscious level, subsequent encounter",ATOM_PHRASE_MATCH,age_excessive_snhl | syncope,Bilateral sensorineural hearing loss disproportionate to age | Syncope / presyncope,"syncope:7.0(phrase;tokens=consciousness,loss) | age_excessive_snhl:3.0(tokens=greater,loss,than)"
S06.1X5S,"Traumatic cerebral edema with loss of consciousness greater than 24 hours with return to pre-existing conscious level, sequela",ATOM_PHRASE_MATCH,age_excessive_snhl | syncope,Bilateral sensorineural hearing loss disproportionate to age | Syncope / presyncope,"syncope:7.0(phrase;tokens=consciousness,loss) | age_excessive_snhl:3.0(tokens=greater,loss,than)"
S06.1X6S,"Traumatic cerebral edema with loss of consciousness greater than 24 hours without return to pre-existing conscious level with patient surviving, sequela",ATOM_PHRASE_MATCH,age_excessive_snhl | syncope,Bilateral sensorineural hearing loss disproportionate to age | Syncope / presyncope,"syncope:7.0(phrase;tokens=consciousness,loss) | age_excessive_snhl:3.0(tokens=greater,loss,than)"
S06.1X7A,"Traumatic cerebral edema with loss of consciousness of any duration with death due to brain injury prior to regaining consciousness, initial encounter",ATOM_PHRASE_MATCH,syncope,Syncope / presyncope,"syncope:7.0(phrase;tokens=consciousness,loss)"
S06.1X8A,"Traumatic cerebral edema with loss of consciousness of any duration with death due to other cause prior to regaining consciousness, initial encounter",ATOM_PHRASE_MATCH,syncope,Syncope / presyncope,"syncope:7.0(phrase;tokens=consciousness,loss)"
S06.1X9A,"Traumatic cerebral edema with loss of consciousness of unspecified duration, initial encounter",ATOM_PHRASE_MATCH,syncope,Syncope / presyncope,"syncope:7.0(phrase;tokens=consciousness,loss)"
S06.1X9D,"Traumatic cerebral edema with loss of consciousness of unspecified duration, subsequent encounter",ATOM_PHRASE_MATCH,syncope,Syncope / presyncope,"syncope:7.0(phrase;tokens=consciousness,loss)"
S06.1X9S,"Traumatic cerebral edema with loss of consciousness of unspecified duration, sequela",ATOM_PHRASE_MATCH,syncope,Syncope / presyncope,"syncope:7.0(phrase;tokens=consciousness,loss)"
S06.1XAD,"Traumatic cerebral edema with loss of consciousness status unknown, subsequent encounter",ATOM_PHRASE_MATCH,syncope,Syncope / presyncope,"syncope:7.0(phrase;tokens=consciousness,loss)"
S06.1XAS,"Traumatic cerebral edema with loss of consciousness status unknown, sequela",ATOM_PHRASE_MATCH,syncope,Syncope / presyncope,"syncope:7.0(phrase;tokens=consciousness,loss)"
S06.2X0S,"Diffuse traumatic brain injury without loss of consciousness, sequela",ATOM_PHRASE_MATCH,syncope,Syncope / presyncope,"syncope:7.0(phrase;tokens=consciousness,loss)"
S06.2X1S,"Diffuse traumatic brain injury with loss of consciousness of 30 minutes or less, sequela",ATOM_PHRASE_MATCH,syncope,Syncope / presyncope,"syncope:7.0(phrase;tokens=consciousness,loss)"
S06.2X2A,"Diffuse traumatic brain injury with loss of consciousness of 31 minutes to 59 minutes, initial encounter",ATOM_PHRASE_MATCH,syncope,Syncope / presyncope,"syncope:7.0(phrase;tokens=consciousness,loss)"
S06.2X2D,"Diffuse traumatic brain injury with loss of consciousness of 31 minutes to 59 minutes, subsequent encounter",ATOM_PHRASE_MATCH,syncope,Syncope / presyncope,"syncope:7.0(phrase;tokens=consciousness,loss)"
S06.2X2S,"Diffuse traumatic brain injury with loss of consciousness of 31 minutes to 59 minutes, sequela",ATOM_PHRASE_MATCH,syncope,Syncope / presyncope,"syncope:7.0(phrase;tokens=consciousness,loss)"
S06.2X3D,"Diffuse traumatic brain injury with loss of consciousness of 1 hour to 5 hours 59 minutes, subsequent encounter",ATOM_PHRASE_MATCH,syncope,Syncope / presyncope,"syncope:7.0(phrase;tokens=consciousness,loss)"
S06.2X3S,"Diffuse traumatic brain injury with loss of consciousness of 1 hour to 5 hours 59 minutes, sequela",ATOM_PHRASE_MATCH,syncope,Syncope / presyncope,"syncope:7.0(phrase;tokens=consciousness,loss)"
S06.2X4A,"Diffuse traumatic brain injury with loss of consciousness of 6 hours to 24 hours, initial encounter",ATOM_PHRASE_MATCH,syncope,Syncope / presyncope,"syncope:7.0(phrase;tokens=consciousness,loss)"
S06.2X4S,"Diffuse traumatic brain injury with loss of consciousness of 6 hours to 24 hours, sequela",ATOM_PHRASE_MATCH,syncope,Syncope / presyncope,"syncope:7.0(phrase;tokens=consciousness,loss)"
S06.2X5A,"Diffuse traumatic brain injury with loss of consciousness greater than 24 hours with return to pre-existing conscious levels, initial encounter",ATOM_PHRASE_MATCH,age_excessive_snhl | syncope,Bilateral sensorineural hearing loss disproportionate to age | Syncope / presyncope,"syncope:7.0(phrase;tokens=consciousness,loss) | age_excessive_snhl:3.0(tokens=greater,loss,than)"
S06.2X7A,"Diffuse traumatic brain injury with loss of consciousness of any duration with death due to brain injury prior to regaining consciousness, initial encounter",ATOM_PHRASE_MATCH,syncope,Syncope / presyncope,"syncope:7.0(phrase;tokens=consciousness,loss)"
S06.2X8A,"Diffuse traumatic brain injury with loss of consciousness of any duration with death due to other cause prior to regaining consciousness, initial encounter",ATOM_PHRASE_MATCH,syncope,Syncope / presyncope,"syncope:7.0(phrase;tokens=consciousness,loss)"
S06.300S,"Unspecified focal traumatic brain injury without loss of consciousness, sequela",ATOM_PHRASE_MATCH,syncope,Syncope / presyncope,"syncope:7.0(phrase;tokens=consciousness,loss)"
S06.301S,"Unspecified focal traumatic brain injury with loss of consciousness of 30 minutes or less, sequela",ATOM_PHRASE_MATCH,syncope,Syncope / presyncope,"syncope:7.0(phrase;tokens=consciousness,loss)"
S06.302D,"Unspecified focal traumatic brain injury with loss of consciousness of 31 minutes to 59 minutes, subsequent encounter",ATOM_PHRASE_MATCH,syncope,Syncope / presyncope,"syncope:7.0(phrase;tokens=consciousness,loss)"
S06.302S,"Unspecified focal traumatic brain injury with loss of consciousness of 31 minutes to 59 minutes, sequela",ATOM_PHRASE_MATCH,syncope,Syncope / presyncope,"syncope:7.0(phrase;tokens=consciousness,loss)"
S06.303D,"Unspecified focal traumatic brain injury with loss of consciousness of 1 hour to 5 hours 59 minutes, subsequent encounter",ATOM_PHRASE_MATCH,syncope,Syncope / presyncope,"syncope:7.0(phrase;tokens=consciousness,loss)"
S06.303S,"Unspecified focal traumatic brain injury with loss of consciousness of 1 hour to 5 hours 59 minutes, sequela",ATOM_PHRASE_MATCH,syncope,Syncope / presyncope,"syncope:7.0(phrase;tokens=consciousness,loss)"
S06.304A,"Unspecified focal traumatic brain injury with loss of consciousness of 6 hours to 24 hours, initial encounter",ATOM_PHRASE_MATCH,syncope,Syncope / presyncope,"syncope:7.0(phrase;tokens=consciousness,loss)"
S06.304D,"Unspecified focal traumatic brain injury with loss of consciousness of 6 hours to 24 hours, subsequent encounter",ATOM_PHRASE_MATCH,syncope,Syncope / presyncope,"syncope:7.0(phrase;tokens=consciousness,loss)"
S06.304S,"Unspecified focal traumatic brain injury with loss of consciousness of 6 hours to 24 hours, sequela",ATOM_PHRASE_MATCH,syncope,Syncope / presyncope,"syncope:7.0(phrase;tokens=consciousness,loss)"
S06.305A,"Unspecified focal traumatic brain injury with loss of consciousness greater than 24 hours with return to pre-existing conscious level, initial encounter",ATOM_PHRASE_MATCH,age_excessive_snhl | syncope,Bilateral sensorineural hearing loss disproportionate to age | Syncope / presyncope,"syncope:7.0(phrase;tokens=consciousness,loss) | age_excessive_snhl:3.0(tokens=greater,loss,than)"
S06.305D,"Unspecified focal traumatic brain injury with loss of consciousness greater than 24 hours with return to pre-existing conscious level, subsequent encounter",ATOM_PHRASE_MATCH,age_excessive_snhl | syncope,Bilateral sensorineural hearing loss disproportionate to age | Syncope / presyncope,"syncope:7.0(phrase;tokens=consciousness,loss) | age_excessive_snhl:3.0(tokens=greater,loss,than)"
S06.305S,"Unspecified focal traumatic brain injury with loss of consciousness greater than 24 hours with return to pre-existing conscious level, sequela",ATOM_PHRASE_MATCH,age_excessive_snhl | syncope,Bilateral sensorineural hearing loss disproportionate to age | Syncope / presyncope,"syncope:7.0(phrase;tokens=consciousness,loss) | age_excessive_snhl:3.0(tokens=greater,loss,than)"
S06.306A,"Unspecified focal traumatic brain injury with loss of consciousness greater than 24 hours without return to pre-existing conscious level with patient surviving, initial encounter",ATOM_PHRASE_MATCH,age_excessive_snhl | syncope,Bilateral sensorineural hearing loss disproportionate to age | Syncope / presyncope,"syncope:7.0(phrase;tokens=consciousness,loss) | age_excessive_snhl:3.0(tokens=greater,loss,than)"
S06.306D,"Unspecified focal traumatic brain injury with loss of consciousness greater than 24 hours without return to pre-existing conscious level with patient surviving, subsequent encounter",ATOM_PHRASE_MATCH,age_excessive_snhl | syncope,Bilateral sensorineural hearing loss disproportionate to age | Syncope / presyncope,"syncope:7.0(phrase;tokens=consciousness,loss) | age_excessive_snhl:3.0(tokens=greater,loss,than)"
S06.306S,"Unspecified focal traumatic brain injury with loss of consciousness greater than 24 hours without return to pre-existing conscious level with patient surviving, sequela",ATOM_PHRASE_MATCH,age_excessive_snhl | syncope,Bilateral sensorineural hearing loss disproportionate to age | Syncope / presyncope,"syncope:7.0(phrase;tokens=consciousness,loss) | age_excessive_snhl:3.0(tokens=greater,loss,than)"
S06.307A,"Unspecified focal traumatic brain injury with loss of consciousness of any duration with death due to brain injury prior to regaining consciousness, initial encounter",ATOM_PHRASE_MATCH,syncope,Syncope / presyncope,"syncope:7.0(phrase;tokens=consciousness,loss)"
S06.308A,"Unspecified focal traumatic brain injury with loss of consciousness of any duration with death due to other cause prior to regaining consciousness, initial encounter",ATOM_PHRASE_MATCH,syncope,Syncope / presyncope,"syncope:7.0(phrase;tokens=consciousness,loss)"
S06.30AS,"Unspecified focal traumatic brain injury with loss of consciousness status unknown, sequela",ATOM_PHRASE_MATCH,syncope,Syncope / presyncope,"syncope:7.0(phrase;tokens=consciousness,loss)"
S06.310S,"Contusion and laceration of right cerebrum without loss of consciousness, sequela",ATOM_PHRASE_MATCH,syncope,Syncope / presyncope,"syncope:7.0(phrase;tokens=consciousness,loss)"
S06.311D,"Contusion and laceration of right cerebrum with loss of consciousness of 30 minutes or less, subsequent encounter",ATOM_PHRASE_MATCH,syncope,Syncope / presyncope,"syncope:7.0(phrase;tokens=consciousness,loss)"
S06.311S,"Contusion and laceration of right cerebrum with loss of consciousness of 30 minutes or less, sequela",ATOM_PHRASE_MATCH,syncope,Syncope / presyncope,"syncope:7.0(phrase;tokens=consciousness,loss)"
S06.312A,"Contusion and laceration of right cerebrum with loss of consciousness of 31 minutes to 59 minutes, initial encounter",ATOM_PHRASE_MATCH,syncope,Syncope / presyncope,"syncope:7.0(phrase;tokens=consciousness,loss)"
S06.312D,"Contusion and laceration of right cerebrum with loss of consciousness of 31 minutes to 59 minutes, subsequent encounter",ATOM_PHRASE_MATCH,syncope,Syncope / presyncope,"syncope:7.0(phrase;tokens=consciousness,loss)"
S06.312S,"Contusion and laceration of right cerebrum with loss of consciousness of 31 minutes to 59 minutes, sequela",ATOM_PHRASE_MATCH,syncope,Syncope / presyncope,"syncope:7.0(phrase;tokens=consciousness,loss)"
S06.313A,"Contusion and laceration of right cerebrum with loss of consciousness of 1 hour to 5 hours 59 minutes, initial encounter",ATOM_PHRASE_MATCH,syncope,Syncope / presyncope,"syncope:7.0(phrase;tokens=consciousness,loss)"
S06.313D,"Contusion and laceration of right cerebrum with loss of consciousness of 1 hour to 5 hours 59 minutes, subsequent encounter",ATOM_PHRASE_MATCH,syncope,Syncope / presyncope,"syncope:7.0(phrase;tokens=consciousness,loss)"
S06.313S,"Contusion and laceration of right cerebrum with loss of consciousness of 1 hour to 5 hours 59 minutes, sequela",ATOM_PHRASE_MATCH,syncope,Syncope / presyncope,"syncope:7.0(phrase;tokens=consciousness,loss)"
S06.314D,"Contusion and laceration of right cerebrum with loss of consciousness of 6 hours to 24 hours, subsequent encounter",ATOM_PHRASE_MATCH,syncope,Syncope / presyncope,"syncope:7.0(phrase;tokens=consciousness,loss)"
S06.314S,"Contusion and laceration of right cerebrum with loss of consciousness of 6 hours to 24 hours, sequela",ATOM_PHRASE_MATCH,syncope,Syncope / presyncope,"syncope:7.0(phrase;tokens=consciousness,loss)"
S06.315A,"Contusion and laceration of right cerebrum with loss of consciousness greater than 24 hours with return to pre-existing conscious level, initial encounter",ATOM_PHRASE_MATCH,age_excessive_snhl | syncope,Bilateral sensorineural hearing loss disproportionate to age | Syncope / presyncope,"syncope:7.0(phrase;tokens=consciousness,loss) | age_excessive_snhl:3.0(tokens=greater,loss,than)"
S06.315D,"Contusion and laceration of right cerebrum with loss of consciousness greater than 24 hours with return to pre-existing conscious level, subsequent encounter",ATOM_PHRASE_MATCH,age_excessive_snhl | syncope,Bilateral sensorineural hearing loss disproportionate to age | Syncope / presyncope,"syncope:7.0(phrase;tokens=consciousness,loss) | age_excessive_snhl:3.0(tokens=greater,loss,than)"
S06.315S,"Contusion and laceration of right cerebrum with loss of consciousness greater than 24 hours with return to pre-existing conscious level, sequela",ATOM_PHRASE_MATCH,age_excessive_snhl | syncope,Bilateral sensorineural hearing loss disproportionate to age | Syncope / presyncope,"syncope:7.0(phrase;tokens=consciousness,loss) | age_excessive_snhl:3.0(tokens=greater,loss,than)"
S06.316A,"Contusion and laceration of right cerebrum with loss of consciousness greater than 24 hours without return to pre-existing conscious level with patient surviving, initial encounter",ATOM_PHRASE_MATCH,age_excessive_snhl | syncope,Bilateral sensorineural hearing loss disproportionate to age | Syncope / presyncope,"syncope:7.0(phrase;tokens=consciousness,loss) | age_excessive_snhl:3.0(tokens=greater,loss,than)"
S06.316D,"Contusion and laceration of right cerebrum with loss of consciousness greater than 24 hours without return to pre-existing conscious level with patient surviving, subsequent encounter",ATOM_PHRASE_MATCH,age_excessive_snhl | syncope,Bilateral sensorineural hearing loss disproportionate to age | Syncope / presyncope,"syncope:7.0(phrase;tokens=consciousness,loss) | age_excessive_snhl:3.0(tokens=greater,loss,than)"
S06.316S,"Contusion and laceration of right cerebrum with loss of consciousness greater than 24 hours without return to pre-existing conscious level with patient surviving, sequela",ATOM_PHRASE_MATCH,age_excessive_snhl | syncope,Bilateral sensorineural hearing loss disproportionate to age | Syncope / presyncope,"syncope:7.0(phrase;tokens=consciousness,loss) | age_excessive_snhl:3.0(tokens=greater,loss,than)"
S06.317A,"Contusion and laceration of right cerebrum with loss of consciousness of any duration with death due to brain injury prior to regaining consciousness, initial encounter",ATOM_PHRASE_MATCH,syncope,Syncope / presyncope,"syncope:7.0(phrase;tokens=consciousness,loss)"
S06.318A,"Contusion and laceration of right cerebrum with loss of consciousness of any duration with death due to other cause prior to regaining consciousness, initial encounter",ATOM_PHRASE_MATCH,syncope,Syncope / presyncope,"syncope:7.0(phrase;tokens=consciousness,loss)"
S06.319S,"Contusion and laceration of right cerebrum with loss of consciousness of unspecified duration, sequela",ATOM_PHRASE_MATCH,syncope,Syncope / presyncope,"syncope:7.0(phrase;tokens=consciousness,loss)"
S06.31AS,"Contusion and laceration of right cerebrum with loss of consciousness status unknown, sequela",ATOM_PHRASE_MATCH,syncope,Syncope / presyncope,"syncope:7.0(phrase;tokens=consciousness,loss)"
S06.320S,"Contusion and laceration of left cerebrum without loss of consciousness, sequela",ATOM_PHRASE_MATCH,syncope,Syncope / presyncope,"syncope:7.0(phrase;tokens=consciousness,loss)"
S06.321D,"Contusion and laceration of left cerebrum with loss of consciousness of 30 minutes or less, subsequent encounter",ATOM_PHRASE_MATCH,syncope,Syncope / presyncope,"syncope:7.0(phrase;tokens=consciousness,loss)"
S06.321S,"Contusion and laceration of left cerebrum with loss of consciousness of 30 minutes or less, sequela",ATOM_PHRASE_MATCH,syncope,Syncope / presyncope,"syncope:7.0(phrase;tokens=consciousness,loss)"
S06.322A,"Contusion and laceration of left cerebrum with loss of consciousness of 31 minutes to 59 minutes, initial encounter",ATOM_PHRASE_MATCH,syncope,Syncope / presyncope,"syncope:7.0(phrase;tokens=consciousness,loss)"
S06.322D,"Contusion and laceration of left cerebrum with loss of consciousness of 31 minutes to 59 minutes, subsequent encounter",ATOM_PHRASE_MATCH,syncope,Syncope / presyncope,"syncope:7.0(phrase;tokens=consciousness,loss)"
S06.322S,"Contusion and laceration of left cerebrum with loss of consciousness of 31 minutes to 59 minutes, sequela",ATOM_PHRASE_MATCH,syncope,Syncope / presyncope,"syncope:7.0(phrase;tokens=consciousness,loss)"
S06.323A,"Contusion and laceration of left cerebrum with loss of consciousness of 1 hour to 5 hours 59 minutes, initial encounter",ATOM_PHRASE_MATCH,syncope,Syncope / presyncope,"syncope:7.0(phrase;tokens=consciousness,loss)"
S06.323D,"Contusion and laceration of left cerebrum with loss of consciousness of 1 hour to 5 hours 59 minutes, subsequent encounter",ATOM_PHRASE_MATCH,syncope,Syncope / presyncope,"syncope:7.0(phrase;tokens=consciousness,loss)"
S06.323S,"Contusion and laceration of left cerebrum with loss of consciousness of 1 hour to 5 hours 59 minutes, sequela",ATOM_PHRASE_MATCH,syncope,Syncope / presyncope,"syncope:7.0(phrase;tokens=consciousness,loss)"
S06.324A,"Contusion and laceration of left cerebrum with loss of consciousness of 6 hours to 24 hours, initial encounter",ATOM_PHRASE_MATCH,syncope,Syncope / presyncope,"syncope:7.0(phrase;tokens=consciousness,loss)"
S06.324D,"Contusion and laceration of left cerebrum with loss of consciousness of 6 hours to 24 hours, subsequent encounter",ATOM_PHRASE_MATCH,syncope,Syncope / presyncope,"syncope:7.0(phrase;tokens=consciousness,loss)"
S06.324S,"Contusion and laceration of left cerebrum with loss of consciousness of 6 hours to 24 hours, sequela",ATOM_PHRASE_MATCH,syncope,Syncope / presyncope,"syncope:7.0(phrase;tokens=consciousness,loss)"
S06.325A,"Contusion and laceration of left cerebrum with loss of consciousness greater than 24 hours with return to pre-existing conscious level, initial encounter",ATOM_PHRASE_MATCH,age_excessive_snhl | syncope,Bilateral sensorineural hearing loss disproportionate to age | Syncope / presyncope,"syncope:7.0(phrase;tokens=consciousness,loss) | age_excessive_snhl:3.0(tokens=greater,loss,than)"
S06.325D,"Contusion and laceration of left cerebrum with loss of consciousness greater than 24 hours with return to pre-existing conscious level, subsequent encounter",ATOM_PHRASE_MATCH,age_excessive_snhl | syncope,Bilateral sensorineural hearing loss disproportionate to age | Syncope / presyncope,"syncope:7.0(phrase;tokens=consciousness,loss) | age_excessive_snhl:3.0(tokens=greater,loss,than)"
S06.325S,"Contusion and laceration of left cerebrum with loss of consciousness greater than 24 hours with return to pre-existing conscious level, sequela",ATOM_PHRASE_MATCH,age_excessive_snhl | syncope,Bilateral sensorineural hearing loss disproportionate to age | Syncope / presyncope,"syncope:7.0(phrase;tokens=consciousness,loss) | age_excessive_snhl:3.0(tokens=greater,loss,than)"
S06.326A,"Contusion and laceration of left cerebrum with loss of consciousness greater than 24 hours without return to pre-existing conscious level with patient surviving, initial encounter",ATOM_PHRASE_MATCH,age_excessive_snhl | syncope,Bilateral sensorineural hearing loss disproportionate to age | Syncope / presyncope,"syncope:7.0(phrase;tokens=consciousness,loss) | age_excessive_snhl:3.0(tokens=greater,loss,than)"
S06.326D,"Contusion and laceration of left cerebrum with loss of consciousness greater than 24 hours without return to pre-existing conscious level with patient surviving, subsequent encounter",ATOM_PHRASE_MATCH,age_excessive_snhl | syncope,Bilateral sensorineural hearing loss disproportionate to age | Syncope / presyncope,"syncope:7.0(phrase;tokens=consciousness,loss) | age_excessive_snhl:3.0(tokens=greater,loss,than)"
S06.326S,"Contusion and laceration of left cerebrum with loss of consciousness greater than 24 hours without return to pre-existing conscious level with patient surviving, sequela",ATOM_PHRASE_MATCH,age_excessive_snhl | syncope,Bilateral sensorineural hearing loss disproportionate to age | Syncope / presyncope,"syncope:7.0(phrase;tokens=consciousness,loss) | age_excessive_snhl:3.0(tokens=greater,loss,than)"
S06.327A,"Contusion and laceration of left cerebrum with loss of consciousness of any duration with death due to brain injury prior to regaining consciousness, initial encounter",ATOM_PHRASE_MATCH,syncope,Syncope / presyncope,"syncope:7.0(phrase;tokens=consciousness,loss)"
S06.328A,"Contusion and laceration of left cerebrum with loss of consciousness of any duration with death due to other cause prior to regaining consciousness, initial encounter",ATOM_PHRASE_MATCH,syncope,Syncope / presyncope,"syncope:7.0(phrase;tokens=consciousness,loss)"
S06.32AS,"Contusion and laceration of left cerebrum with loss of consciousness status unknown, sequela",ATOM_PHRASE_MATCH,syncope,Syncope / presyncope,"syncope:7.0(phrase;tokens=consciousness,loss)"
S06.331D,"Contusion and laceration of cerebrum, unspecified, with loss of consciousness of 30 minutes or less, subsequent encounter",ATOM_PHRASE_MATCH,syncope,Syncope / presyncope,"syncope:7.0(phrase;tokens=consciousness,loss)"
S06.331S,"Contusion and laceration of cerebrum, unspecified, with loss of consciousness of 30 minutes or less, sequela",ATOM_PHRASE_MATCH,syncope,Syncope / presyncope,"syncope:7.0(phrase;tokens=consciousness,loss)"
S06.332A,"Contusion and laceration of cerebrum, unspecified, with loss of consciousness of 31 minutes to 59 minutes, initial encounter",ATOM_PHRASE_MATCH,syncope,Syncope / presyncope,"syncope:7.0(phrase;tokens=consciousness,loss)"
S06.332D,"Contusion and laceration of cerebrum, unspecified, with loss of consciousness of 31 minutes to 59 minutes, subsequent encounter",ATOM_PHRASE_MATCH,syncope,Syncope / presyncope,"syncope:7.0(phrase;tokens=consciousness,loss)"
S06.332S,"Contusion and laceration of cerebrum, unspecified, with loss of consciousness of 31 minutes to 59 minutes, sequela",ATOM_PHRASE_MATCH,syncope,Syncope / presyncope,"syncope:7.0(phrase;tokens=consciousness,loss)"
S06.333D,"Contusion and laceration of cerebrum, unspecified, with loss of consciousness of 1 hour to 5 hours 59 minutes, subsequent encounter",ATOM_PHRASE_MATCH,syncope,Syncope / presyncope,"syncope:7.0(phrase;tokens=consciousness,loss)"
S06.333S,"Contusion and laceration of cerebrum, unspecified, with loss of consciousness of 1 hour to 5 hours 59 minutes, sequela",ATOM_PHRASE_MATCH,syncope,Syncope / presyncope,"syncope:7.0(phrase;tokens=consciousness,loss)"
S06.334D,"Contusion and laceration of cerebrum, unspecified, with loss of consciousness of 6 hours to 24 hours, subsequent encounter",ATOM_PHRASE_MATCH,syncope,Syncope / presyncope,"syncope:7.0(phrase;tokens=consciousness,loss)"
S06.334S,"Contusion and laceration of cerebrum, unspecified, with loss of consciousness of 6 hours to 24 hours, sequela",ATOM_PHRASE_MATCH,syncope,Syncope / presyncope,"syncope:7.0(phrase;tokens=consciousness,loss)"
S06.335D,"Contusion and laceration of cerebrum, unspecified, with loss of consciousness greater than 24 hours with return to pre-existing conscious level, subsequent encounter",ATOM_PHRASE_MATCH,age_excessive_snhl | syncope,Bilateral sensorineural hearing loss disproportionate to age | Syncope / presyncope,"syncope:7.0(phrase;tokens=consciousness,loss) | age_excessive_snhl:3.0(tokens=greater,loss,than)"
S06.336A,"Contusion and laceration of cerebrum, unspecified, with loss of consciousness greater than 24 hours without return to pre-existing conscious level with patient surviving, initial encounter",ATOM_PHRASE_MATCH,age_excessive_snhl | syncope,Bilateral sensorineural hearing loss disproportionate to age | Syncope / presyncope,"syncope:7.0(phrase;tokens=consciousness,loss) | age_excessive_snhl:3.0(tokens=greater,loss,than)"
S06.336D,"Contusion and laceration of cerebrum, unspecified, with loss of consciousness greater than 24 hours without return to pre-existing conscious level with patient surviving, subsequent encounter",ATOM_PHRASE_MATCH,age_excessive_snhl | syncope,Bilateral sensorineural hearing loss disproportionate to age | Syncope / presyncope,"syncope:7.0(phrase;tokens=consciousness,loss) | age_excessive_snhl:3.0(tokens=greater,loss,than)"
S06.336S,"Contusion and laceration of cerebrum, unspecified, with loss of consciousness greater than 24 hours without return to pre-existing conscious level with patient surviving, sequela",ATOM_PHRASE_MATCH,age_excessive_snhl | syncope,Bilateral sensorineural hearing loss disproportionate to age | Syncope / presyncope,"syncope:7.0(phrase;tokens=consciousness,loss) | age_excessive_snhl:3.0(tokens=greater,loss,than)"
S06.338A,"Contusion and laceration of cerebrum, unspecified, with loss of consciousness of any duration with death due to other cause prior to regaining consciousness, initial encounter",ATOM_PHRASE_MATCH,syncope,Syncope / presyncope,"syncope:7.0(phrase;tokens=consciousness,loss)"
S06.340S,"Traumatic hemorrhage of right cerebrum without loss of consciousness, sequela",ATOM_PHRASE_MATCH,syncope,Syncope / presyncope,"syncope:7.0(phrase;tokens=consciousness,loss)"
S06.341S,"Traumatic hemorrhage of right cerebrum with loss of consciousness of 30 minutes or less, sequela",ATOM_PHRASE_MATCH,syncope,Syncope / presyncope,"syncope:7.0(phrase;tokens=consciousness,loss)"
S06.342A,"Traumatic hemorrhage of right cerebrum with loss of consciousness of 31 minutes to 59 minutes, initial encounter",ATOM_PHRASE_MATCH,syncope,Syncope / presyncope,"syncope:7.0(phrase;tokens=consciousness,loss)"
S06.342D,"Traumatic hemorrhage of right cerebrum with loss of consciousness of 31 minutes to 59 minutes, subsequent encounter",ATOM_PHRASE_MATCH,syncope,Syncope / presyncope,"syncope:7.0(phrase;tokens=consciousness,loss)"
S06.342S,"Traumatic hemorrhage of right cerebrum with loss of consciousness of 31 minutes to 59 minutes, sequela",ATOM_PHRASE_MATCH,syncope,Syncope / presyncope,"syncope:7.0(phrase;tokens=consciousness,loss)"
S06.343A,"Traumatic hemorrhage of right cerebrum with loss of consciousness of 1 hours to 5 hours 59 minutes, initial encounter",ATOM_PHRASE_MATCH,syncope,Syncope / presyncope,"syncope:7.0(phrase;tokens=consciousness,loss)"
S06.343D,"Traumatic hemorrhage of right cerebrum with loss of consciousness of 1 hours to 5 hours 59 minutes, subsequent encounter",ATOM_PHRASE_MATCH,syncope,Syncope / presyncope,"syncope:7.0(phrase;tokens=consciousness,loss)"
S06.343S,"Traumatic hemorrhage of right cerebrum with loss of consciousness of 1 hours to 5 hours 59 minutes, sequela",ATOM_PHRASE_MATCH,syncope,Syncope / presyncope,"syncope:7.0(phrase;tokens=consciousness,loss)"
S06.344D,"Traumatic hemorrhage of right cerebrum with loss of consciousness of 6 hours to 24 hours, subsequent encounter",ATOM_PHRASE_MATCH,syncope,Syncope / presyncope,"syncope:7.0(phrase;tokens=consciousness,loss)"
S06.344S,"Traumatic hemorrhage of right cerebrum with loss of consciousness of 6 hours to 24 hours, sequela",ATOM_PHRASE_MATCH,syncope,Syncope / presyncope,"syncope:7.0(phrase;tokens=consciousness,loss)"
S06.345A,"Traumatic hemorrhage of right cerebrum with loss of consciousness greater than 24 hours with return to pre-existing conscious level, initial encounter",ATOM_PHRASE_MATCH,age_excessive_snhl | syncope,Bilateral sensorineural hearing loss disproportionate to age | Syncope / presyncope,"syncope:7.0(phrase;tokens=consciousness,loss) | age_excessive_snhl:3.0(tokens=greater,loss,than)"
S06.345D,"Traumatic hemorrhage of right cerebrum with loss of consciousness greater than 24 hours with return to pre-existing conscious level, subsequent encounter",ATOM_PHRASE_MATCH,age_excessive_snhl | syncope,Bilateral sensorineural hearing loss disproportionate to age | Syncope / presyncope,"syncope:7.0(phrase;tokens=consciousness,loss) | age_excessive_snhl:3.0(tokens=greater,loss,than)"
S06.345S,"Traumatic hemorrhage of right cerebrum with loss of consciousness greater than 24 hours with return to pre-existing conscious level, sequela",ATOM_PHRASE_MATCH,age_excessive_snhl | syncope,Bilateral sensorineural hearing loss disproportionate to age | Syncope / presyncope,"syncope:7.0(phrase;tokens=consciousness,loss) | age_excessive_snhl:3.0(tokens=greater,loss,than)"
S06.346A,"Traumatic hemorrhage of right cerebrum with loss of consciousness greater than 24 hours without return to pre-existing conscious level with patient surviving, initial encounter",ATOM_PHRASE_MATCH,age_excessive_snhl | syncope,Bilateral sensorineural hearing loss disproportionate to age | Syncope / presyncope,"syncope:7.0(phrase;tokens=consciousness,loss) | age_excessive_snhl:3.0(tokens=greater,loss,than)"
S06.346D,"Traumatic hemorrhage of right cerebrum with loss of consciousness greater than 24 hours without return to pre-existing conscious level with patient surviving, subsequent encounter",ATOM_PHRASE_MATCH,age_excessive_snhl | syncope,Bilateral sensorineural hearing loss disproportionate to age | Syncope / presyncope,"syncope:7.0(phrase;tokens=consciousness,loss) | age_excessive_snhl:3.0(tokens=greater,loss,than)"
S06.346S,"Traumatic hemorrhage of right cerebrum with loss of consciousness greater than 24 hours without return to pre-existing conscious level with patient surviving, sequela",ATOM_PHRASE_MATCH,age_excessive_snhl | syncope,Bilateral sensorineural hearing loss disproportionate to age | Syncope / presyncope,"syncope:7.0(phrase;tokens=consciousness,loss) | age_excessive_snhl:3.0(tokens=greater,loss,than)"
S06.348A,"Traumatic hemorrhage of right cerebrum with loss of consciousness of any duration with death due to other cause prior to regaining consciousness, initial encounter",ATOM_PHRASE_MATCH,syncope,Syncope / presyncope,"syncope:7.0(phrase;tokens=consciousness,loss)"
S06.349S,"Traumatic hemorrhage of right cerebrum with loss of consciousness of unspecified duration, sequela",ATOM_PHRASE_MATCH,syncope,Syncope / presyncope,"syncope:7.0(phrase;tokens=consciousness,loss)"
S06.34AS,"Traumatic hemorrhage of right cerebrum with loss of consciousness status unknown, sequela",ATOM_PHRASE_MATCH,syncope,Syncope / presyncope,"syncope:7.0(phrase;tokens=consciousness,loss)"
S06.351D,"Traumatic hemorrhage of left cerebrum with loss of consciousness of 30 minutes or less, subsequent encounter",ATOM_PHRASE_MATCH,syncope,Syncope / presyncope,"syncope:7.0(phrase;tokens=consciousness,loss)"
S06.351S,"Traumatic hemorrhage of left cerebrum with loss of consciousness of 30 minutes or less, sequela",ATOM_PHRASE_MATCH,syncope,Syncope / presyncope,"syncope:7.0(phrase;tokens=consciousness,loss)"
S06.352A,"Traumatic hemorrhage of left cerebrum with loss of consciousness of 31 minutes to 59 minutes, initial encounter",ATOM_PHRASE_MATCH,syncope,Syncope / presyncope,"syncope:7.0(phrase;tokens=consciousness,loss)"
S06.352D,"Traumatic hemorrhage of left cerebrum with loss of consciousness of 31 minutes to 59 minutes, subsequent encounter",ATOM_PHRASE_MATCH,syncope,Syncope / presyncope,"syncope:7.0(phrase;tokens=consciousness,loss)"
S06.352S,"Traumatic hemorrhage of left cerebrum with loss of consciousness of 31 minutes to 59 minutes, sequela",ATOM_PHRASE_MATCH,syncope,Syncope / presyncope,"syncope:7.0(phrase;tokens=consciousness,loss)"
S06.353D,"Traumatic hemorrhage of left cerebrum with loss of consciousness of 1 hours to 5 hours 59 minutes, subsequent encounter",ATOM_PHRASE_MATCH,syncope,Syncope / presyncope,"syncope:7.0(phrase;tokens=consciousness,loss)"
S06.353S,"Traumatic hemorrhage of left cerebrum with loss of consciousness of 1 hours to 5 hours 59 minutes, sequela",ATOM_PHRASE_MATCH,syncope,Syncope / presyncope,"syncope:7.0(phrase;tokens=consciousness,loss)"
S06.354A,"Traumatic hemorrhage of left cerebrum with loss of consciousness of 6 hours to 24 hours, initial encounter",ATOM_PHRASE_MATCH,syncope,Syncope / presyncope,"syncope:7.0(phrase;tokens=consciousness,loss)"
S06.354D,"Traumatic hemorrhage of left cerebrum with loss of consciousness of 6 hours to 24 hours, subsequent encounter",ATOM_PHRASE_MATCH,syncope,Syncope / presyncope,"syncope:7.0(phrase;tokens=consciousness,loss)"
S06.354S,"Traumatic hemorrhage of left cerebrum with loss of consciousness of 6 hours to 24 hours, sequela",ATOM_PHRASE_MATCH,syncope,Syncope / presyncope,"syncope:7.0(phrase;tokens=consciousness,loss)"
S06.355A,"Traumatic hemorrhage of left cerebrum with loss of consciousness greater than 24 hours with return to pre-existing conscious level, initial encounter",ATOM_PHRASE_MATCH,age_excessive_snhl | syncope,Bilateral sensorineural hearing loss disproportionate to age | Syncope / presyncope,"syncope:7.0(phrase;tokens=consciousness,loss) | age_excessive_snhl:3.0(tokens=greater,loss,than)"
S06.355D,"Traumatic hemorrhage of left cerebrum with loss of consciousness greater than 24 hours with return to pre-existing conscious level, subsequent encounter",ATOM_PHRASE_MATCH,age_excessive_snhl | syncope,Bilateral sensorineural hearing loss disproportionate to age | Syncope / presyncope,"syncope:7.0(phrase;tokens=consciousness,loss) | age_excessive_snhl:3.0(tokens=greater,loss,than)"
S06.355S,"Traumatic hemorrhage of left cerebrum with loss of consciousness greater than 24 hours with return to pre-existing conscious level, sequela",ATOM_PHRASE_MATCH,age_excessive_snhl | syncope,Bilateral sensorineural hearing loss disproportionate to age | Syncope / presyncope,"syncope:7.0(phrase;tokens=consciousness,loss) | age_excessive_snhl:3.0(tokens=greater,loss,than)"
S06.356A,"Traumatic hemorrhage of left cerebrum with loss of consciousness greater than 24 hours without return to pre-existing conscious level with patient surviving, initial encounter",ATOM_PHRASE_MATCH,age_excessive_snhl | syncope,Bilateral sensorineural hearing loss disproportionate to age | Syncope / presyncope,"syncope:7.0(phrase;tokens=consciousness,loss) | age_excessive_snhl:3.0(tokens=greater,loss,than)"
S06.356D,"Traumatic hemorrhage of left cerebrum with loss of consciousness greater than 24 hours without return to pre-existing conscious level with patient surviving, subsequent encounter",ATOM_PHRASE_MATCH,age_excessive_snhl | syncope,Bilateral sensorineural hearing loss disproportionate to age | Syncope / presyncope,"syncope:7.0(phrase;tokens=consciousness,loss) | age_excessive_snhl:3.0(tokens=greater,loss,than)"
S06.356S,"Traumatic hemorrhage of left cerebrum with loss of consciousness greater than 24 hours without return to pre-existing conscious level with patient surviving, sequela",ATOM_PHRASE_MATCH,age_excessive_snhl | syncope,Bilateral sensorineural hearing loss disproportionate to age | Syncope / presyncope,"syncope:7.0(phrase;tokens=consciousness,loss) | age_excessive_snhl:3.0(tokens=greater,loss,than)"
S06.357A,"Traumatic hemorrhage of left cerebrum with loss of consciousness of any duration with death due to brain injury prior to regaining consciousness, initial encounter",ATOM_PHRASE_MATCH,syncope,Syncope / presyncope,"syncope:7.0(phrase;tokens=consciousness,loss)"
S06.358A,"Traumatic hemorrhage of left cerebrum with loss of consciousness of any duration with death due to other cause prior to regaining consciousness, initial encounter",ATOM_PHRASE_MATCH,syncope,Syncope / presyncope,"syncope:7.0(phrase;tokens=consciousness,loss)"
S06.35AS,"Traumatic hemorrhage of left cerebrum with loss of consciousness status unknown, sequela",ATOM_PHRASE_MATCH,syncope,Syncope / presyncope,"syncope:7.0(phrase;tokens=consciousness,loss)"
S06.360S,"Traumatic hemorrhage of cerebrum, unspecified, without loss of consciousness, sequela",ATOM_PHRASE_MATCH,syncope,Syncope / presyncope,"syncope:7.0(phrase;tokens=consciousness,loss)"
S06.361S,"Traumatic hemorrhage of cerebrum, unspecified, with loss of consciousness of 30 minutes or less, sequela",ATOM_PHRASE_MATCH,syncope,Syncope / presyncope,"syncope:7.0(phrase;tokens=consciousness,loss)"
S06.362A,"Traumatic hemorrhage of cerebrum, unspecified, with loss of consciousness of 31 minutes to 59 minutes, initial encounter",ATOM_PHRASE_MATCH,syncope,Syncope / presyncope,"syncope:7.0(phrase;tokens=consciousness,loss)"
S06.362D,"Traumatic hemorrhage of cerebrum, unspecified, with loss of consciousness of 31 minutes to 59 minutes, subsequent encounter",ATOM_PHRASE_MATCH,syncope,Syncope / presyncope,"syncope:7.0(phrase;tokens=consciousness,loss)"
S06.362S,"Traumatic hemorrhage of cerebrum, unspecified, with loss of consciousness of 31 minutes to 59 minutes, sequela",ATOM_PHRASE_MATCH,syncope,Syncope / presyncope,"syncope:7.0(phrase;tokens=consciousness,loss)"
S06.363S,"Traumatic hemorrhage of cerebrum, unspecified, with loss of consciousness of 1 hours to 5 hours 59 minutes, sequela",ATOM_PHRASE_MATCH,syncope,Syncope / presyncope,"syncope:7.0(phrase;tokens=consciousness,loss)"
S06.364A,"Traumatic hemorrhage of cerebrum, unspecified, with loss of consciousness of 6 hours to 24 hours, initial encounter",ATOM_PHRASE_MATCH,syncope,Syncope / presyncope,"syncope:7.0(phrase;tokens=consciousness,loss)"
S06.364D,"Traumatic hemorrhage of cerebrum, unspecified, with loss of consciousness of 6 hours to 24 hours, subsequent encounter",ATOM_PHRASE_MATCH,syncope,Syncope / presyncope,"syncope:7.0(phrase;tokens=consciousness,loss)"
S06.364S,"Traumatic hemorrhage of cerebrum, unspecified, with loss of consciousness of 6 hours to 24 hours, sequela",ATOM_PHRASE_MATCH,syncope,Syncope / presyncope,"syncope:7.0(phrase;tokens=consciousness,loss)"
S06.365A,"Traumatic hemorrhage of cerebrum, unspecified, with loss of consciousness greater than 24 hours with return to pre-existing conscious level, initial encounter",ATOM_PHRASE_MATCH,age_excessive_snhl | syncope,Bilateral sensorineural hearing loss disproportionate to age | Syncope / presyncope,"syncope:7.0(phrase;tokens=consciousness,loss) | age_excessive_snhl:3.0(tokens=greater,loss,than)"
S06.365D,"Traumatic hemorrhage of cerebrum, unspecified, with loss of consciousness greater than 24 hours with return to pre-existing conscious level, subsequent encounter",ATOM_PHRASE_MATCH,age_excessive_snhl | syncope,Bilateral sensorineural hearing loss disproportionate to age | Syncope / presyncope,"syncope:7.0(phrase;tokens=consciousness,loss) | age_excessive_snhl:3.0(tokens=greater,loss,than)"
S06.366A,"Traumatic hemorrhage of cerebrum, unspecified, with loss of consciousness greater than 24 hours without return to pre-existing conscious level with patient surviving, initial encounter",ATOM_PHRASE_MATCH,age_excessive_snhl | syncope,Bilateral sensorineural hearing loss disproportionate to age | Syncope / presyncope,"syncope:7.0(phrase;tokens=consciousness,loss) | age_excessive_snhl:3.0(tokens=greater,loss,than)"
S06.366D,"Traumatic hemorrhage of cerebrum, unspecified, with loss of consciousness greater than 24 hours without return to pre-existing conscious level with patient surviving, subsequent encounter",ATOM_PHRASE_MATCH,age_excessive_snhl | syncope,Bilateral sensorineural hearing loss disproportionate to age | Syncope / presyncope,"syncope:7.0(phrase;tokens=consciousness,loss) | age_excessive_snhl:3.0(tokens=greater,loss,than)"
S06.366S,"Traumatic hemorrhage of cerebrum, unspecified, with loss of consciousness greater than 24 hours without return to pre-existing conscious level with patient surviving, sequela",ATOM_PHRASE_MATCH,age_excessive_snhl | syncope,Bilateral sensorineural hearing loss disproportionate to age | Syncope / presyncope,"syncope:7.0(phrase;tokens=consciousness,loss) | age_excessive_snhl:3.0(tokens=greater,loss,than)"
S06.36AS,"Traumatic hemorrhage of cerebrum, unspecified, with loss of consciousness status unknown, sequela",ATOM_PHRASE_MATCH,syncope,Syncope / presyncope,"syncope:7.0(phrase;tokens=consciousness,loss)"
S06.370D,"Contusion, laceration, and hemorrhage of cerebellum without loss of consciousness, subsequent encounter",ATOM_PHRASE_MATCH,syncope,Syncope / presyncope,"syncope:7.0(phrase;tokens=consciousness,loss)"
S06.370S,"Contusion, laceration, and hemorrhage of cerebellum without loss of consciousness, sequela",ATOM_PHRASE_MATCH,syncope,Syncope / presyncope,"syncope:7.0(phrase;tokens=consciousness,loss)"
S06.371A,"Contusion, laceration, and hemorrhage of cerebellum with loss of consciousness of 30 minutes or less, initial encounter",ATOM_PHRASE_MATCH,syncope,Syncope / presyncope,"syncope:7.0(phrase;tokens=consciousness,loss)"
S06.371D,"Contusion, laceration, and hemorrhage of cerebellum with loss of consciousness of 30 minutes or less, subsequent encounter",ATOM_PHRASE_MATCH,syncope,Syncope / presyncope,"syncope:7.0(phrase;tokens=consciousness,loss)"
S06.371S,"Contusion, laceration, and hemorrhage of cerebellum with loss of consciousness of 30 minutes or less, sequela",ATOM_PHRASE_MATCH,syncope,Syncope / presyncope,"syncope:7.0(phrase;tokens=consciousness,loss)"
S06.372A,"Contusion, laceration, and hemorrhage of cerebellum with loss of consciousness of 31 minutes to 59 minutes, initial encounter",ATOM_PHRASE_MATCH,syncope,Syncope / presyncope,"syncope:7.0(phrase;tokens=consciousness,loss)"
S06.372D,"Contusion, laceration, and hemorrhage of cerebellum with loss of consciousness of 31 minutes to 59 minutes, subsequent encounter",ATOM_PHRASE_MATCH,syncope,Syncope / presyncope,"syncope:7.0(phrase;tokens=consciousness,loss)"
S06.372S,"Contusion, laceration, and hemorrhage of cerebellum with loss of consciousness of 31 minutes to 59 minutes, sequela",ATOM_PHRASE_MATCH,syncope,Syncope / presyncope,"syncope:7.0(phrase;tokens=consciousness,loss)"
S06.373A,"Contusion, laceration, and hemorrhage of cerebellum with loss of consciousness of 1 hour to 5 hours 59 minutes, initial encounter",ATOM_PHRASE_MATCH,syncope,Syncope / presyncope,"syncope:7.0(phrase;tokens=consciousness,loss)"
S06.373D,"Contusion, laceration, and hemorrhage of cerebellum with loss of consciousness of 1 hour to 5 hours 59 minutes, subsequent encounter",ATOM_PHRASE_MATCH,syncope,Syncope / presyncope,"syncope:7.0(phrase;tokens=consciousness,loss)"
S06.373S,"Contusion, laceration, and hemorrhage of cerebellum with loss of consciousness of 1 hour to 5 hours 59 minutes, sequela",ATOM_PHRASE_MATCH,syncope,Syncope / presyncope,"syncope:7.0(phrase;tokens=consciousness,loss)"
S06.374A,"Contusion, laceration, and hemorrhage of cerebellum with loss of consciousness of 6 hours to 24 hours, initial encounter",ATOM_PHRASE_MATCH,syncope,Syncope / presyncope,"syncope:7.0(phrase;tokens=consciousness,loss)"
S06.374D,"Contusion, laceration, and hemorrhage of cerebellum with loss of consciousness of 6 hours to 24 hours, subsequent encounter",ATOM_PHRASE_MATCH,syncope,Syncope / presyncope,"syncope:7.0(phrase;tokens=consciousness,loss)"
S06.374S,"Contusion, laceration, and hemorrhage of cerebellum with loss of consciousness of 6 hours to 24 hours, sequela",ATOM_PHRASE_MATCH,syncope,Syncope / presyncope,"syncope:7.0(phrase;tokens=consciousness,loss)"
S06.375A,"Contusion, laceration, and hemorrhage of cerebellum with loss of consciousness greater than 24 hours with return to pre-existing conscious level, initial encounter",ATOM_PHRASE_MATCH,age_excessive_snhl | syncope,Bilateral sensorineural hearing loss disproportionate to age | Syncope / presyncope,"syncope:7.0(phrase;tokens=consciousness,loss) | age_excessive_snhl:3.0(tokens=greater,loss,than)"
S06.375D,"Contusion, laceration, and hemorrhage of cerebellum with loss of consciousness greater than 24 hours with return to pre-existing conscious level, subsequent encounter",ATOM_PHRASE_MATCH,age_excessive_snhl | syncope,Bilateral sensorineural hearing loss disproportionate to age | Syncope / presyncope,"syncope:7.0(phrase;tokens=consciousness,loss) | age_excessive_snhl:3.0(tokens=greater,loss,than)"
S06.375S,"Contusion, laceration, and hemorrhage of cerebellum with loss of consciousness greater than 24 hours with return to pre-existing conscious level, sequela",ATOM_PHRASE_MATCH,age_excessive_snhl | syncope,Bilateral sensorineural hearing loss disproportionate to age | Syncope / presyncope,"syncope:7.0(phrase;tokens=consciousness,loss) | age_excessive_snhl:3.0(tokens=greater,loss,than)"
S06.376A,"Contusion, laceration, and hemorrhage of cerebellum with loss of consciousness greater than 24 hours without return to pre-existing conscious level with patient surviving, initial encounter",ATOM_PHRASE_MATCH,age_excessive_snhl | syncope,Bilateral sensorineural hearing loss disproportionate to age | Syncope / presyncope,"syncope:7.0(phrase;tokens=consciousness,loss) | age_excessive_snhl:3.0(tokens=greater,loss,than)"
S06.376D,"Contusion, laceration, and hemorrhage of cerebellum with loss of consciousness greater than 24 hours without return to pre-existing conscious level with patient surviving, subsequent encounter",ATOM_PHRASE_MATCH,age_excessive_snhl | syncope,Bilateral sensorineural hearing loss disproportionate to age | Syncope / presyncope,"syncope:7.0(phrase;tokens=consciousness,loss) | age_excessive_snhl:3.0(tokens=greater,loss,than)"
S06.376S,"Contusion, laceration, and hemorrhage of cerebellum with loss of consciousness greater than 24 hours without return to pre-existing conscious level with patient surviving, sequela",ATOM_PHRASE_MATCH,age_excessive_snhl | syncope,Bilateral sensorineural hearing loss disproportionate to age | Syncope / presyncope,"syncope:7.0(phrase;tokens=consciousness,loss) | age_excessive_snhl:3.0(tokens=greater,loss,than)"
S06.377A,"Contusion, laceration, and hemorrhage of cerebellum with loss of consciousness of any duration with death due to brain injury prior to regaining consciousness, initial encounter",ATOM_PHRASE_MATCH,syncope,Syncope / presyncope,"syncope:7.0(phrase;tokens=consciousness,loss)"
S06.378A,"Contusion, laceration, and hemorrhage of cerebellum with loss of consciousness of any duration with death due to other cause prior to regaining consciousness, initial encounter",ATOM_PHRASE_MATCH,syncope,Syncope / presyncope,"syncope:7.0(phrase;tokens=consciousness,loss)"
S06.379A,"Contusion, laceration, and hemorrhage of cerebellum with loss of consciousness of unspecified duration, initial encounter",ATOM_PHRASE_MATCH,syncope,Syncope / presyncope,"syncope:7.0(phrase;tokens=consciousness,loss)"
S06.379D,"Contusion, laceration, and hemorrhage of cerebellum with loss of consciousness of unspecified duration, subsequent encounter",ATOM_PHRASE_MATCH,syncope,Syncope / presyncope,"syncope:7.0(phrase;tokens=consciousness,loss)"
S06.379S,"Contusion, laceration, and hemorrhage of cerebellum with loss of consciousness of unspecified duration, sequela",ATOM_PHRASE_MATCH,syncope,Syncope / presyncope,"syncope:7.0(phrase;tokens=consciousness,loss)"
S06.37AS,"Contusion, laceration, and hemorrhage of cerebellum with loss of consciousness status unknown, sequela",ATOM_PHRASE_MATCH,syncope,Syncope / presyncope,"syncope:7.0(phrase;tokens=consciousness,loss)"
S06.380S,"Contusion, laceration, and hemorrhage of brainstem without loss of consciousness, sequela",ATOM_PHRASE_MATCH,syncope,Syncope / presyncope,"syncope:7.0(phrase;tokens=consciousness,loss)"
S06.381A,"Contusion, laceration, and hemorrhage of brainstem with loss of consciousness of 30 minutes or less, initial encounter",ATOM_PHRASE_MATCH,syncope,Syncope / presyncope,"syncope:7.0(phrase;tokens=consciousness,loss)"
S06.381D,"Contusion, laceration, and hemorrhage of brainstem with loss of consciousness of 30 minutes or less, subsequent encounter",ATOM_PHRASE_MATCH,syncope,Syncope / presyncope,"syncope:7.0(phrase;tokens=consciousness,loss)"
S06.381S,"Contusion, laceration, and hemorrhage of brainstem with loss of consciousness of 30 minutes or less, sequela",ATOM_PHRASE_MATCH,syncope,Syncope / presyncope,"syncope:7.0(phrase;tokens=consciousness,loss)"
S06.382A,"Contusion, laceration, and hemorrhage of brainstem with loss of consciousness of 31 minutes to 59 minutes, initial encounter",ATOM_PHRASE_MATCH,syncope,Syncope / presyncope,"syncope:7.0(phrase;tokens=consciousness,loss)"
S06.382D,"Contusion, laceration, and hemorrhage of brainstem with loss of consciousness of 31 minutes to 59 minutes, subsequent encounter",ATOM_PHRASE_MATCH,syncope,Syncope / presyncope,"syncope:7.0(phrase;tokens=consciousness,loss)"
S06.382S,"Contusion, laceration, and hemorrhage of brainstem with loss of consciousness of 31 minutes to 59 minutes, sequela",ATOM_PHRASE_MATCH,syncope,Syncope / presyncope,"syncope:7.0(phrase;tokens=consciousness,loss)"
S06.383A,"Contusion, laceration, and hemorrhage of brainstem with loss of consciousness of 1 hour to 5 hours 59 minutes, initial encounter",ATOM_PHRASE_MATCH,syncope,Syncope / presyncope,"syncope:7.0(phrase;tokens=consciousness,loss)"
S06.383D,"Contusion, laceration, and hemorrhage of brainstem with loss of consciousness of 1 hour to 5 hours 59 minutes, subsequent encounter",ATOM_PHRASE_MATCH,syncope,Syncope / presyncope,"syncope:7.0(phrase;tokens=consciousness,loss)"
S06.383S,"Contusion, laceration, and hemorrhage of brainstem with loss of consciousness of 1 hour to 5 hours 59 minutes, sequela",ATOM_PHRASE_MATCH,syncope,Syncope / presyncope,"syncope:7.0(phrase;tokens=consciousness,loss)"
S06.384A,"Contusion, laceration, and hemorrhage of brainstem with loss of consciousness of 6 hours to 24 hours, initial encounter",ATOM_PHRASE_MATCH,syncope,Syncope / presyncope,"syncope:7.0(phrase;tokens=consciousness,loss)"
S06.384D,"Contusion, laceration, and hemorrhage of brainstem with loss of consciousness of 6 hours to 24 hours, subsequent encounter",ATOM_PHRASE_MATCH,syncope,Syncope / presyncope,"syncope:7.0(phrase;tokens=consciousness,loss)"
S06.384S,"Contusion, laceration, and hemorrhage of brainstem with loss of consciousness of 6 hours to 24 hours, sequela",ATOM_PHRASE_MATCH,syncope,Syncope / presyncope,"syncope:7.0(phrase;tokens=consciousness,loss)"
S06.385A,"Contusion, laceration, and hemorrhage of brainstem with loss of consciousness greater than 24 hours with return to pre-existing conscious level, initial encounter",ATOM_PHRASE_MATCH,age_excessive_snhl | syncope,Bilateral sensorineural hearing loss disproportionate to age | Syncope / presyncope,"syncope:7.0(phrase;tokens=consciousness,loss) | age_excessive_snhl:3.0(tokens=greater,loss,than)"
S06.385D,"Contusion, laceration, and hemorrhage of brainstem with loss of consciousness greater than 24 hours with return to pre-existing conscious level, subsequent encounter",ATOM_PHRASE_MATCH,age_excessive_snhl | syncope,Bilateral sensorineural hearing loss disproportionate to age | Syncope / presyncope,"syncope:7.0(phrase;tokens=consciousness,loss) | age_excessive_snhl:3.0(tokens=greater,loss,than)"
S06.385S,"Contusion, laceration, and hemorrhage of brainstem with loss of consciousness greater than 24 hours with return to pre-existing conscious level, sequela",ATOM_PHRASE_MATCH,age_excessive_snhl | syncope,Bilateral sensorineural hearing loss disproportionate to age | Syncope / presyncope,"syncope:7.0(phrase;tokens=consciousness,loss) | age_excessive_snhl:3.0(tokens=greater,loss,than)"
S06.386A,"Contusion, laceration, and hemorrhage of brainstem with loss of consciousness greater than 24 hours without return to pre-existing conscious level with patient surviving, initial encounter",ATOM_PHRASE_MATCH,age_excessive_snhl | syncope,Bilateral sensorineural hearing loss disproportionate to age | Syncope / presyncope,"syncope:7.0(phrase;tokens=consciousness,loss) | age_excessive_snhl:3.0(tokens=greater,loss,than)"
S06.386D,"Contusion, laceration, and hemorrhage of brainstem with loss of consciousness greater than 24 hours without return to pre-existing conscious level with patient surviving, subsequent encounter",ATOM_PHRASE_MATCH,age_excessive_snhl | syncope,Bilateral sensorineural hearing loss disproportionate to age | Syncope / presyncope,"syncope:7.0(phrase;tokens=consciousness,loss) | age_excessive_snhl:3.0(tokens=greater,loss,than)"
S06.386S,"Contusion, laceration, and hemorrhage of brainstem with loss of consciousness greater than 24 hours without return to pre-existing conscious level with patient surviving, sequela",ATOM_PHRASE_MATCH,age_excessive_snhl | syncope,Bilateral sensorineural hearing loss disproportionate to age | Syncope / presyncope,"syncope:7.0(phrase;tokens=consciousness,loss) | age_excessive_snhl:3.0(tokens=greater,loss,than)"
S06.387A,"Contusion, laceration, and hemorrhage of brainstem with loss of consciousness of any duration with death due to brain injury prior to regaining consciousness, initial encounter",ATOM_PHRASE_MATCH,syncope,Syncope / presyncope,"syncope:7.0(phrase;tokens=consciousness,loss)"
S06.388A,"Contusion, laceration, and hemorrhage of brainstem with loss of consciousness of any duration with death due to other cause prior to regaining consciousness, initial encounter",ATOM_PHRASE_MATCH,syncope,Syncope / presyncope,"syncope:7.0(phrase;tokens=consciousness,loss)"
S06.389A,"Contusion, laceration, and hemorrhage of brainstem with loss of consciousness of unspecified duration, initial encounter",ATOM_PHRASE_MATCH,syncope,Syncope / presyncope,"syncope:7.0(phrase;tokens=consciousness,loss)"
S06.389D,"Contusion, laceration, and hemorrhage of brainstem with loss of consciousness of unspecified duration, subsequent encounter",ATOM_PHRASE_MATCH,syncope,Syncope / presyncope,"syncope:7.0(phrase;tokens=consciousness,loss)"
S06.389S,"Contusion, laceration, and hemorrhage of brainstem with loss of consciousness of unspecified duration, sequela",ATOM_PHRASE_MATCH,syncope,Syncope / presyncope,"syncope:7.0(phrase;tokens=consciousness,loss)"
S06.38AA,"Contusion, laceration, and hemorrhage of brainstem with loss of consciousness status unknown, initial encounter",ATOM_PHRASE_MATCH,syncope,Syncope / presyncope,"syncope:7.0(phrase;tokens=consciousness,loss)"
S06.38AD,"Contusion, laceration, and hemorrhage of brainstem with loss of consciousness status unknown, subsequent encounter",ATOM_PHRASE_MATCH,syncope,Syncope / presyncope,"syncope:7.0(phrase;tokens=consciousness,loss)"
S06.38AS,"Contusion, laceration, and hemorrhage of brainstem with loss of consciousness status unknown, sequela",ATOM_PHRASE_MATCH,syncope,Syncope / presyncope,"syncope:7.0(phrase;tokens=consciousness,loss)"
S06.4X0S,"Epidural hemorrhage without loss of consciousness, sequela",ATOM_PHRASE_MATCH,syncope,Syncope / presyncope,"syncope:7.0(phrase;tokens=consciousness,loss)"
S06.4X1D,"Epidural hemorrhage with loss of consciousness of 30 minutes or less, subsequent encounter",ATOM_PHRASE_MATCH,syncope,Syncope / presyncope,"syncope:7.0(phrase;tokens=consciousness,loss)"
S06.4X1S,"Epidural hemorrhage with loss of consciousness of 30 minutes or less, sequela",ATOM_PHRASE_MATCH,syncope,Syncope / presyncope,"syncope:7.0(phrase;tokens=consciousness,loss)"
S06.4X2D,"Epidural hemorrhage with loss of consciousness of 31 minutes to 59 minutes, subsequent encounter",ATOM_PHRASE_MATCH,syncope,Syncope / presyncope,"syncope:7.0(phrase;tokens=consciousness,loss)"
S06.4X2S,"Epidural hemorrhage with loss of consciousness of 31 minutes to 59 minutes, sequela",ATOM_PHRASE_MATCH,syncope,Syncope / presyncope,"syncope:7.0(phrase;tokens=consciousness,loss)"
S06.4X3A,"Epidural hemorrhage with loss of consciousness of 1 hour to 5 hours 59 minutes, initial encounter",ATOM_PHRASE_MATCH,syncope,Syncope / presyncope,"syncope:7.0(phrase;tokens=consciousness,loss)"
S06.4X3D,"Epidural hemorrhage with loss of consciousness of 1 hour to 5 hours 59 minutes, subsequent encounter",ATOM_PHRASE_MATCH,syncope,Syncope / presyncope,"syncope:7.0(phrase;tokens=consciousness,loss)"
S06.4X3S,"Epidural hemorrhage with loss of consciousness of 1 hour to 5 hours 59 minutes, sequela",ATOM_PHRASE_MATCH,syncope,Syncope / presyncope,"syncope:7.0(phrase;tokens=consciousness,loss)"
S06.4X4A,"Epidural hemorrhage with loss of consciousness of 6 hours to 24 hours, initial encounter",ATOM_PHRASE_MATCH,syncope,Syncope / presyncope,"syncope:7.0(phrase;tokens=consciousness,loss)"
S06.4X4D,"Epidural hemorrhage with loss of consciousness of 6 hours to 24 hours, subsequent encounter",ATOM_PHRASE_MATCH,syncope,Syncope / presyncope,"syncope:7.0(phrase;tokens=consciousness,loss)"
S06.4X4S,"Epidural hemorrhage with loss of consciousness of 6 hours to 24 hours, sequela",ATOM_PHRASE_MATCH,syncope,Syncope / presyncope,"syncope:7.0(phrase;tokens=consciousness,loss)"
S06.4X5A,"Epidural hemorrhage with loss of consciousness greater than 24 hours with return to pre-existing conscious level, initial encounter",ATOM_PHRASE_MATCH,age_excessive_snhl | syncope,Bilateral sensorineural hearing loss disproportionate to age | Syncope / presyncope,"syncope:7.0(phrase;tokens=consciousness,loss) | age_excessive_snhl:3.0(tokens=greater,loss,than)"
S06.4X5D,"Epidural hemorrhage with loss of consciousness greater than 24 hours with return to pre-existing conscious level, subsequent encounter",ATOM_PHRASE_MATCH,age_excessive_snhl | syncope,Bilateral sensorineural hearing loss disproportionate to age | Syncope / presyncope,"syncope:7.0(phrase;tokens=consciousness,loss) | age_excessive_snhl:3.0(tokens=greater,loss,than)"
S06.4X5S,"Epidural hemorrhage with loss of consciousness greater than 24 hours with return to pre-existing conscious level, sequela",ATOM_PHRASE_MATCH,age_excessive_snhl | syncope,Bilateral sensorineural hearing loss disproportionate to age | Syncope / presyncope,"syncope:7.0(phrase;tokens=consciousness,loss) | age_excessive_snhl:3.0(tokens=greater,loss,than)"
S06.4X6A,"Epidural hemorrhage with loss of consciousness greater than 24 hours without return to pre-existing conscious level with patient surviving, initial encounter",ATOM_PHRASE_MATCH,age_excessive_snhl | syncope,Bilateral sensorineural hearing loss disproportionate to age | Syncope / presyncope,"syncope:7.0(phrase;tokens=consciousness,loss) | age_excessive_snhl:3.0(tokens=greater,loss,than)"
S06.4X6D,"Epidural hemorrhage with loss of consciousness greater than 24 hours without return to pre-existing conscious level with patient surviving, subsequent encounter",ATOM_PHRASE_MATCH,age_excessive_snhl | syncope,Bilateral sensorineural hearing loss disproportionate to age | Syncope / presyncope,"syncope:7.0(phrase;tokens=consciousness,loss) | age_excessive_snhl:3.0(tokens=greater,loss,than)"
S06.4X6S,"Epidural hemorrhage with loss of consciousness greater than 24 hours without return to pre-existing conscious level with patient surviving, sequela",ATOM_PHRASE_MATCH,age_excessive_snhl | syncope,Bilateral sensorineural hearing loss disproportionate to age | Syncope / presyncope,"syncope:7.0(phrase;tokens=consciousness,loss) | age_excessive_snhl:3.0(tokens=greater,loss,than)"
S06.4X7A,"Epidural hemorrhage with loss of consciousness of any duration with death due to brain injury prior to regaining consciousness, initial encounter",ATOM_PHRASE_MATCH,syncope,Syncope / presyncope,"syncope:7.0(phrase;tokens=consciousness,loss)"
S06.4X8A,"Epidural hemorrhage with loss of consciousness of any duration with death due to other causes prior to regaining consciousness, initial encounter",ATOM_PHRASE_MATCH,syncope,Syncope / presyncope,"syncope:7.0(phrase;tokens=consciousness,loss)"
S06.4XAS,"Epidural hemorrhage with loss of consciousness status unknown, sequela",ATOM_PHRASE_MATCH,syncope,Syncope / presyncope,"syncope:7.0(phrase;tokens=consciousness,loss)"
S06.5X2A,"Traumatic subdural hemorrhage with loss of consciousness of 31 minutes to 59 minutes, initial encounter",ATOM_PHRASE_MATCH,syncope,Syncope / presyncope,"syncope:7.0(phrase;tokens=consciousness,loss)"
S06.5X2S,"Traumatic subdural hemorrhage with loss of consciousness of 31 minutes to 59 minutes, sequela",ATOM_PHRASE_MATCH,syncope,Syncope / presyncope,"syncope:7.0(phrase;tokens=consciousness,loss)"
S06.5X3D,"Traumatic subdural hemorrhage with loss of consciousness of 1 hour to 5 hours 59 minutes, subsequent encounter",ATOM_PHRASE_MATCH,syncope,Syncope / presyncope,"syncope:7.0(phrase;tokens=consciousness,loss)"
S06.5X3S,"Traumatic subdural hemorrhage with loss of consciousness of 1 hour to 5 hours 59 minutes, sequela",ATOM_PHRASE_MATCH,syncope,Syncope / presyncope,"syncope:7.0(phrase;tokens=consciousness,loss)"
S06.5X4A,"Traumatic subdural hemorrhage with loss of consciousness of 6 hours to 24 hours, initial encounter",ATOM_PHRASE_MATCH,syncope,Syncope / presyncope,"syncope:7.0(phrase;tokens=consciousness,loss)"
S06.5X4D,"Traumatic subdural hemorrhage with loss of consciousness of 6 hours to 24 hours, subsequent encounter",ATOM_PHRASE_MATCH,syncope,Syncope / presyncope,"syncope:7.0(phrase;tokens=consciousness,loss)"
S06.5X4S,"Traumatic subdural hemorrhage with loss of consciousness of 6 hours to 24 hours, sequela",ATOM_PHRASE_MATCH,syncope,Syncope / presyncope,"syncope:7.0(phrase;tokens=consciousness,loss)"
S06.5X5D,"Traumatic subdural hemorrhage with loss of consciousness greater than 24 hours with return to pre-existing conscious level, subsequent encounter",ATOM_PHRASE_MATCH,age_excessive_snhl | syncope,Bilateral sensorineural hearing loss disproportionate to age | Syncope / presyncope,"syncope:7.0(phrase;tokens=consciousness,loss) | age_excessive_snhl:3.0(tokens=greater,loss,than)"
S06.5X6S,"Traumatic subdural hemorrhage with loss of consciousness greater than 24 hours without return to pre-existing conscious level with patient surviving, sequela",ATOM_PHRASE_MATCH,age_excessive_snhl | syncope,Bilateral sensorineural hearing loss disproportionate to age | Syncope / presyncope,"syncope:7.0(phrase;tokens=consciousness,loss) | age_excessive_snhl:3.0(tokens=greater,loss,than)"
S06.5X7A,"Traumatic subdural hemorrhage with loss of consciousness of any duration with death due to brain injury before regaining consciousness, initial encounter",ATOM_PHRASE_MATCH,syncope,Syncope / presyncope,"syncope:7.0(phrase;tokens=consciousness,loss)"
S06.5X8A,"Traumatic subdural hemorrhage with loss of consciousness of any duration with death due to other cause before regaining consciousness, initial encounter",ATOM_PHRASE_MATCH,syncope,Syncope / presyncope,"syncope:7.0(phrase;tokens=consciousness,loss)"
S06.6X1S,"Traumatic subarachnoid hemorrhage with loss of consciousness of 30 minutes or less, sequela",ATOM_PHRASE_MATCH,syncope,Syncope / presyncope,"syncope:7.0(phrase;tokens=consciousness,loss)"
S06.6X2A,"Traumatic subarachnoid hemorrhage with loss of consciousness of 31 minutes to 59 minutes, initial encounter",ATOM_PHRASE_MATCH,syncope,Syncope / presyncope,"syncope:7.0(phrase;tokens=consciousness,loss)"
S06.6X2D,"Traumatic subarachnoid hemorrhage with loss of consciousness of 31 minutes to 59 minutes, subsequent encounter",ATOM_PHRASE_MATCH,syncope,Syncope / presyncope,"syncope:7.0(phrase;tokens=consciousness,loss)"
S06.6X3D,"Traumatic subarachnoid hemorrhage with loss of consciousness of 1 hour to 5 hours 59 minutes, subsequent encounter",ATOM_PHRASE_MATCH,syncope,Syncope / presyncope,"syncope:7.0(phrase;tokens=consciousness,loss)"
S06.6X3S,"Traumatic subarachnoid hemorrhage with loss of consciousness of 1 hour to 5 hours 59 minutes, sequela",ATOM_PHRASE_MATCH,syncope,Syncope / presyncope,"syncope:7.0(phrase;tokens=consciousness,loss)"
S06.6X4A,"Traumatic subarachnoid hemorrhage with loss of consciousness of 6 hours to 24 hours, initial encounter",ATOM_PHRASE_MATCH,syncope,Syncope / presyncope,"syncope:7.0(phrase;tokens=consciousness,loss)"
S06.6X4D,"Traumatic subarachnoid hemorrhage with loss of consciousness of 6 hours to 24 hours, subsequent encounter",ATOM_PHRASE_MATCH,syncope,Syncope / presyncope,"syncope:7.0(phrase;tokens=consciousness,loss)"
S06.6X4S,"Traumatic subarachnoid hemorrhage with loss of consciousness of 6 hours to 24 hours, sequela",ATOM_PHRASE_MATCH,syncope,Syncope / presyncope,"syncope:7.0(phrase;tokens=consciousness,loss)"
S06.6X5A,"Traumatic subarachnoid hemorrhage with loss of consciousness greater than 24 hours with return to pre-existing conscious level, initial encounter",ATOM_PHRASE_MATCH,age_excessive_snhl | syncope,Bilateral sensorineural hearing loss disproportionate to age | Syncope / presyncope,"syncope:7.0(phrase;tokens=consciousness,loss) | age_excessive_snhl:3.0(tokens=greater,loss,than)"
S06.6X5D,"Traumatic subarachnoid hemorrhage with loss of consciousness greater than 24 hours with return to pre-existing conscious level, subsequent encounter",ATOM_PHRASE_MATCH,age_excessive_snhl | syncope,Bilateral sensorineural hearing loss disproportionate to age | Syncope / presyncope,"syncope:7.0(phrase;tokens=consciousness,loss) | age_excessive_snhl:3.0(tokens=greater,loss,than)"
S06.6X5S,"Traumatic subarachnoid hemorrhage with loss of consciousness greater than 24 hours with return to pre-existing conscious level, sequela",ATOM_PHRASE_MATCH,age_excessive_snhl | syncope,Bilateral sensorineural hearing loss disproportionate to age | Syncope / presyncope,"syncope:7.0(phrase;tokens=consciousness,loss) | age_excessive_snhl:3.0(tokens=greater,loss,than)"
S06.6X6A,"Traumatic subarachnoid hemorrhage with loss of consciousness greater than 24 hours without return to pre-existing conscious level with patient surviving, initial encounter",ATOM_PHRASE_MATCH,age_excessive_snhl | syncope,Bilateral sensorineural hearing loss disproportionate to age | Syncope / presyncope,"syncope:7.0(phrase;tokens=consciousness,loss) | age_excessive_snhl:3.0(tokens=greater,loss,than)"
S06.6X6D,"Traumatic subarachnoid hemorrhage with loss of consciousness greater than 24 hours without return to pre-existing conscious level with patient surviving, subsequent encounter",ATOM_PHRASE_MATCH,age_excessive_snhl | syncope,Bilateral sensorineural hearing loss disproportionate to age | Syncope / presyncope,"syncope:7.0(phrase;tokens=consciousness,loss) | age_excessive_snhl:3.0(tokens=greater,loss,than)"
S06.6X6S,"Traumatic subarachnoid hemorrhage with loss of consciousness greater than 24 hours without return to pre-existing conscious level with patient surviving, sequela",ATOM_PHRASE_MATCH,age_excessive_snhl | syncope,Bilateral sensorineural hearing loss disproportionate to age | Syncope / presyncope,"syncope:7.0(phrase;tokens=consciousness,loss) | age_excessive_snhl:3.0(tokens=greater,loss,than)"
S06.6X7A,"Traumatic subarachnoid hemorrhage with loss of consciousness of any duration with death due to brain injury prior to regaining consciousness, initial encounter",ATOM_PHRASE_MATCH,syncope,Syncope / presyncope,"syncope:7.0(phrase;tokens=consciousness,loss)"
S06.6X8A,"Traumatic subarachnoid hemorrhage with loss of consciousness of any duration with death due to other cause prior to regaining consciousness, initial encounter",ATOM_PHRASE_MATCH,syncope,Syncope / presyncope,"syncope:7.0(phrase;tokens=consciousness,loss)"
S06.6XAS,"Traumatic subarachnoid hemorrhage with loss of consciousness status unknown, sequela",ATOM_PHRASE_MATCH,syncope,Syncope / presyncope,"syncope:7.0(phrase;tokens=consciousness,loss)"
S06.810A,"Injury of right internal carotid artery, intracranial portion, not elsewhere classified without loss of consciousness, initial encounter",ATOM_PHRASE_MATCH,syncope,Syncope / presyncope,"syncope:7.0(phrase;tokens=consciousness,loss)"
S06.810D,"Injury of right internal carotid artery, intracranial portion, not elsewhere classified without loss of consciousness, subsequent encounter",ATOM_PHRASE_MATCH,syncope,Syncope / presyncope,"syncope:7.0(phrase;tokens=consciousness,loss)"
S06.810S,"Injury of right internal carotid artery, intracranial portion, not elsewhere classified without loss of consciousness, sequela",ATOM_PHRASE_MATCH,syncope,Syncope / presyncope,"syncope:7.0(phrase;tokens=consciousness,loss)"
S06.811A,"Injury of right internal carotid artery, intracranial portion, not elsewhere classified with loss of consciousness of 30 minutes or less, initial encounter",ATOM_PHRASE_MATCH,syncope,Syncope / presyncope,"syncope:7.0(phrase;tokens=consciousness,loss)"
S06.811D,"Injury of right internal carotid artery, intracranial portion, not elsewhere classified with loss of consciousness of 30 minutes or less, subsequent encounter",ATOM_PHRASE_MATCH,syncope,Syncope / presyncope,"syncope:7.0(phrase;tokens=consciousness,loss)"
S06.811S,"Injury of right internal carotid artery, intracranial portion, not elsewhere classified with loss of consciousness of 30 minutes or less, sequela",ATOM_PHRASE_MATCH,syncope,Syncope / presyncope,"syncope:7.0(phrase;tokens=consciousness,loss)"
S06.812A,"Injury of right internal carotid artery, intracranial portion, not elsewhere classified with loss of consciousness of 31 minutes to 59 minutes, initial encounter",ATOM_PHRASE_MATCH,syncope,Syncope / presyncope,"syncope:7.0(phrase;tokens=consciousness,loss)"
S06.812D,"Injury of right internal carotid artery, intracranial portion, not elsewhere classified with loss of consciousness of 31 minutes to 59 minutes, subsequent encounter",ATOM_PHRASE_MATCH,syncope,Syncope / presyncope,"syncope:7.0(phrase;tokens=consciousness,loss)"
S06.812S,"Injury of right internal carotid artery, intracranial portion, not elsewhere classified with loss of consciousness of 31 minutes to 59 minutes, sequela",ATOM_PHRASE_MATCH,syncope,Syncope / presyncope,"syncope:7.0(phrase;tokens=consciousness,loss)"
S06.813A,"Injury of right internal carotid artery, intracranial portion, not elsewhere classified with loss of consciousness of 1 hour to 5 hours 59 minutes, initial encounter",ATOM_PHRASE_MATCH,syncope,Syncope / presyncope,"syncope:7.0(phrase;tokens=consciousness,loss)"
S06.813D,"Injury of right internal carotid artery, intracranial portion, not elsewhere classified with loss of consciousness of 1 hour to 5 hours 59 minutes, subsequent encounter",ATOM_PHRASE_MATCH,syncope,Syncope / presyncope,"syncope:7.0(phrase;tokens=consciousness,loss)"
S06.813S,"Injury of right internal carotid artery, intracranial portion, not elsewhere classified with loss of consciousness of 1 hour to 5 hours 59 minutes, sequela",ATOM_PHRASE_MATCH,syncope,Syncope / presyncope,"syncope:7.0(phrase;tokens=consciousness,loss)"
S06.814A,"Injury of right internal carotid artery, intracranial portion, not elsewhere classified with loss of consciousness of 6 hours to 24 hours, initial encounter",ATOM_PHRASE_MATCH,syncope,Syncope / presyncope,"syncope:7.0(phrase;tokens=consciousness,loss)"
S06.814D,"Injury of right internal carotid artery, intracranial portion, not elsewhere classified with loss of consciousness of 6 hours to 24 hours, subsequent encounter",ATOM_PHRASE_MATCH,syncope,Syncope / presyncope,"syncope:7.0(phrase;tokens=consciousness,loss)"
S06.814S,"Injury of right internal carotid artery, intracranial portion, not elsewhere classified with loss of consciousness of 6 hours to 24 hours, sequela",ATOM_PHRASE_MATCH,syncope,Syncope / presyncope,"syncope:7.0(phrase;tokens=consciousness,loss)"
S06.815A,"Injury of right internal carotid artery, intracranial portion, not elsewhere classified with loss of consciousness greater than 24 hours with return to pre-existing conscious level, initial encounter",ATOM_PHRASE_MATCH,age_excessive_snhl | syncope,Bilateral sensorineural hearing loss disproportionate to age | Syncope / presyncope,"syncope:7.0(phrase;tokens=consciousness,loss) | age_excessive_snhl:3.0(tokens=greater,loss,than)"
S06.815D,"Injury of right internal carotid artery, intracranial portion, not elsewhere classified with loss of consciousness greater than 24 hours with return to pre-existing conscious level, subsequent encounter",ATOM_PHRASE_MATCH,age_excessive_snhl | syncope,Bilateral sensorineural hearing loss disproportionate to age | Syncope / presyncope,"syncope:7.0(phrase;tokens=consciousness,loss) | age_excessive_snhl:3.0(tokens=greater,loss,than)"
S06.815S,"Injury of right internal carotid artery, intracranial portion, not elsewhere classified with loss of consciousness greater than 24 hours with return to pre-existing conscious level, sequela",ATOM_PHRASE_MATCH,age_excessive_snhl | syncope,Bilateral sensorineural hearing loss disproportionate to age | Syncope / presyncope,"syncope:7.0(phrase;tokens=consciousness,loss) | age_excessive_snhl:3.0(tokens=greater,loss,than)"
S06.816A,"Injury of right internal carotid artery, intracranial portion, not elsewhere classified with loss of consciousness greater than 24 hours without return to pre-existing conscious level with patient surviving, initial encounter",ATOM_PHRASE_MATCH,age_excessive_snhl | syncope,Bilateral sensorineural hearing loss disproportionate to age | Syncope / presyncope,"syncope:7.0(phrase;tokens=consciousness,loss) | age_excessive_snhl:3.0(tokens=greater,loss,than)"
S06.816D,"Injury of right internal carotid artery, intracranial portion, not elsewhere classified with loss of consciousness greater than 24 hours without return to pre-existing conscious level with patient surviving, subsequent encounter",ATOM_PHRASE_MATCH,age_excessive_snhl | syncope,Bilateral sensorineural hearing loss disproportionate to age | Syncope / presyncope,"syncope:7.0(phrase;tokens=consciousness,loss) | age_excessive_snhl:3.0(tokens=greater,loss,than)"
S06.816S,"Injury of right internal carotid artery, intracranial portion, not elsewhere classified with loss of consciousness greater than 24 hours without return to pre-existing conscious level with patient surviving, sequela",ATOM_PHRASE_MATCH,age_excessive_snhl | syncope,Bilateral sensorineural hearing loss disproportionate to age | Syncope / presyncope,"syncope:7.0(phrase;tokens=consciousness,loss) | age_excessive_snhl:3.0(tokens=greater,loss,than)"
S06.817A,"Injury of right internal carotid artery, intracranial portion, not elsewhere classified with loss of consciousness of any duration with death due to brain injury prior to regaining consciousness, initial encounter",ATOM_PHRASE_MATCH,syncope,Syncope / presyncope,"syncope:7.0(phrase;tokens=consciousness,loss)"
S06.818A,"Injury of right internal carotid artery, intracranial portion, not elsewhere classified with loss of consciousness of any duration with death due to other cause prior to regaining consciousness, initial encounter",ATOM_PHRASE_MATCH,syncope,Syncope / presyncope,"syncope:7.0(phrase;tokens=consciousness,loss)"
S06.819A,"Injury of right internal carotid artery, intracranial portion, not elsewhere classified with loss of consciousness of unspecified duration, initial encounter",ATOM_PHRASE_MATCH,syncope,Syncope / presyncope,"syncope:7.0(phrase;tokens=consciousness,loss)"
S06.819D,"Injury of right internal carotid artery, intracranial portion, not elsewhere classified with loss of consciousness of unspecified duration, subsequent encounter",ATOM_PHRASE_MATCH,syncope,Syncope / presyncope,"syncope:7.0(phrase;tokens=consciousness,loss)"
S06.819S,"Injury of right internal carotid artery, intracranial portion, not elsewhere classified with loss of consciousness of unspecified duration, sequela",ATOM_PHRASE_MATCH,syncope,Syncope / presyncope,"syncope:7.0(phrase;tokens=consciousness,loss)"
S06.81AA,"Injury of right internal carotid artery, intracranial portion, not elsewhere classified with loss of consciousness status unknown, initial encounter",ATOM_PHRASE_MATCH,syncope,Syncope / presyncope,"syncope:7.0(phrase;tokens=consciousness,loss)"
S06.81AD,"Injury of right internal carotid artery, intracranial portion, not elsewhere classified with loss of consciousness status unknown, subsequent encounter",ATOM_PHRASE_MATCH,syncope,Syncope / presyncope,"syncope:7.0(phrase;tokens=consciousness,loss)"
S06.81AS,"Injury of right internal carotid artery, intracranial portion, not elsewhere classified with loss of consciousness status unknown, sequela",ATOM_PHRASE_MATCH,syncope,Syncope / presyncope,"syncope:7.0(phrase;tokens=consciousness,loss)"
S06.820A,"Injury of left internal carotid artery, intracranial portion, not elsewhere classified without loss of consciousness, initial encounter",ATOM_PHRASE_MATCH,syncope,Syncope / presyncope,"syncope:7.0(phrase;tokens=consciousness,loss)"
S06.820D,"Injury of left internal carotid artery, intracranial portion, not elsewhere classified without loss of consciousness, subsequent encounter",ATOM_PHRASE_MATCH,syncope,Syncope / presyncope,"syncope:7.0(phrase;tokens=consciousness,loss)"
S06.820S,"Injury of left internal carotid artery, intracranial portion, not elsewhere classified without loss of consciousness, sequela",ATOM_PHRASE_MATCH,syncope,Syncope / presyncope,"syncope:7.0(phrase;tokens=consciousness,loss)"
S06.821A,"Injury of left internal carotid artery, intracranial portion, not elsewhere classified with loss of consciousness of 30 minutes or less, initial encounter",ATOM_PHRASE_MATCH,syncope,Syncope / presyncope,"syncope:7.0(phrase;tokens=consciousness,loss)"
S06.821D,"Injury of left internal carotid artery, intracranial portion, not elsewhere classified with loss of consciousness of 30 minutes or less, subsequent encounter",ATOM_PHRASE_MATCH,syncope,Syncope / presyncope,"syncope:7.0(phrase;tokens=consciousness,loss)"
S06.821S,"Injury of left internal carotid artery, intracranial portion, not elsewhere classified with loss of consciousness of 30 minutes or less, sequela",ATOM_PHRASE_MATCH,syncope,Syncope / presyncope,"syncope:7.0(phrase;tokens=consciousness,loss)"
S06.822A,"Injury of left internal carotid artery, intracranial portion, not elsewhere classified with loss of consciousness of 31 minutes to 59 minutes, initial encounter",ATOM_PHRASE_MATCH,syncope,Syncope / presyncope,"syncope:7.0(phrase;tokens=consciousness,loss)"
S06.822D,"Injury of left internal carotid artery, intracranial portion, not elsewhere classified with loss of consciousness of 31 minutes to 59 minutes, subsequent encounter",ATOM_PHRASE_MATCH,syncope,Syncope / presyncope,"syncope:7.0(phrase;tokens=consciousness,loss)"
S06.822S,"Injury of left internal carotid artery, intracranial portion, not elsewhere classified with loss of consciousness of 31 minutes to 59 minutes, sequela",ATOM_PHRASE_MATCH,syncope,Syncope / presyncope,"syncope:7.0(phrase;tokens=consciousness,loss)"
S06.823A,"Injury of left internal carotid artery, intracranial portion, not elsewhere classified with loss of consciousness of 1 hour to 5 hours 59 minutes, initial encounter",ATOM_PHRASE_MATCH,syncope,Syncope / presyncope,"syncope:7.0(phrase;tokens=consciousness,loss)"
S06.823D,"Injury of left internal carotid artery, intracranial portion, not elsewhere classified with loss of consciousness of 1 hour to 5 hours 59 minutes, subsequent encounter",ATOM_PHRASE_MATCH,syncope,Syncope / presyncope,"syncope:7.0(phrase;tokens=consciousness,loss)"
S06.823S,"Injury of left internal carotid artery, intracranial portion, not elsewhere classified with loss of consciousness of 1 hour to 5 hours 59 minutes, sequela",ATOM_PHRASE_MATCH,syncope,Syncope / presyncope,"syncope:7.0(phrase;tokens=consciousness,loss)"
S06.824A,"Injury of left internal carotid artery, intracranial portion, not elsewhere classified with loss of consciousness of 6 hours to 24 hours, initial encounter",ATOM_PHRASE_MATCH,syncope,Syncope / presyncope,"syncope:7.0(phrase;tokens=consciousness,loss)"
S06.824D,"Injury of left internal carotid artery, intracranial portion, not elsewhere classified with loss of consciousness of 6 hours to 24 hours, subsequent encounter",ATOM_PHRASE_MATCH,syncope,Syncope / presyncope,"syncope:7.0(phrase;tokens=consciousness,loss)"
S06.824S,"Injury of left internal carotid artery, intracranial portion, not elsewhere classified with loss of consciousness of 6 hours to 24 hours, sequela",ATOM_PHRASE_MATCH,syncope,Syncope / presyncope,"syncope:7.0(phrase;tokens=consciousness,loss)"
S06.825A,"Injury of left internal carotid artery, intracranial portion, not elsewhere classified with loss of consciousness greater than 24 hours with return to pre-existing conscious level, initial encounter",ATOM_PHRASE_MATCH,age_excessive_snhl | syncope,Bilateral sensorineural hearing loss disproportionate to age | Syncope / presyncope,"syncope:7.0(phrase;tokens=consciousness,loss) | age_excessive_snhl:3.0(tokens=greater,loss,than)"
S06.825D,"Injury of left internal carotid artery, intracranial portion, not elsewhere classified with loss of consciousness greater than 24 hours with return to pre-existing conscious level, subsequent encounter",ATOM_PHRASE_MATCH,age_excessive_snhl | syncope,Bilateral sensorineural hearing loss disproportionate to age | Syncope / presyncope,"syncope:7.0(phrase;tokens=consciousness,loss) | age_excessive_snhl:3.0(tokens=greater,loss,than)"
S06.825S,"Injury of left internal carotid artery, intracranial portion, not elsewhere classified with loss of consciousness greater than 24 hours with return to pre-existing conscious level, sequela",ATOM_PHRASE_MATCH,age_excessive_snhl | syncope,Bilateral sensorineural hearing loss disproportionate to age | Syncope / presyncope,"syncope:7.0(phrase;tokens=consciousness,loss) | age_excessive_snhl:3.0(tokens=greater,loss,than)"
S06.826A,"Injury of left internal carotid artery, intracranial portion, not elsewhere classified with loss of consciousness greater than 24 hours without return to pre-existing conscious level with patient surviving, initial encounter",ATOM_PHRASE_MATCH,age_excessive_snhl | syncope,Bilateral sensorineural hearing loss disproportionate to age | Syncope / presyncope,"syncope:7.0(phrase;tokens=consciousness,loss) | age_excessive_snhl:3.0(tokens=greater,loss,than)"
S06.826D,"Injury of left internal carotid artery, intracranial portion, not elsewhere classified with loss of consciousness greater than 24 hours without return to pre-existing conscious level with patient surviving, subsequent encounter",ATOM_PHRASE_MATCH,age_excessive_snhl | syncope,Bilateral sensorineural hearing loss disproportionate to age | Syncope / presyncope,"syncope:7.0(phrase;tokens=consciousness,loss) | age_excessive_snhl:3.0(tokens=greater,loss,than)"
S06.826S,"Injury of left internal carotid artery, intracranial portion, not elsewhere classified with loss of consciousness greater than 24 hours without return to pre-existing conscious level with patient surviving, sequela",ATOM_PHRASE_MATCH,age_excessive_snhl | syncope,Bilateral sensorineural hearing loss disproportionate to age | Syncope / presyncope,"syncope:7.0(phrase;tokens=consciousness,loss) | age_excessive_snhl:3.0(tokens=greater,loss,than)"
S06.827A,"Injury of left internal carotid artery, intracranial portion, not elsewhere classified with loss of consciousness of any duration with death due to brain injury prior to regaining consciousness, initial encounter",ATOM_PHRASE_MATCH,syncope,Syncope / presyncope,"syncope:7.0(phrase;tokens=consciousness,loss)"
S06.828A,"Injury of left internal carotid artery, intracranial portion, not elsewhere classified with loss of consciousness of any duration with death due to other cause prior to regaining consciousness, initial encounter",ATOM_PHRASE_MATCH,syncope,Syncope / presyncope,"syncope:7.0(phrase;tokens=consciousness,loss)"
S06.829A,"Injury of left internal carotid artery, intracranial portion, not elsewhere classified with loss of consciousness of unspecified duration, initial encounter",ATOM_PHRASE_MATCH,syncope,Syncope / presyncope,"syncope:7.0(phrase;tokens=consciousness,loss)"
S06.829D,"Injury of left internal carotid artery, intracranial portion, not elsewhere classified with loss of consciousness of unspecified duration, subsequent encounter",ATOM_PHRASE_MATCH,syncope,Syncope / presyncope,"syncope:7.0(phrase;tokens=consciousness,loss)"
S06.829S,"Injury of left internal carotid artery, intracranial portion, not elsewhere classified with loss of consciousness of unspecified duration, sequela",ATOM_PHRASE_MATCH,syncope,Syncope / presyncope,"syncope:7.0(phrase;tokens=consciousness,loss)"
S06.82AA,"Injury of left internal carotid artery, intracranial portion, not elsewhere classified with loss of consciousness status unknown, initial encounter",ATOM_PHRASE_MATCH,syncope,Syncope / presyncope,"syncope:7.0(phrase;tokens=consciousness,loss)"
S06.82AD,"Injury of left internal carotid artery, intracranial portion, not elsewhere classified with loss of consciousness status unknown, subsequent encounter",ATOM_PHRASE_MATCH,syncope,Syncope / presyncope,"syncope:7.0(phrase;tokens=consciousness,loss)"
S06.82AS,"Injury of left internal carotid artery, intracranial portion, not elsewhere classified with loss of consciousness status unknown, sequela",ATOM_PHRASE_MATCH,syncope,Syncope / presyncope,"syncope:7.0(phrase;tokens=consciousness,loss)"
S06.890D,"Other specified intracranial injury without loss of consciousness, subsequent encounter",ATOM_PHRASE_MATCH,syncope,Syncope / presyncope,"syncope:7.0(phrase;tokens=consciousness,loss)"
S06.890S,"Other specified intracranial injury without loss of consciousness, sequela",ATOM_PHRASE_MATCH,syncope,Syncope / presyncope,"syncope:7.0(phrase;tokens=consciousness,loss)"
S06.891A,"Other specified intracranial injury with loss of consciousness of 30 minutes or less, initial encounter",ATOM_PHRASE_MATCH,syncope,Syncope / presyncope,"syncope:7.0(phrase;tokens=consciousness,loss)"
S06.891D,"Other specified intracranial injury with loss of consciousness of 30 minutes or less, subsequent encounter",ATOM_PHRASE_MATCH,syncope,Syncope / presyncope,"syncope:7.0(phrase;tokens=consciousness,loss)"
S06.891S,"Other specified intracranial injury with loss of consciousness of 30 minutes or less, sequela",ATOM_PHRASE_MATCH,syncope,Syncope / presyncope,"syncope:7.0(phrase;tokens=consciousness,loss)"
S06.892A,"Other specified intracranial injury with loss of consciousness of 31 minutes to 59 minutes, initial encounter",ATOM_PHRASE_MATCH,syncope,Syncope / presyncope,"syncope:7.0(phrase;tokens=consciousness,loss)"
S06.892D,"Other specified intracranial injury with loss of consciousness of 31 minutes to 59 minutes, subsequent encounter",ATOM_PHRASE_MATCH,syncope,Syncope / presyncope,"syncope:7.0(phrase;tokens=consciousness,loss)"
S06.892S,"Other specified intracranial injury with loss of consciousness of 31 minutes to 59 minutes, sequela",ATOM_PHRASE_MATCH,syncope,Syncope / presyncope,"syncope:7.0(phrase;tokens=consciousness,loss)"
S06.893A,"Other specified intracranial injury with loss of consciousness of 1 hour to 5 hours 59 minutes, initial encounter",ATOM_PHRASE_MATCH,syncope,Syncope / presyncope,"syncope:7.0(phrase;tokens=consciousness,loss)"
S06.893D,"Other specified intracranial injury with loss of consciousness of 1 hour to 5 hours 59 minutes, subsequent encounter",ATOM_PHRASE_MATCH,syncope,Syncope / presyncope,"syncope:7.0(phrase;tokens=consciousness,loss)"
S06.893S,"Other specified intracranial injury with loss of consciousness of 1 hour to 5 hours 59 minutes, sequela",ATOM_PHRASE_MATCH,syncope,Syncope / presyncope,"syncope:7.0(phrase;tokens=consciousness,loss)"
S06.894A,"Other specified intracranial injury with loss of consciousness of 6 hours to 24 hours, initial encounter",ATOM_PHRASE_MATCH,syncope,Syncope / presyncope,"syncope:7.0(phrase;tokens=consciousness,loss)"
S06.894D,"Other specified intracranial injury with loss of consciousness of 6 hours to 24 hours, subsequent encounter",ATOM_PHRASE_MATCH,syncope,Syncope / presyncope,"syncope:7.0(phrase;tokens=consciousness,loss)"
S06.894S,"Other specified intracranial injury with loss of consciousness of 6 hours to 24 hours, sequela",ATOM_PHRASE_MATCH,syncope,Syncope / presyncope,"syncope:7.0(phrase;tokens=consciousness,loss)"
S06.896A,"Other specified intracranial injury with loss of consciousness greater than 24 hours without return to pre-existing conscious level with patient surviving, initial encounter",ATOM_PHRASE_MATCH,age_excessive_snhl | syncope,Bilateral sensorineural hearing loss disproportionate to age | Syncope / presyncope,"syncope:7.0(phrase;tokens=consciousness,loss) | age_excessive_snhl:3.0(tokens=greater,loss,than)"
S06.896D,"Other specified intracranial injury with loss of consciousness greater than 24 hours without return to pre-existing conscious level with patient surviving, subsequent encounter",ATOM_PHRASE_MATCH,age_excessive_snhl | syncope,Bilateral sensorineural hearing loss disproportionate to age | Syncope / presyncope,"syncope:7.0(phrase;tokens=consciousness,loss) | age_excessive_snhl:3.0(tokens=greater,loss,than)"
S06.896S,"Other specified intracranial injury with loss of consciousness greater than 24 hours without return to pre-existing conscious level with patient surviving, sequela",ATOM_PHRASE_MATCH,age_excessive_snhl | syncope,Bilateral sensorineural hearing loss disproportionate to age | Syncope / presyncope,"syncope:7.0(phrase;tokens=consciousness,loss) | age_excessive_snhl:3.0(tokens=greater,loss,than)"
S06.897A,"Other specified intracranial injury with loss of consciousness of any duration with death due to brain injury prior to regaining consciousness, initial encounter",ATOM_PHRASE_MATCH,syncope,Syncope / presyncope,"syncope:7.0(phrase;tokens=consciousness,loss)"
S06.898A,"Other specified intracranial injury with loss of consciousness of any duration with death due to other cause prior to regaining consciousness, initial encounter",ATOM_PHRASE_MATCH,syncope,Syncope / presyncope,"syncope:7.0(phrase;tokens=consciousness,loss)"
S06.899S,"Other specified intracranial injury with loss of consciousness of unspecified duration, sequela",ATOM_PHRASE_MATCH,syncope,Syncope / presyncope,"syncope:7.0(phrase;tokens=consciousness,loss)"
S06.89AS,"Other specified intracranial injury with loss of consciousness status unknown, sequela",ATOM_PHRASE_MATCH,syncope,Syncope / presyncope,"syncope:7.0(phrase;tokens=consciousness,loss)"
S06.8A0A,"Primary blast injury of brain, not elsewhere classified without loss of consciousness, initial encounter",ATOM_PHRASE_MATCH,syncope,Syncope / presyncope,"syncope:7.0(phrase;tokens=consciousness,loss)"
S06.8A0D,"Primary blast injury of brain, not elsewhere classified without loss of consciousness, subsequent encounter",ATOM_PHRASE_MATCH,syncope,Syncope / presyncope,"syncope:7.0(phrase;tokens=consciousness,loss)"
S06.8A0S,"Primary blast injury of brain, not elsewhere classified without loss of consciousness, sequela",ATOM_PHRASE_MATCH,syncope,Syncope / presyncope,"syncope:7.0(phrase;tokens=consciousness,loss)"
S06.8A1A,"Primary blast injury of brain, not elsewhere classified with loss of consciousness of 30 minutes or less, initial encounter",ATOM_PHRASE_MATCH,syncope,Syncope / presyncope,"syncope:7.0(phrase;tokens=consciousness,loss)"
S06.8A1D,"Primary blast injury of brain, not elsewhere classified with loss of consciousness of 30 minutes or less, subsequent encounter",ATOM_PHRASE_MATCH,syncope,Syncope / presyncope,"syncope:7.0(phrase;tokens=consciousness,loss)"
S06.8A1S,"Primary blast injury of brain, not elsewhere classified with loss of consciousness of 30 minutes or less, sequela",ATOM_PHRASE_MATCH,syncope,Syncope / presyncope,"syncope:7.0(phrase;tokens=consciousness,loss)"
S06.8A2A,"Primary blast injury of brain, not elsewhere classified with loss of consciousness of 31 minutes to 59 minutes, initial encounter",ATOM_PHRASE_MATCH,syncope,Syncope / presyncope,"syncope:7.0(phrase;tokens=consciousness,loss)"
S06.8A2D,"Primary blast injury of brain, not elsewhere classified with loss of consciousness of 31 minutes to 59 minutes, subsequent encounter",ATOM_PHRASE_MATCH,syncope,Syncope / presyncope,"syncope:7.0(phrase;tokens=consciousness,loss)"
S06.8A2S,"Primary blast injury of brain, not elsewhere classified with loss of consciousness of 31 minutes to 59 minutes, sequela",ATOM_PHRASE_MATCH,syncope,Syncope / presyncope,"syncope:7.0(phrase;tokens=consciousness,loss)"
S06.8A3A,"Primary blast injury of brain, not elsewhere classified with loss of consciousness of 1 hour to 5 hours 59 minutes, initial encounter",ATOM_PHRASE_MATCH,syncope,Syncope / presyncope,"syncope:7.0(phrase;tokens=consciousness,loss)"
S06.8A3D,"Primary blast injury of brain, not elsewhere classified with loss of consciousness of 1 hour to 5 hours 59 minutes, subsequent encounter",ATOM_PHRASE_MATCH,syncope,Syncope / presyncope,"syncope:7.0(phrase;tokens=consciousness,loss)"
S06.8A3S,"Primary blast injury of brain, not elsewhere classified with loss of consciousness of 1 hour to 5 hours 59 minutes, sequela",ATOM_PHRASE_MATCH,syncope,Syncope / presyncope,"syncope:7.0(phrase;tokens=consciousness,loss)"
S06.8A4A,"Primary blast injury of brain, not elsewhere classified with loss of consciousness of 6 hours to 24 hours, initial encounter",ATOM_PHRASE_MATCH,syncope,Syncope / presyncope,"syncope:7.0(phrase;tokens=consciousness,loss)"
S06.8A4D,"Primary blast injury of brain, not elsewhere classified with loss of consciousness of 6 hours to 24 hours, subsequent encounter",ATOM_PHRASE_MATCH,syncope,Syncope / presyncope,"syncope:7.0(phrase;tokens=consciousness,loss)"
S06.8A4S,"Primary blast injury of brain, not elsewhere classified with loss of consciousness of 6 hours to 24 hours, sequela",ATOM_PHRASE_MATCH,syncope,Syncope / presyncope,"syncope:7.0(phrase;tokens=consciousness,loss)"
S06.8A5A,"Primary blast injury of brain, not elsewhere classified with loss of consciousness greater than 24 hours with return to pre-existing conscious level, initial encounter",ATOM_PHRASE_MATCH,age_excessive_snhl | syncope,Bilateral sensorineural hearing loss disproportionate to age | Syncope / presyncope,"syncope:7.0(phrase;tokens=consciousness,loss) | age_excessive_snhl:3.0(tokens=greater,loss,than)"
S06.8A5D,"Primary blast injury of brain, not elsewhere classified with loss of consciousness greater than 24 hours with return to pre-existing conscious level, subsequent encounter",ATOM_PHRASE_MATCH,age_excessive_snhl | syncope,Bilateral sensorineural hearing loss disproportionate to age | Syncope / presyncope,"syncope:7.0(phrase;tokens=consciousness,loss) | age_excessive_snhl:3.0(tokens=greater,loss,than)"
S06.8A5S,"Primary blast injury of brain, not elsewhere classified with loss of consciousness greater than 24 hours with return to pre-existing conscious level, sequela",ATOM_PHRASE_MATCH,age_excessive_snhl | syncope,Bilateral sensorineural hearing loss disproportionate to age | Syncope / presyncope,"syncope:7.0(phrase;tokens=consciousness,loss) | age_excessive_snhl:3.0(tokens=greater,loss,than)"
S06.8A6A,"Primary blast injury of brain, not elsewhere classified with loss of consciousness greater than 24 hours without return to pre-existing conscious level with patient surviving, initial encounter",ATOM_PHRASE_MATCH,age_excessive_snhl | syncope,Bilateral sensorineural hearing loss disproportionate to age | Syncope / presyncope,"syncope:7.0(phrase;tokens=consciousness,loss) | age_excessive_snhl:3.0(tokens=greater,loss,than)"
S06.8A6D,"Primary blast injury of brain, not elsewhere classified with loss of consciousness greater than 24 hours without return to pre-existing conscious level with patient surviving, subsequent encounter",ATOM_PHRASE_MATCH,age_excessive_snhl | syncope,Bilateral sensorineural hearing loss disproportionate to age | Syncope / presyncope,"syncope:7.0(phrase;tokens=consciousness,loss) | age_excessive_snhl:3.0(tokens=greater,loss,than)"
S06.8A6S,"Primary blast injury of brain, not elsewhere classified with loss of consciousness greater than 24 hours without return to pre-existing conscious level with patient surviving, sequela",ATOM_PHRASE_MATCH,age_excessive_snhl | syncope,Bilateral sensorineural hearing loss disproportionate to age | Syncope / presyncope,"syncope:7.0(phrase;tokens=consciousness,loss) | age_excessive_snhl:3.0(tokens=greater,loss,than)"
S06.8A7A,"Primary blast injury of brain, not elsewhere classified with loss of consciousness of any duration with death due to brain injury prior to regaining consciousness, initial encounter",ATOM_PHRASE_MATCH,syncope,Syncope / presyncope,"syncope:7.0(phrase;tokens=consciousness,loss)"
S06.8A8A,"Primary blast injury of brain, not elsewhere classified with loss of consciousness of any duration with death due to other cause prior to regaining consciousness, initial encounter",ATOM_PHRASE_MATCH,syncope,Syncope / presyncope,"syncope:7.0(phrase;tokens=consciousness,loss)"
S06.8A9A,"Primary blast injury of brain, not elsewhere classified with loss of consciousness of unspecified duration, initial encounter",ATOM_PHRASE_MATCH,syncope,Syncope / presyncope,"syncope:7.0(phrase;tokens=consciousness,loss)"
S06.8A9D,"Primary blast injury of brain, not elsewhere classified with loss of consciousness of unspecified duration, subsequent encounter",ATOM_PHRASE_MATCH,syncope,Syncope / presyncope,"syncope:7.0(phrase;tokens=consciousness,loss)"
S06.8A9S,"Primary blast injury of brain, not elsewhere classified with loss of consciousness of unspecified duration, sequela",ATOM_PHRASE_MATCH,syncope,Syncope / presyncope,"syncope:7.0(phrase;tokens=consciousness,loss)"
S06.8AAA,"Primary blast injury of brain, not elsewhere classified with loss of consciousness status unknown, initial encounter",ATOM_PHRASE_MATCH,syncope,Syncope / presyncope,"syncope:7.0(phrase;tokens=consciousness,loss)"
S06.8AAD,"Primary blast injury of brain, not elsewhere classified with loss of consciousness status unknown, subsequent encounter",ATOM_PHRASE_MATCH,syncope,Syncope / presyncope,"syncope:7.0(phrase;tokens=consciousness,loss)"
S06.8AAS,"Primary blast injury of brain, not elsewhere classified with loss of consciousness status unknown, sequela",ATOM_PHRASE_MATCH,syncope,Syncope / presyncope,"syncope:7.0(phrase;tokens=consciousness,loss)"
S06.9X8A,"Unspecified intracranial injury with loss of consciousness of any duration with death due to other cause prior to regaining consciousness, initial encounter",ATOM_PHRASE_MATCH,syncope,Syncope / presyncope,"syncope:7.0(phrase;tokens=consciousness,loss)"
S46.021A,"Laceration of muscle(s) and tendon(s) of the rotator cuff of right shoulder, initial encounter",CONFIGURED_ICD_CATEGORY,biceps_rupture | rotator_cuff | shoulder_disorder,"Other shoulder disorder | Rotator cuff tear / repair | Spontaneous distal biceps tendon rupture (""Popeye sign"")","biceps_rupture:3.0(same_icd_category;tokens=tendon) | rotator_cuff:3.0(tokens=cuff,rotator,shoulder) | shoulder_disorder:3.0(tokens=cuff,rotator,shoulder)"
S46.021D,"Laceration of muscle(s) and tendon(s) of the rotator cuff of right shoulder, subsequent encounter",CONFIGURED_ICD_CATEGORY,biceps_rupture | rotator_cuff | shoulder_disorder,"Other shoulder disorder | Rotator cuff tear / repair | Spontaneous distal biceps tendon rupture (""Popeye sign"")","biceps_rupture:3.0(same_icd_category;tokens=tendon) | rotator_cuff:3.0(tokens=cuff,rotator,shoulder) | shoulder_disorder:3.0(tokens=cuff,rotator,shoulder)"
S46.021S,"Laceration of muscle(s) and tendon(s) of the rotator cuff of right shoulder, sequela",CONFIGURED_ICD_CATEGORY,biceps_rupture | rotator_cuff | shoulder_disorder,"Other shoulder disorder | Rotator cuff tear / repair | Spontaneous distal biceps tendon rupture (""Popeye sign"")","biceps_rupture:3.0(same_icd_category;tokens=tendon) | rotator_cuff:3.0(tokens=cuff,rotator,shoulder) | shoulder_disorder:3.0(tokens=cuff,rotator,shoulder)"
S46.022A,"Laceration of muscle(s) and tendon(s) of the rotator cuff of left shoulder, initial encounter",CONFIGURED_ICD_CATEGORY,biceps_rupture | rotator_cuff | shoulder_disorder,"Other shoulder disorder | Rotator cuff tear / repair | Spontaneous distal biceps tendon rupture (""Popeye sign"")","biceps_rupture:3.0(same_icd_category;tokens=tendon) | rotator_cuff:3.0(tokens=cuff,rotator,shoulder) | shoulder_disorder:3.0(tokens=cuff,rotator,shoulder)"
S46.022S,"Laceration of muscle(s) and tendon(s) of the rotator cuff of left shoulder, sequela",CONFIGURED_ICD_CATEGORY,biceps_rupture | rotator_cuff | shoulder_disorder,"Other shoulder disorder | Rotator cuff tear / repair | Spontaneous distal biceps tendon rupture (""Popeye sign"")","biceps_rupture:3.0(same_icd_category;tokens=tendon) | rotator_cuff:3.0(tokens=cuff,rotator,shoulder) | shoulder_disorder:3.0(tokens=cuff,rotator,shoulder)"
S46.029A,"Laceration of muscle(s) and tendon(s) of the rotator cuff of unspecified shoulder, initial encounter",CONFIGURED_ICD_CATEGORY,biceps_rupture | rotator_cuff | shoulder_disorder,"Other shoulder disorder | Rotator cuff tear / repair | Spontaneous distal biceps tendon rupture (""Popeye sign"")","biceps_rupture:3.0(same_icd_category;tokens=tendon) | rotator_cuff:3.0(tokens=cuff,rotator,shoulder) | shoulder_disorder:3.0(tokens=cuff,rotator,shoulder)"
S46.029D,"Laceration of muscle(s) and tendon(s) of the rotator cuff of unspecified shoulder, subsequent encounter",CONFIGURED_ICD_CATEGORY,biceps_rupture | rotator_cuff | shoulder_disorder,"Other shoulder disorder | Rotator cuff tear / repair | Spontaneous distal biceps tendon rupture (""Popeye sign"")","biceps_rupture:3.0(same_icd_category;tokens=tendon) | rotator_cuff:3.0(tokens=cuff,rotator,shoulder) | shoulder_disorder:3.0(tokens=cuff,rotator,shoulder)"
S46.029S,"Laceration of muscle(s) and tendon(s) of the rotator cuff of unspecified shoulder, sequela",CONFIGURED_ICD_CATEGORY,biceps_rupture | rotator_cuff | shoulder_disorder,"Other shoulder disorder | Rotator cuff tear / repair | Spontaneous distal biceps tendon rupture (""Popeye sign"")","biceps_rupture:3.0(same_icd_category;tokens=tendon) | rotator_cuff:3.0(tokens=cuff,rotator,shoulder) | shoulder_disorder:3.0(tokens=cuff,rotator,shoulder)"
S46.091D,"Other injury of muscle(s) and tendon(s) of the rotator cuff of right shoulder, subsequent encounter",CONFIGURED_ICD_CATEGORY,biceps_rupture | rotator_cuff | shoulder_disorder,"Other shoulder disorder | Rotator cuff tear / repair | Spontaneous distal biceps tendon rupture (""Popeye sign"")","biceps_rupture:3.0(same_icd_category;tokens=tendon) | rotator_cuff:3.0(tokens=cuff,rotator,shoulder) | shoulder_disorder:3.0(tokens=cuff,rotator,shoulder)"
S46.091S,"Other injury of muscle(s) and tendon(s) of the rotator cuff of right shoulder, sequela",CONFIGURED_ICD_CATEGORY,biceps_rupture | rotator_cuff | shoulder_disorder,"Other shoulder disorder | Rotator cuff tear / repair | Spontaneous distal biceps tendon rupture (""Popeye sign"")","biceps_rupture:3.0(same_icd_category;tokens=tendon) | rotator_cuff:3.0(tokens=cuff,rotator,shoulder) | shoulder_disorder:3.0(tokens=cuff,rotator,shoulder)"
S46.092D,"Other injury of muscle(s) and tendon(s) of the rotator cuff of left shoulder, subsequent encounter",CONFIGURED_ICD_CATEGORY,biceps_rupture | rotator_cuff | shoulder_disorder,"Other shoulder disorder | Rotator cuff tear / repair | Spontaneous distal biceps tendon rupture (""Popeye sign"")","biceps_rupture:3.0(same_icd_category;tokens=tendon) | rotator_cuff:3.0(tokens=cuff,rotator,shoulder) | shoulder_disorder:3.0(tokens=cuff,rotator,shoulder)"
S46.092S,"Other injury of muscle(s) and tendon(s) of the rotator cuff of left shoulder, sequela",CONFIGURED_ICD_CATEGORY,biceps_rupture | rotator_cuff | shoulder_disorder,"Other shoulder disorder | Rotator cuff tear / repair | Spontaneous distal biceps tendon rupture (""Popeye sign"")","biceps_rupture:3.0(same_icd_category;tokens=tendon) | rotator_cuff:3.0(tokens=cuff,rotator,shoulder) | shoulder_disorder:3.0(tokens=cuff,rotator,shoulder)"
S46.099A,"Other injury of muscle(s) and tendon(s) of the rotator cuff of unspecified shoulder, initial encounter",CONFIGURED_ICD_CATEGORY,biceps_rupture | rotator_cuff | shoulder_disorder,"Other shoulder disorder | Rotator cuff tear / repair | Spontaneous distal biceps tendon rupture (""Popeye sign"")","biceps_rupture:3.0(same_icd_category;tokens=tendon) | rotator_cuff:3.0(tokens=cuff,rotator,shoulder) | shoulder_disorder:3.0(tokens=cuff,rotator,shoulder)"
S46.099D,"Other injury of muscle(s) and tendon(s) of the rotator cuff of unspecified shoulder, subsequent encounter",CONFIGURED_ICD_CATEGORY,biceps_rupture | rotator_cuff | shoulder_disorder,"Other shoulder disorder | Rotator cuff tear / repair | Spontaneous distal biceps tendon rupture (""Popeye sign"")","biceps_rupture:3.0(same_icd_category;tokens=tendon) | rotator_cuff:3.0(tokens=cuff,rotator,shoulder) | shoulder_disorder:3.0(tokens=cuff,rotator,shoulder)"
S46.099S,"Other injury of muscle(s) and tendon(s) of the rotator cuff of unspecified shoulder, sequela",CONFIGURED_ICD_CATEGORY,biceps_rupture | rotator_cuff | shoulder_disorder,"Other shoulder disorder | Rotator cuff tear / repair | Spontaneous distal biceps tendon rupture (""Popeye sign"")","biceps_rupture:3.0(same_icd_category;tokens=tendon) | rotator_cuff:3.0(tokens=cuff,rotator,shoulder) | shoulder_disorder:3.0(tokens=cuff,rotator,shoulder)"
S46.101A,"Unspecified injury of muscle, fascia and tendon of long head of biceps, right arm, initial encounter",CONFIGURED_ICD_CATEGORY,biceps_rupture,"Spontaneous distal biceps tendon rupture (""Popeye sign"")","biceps_rupture:4.0(same_icd_category;tokens=bicep,tendon)"
S46.101D,"Unspecified injury of muscle, fascia and tendon of long head of biceps, right arm, subsequent encounter",CONFIGURED_ICD_CATEGORY,biceps_rupture,"Spontaneous distal biceps tendon rupture (""Popeye sign"")","biceps_rupture:4.0(same_icd_category;tokens=bicep,tendon)"
S46.102D,"Unspecified injury of muscle, fascia and tendon of long head of biceps, left arm, subsequent encounter",CONFIGURED_ICD_CATEGORY,biceps_rupture,"Spontaneous distal biceps tendon rupture (""Popeye sign"")","biceps_rupture:4.0(same_icd_category;tokens=bicep,tendon)"
S46.102S,"Unspecified injury of muscle, fascia and tendon of long head of biceps, left arm, sequela",CONFIGURED_ICD_CATEGORY,biceps_rupture,"Spontaneous distal biceps tendon rupture (""Popeye sign"")","biceps_rupture:4.0(same_icd_category;tokens=bicep,tendon)"
S46.109D,"Unspecified injury of muscle, fascia and tendon of long head of biceps, unspecified arm, subsequent encounter",CONFIGURED_ICD_CATEGORY,biceps_rupture,"Spontaneous distal biceps tendon rupture (""Popeye sign"")","biceps_rupture:4.0(same_icd_category;tokens=bicep,tendon)"
S46.109S,"Unspecified injury of muscle, fascia and tendon of long head of biceps, unspecified arm, sequela",CONFIGURED_ICD_CATEGORY,biceps_rupture,"Spontaneous distal biceps tendon rupture (""Popeye sign"")","biceps_rupture:4.0(same_icd_category;tokens=bicep,tendon)"
S46.111S,"Strain of muscle, fascia and tendon of long head of biceps, right arm, sequela",CONFIGURED_ICD_CATEGORY,biceps_rupture,"Spontaneous distal biceps tendon rupture (""Popeye sign"")","biceps_rupture:4.0(same_icd_category;tokens=bicep,tendon)"
S46.119D,"Strain of muscle, fascia and tendon of long head of biceps, unspecified arm, subsequent encounter",CONFIGURED_ICD_CATEGORY,biceps_rupture,"Spontaneous distal biceps tendon rupture (""Popeye sign"")","biceps_rupture:4.0(same_icd_category;tokens=bicep,tendon)"
S46.119S,"Strain of muscle, fascia and tendon of long head of biceps, unspecified arm, sequela",CONFIGURED_ICD_CATEGORY,biceps_rupture,"Spontaneous distal biceps tendon rupture (""Popeye sign"")","biceps_rupture:4.0(same_icd_category;tokens=bicep,tendon)"
S46.121A,"Laceration of muscle, fascia and tendon of long head of biceps, right arm, initial encounter",CONFIGURED_ICD_CATEGORY,biceps_rupture,"Spontaneous distal biceps tendon rupture (""Popeye sign"")","biceps_rupture:4.0(same_icd_category;tokens=bicep,tendon)"
S46.121D,"Laceration of muscle, fascia and tendon of long head of biceps, right arm, subsequent encounter",CONFIGURED_ICD_CATEGORY,biceps_rupture,"Spontaneous distal biceps tendon rupture (""Popeye sign"")","biceps_rupture:4.0(same_icd_category;tokens=bicep,tendon)"
S46.121S,"Laceration of muscle, fascia and tendon of long head of biceps, right arm, sequela",CONFIGURED_ICD_CATEGORY,biceps_rupture,"Spontaneous distal biceps tendon rupture (""Popeye sign"")","biceps_rupture:4.0(same_icd_category;tokens=bicep,tendon)"
S46.122A,"Laceration of muscle, fascia and tendon of long head of biceps, left arm, initial encounter",CONFIGURED_ICD_CATEGORY,biceps_rupture,"Spontaneous distal biceps tendon rupture (""Popeye sign"")","biceps_rupture:4.0(same_icd_category;tokens=bicep,tendon)"
S46.122D,"Laceration of muscle, fascia and tendon of long head of biceps, left arm, subsequent encounter",CONFIGURED_ICD_CATEGORY,biceps_rupture,"Spontaneous distal biceps tendon rupture (""Popeye sign"")","biceps_rupture:4.0(same_icd_category;tokens=bicep,tendon)"
S46.122S,"Laceration of muscle, fascia and tendon of long head of biceps, left arm, sequela",CONFIGURED_ICD_CATEGORY,biceps_rupture,"Spontaneous distal biceps tendon rupture (""Popeye sign"")","biceps_rupture:4.0(same_icd_category;tokens=bicep,tendon)"
S46.129A,"Laceration of muscle, fascia and tendon of long head of biceps, unspecified arm, initial encounter",CONFIGURED_ICD_CATEGORY,biceps_rupture,"Spontaneous distal biceps tendon rupture (""Popeye sign"")","biceps_rupture:4.0(same_icd_category;tokens=bicep,tendon)"
S46.129D,"Laceration of muscle, fascia and tendon of long head of biceps, unspecified arm, subsequent encounter",CONFIGURED_ICD_CATEGORY,biceps_rupture,"Spontaneous distal biceps tendon rupture (""Popeye sign"")","biceps_rupture:4.0(same_icd_category;tokens=bicep,tendon)"
S46.129S,"Laceration of muscle, fascia and tendon of long head of biceps, unspecified arm, sequela",CONFIGURED_ICD_CATEGORY,biceps_rupture,"Spontaneous distal biceps tendon rupture (""Popeye sign"")","biceps_rupture:4.0(same_icd_category;tokens=bicep,tendon)"
S46.191A,"Other injury of muscle, fascia and tendon of long head of biceps, right arm, initial encounter",CONFIGURED_ICD_CATEGORY,biceps_rupture,"Spontaneous distal biceps tendon rupture (""Popeye sign"")","biceps_rupture:4.0(same_icd_category;tokens=bicep,tendon)"
S46.192D,"Other injury of muscle, fascia and tendon of long head of biceps, left arm, subsequent encounter",CONFIGURED_ICD_CATEGORY,biceps_rupture,"Spontaneous distal biceps tendon rupture (""Popeye sign"")","biceps_rupture:4.0(same_icd_category;tokens=bicep,tendon)"
S46.192S,"Other injury of muscle, fascia and tendon of long head of biceps, left arm, sequela",CONFIGURED_ICD_CATEGORY,biceps_rupture,"Spontaneous distal biceps tendon rupture (""Popeye sign"")","biceps_rupture:4.0(same_icd_category;tokens=bicep,tendon)"
S46.199A,"Other injury of muscle, fascia and tendon of long head of biceps, unspecified arm, initial encounter",CONFIGURED_ICD_CATEGORY,biceps_rupture,"Spontaneous distal biceps tendon rupture (""Popeye sign"")","biceps_rupture:4.0(same_icd_category;tokens=bicep,tendon)"
S46.199D,"Other injury of muscle, fascia and tendon of long head of biceps, unspecified arm, subsequent encounter",CONFIGURED_ICD_CATEGORY,biceps_rupture,"Spontaneous distal biceps tendon rupture (""Popeye sign"")","biceps_rupture:4.0(same_icd_category;tokens=bicep,tendon)"
S46.199S,"Other injury of muscle, fascia and tendon of long head of biceps, unspecified arm, sequela",CONFIGURED_ICD_CATEGORY,biceps_rupture,"Spontaneous distal biceps tendon rupture (""Popeye sign"")","biceps_rupture:4.0(same_icd_category;tokens=bicep,tendon)"
S46.201D,"Unspecified injury of muscle, fascia and tendon of other parts of biceps, right arm, subsequent encounter",CONFIGURED_ICD_CATEGORY,biceps_rupture,"Spontaneous distal biceps tendon rupture (""Popeye sign"")","biceps_rupture:4.0(same_icd_category;tokens=bicep,tendon)"
S46.201S,"Unspecified injury of muscle, fascia and tendon of other parts of biceps, right arm, sequela",CONFIGURED_ICD_CATEGORY,biceps_rupture,"Spontaneous distal biceps tendon rupture (""Popeye sign"")","biceps_rupture:4.0(same_icd_category;tokens=bicep,tendon)"
S46.202S,"Unspecified injury of muscle, fascia and tendon of other parts of biceps, left arm, sequela",CONFIGURED_ICD_CATEGORY,biceps_rupture,"Spontaneous distal biceps tendon rupture (""Popeye sign"")","biceps_rupture:4.0(same_icd_category;tokens=bicep,tendon)"
S46.209D,"Unspecified injury of muscle, fascia and tendon of other parts of biceps, unspecified arm, subsequent encounter",CONFIGURED_ICD_CATEGORY,biceps_rupture,"Spontaneous distal biceps tendon rupture (""Popeye sign"")","biceps_rupture:4.0(same_icd_category;tokens=bicep,tendon)"
S46.209S,"Unspecified injury of muscle, fascia and tendon of other parts of biceps, unspecified arm, sequela",CONFIGURED_ICD_CATEGORY,biceps_rupture,"Spontaneous distal biceps tendon rupture (""Popeye sign"")","biceps_rupture:4.0(same_icd_category;tokens=bicep,tendon)"
S46.219D,"Strain of muscle, fascia and tendon of other parts of biceps, unspecified arm, subsequent encounter",CONFIGURED_ICD_CATEGORY,biceps_rupture,"Spontaneous distal biceps tendon rupture (""Popeye sign"")","biceps_rupture:4.0(same_icd_category;tokens=bicep,tendon)"
S46.221D,"Laceration of muscle, fascia and tendon of other parts of biceps, right arm, subsequent encounter",CONFIGURED_ICD_CATEGORY,biceps_rupture,"Spontaneous distal biceps tendon rupture (""Popeye sign"")","biceps_rupture:4.0(same_icd_category;tokens=bicep,tendon)"
S46.221S,"Laceration of muscle, fascia and tendon of other parts of biceps, right arm, sequela",CONFIGURED_ICD_CATEGORY,biceps_rupture,"Spontaneous distal biceps tendon rupture (""Popeye sign"")","biceps_rupture:4.0(same_icd_category;tokens=bicep,tendon)"
S46.222D,"Laceration of muscle, fascia and tendon of other parts of biceps, left arm, subsequent encounter",CONFIGURED_ICD_CATEGORY,biceps_rupture,"Spontaneous distal biceps tendon rupture (""Popeye sign"")","biceps_rupture:4.0(same_icd_category;tokens=bicep,tendon)"
S46.222S,"Laceration of muscle, fascia and tendon of other parts of biceps, left arm, sequela",CONFIGURED_ICD_CATEGORY,biceps_rupture,"Spontaneous distal biceps tendon rupture (""Popeye sign"")","biceps_rupture:4.0(same_icd_category;tokens=bicep,tendon)"
S46.229D,"Laceration of muscle, fascia and tendon of other parts of biceps, unspecified arm, subsequent encounter",CONFIGURED_ICD_CATEGORY,biceps_rupture,"Spontaneous distal biceps tendon rupture (""Popeye sign"")","biceps_rupture:4.0(same_icd_category;tokens=bicep,tendon)"
S46.229S,"Laceration of muscle, fascia and tendon of other parts of biceps, unspecified arm, sequela",CONFIGURED_ICD_CATEGORY,biceps_rupture,"Spontaneous distal biceps tendon rupture (""Popeye sign"")","biceps_rupture:4.0(same_icd_category;tokens=bicep,tendon)"
S46.291A,"Other injury of muscle, fascia and tendon of other parts of biceps, right arm, initial encounter",CONFIGURED_ICD_CATEGORY,biceps_rupture,"Spontaneous distal biceps tendon rupture (""Popeye sign"")","biceps_rupture:4.0(same_icd_category;tokens=bicep,tendon)"
S46.291D,"Other injury of muscle, fascia and tendon of other parts of biceps, right arm, subsequent encounter",CONFIGURED_ICD_CATEGORY,biceps_rupture,"Spontaneous distal biceps tendon rupture (""Popeye sign"")","biceps_rupture:4.0(same_icd_category;tokens=bicep,tendon)"
S46.291S,"Other injury of muscle, fascia and tendon of other parts of biceps, right arm, sequela",CONFIGURED_ICD_CATEGORY,biceps_rupture,"Spontaneous distal biceps tendon rupture (""Popeye sign"")","biceps_rupture:4.0(same_icd_category;tokens=bicep,tendon)"
S46.292A,"Other injury of muscle, fascia and tendon of other parts of biceps, left arm, initial encounter",CONFIGURED_ICD_CATEGORY,biceps_rupture,"Spontaneous distal biceps tendon rupture (""Popeye sign"")","biceps_rupture:4.0(same_icd_category;tokens=bicep,tendon)"
S46.292D,"Other injury of muscle, fascia and tendon of other parts of biceps, left arm, subsequent encounter",CONFIGURED_ICD_CATEGORY,biceps_rupture,"Spontaneous distal biceps tendon rupture (""Popeye sign"")","biceps_rupture:4.0(same_icd_category;tokens=bicep,tendon)"
S46.292S,"Other injury of muscle, fascia and tendon of other parts of biceps, left arm, sequela",CONFIGURED_ICD_CATEGORY,biceps_rupture,"Spontaneous distal biceps tendon rupture (""Popeye sign"")","biceps_rupture:4.0(same_icd_category;tokens=bicep,tendon)"
S46.299A,"Other injury of muscle, fascia and tendon of other parts of biceps, unspecified arm, initial encounter",CONFIGURED_ICD_CATEGORY,biceps_rupture,"Spontaneous distal biceps tendon rupture (""Popeye sign"")","biceps_rupture:4.0(same_icd_category;tokens=bicep,tendon)"
S46.299D,"Other injury of muscle, fascia and tendon of other parts of biceps, unspecified arm, subsequent encounter",CONFIGURED_ICD_CATEGORY,biceps_rupture,"Spontaneous distal biceps tendon rupture (""Popeye sign"")","biceps_rupture:4.0(same_icd_category;tokens=bicep,tendon)"
S46.299S,"Other injury of muscle, fascia and tendon of other parts of biceps, unspecified arm, sequela",CONFIGURED_ICD_CATEGORY,biceps_rupture,"Spontaneous distal biceps tendon rupture (""Popeye sign"")","biceps_rupture:4.0(same_icd_category;tokens=bicep,tendon)"
S46.301D,"Unspecified injury of muscle, fascia and tendon of triceps, right arm, subsequent encounter",CONFIGURED_ICD_CATEGORY,biceps_rupture,"Spontaneous distal biceps tendon rupture (""Popeye sign"")",biceps_rupture:3.0(same_icd_category;tokens=tendon)
S46.301S,"Unspecified injury of muscle, fascia and tendon of triceps, right arm, sequela",CONFIGURED_ICD_CATEGORY,biceps_rupture,"Spontaneous distal biceps tendon rupture (""Popeye sign"")",biceps_rupture:3.0(same_icd_category;tokens=tendon)
S46.302D,"Unspecified injury of muscle, fascia and tendon of triceps, left arm, subsequent encounter",CONFIGURED_ICD_CATEGORY,biceps_rupture,"Spontaneous distal biceps tendon rupture (""Popeye sign"")",biceps_rupture:3.0(same_icd_category;tokens=tendon)
S46.302S,"Unspecified injury of muscle, fascia and tendon of triceps, left arm, sequela",CONFIGURED_ICD_CATEGORY,biceps_rupture,"Spontaneous distal biceps tendon rupture (""Popeye sign"")",biceps_rupture:3.0(same_icd_category;tokens=tendon)
S46.309D,"Unspecified injury of muscle, fascia and tendon of triceps, unspecified arm, subsequent encounter",CONFIGURED_ICD_CATEGORY,biceps_rupture,"Spontaneous distal biceps tendon rupture (""Popeye sign"")",biceps_rupture:3.0(same_icd_category;tokens=tendon)
S46.309S,"Unspecified injury of muscle, fascia and tendon of triceps, unspecified arm, sequela",CONFIGURED_ICD_CATEGORY,biceps_rupture,"Spontaneous distal biceps tendon rupture (""Popeye sign"")",biceps_rupture:3.0(same_icd_category;tokens=tendon)
S46.312D,"Strain of muscle, fascia and tendon of triceps, left arm, subsequent encounter",CONFIGURED_ICD_CATEGORY,biceps_rupture,"Spontaneous distal biceps tendon rupture (""Popeye sign"")",biceps_rupture:3.0(same_icd_category;tokens=tendon)
S46.312S,"Strain of muscle, fascia and tendon of triceps, left arm, sequela",CONFIGURED_ICD_CATEGORY,biceps_rupture,"Spontaneous distal biceps tendon rupture (""Popeye sign"")",biceps_rupture:3.0(same_icd_category;tokens=tendon)
S46.319D,"Strain of muscle, fascia and tendon of triceps, unspecified arm, subsequent encounter",CONFIGURED_ICD_CATEGORY,biceps_rupture,"Spontaneous distal biceps tendon rupture (""Popeye sign"")",biceps_rupture:3.0(same_icd_category;tokens=tendon)
S46.319S,"Strain of muscle, fascia and tendon of triceps, unspecified arm, sequela",CONFIGURED_ICD_CATEGORY,biceps_rupture,"Spontaneous distal biceps tendon rupture (""Popeye sign"")",biceps_rupture:3.0(same_icd_category;tokens=tendon)
S46.321A,"Laceration of muscle, fascia and tendon of triceps, right arm, initial encounter",CONFIGURED_ICD_CATEGORY,biceps_rupture,"Spontaneous distal biceps tendon rupture (""Popeye sign"")",biceps_rupture:3.0(same_icd_category;tokens=tendon)
S46.321D,"Laceration of muscle, fascia and tendon of triceps, right arm, subsequent encounter",CONFIGURED_ICD_CATEGORY,biceps_rupture,"Spontaneous distal biceps tendon rupture (""Popeye sign"")",biceps_rupture:3.0(same_icd_category;tokens=tendon)
S46.321S,"Laceration of muscle, fascia and tendon of triceps, right arm, sequela",CONFIGURED_ICD_CATEGORY,biceps_rupture,"Spontaneous distal biceps tendon rupture (""Popeye sign"")",biceps_rupture:3.0(same_icd_category;tokens=tendon)
S46.322A,"Laceration of muscle, fascia and tendon of triceps, left arm, initial encounter",CONFIGURED_ICD_CATEGORY,biceps_rupture,"Spontaneous distal biceps tendon rupture (""Popeye sign"")",biceps_rupture:3.0(same_icd_category;tokens=tendon)
S46.322D,"Laceration of muscle, fascia and tendon of triceps, left arm, subsequent encounter",CONFIGURED_ICD_CATEGORY,biceps_rupture,"Spontaneous distal biceps tendon rupture (""Popeye sign"")",biceps_rupture:3.0(same_icd_category;tokens=tendon)
S46.322S,"Laceration of muscle, fascia and tendon of triceps, left arm, sequela",CONFIGURED_ICD_CATEGORY,biceps_rupture,"Spontaneous distal biceps tendon rupture (""Popeye sign"")",biceps_rupture:3.0(same_icd_category;tokens=tendon)
S46.329A,"Laceration of muscle, fascia and tendon of triceps, unspecified arm, initial encounter",CONFIGURED_ICD_CATEGORY,biceps_rupture,"Spontaneous distal biceps tendon rupture (""Popeye sign"")",biceps_rupture:3.0(same_icd_category;tokens=tendon)
S46.329D,"Laceration of muscle, fascia and tendon of triceps, unspecified arm, subsequent encounter",CONFIGURED_ICD_CATEGORY,biceps_rupture,"Spontaneous distal biceps tendon rupture (""Popeye sign"")",biceps_rupture:3.0(same_icd_category;tokens=tendon)
S46.329S,"Laceration of muscle, fascia and tendon of triceps, unspecified arm, sequela",CONFIGURED_ICD_CATEGORY,biceps_rupture,"Spontaneous distal biceps tendon rupture (""Popeye sign"")",biceps_rupture:3.0(same_icd_category;tokens=tendon)
S46.391A,"Other injury of muscle, fascia and tendon of triceps, right arm, initial encounter",CONFIGURED_ICD_CATEGORY,biceps_rupture,"Spontaneous distal biceps tendon rupture (""Popeye sign"")",biceps_rupture:3.0(same_icd_category;tokens=tendon)
S46.391D,"Other injury of muscle, fascia and tendon of triceps, right arm, subsequent encounter",CONFIGURED_ICD_CATEGORY,biceps_rupture,"Spontaneous distal biceps tendon rupture (""Popeye sign"")",biceps_rupture:3.0(same_icd_category;tokens=tendon)
S46.391S,"Other injury of muscle, fascia and tendon of triceps, right arm, sequela",CONFIGURED_ICD_CATEGORY,biceps_rupture,"Spontaneous distal biceps tendon rupture (""Popeye sign"")",biceps_rupture:3.0(same_icd_category;tokens=tendon)
S46.392A,"Other injury of muscle, fascia and tendon of triceps, left arm, initial encounter",CONFIGURED_ICD_CATEGORY,biceps_rupture,"Spontaneous distal biceps tendon rupture (""Popeye sign"")",biceps_rupture:3.0(same_icd_category;tokens=tendon)
S46.392S,"Other injury of muscle, fascia and tendon of triceps, left arm, sequela",CONFIGURED_ICD_CATEGORY,biceps_rupture,"Spontaneous distal biceps tendon rupture (""Popeye sign"")",biceps_rupture:3.0(same_icd_category;tokens=tendon)
S46.399A,"Other injury of muscle, fascia and tendon of triceps, unspecified arm, initial encounter",CONFIGURED_ICD_CATEGORY,biceps_rupture,"Spontaneous distal biceps tendon rupture (""Popeye sign"")",biceps_rupture:3.0(same_icd_category;tokens=tendon)
S46.399D,"Other injury of muscle, fascia and tendon of triceps, unspecified arm, subsequent encounter",CONFIGURED_ICD_CATEGORY,biceps_rupture,"Spontaneous distal biceps tendon rupture (""Popeye sign"")",biceps_rupture:3.0(same_icd_category;tokens=tendon)
S46.399S,"Other injury of muscle, fascia and tendon of triceps, unspecified arm, sequela",CONFIGURED_ICD_CATEGORY,biceps_rupture,"Spontaneous distal biceps tendon rupture (""Popeye sign"")",biceps_rupture:3.0(same_icd_category;tokens=tendon)
S46.801A,"Unspecified injury of other muscles, fascia and tendons at shoulder and upper arm level, right arm, initial encounter",CONFIGURED_ICD_CATEGORY,biceps_rupture,"Spontaneous distal biceps tendon rupture (""Popeye sign"")",biceps_rupture:3.0(same_icd_category;tokens=tendon)
S46.801D,"Unspecified injury of other muscles, fascia and tendons at shoulder and upper arm level, right arm, subsequent encounter",CONFIGURED_ICD_CATEGORY,biceps_rupture,"Spontaneous distal biceps tendon rupture (""Popeye sign"")",biceps_rupture:3.0(same_icd_category;tokens=tendon)
S46.801S,"Unspecified injury of other muscles, fascia and tendons at shoulder and upper arm level, right arm, sequela",CONFIGURED_ICD_CATEGORY,biceps_rupture,"Spontaneous distal biceps tendon rupture (""Popeye sign"")",biceps_rupture:3.0(same_icd_category;tokens=tendon)
S46.802A,"Unspecified injury of other muscles, fascia and tendons at shoulder and upper arm level, left arm, initial encounter",CONFIGURED_ICD_CATEGORY,biceps_rupture,"Spontaneous distal biceps tendon rupture (""Popeye sign"")",biceps_rupture:3.0(same_icd_category;tokens=tendon)
S46.802D,"Unspecified injury of other muscles, fascia and tendons at shoulder and upper arm level, left arm, subsequent encounter",CONFIGURED_ICD_CATEGORY,biceps_rupture,"Spontaneous distal biceps tendon rupture (""Popeye sign"")",biceps_rupture:3.0(same_icd_category;tokens=tendon)
S46.802S,"Unspecified injury of other muscles, fascia and tendons at shoulder and upper arm level, left arm, sequela",CONFIGURED_ICD_CATEGORY,biceps_rupture,"Spontaneous distal biceps tendon rupture (""Popeye sign"")",biceps_rupture:3.0(same_icd_category;tokens=tendon)
S46.809A,"Unspecified injury of other muscles, fascia and tendons at shoulder and upper arm level, unspecified arm, initial encounter",CONFIGURED_ICD_CATEGORY,biceps_rupture,"Spontaneous distal biceps tendon rupture (""Popeye sign"")",biceps_rupture:3.0(same_icd_category;tokens=tendon)
S46.809D,"Unspecified injury of other muscles, fascia and tendons at shoulder and upper arm level, unspecified arm, subsequent encounter",CONFIGURED_ICD_CATEGORY,biceps_rupture,"Spontaneous distal biceps tendon rupture (""Popeye sign"")",biceps_rupture:3.0(same_icd_category;tokens=tendon)
S46.809S,"Unspecified injury of other muscles, fascia and tendons at shoulder and upper arm level, unspecified arm, sequela",CONFIGURED_ICD_CATEGORY,biceps_rupture,"Spontaneous distal biceps tendon rupture (""Popeye sign"")",biceps_rupture:3.0(same_icd_category;tokens=tendon)
S46.821A,"Laceration of other muscles, fascia and tendons at shoulder and upper arm level, right arm, initial encounter",CONFIGURED_ICD_CATEGORY,biceps_rupture,"Spontaneous distal biceps tendon rupture (""Popeye sign"")",biceps_rupture:3.0(same_icd_category;tokens=tendon)
S46.821D,"Laceration of other muscles, fascia and tendons at shoulder and upper arm level, right arm, subsequent encounter",CONFIGURED_ICD_CATEGORY,biceps_rupture,"Spontaneous distal biceps tendon rupture (""Popeye sign"")",biceps_rupture:3.0(same_icd_category;tokens=tendon)
S46.821S,"Laceration of other muscles, fascia and tendons at shoulder and upper arm level, right arm, sequela",CONFIGURED_ICD_CATEGORY,biceps_rupture,"Spontaneous distal biceps tendon rupture (""Popeye sign"")",biceps_rupture:3.0(same_icd_category;tokens=tendon)
S46.822A,"Laceration of other muscles, fascia and tendons at shoulder and upper arm level, left arm, initial encounter",CONFIGURED_ICD_CATEGORY,biceps_rupture,"Spontaneous distal biceps tendon rupture (""Popeye sign"")",biceps_rupture:3.0(same_icd_category;tokens=tendon)
S46.822D,"Laceration of other muscles, fascia and tendons at shoulder and upper arm level, left arm, subsequent encounter",CONFIGURED_ICD_CATEGORY,biceps_rupture,"Spontaneous distal biceps tendon rupture (""Popeye sign"")",biceps_rupture:3.0(same_icd_category;tokens=tendon)
S46.822S,"Laceration of other muscles, fascia and tendons at shoulder and upper arm level, left arm, sequela",CONFIGURED_ICD_CATEGORY,biceps_rupture,"Spontaneous distal biceps tendon rupture (""Popeye sign"")",biceps_rupture:3.0(same_icd_category;tokens=tendon)
S46.829A,"Laceration of other muscles, fascia and tendons at shoulder and upper arm level, unspecified arm, initial encounter",CONFIGURED_ICD_CATEGORY,biceps_rupture,"Spontaneous distal biceps tendon rupture (""Popeye sign"")",biceps_rupture:3.0(same_icd_category;tokens=tendon)
S46.829D,"Laceration of other muscles, fascia and tendons at shoulder and upper arm level, unspecified arm, subsequent encounter",CONFIGURED_ICD_CATEGORY,biceps_rupture,"Spontaneous distal biceps tendon rupture (""Popeye sign"")",biceps_rupture:3.0(same_icd_category;tokens=tendon)
S46.829S,"Laceration of other muscles, fascia and tendons at shoulder and upper arm level, unspecified arm, sequela",CONFIGURED_ICD_CATEGORY,biceps_rupture,"Spontaneous distal biceps tendon rupture (""Popeye sign"")",biceps_rupture:3.0(same_icd_category;tokens=tendon)
S46.891A,"Other injury of other muscles, fascia and tendons at shoulder and upper arm level, right arm, initial encounter",CONFIGURED_ICD_CATEGORY,biceps_rupture,"Spontaneous distal biceps tendon rupture (""Popeye sign"")",biceps_rupture:3.0(same_icd_category;tokens=tendon)
S46.891D,"Other injury of other muscles, fascia and tendons at shoulder and upper arm level, right arm, subsequent encounter",CONFIGURED_ICD_CATEGORY,biceps_rupture,"Spontaneous distal biceps tendon rupture (""Popeye sign"")",biceps_rupture:3.0(same_icd_category;tokens=tendon)
S46.891S,"Other injury of other muscles, fascia and tendons at shoulder and upper arm level, right arm, sequela",CONFIGURED_ICD_CATEGORY,biceps_rupture,"Spontaneous distal biceps tendon rupture (""Popeye sign"")",biceps_rupture:3.0(same_icd_category;tokens=tendon)
S46.892A,"Other injury of other muscles, fascia and tendons at shoulder and upper arm level, left arm, initial encounter",CONFIGURED_ICD_CATEGORY,biceps_rupture,"Spontaneous distal biceps tendon rupture (""Popeye sign"")",biceps_rupture:3.0(same_icd_category;tokens=tendon)
S46.892D,"Other injury of other muscles, fascia and tendons at shoulder and upper arm level, left arm, subsequent encounter",CONFIGURED_ICD_CATEGORY,biceps_rupture,"Spontaneous distal biceps tendon rupture (""Popeye sign"")",biceps_rupture:3.0(same_icd_category;tokens=tendon)
S46.892S,"Other injury of other muscles, fascia and tendons at shoulder and upper arm level, left arm, sequela",CONFIGURED_ICD_CATEGORY,biceps_rupture,"Spontaneous distal biceps tendon rupture (""Popeye sign"")",biceps_rupture:3.0(same_icd_category;tokens=tendon)
S46.899A,"Other injury of other muscles, fascia and tendons at shoulder and upper arm level, unspecified arm, initial encounter",CONFIGURED_ICD_CATEGORY,biceps_rupture,"Spontaneous distal biceps tendon rupture (""Popeye sign"")",biceps_rupture:3.0(same_icd_category;tokens=tendon)
S46.899D,"Other injury of other muscles, fascia and tendons at shoulder and upper arm level, unspecified arm, subsequent encounter",CONFIGURED_ICD_CATEGORY,biceps_rupture,"Spontaneous distal biceps tendon rupture (""Popeye sign"")",biceps_rupture:3.0(same_icd_category;tokens=tendon)
S46.899S,"Other injury of other muscles, fascia and tendons at shoulder and upper arm level, unspecified arm, sequela",CONFIGURED_ICD_CATEGORY,biceps_rupture,"Spontaneous distal biceps tendon rupture (""Popeye sign"")",biceps_rupture:3.0(same_icd_category;tokens=tendon)
S46.901D,"Unspecified injury of unspecified muscle, fascia and tendon at shoulder and upper arm level, right arm, subsequent encounter",CONFIGURED_ICD_CATEGORY,biceps_rupture,"Spontaneous distal biceps tendon rupture (""Popeye sign"")",biceps_rupture:3.0(same_icd_category;tokens=tendon)
S46.901S,"Unspecified injury of unspecified muscle, fascia and tendon at shoulder and upper arm level, right arm, sequela",CONFIGURED_ICD_CATEGORY,biceps_rupture,"Spontaneous distal biceps tendon rupture (""Popeye sign"")",biceps_rupture:3.0(same_icd_category;tokens=tendon)
S46.902D,"Unspecified injury of unspecified muscle, fascia and tendon at shoulder and upper arm level, left arm, subsequent encounter",CONFIGURED_ICD_CATEGORY,biceps_rupture,"Spontaneous distal biceps tendon rupture (""Popeye sign"")",biceps_rupture:3.0(same_icd_category;tokens=tendon)
S46.902S,"Unspecified injury of unspecified muscle, fascia and tendon at shoulder and upper arm level, left arm, sequela",CONFIGURED_ICD_CATEGORY,biceps_rupture,"Spontaneous distal biceps tendon rupture (""Popeye sign"")",biceps_rupture:3.0(same_icd_category;tokens=tendon)
S46.909A,"Unspecified injury of unspecified muscle, fascia and tendon at shoulder and upper arm level, unspecified arm, initial encounter",CONFIGURED_ICD_CATEGORY,biceps_rupture,"Spontaneous distal biceps tendon rupture (""Popeye sign"")",biceps_rupture:3.0(same_icd_category;tokens=tendon)
S46.909D,"Unspecified injury of unspecified muscle, fascia and tendon at shoulder and upper arm level, unspecified arm, subsequent encounter",CONFIGURED_ICD_CATEGORY,biceps_rupture,"Spontaneous distal biceps tendon rupture (""Popeye sign"")",biceps_rupture:3.0(same_icd_category;tokens=tendon)
S46.909S,"Unspecified injury of unspecified muscle, fascia and tendon at shoulder and upper arm level, unspecified arm, sequela",CONFIGURED_ICD_CATEGORY,biceps_rupture,"Spontaneous distal biceps tendon rupture (""Popeye sign"")",biceps_rupture:3.0(same_icd_category;tokens=tendon)
S46.919D,"Strain of unspecified muscle, fascia and tendon at shoulder and upper arm level, unspecified arm, subsequent encounter",CONFIGURED_ICD_CATEGORY,biceps_rupture,"Spontaneous distal biceps tendon rupture (""Popeye sign"")",biceps_rupture:3.0(same_icd_category;tokens=tendon)
S46.919S,"Strain of unspecified muscle, fascia and tendon at shoulder and upper arm level, unspecified arm, sequela",CONFIGURED_ICD_CATEGORY,biceps_rupture,"Spontaneous distal biceps tendon rupture (""Popeye sign"")",biceps_rupture:3.0(same_icd_category;tokens=tendon)
S46.921A,"Laceration of unspecified muscle, fascia and tendon at shoulder and upper arm level, right arm, initial encounter",CONFIGURED_ICD_CATEGORY,biceps_rupture,"Spontaneous distal biceps tendon rupture (""Popeye sign"")",biceps_rupture:3.0(same_icd_category;tokens=tendon)
S46.921D,"Laceration of unspecified muscle, fascia and tendon at shoulder and upper arm level, right arm, subsequent encounter",CONFIGURED_ICD_CATEGORY,biceps_rupture,"Spontaneous distal biceps tendon rupture (""Popeye sign"")",biceps_rupture:3.0(same_icd_category;tokens=tendon)
S46.921S,"Laceration of unspecified muscle, fascia and tendon at shoulder and upper arm level, right arm, sequela",CONFIGURED_ICD_CATEGORY,biceps_rupture,"Spontaneous distal biceps tendon rupture (""Popeye sign"")",biceps_rupture:3.0(same_icd_category;tokens=tendon)
S46.922A,"Laceration of unspecified muscle, fascia and tendon at shoulder and upper arm level, left arm, initial encounter",CONFIGURED_ICD_CATEGORY,biceps_rupture,"Spontaneous distal biceps tendon rupture (""Popeye sign"")",biceps_rupture:3.0(same_icd_category;tokens=tendon)
S46.922D,"Laceration of unspecified muscle, fascia and tendon at shoulder and upper arm level, left arm, subsequent encounter",CONFIGURED_ICD_CATEGORY,biceps_rupture,"Spontaneous distal biceps tendon rupture (""Popeye sign"")",biceps_rupture:3.0(same_icd_category;tokens=tendon)
S46.922S,"Laceration of unspecified muscle, fascia and tendon at shoulder and upper arm level, left arm, sequela",CONFIGURED_ICD_CATEGORY,biceps_rupture,"Spontaneous distal biceps tendon rupture (""Popeye sign"")",biceps_rupture:3.0(same_icd_category;tokens=tendon)
S46.929A,"Laceration of unspecified muscle, fascia and tendon at shoulder and upper arm level, unspecified arm, initial encounter",CONFIGURED_ICD_CATEGORY,biceps_rupture,"Spontaneous distal biceps tendon rupture (""Popeye sign"")",biceps_rupture:3.0(same_icd_category;tokens=tendon)
S46.929D,"Laceration of unspecified muscle, fascia and tendon at shoulder and upper arm level, unspecified arm, subsequent encounter",CONFIGURED_ICD_CATEGORY,biceps_rupture,"Spontaneous distal biceps tendon rupture (""Popeye sign"")",biceps_rupture:3.0(same_icd_category;tokens=tendon)
S46.929S,"Laceration of unspecified muscle, fascia and tendon at shoulder and upper arm level, unspecified arm, sequela",CONFIGURED_ICD_CATEGORY,biceps_rupture,"Spontaneous distal biceps tendon rupture (""Popeye sign"")",biceps_rupture:3.0(same_icd_category;tokens=tendon)
S46.991A,"Other injury of unspecified muscle, fascia and tendon at shoulder and upper arm level, right arm, initial encounter",CONFIGURED_ICD_CATEGORY,biceps_rupture,"Spontaneous distal biceps tendon rupture (""Popeye sign"")",biceps_rupture:3.0(same_icd_category;tokens=tendon)
S46.991D,"Other injury of unspecified muscle, fascia and tendon at shoulder and upper arm level, right arm, subsequent encounter",CONFIGURED_ICD_CATEGORY,biceps_rupture,"Spontaneous distal biceps tendon rupture (""Popeye sign"")",biceps_rupture:3.0(same_icd_category;tokens=tendon)
S46.991S,"Other injury of unspecified muscle, fascia and tendon at shoulder and upper arm level, right arm, sequela",CONFIGURED_ICD_CATEGORY,biceps_rupture,"Spontaneous distal biceps tendon rupture (""Popeye sign"")",biceps_rupture:3.0(same_icd_category;tokens=tendon)
S46.992A,"Other injury of unspecified muscle, fascia and tendon at shoulder and upper arm level, left arm, initial encounter",CONFIGURED_ICD_CATEGORY,biceps_rupture,"Spontaneous distal biceps tendon rupture (""Popeye sign"")",biceps_rupture:3.0(same_icd_category;tokens=tendon)
S46.992D,"Other injury of unspecified muscle, fascia and tendon at shoulder and upper arm level, left arm, subsequent encounter",CONFIGURED_ICD_CATEGORY,biceps_rupture,"Spontaneous distal biceps tendon rupture (""Popeye sign"")",biceps_rupture:3.0(same_icd_category;tokens=tendon)
S46.992S,"Other injury of unspecified muscle, fascia and tendon at shoulder and upper arm level, left arm, sequela",CONFIGURED_ICD_CATEGORY,biceps_rupture,"Spontaneous distal biceps tendon rupture (""Popeye sign"")",biceps_rupture:3.0(same_icd_category;tokens=tendon)
S46.999A,"Other injury of unspecified muscle, fascia and tendon at shoulder and upper arm level, unspecified arm, initial encounter",CONFIGURED_ICD_CATEGORY,biceps_rupture,"Spontaneous distal biceps tendon rupture (""Popeye sign"")",biceps_rupture:3.0(same_icd_category;tokens=tendon)
S46.999D,"Other injury of unspecified muscle, fascia and tendon at shoulder and upper arm level, unspecified arm, subsequent encounter",CONFIGURED_ICD_CATEGORY,biceps_rupture,"Spontaneous distal biceps tendon rupture (""Popeye sign"")",biceps_rupture:3.0(same_icd_category;tokens=tendon)
S46.999S,"Other injury of unspecified muscle, fascia and tendon at shoulder and upper arm level, unspecified arm, sequela",CONFIGURED_ICD_CATEGORY,biceps_rupture,"Spontaneous distal biceps tendon rupture (""Popeye sign"")",biceps_rupture:3.0(same_icd_category;tokens=tendon)
S56.101A,"Unspecified injury of flexor muscle, fascia and tendon of right index finger at forearm level, initial encounter",ATOM_PHRASE_MATCH,trigger_finger,Trigger finger / stenosing tenosynovitis,"trigger_finger:3.0(tokens=finger,flexor,tendon)"
S56.101D,"Unspecified injury of flexor muscle, fascia and tendon of right index finger at forearm level, subsequent encounter",ATOM_PHRASE_MATCH,trigger_finger,Trigger finger / stenosing tenosynovitis,"trigger_finger:3.0(tokens=finger,flexor,tendon)"
S56.101S,"Unspecified injury of flexor muscle, fascia and tendon of right index finger at forearm level, sequela",ATOM_PHRASE_MATCH,trigger_finger,Trigger finger / stenosing tenosynovitis,"trigger_finger:3.0(tokens=finger,flexor,tendon)"
S56.102A,"Unspecified injury of flexor muscle, fascia and tendon of left index finger at forearm level, initial encounter",ATOM_PHRASE_MATCH,trigger_finger,Trigger finger / stenosing tenosynovitis,"trigger_finger:3.0(tokens=finger,flexor,tendon)"
S56.102D,"Unspecified injury of flexor muscle, fascia and tendon of left index finger at forearm level, subsequent encounter",ATOM_PHRASE_MATCH,trigger_finger,Trigger finger / stenosing tenosynovitis,"trigger_finger:3.0(tokens=finger,flexor,tendon)"
S56.102S,"Unspecified injury of flexor muscle, fascia and tendon of left index finger at forearm level, sequela",ATOM_PHRASE_MATCH,trigger_finger,Trigger finger / stenosing tenosynovitis,"trigger_finger:3.0(tokens=finger,flexor,tendon)"
S56.103A,"Unspecified injury of flexor muscle, fascia and tendon of right middle finger at forearm level, initial encounter",ATOM_PHRASE_MATCH,trigger_finger,Trigger finger / stenosing tenosynovitis,"trigger_finger:3.0(tokens=finger,flexor,tendon)"
S56.103D,"Unspecified injury of flexor muscle, fascia and tendon of right middle finger at forearm level, subsequent encounter",ATOM_PHRASE_MATCH,trigger_finger,Trigger finger / stenosing tenosynovitis,"trigger_finger:3.0(tokens=finger,flexor,tendon)"
S56.103S,"Unspecified injury of flexor muscle, fascia and tendon of right middle finger at forearm level, sequela",ATOM_PHRASE_MATCH,trigger_finger,Trigger finger / stenosing tenosynovitis,"trigger_finger:3.0(tokens=finger,flexor,tendon)"
S56.104A,"Unspecified injury of flexor muscle, fascia and tendon of left middle finger at forearm level, initial encounter",ATOM_PHRASE_MATCH,trigger_finger,Trigger finger / stenosing tenosynovitis,"trigger_finger:3.0(tokens=finger,flexor,tendon)"
S56.104D,"Unspecified injury of flexor muscle, fascia and tendon of left middle finger at forearm level, subsequent encounter",ATOM_PHRASE_MATCH,trigger_finger,Trigger finger / stenosing tenosynovitis,"trigger_finger:3.0(tokens=finger,flexor,tendon)"
S56.104S,"Unspecified injury of flexor muscle, fascia and tendon of left middle finger at forearm level, sequela",ATOM_PHRASE_MATCH,trigger_finger,Trigger finger / stenosing tenosynovitis,"trigger_finger:3.0(tokens=finger,flexor,tendon)"
S56.105D,"Unspecified injury of flexor muscle, fascia and tendon of right ring finger at forearm level, subsequent encounter",ATOM_PHRASE_MATCH,trigger_finger,Trigger finger / stenosing tenosynovitis,"trigger_finger:3.0(tokens=finger,flexor,tendon)"
S56.105S,"Unspecified injury of flexor muscle, fascia and tendon of right ring finger at forearm level, sequela",ATOM_PHRASE_MATCH,trigger_finger,Trigger finger / stenosing tenosynovitis,"trigger_finger:3.0(tokens=finger,flexor,tendon)"
S56.106A,"Unspecified injury of flexor muscle, fascia and tendon of left ring finger at forearm level, initial encounter",ATOM_PHRASE_MATCH,trigger_finger,Trigger finger / stenosing tenosynovitis,"trigger_finger:3.0(tokens=finger,flexor,tendon)"
S56.106D,"Unspecified injury of flexor muscle, fascia and tendon of left ring finger at forearm level, subsequent encounter",ATOM_PHRASE_MATCH,trigger_finger,Trigger finger / stenosing tenosynovitis,"trigger_finger:3.0(tokens=finger,flexor,tendon)"
S56.106S,"Unspecified injury of flexor muscle, fascia and tendon of left ring finger at forearm level, sequela",ATOM_PHRASE_MATCH,trigger_finger,Trigger finger / stenosing tenosynovitis,"trigger_finger:3.0(tokens=finger,flexor,tendon)"
S56.107A,"Unspecified injury of flexor muscle, fascia and tendon of right little finger at forearm level, initial encounter",ATOM_PHRASE_MATCH,trigger_finger,Trigger finger / stenosing tenosynovitis,"trigger_finger:3.0(tokens=finger,flexor,tendon)"
S56.107D,"Unspecified injury of flexor muscle, fascia and tendon of right little finger at forearm level, subsequent encounter",ATOM_PHRASE_MATCH,trigger_finger,Trigger finger / stenosing tenosynovitis,"trigger_finger:3.0(tokens=finger,flexor,tendon)"
S56.107S,"Unspecified injury of flexor muscle, fascia and tendon of right little finger at forearm level, sequela",ATOM_PHRASE_MATCH,trigger_finger,Trigger finger / stenosing tenosynovitis,"trigger_finger:3.0(tokens=finger,flexor,tendon)"
S56.108A,"Unspecified injury of flexor muscle, fascia and tendon of left little finger at forearm level, initial encounter",ATOM_PHRASE_MATCH,trigger_finger,Trigger finger / stenosing tenosynovitis,"trigger_finger:3.0(tokens=finger,flexor,tendon)"
S56.108D,"Unspecified injury of flexor muscle, fascia and tendon of left little finger at forearm level, subsequent encounter",ATOM_PHRASE_MATCH,trigger_finger,Trigger finger / stenosing tenosynovitis,"trigger_finger:3.0(tokens=finger,flexor,tendon)"
S56.109D,"Unspecified injury of flexor muscle, fascia and tendon of unspecified finger at forearm level, subsequent encounter",ATOM_PHRASE_MATCH,trigger_finger,Trigger finger / stenosing tenosynovitis,"trigger_finger:3.0(tokens=finger,flexor,tendon)"
S56.109S,"Unspecified injury of flexor muscle, fascia and tendon of unspecified finger at forearm level, sequela",ATOM_PHRASE_MATCH,trigger_finger,Trigger finger / stenosing tenosynovitis,"trigger_finger:3.0(tokens=finger,flexor,tendon)"
S56.111A,"Strain of flexor muscle, fascia and tendon of right index finger at forearm level, initial encounter",ATOM_PHRASE_MATCH,trigger_finger,Trigger finger / stenosing tenosynovitis,"trigger_finger:3.0(tokens=finger,flexor,tendon)"
S56.111D,"Strain of flexor muscle, fascia and tendon of right index finger at forearm level, subsequent encounter",ATOM_PHRASE_MATCH,trigger_finger,Trigger finger / stenosing tenosynovitis,"trigger_finger:3.0(tokens=finger,flexor,tendon)"
S56.111S,"Strain of flexor muscle, fascia and tendon of right index finger at forearm level, sequela",ATOM_PHRASE_MATCH,trigger_finger,Trigger finger / stenosing tenosynovitis,"trigger_finger:3.0(tokens=finger,flexor,tendon)"
S56.112A,"Strain of flexor muscle, fascia and tendon of left index finger at forearm level, initial encounter",ATOM_PHRASE_MATCH,trigger_finger,Trigger finger / stenosing tenosynovitis,"trigger_finger:3.0(tokens=finger,flexor,tendon)"
S56.112D,"Strain of flexor muscle, fascia and tendon of left index finger at forearm level, subsequent encounter",ATOM_PHRASE_MATCH,trigger_finger,Trigger finger / stenosing tenosynovitis,"trigger_finger:3.0(tokens=finger,flexor,tendon)"
S56.112S,"Strain of flexor muscle, fascia and tendon of left index finger at forearm level, sequela",ATOM_PHRASE_MATCH,trigger_finger,Trigger finger / stenosing tenosynovitis,"trigger_finger:3.0(tokens=finger,flexor,tendon)"
S56.113A,"Strain of flexor muscle, fascia and tendon of right middle finger at forearm level, initial encounter",ATOM_PHRASE_MATCH,trigger_finger,Trigger finger / stenosing tenosynovitis,"trigger_finger:3.0(tokens=finger,flexor,tendon)"
S56.113D,"Strain of flexor muscle, fascia and tendon of right middle finger at forearm level, subsequent encounter",ATOM_PHRASE_MATCH,trigger_finger,Trigger finger / stenosing tenosynovitis,"trigger_finger:3.0(tokens=finger,flexor,tendon)"
S56.113S,"Strain of flexor muscle, fascia and tendon of right middle finger at forearm level, sequela",ATOM_PHRASE_MATCH,trigger_finger,Trigger finger / stenosing tenosynovitis,"trigger_finger:3.0(tokens=finger,flexor,tendon)"
S56.114A,"Strain of flexor muscle, fascia and tendon of left middle finger at forearm level, initial encounter",ATOM_PHRASE_MATCH,trigger_finger,Trigger finger / stenosing tenosynovitis,"trigger_finger:3.0(tokens=finger,flexor,tendon)"
S56.114D,"Strain of flexor muscle, fascia and tendon of left middle finger at forearm level, subsequent encounter",ATOM_PHRASE_MATCH,trigger_finger,Trigger finger / stenosing tenosynovitis,"trigger_finger:3.0(tokens=finger,flexor,tendon)"
S56.114S,"Strain of flexor muscle, fascia and tendon of left middle finger at forearm level, sequela",ATOM_PHRASE_MATCH,trigger_finger,Trigger finger / stenosing tenosynovitis,"trigger_finger:3.0(tokens=finger,flexor,tendon)"
S56.115A,"Strain of flexor muscle, fascia and tendon of right ring finger at forearm level, initial encounter",ATOM_PHRASE_MATCH,trigger_finger,Trigger finger / stenosing tenosynovitis,"trigger_finger:3.0(tokens=finger,flexor,tendon)"
S56.115D,"Strain of flexor muscle, fascia and tendon of right ring finger at forearm level, subsequent encounter",ATOM_PHRASE_MATCH,trigger_finger,Trigger finger / stenosing tenosynovitis,"trigger_finger:3.0(tokens=finger,flexor,tendon)"
S56.115S,"Strain of flexor muscle, fascia and tendon of right ring finger at forearm level, sequela",ATOM_PHRASE_MATCH,trigger_finger,Trigger finger / stenosing tenosynovitis,"trigger_finger:3.0(tokens=finger,flexor,tendon)"
S56.116A,"Strain of flexor muscle, fascia and tendon of left ring finger at forearm level, initial encounter",ATOM_PHRASE_MATCH,trigger_finger,Trigger finger / stenosing tenosynovitis,"trigger_finger:3.0(tokens=finger,flexor,tendon)"
S56.116D,"Strain of flexor muscle, fascia and tendon of left ring finger at forearm level, subsequent encounter",ATOM_PHRASE_MATCH,trigger_finger,Trigger finger / stenosing tenosynovitis,"trigger_finger:3.0(tokens=finger,flexor,tendon)"
S56.116S,"Strain of flexor muscle, fascia and tendon of left ring finger at forearm level, sequela",ATOM_PHRASE_MATCH,trigger_finger,Trigger finger / stenosing tenosynovitis,"trigger_finger:3.0(tokens=finger,flexor,tendon)"
S56.117A,"Strain of flexor muscle, fascia and tendon of right little finger at forearm level, initial encounter",ATOM_PHRASE_MATCH,trigger_finger,Trigger finger / stenosing tenosynovitis,"trigger_finger:3.0(tokens=finger,flexor,tendon)"
S56.117D,"Strain of flexor muscle, fascia and tendon of right little finger at forearm level, subsequent encounter",ATOM_PHRASE_MATCH,trigger_finger,Trigger finger / stenosing tenosynovitis,"trigger_finger:3.0(tokens=finger,flexor,tendon)"
S56.117S,"Strain of flexor muscle, fascia and tendon of right little finger at forearm level, sequela",ATOM_PHRASE_MATCH,trigger_finger,Trigger finger / stenosing tenosynovitis,"trigger_finger:3.0(tokens=finger,flexor,tendon)"
S56.118A,"Strain of flexor muscle, fascia and tendon of left little finger at forearm level, initial encounter",ATOM_PHRASE_MATCH,trigger_finger,Trigger finger / stenosing tenosynovitis,"trigger_finger:3.0(tokens=finger,flexor,tendon)"
S56.118D,"Strain of flexor muscle, fascia and tendon of left little finger at forearm level, subsequent encounter",ATOM_PHRASE_MATCH,trigger_finger,Trigger finger / stenosing tenosynovitis,"trigger_finger:3.0(tokens=finger,flexor,tendon)"
S56.118S,"Strain of flexor muscle, fascia and tendon of left little finger at forearm level, sequela",ATOM_PHRASE_MATCH,trigger_finger,Trigger finger / stenosing tenosynovitis,"trigger_finger:3.0(tokens=finger,flexor,tendon)"
S56.119D,"Strain of flexor muscle, fascia and tendon of finger of unspecified finger at forearm level, subsequent encounter",ATOM_PHRASE_MATCH,trigger_finger,Trigger finger / stenosing tenosynovitis,"trigger_finger:3.0(tokens=finger,flexor,tendon)"
S56.119S,"Strain of flexor muscle, fascia and tendon of finger of unspecified finger at forearm level, sequela",ATOM_PHRASE_MATCH,trigger_finger,Trigger finger / stenosing tenosynovitis,"trigger_finger:3.0(tokens=finger,flexor,tendon)"
S56.121D,"Laceration of flexor muscle, fascia and tendon of right index finger at forearm level, subsequent encounter",ATOM_PHRASE_MATCH,trigger_finger,Trigger finger / stenosing tenosynovitis,"trigger_finger:3.0(tokens=finger,flexor,tendon)"
S56.121S,"Laceration of flexor muscle, fascia and tendon of right index finger at forearm level, sequela",ATOM_PHRASE_MATCH,trigger_finger,Trigger finger / stenosing tenosynovitis,"trigger_finger:3.0(tokens=finger,flexor,tendon)"
S56.122S,"Laceration of flexor muscle, fascia and tendon of left index finger at forearm level, sequela",ATOM_PHRASE_MATCH,trigger_finger,Trigger finger / stenosing tenosynovitis,"trigger_finger:3.0(tokens=finger,flexor,tendon)"
S56.123A,"Laceration of flexor muscle, fascia and tendon of right middle finger at forearm level, initial encounter",ATOM_PHRASE_MATCH,trigger_finger,Trigger finger / stenosing tenosynovitis,"trigger_finger:3.0(tokens=finger,flexor,tendon)"
S56.123D,"Laceration of flexor muscle, fascia and tendon of right middle finger at forearm level, subsequent encounter",ATOM_PHRASE_MATCH,trigger_finger,Trigger finger / stenosing tenosynovitis,"trigger_finger:3.0(tokens=finger,flexor,tendon)"
S56.123S,"Laceration of flexor muscle, fascia and tendon of right middle finger at forearm level, sequela",ATOM_PHRASE_MATCH,trigger_finger,Trigger finger / stenosing tenosynovitis,"trigger_finger:3.0(tokens=finger,flexor,tendon)"
S56.124A,"Laceration of flexor muscle, fascia and tendon of left middle finger at forearm level, initial encounter",ATOM_PHRASE_MATCH,trigger_finger,Trigger finger / stenosing tenosynovitis,"trigger_finger:3.0(tokens=finger,flexor,tendon)"
S56.124D,"Laceration of flexor muscle, fascia and tendon of left middle finger at forearm level, subsequent encounter",ATOM_PHRASE_MATCH,trigger_finger,Trigger finger / stenosing tenosynovitis,"trigger_finger:3.0(tokens=finger,flexor,tendon)"
S56.124S,"Laceration of flexor muscle, fascia and tendon of left middle finger at forearm level, sequela",ATOM_PHRASE_MATCH,trigger_finger,Trigger finger / stenosing tenosynovitis,"trigger_finger:3.0(tokens=finger,flexor,tendon)"
S56.125A,"Laceration of flexor muscle, fascia and tendon of right ring finger at forearm level, initial encounter",ATOM_PHRASE_MATCH,trigger_finger,Trigger finger / stenosing tenosynovitis,"trigger_finger:3.0(tokens=finger,flexor,tendon)"
S56.125D,"Laceration of flexor muscle, fascia and tendon of right ring finger at forearm level, subsequent encounter",ATOM_PHRASE_MATCH,trigger_finger,Trigger finger / stenosing tenosynovitis,"trigger_finger:3.0(tokens=finger,flexor,tendon)"
S56.125S,"Laceration of flexor muscle, fascia and tendon of right ring finger at forearm level, sequela",ATOM_PHRASE_MATCH,trigger_finger,Trigger finger / stenosing tenosynovitis,"trigger_finger:3.0(tokens=finger,flexor,tendon)"
S56.126D,"Laceration of flexor muscle, fascia and tendon of left ring finger at forearm level, subsequent encounter",ATOM_PHRASE_MATCH,trigger_finger,Trigger finger / stenosing tenosynovitis,"trigger_finger:3.0(tokens=finger,flexor,tendon)"
S56.126S,"Laceration of flexor muscle, fascia and tendon of left ring finger at forearm level, sequela",ATOM_PHRASE_MATCH,trigger_finger,Trigger finger / stenosing tenosynovitis,"trigger_finger:3.0(tokens=finger,flexor,tendon)"
S56.127D,"Laceration of flexor muscle, fascia and tendon of right little finger at forearm level, subsequent encounter",ATOM_PHRASE_MATCH,trigger_finger,Trigger finger / stenosing tenosynovitis,"trigger_finger:3.0(tokens=finger,flexor,tendon)"
S56.127S,"Laceration of flexor muscle, fascia and tendon of right little finger at forearm level, sequela",ATOM_PHRASE_MATCH,trigger_finger,Trigger finger / stenosing tenosynovitis,"trigger_finger:3.0(tokens=finger,flexor,tendon)"
S56.128A,"Laceration of flexor muscle, fascia and tendon of left little finger at forearm level, initial encounter",ATOM_PHRASE_MATCH,trigger_finger,Trigger finger / stenosing tenosynovitis,"trigger_finger:3.0(tokens=finger,flexor,tendon)"
S56.128D,"Laceration of flexor muscle, fascia and tendon of left little finger at forearm level, subsequent encounter",ATOM_PHRASE_MATCH,trigger_finger,Trigger finger / stenosing tenosynovitis,"trigger_finger:3.0(tokens=finger,flexor,tendon)"
S56.128S,"Laceration of flexor muscle, fascia and tendon of left little finger at forearm level, sequela",ATOM_PHRASE_MATCH,trigger_finger,Trigger finger / stenosing tenosynovitis,"trigger_finger:3.0(tokens=finger,flexor,tendon)"
S56.191A,"Other injury of flexor muscle, fascia and tendon of right index finger at forearm level, initial encounter",ATOM_PHRASE_MATCH,trigger_finger,Trigger finger / stenosing tenosynovitis,"trigger_finger:3.0(tokens=finger,flexor,tendon)"
S56.191D,"Other injury of flexor muscle, fascia and tendon of right index finger at forearm level, subsequent encounter",ATOM_PHRASE_MATCH,trigger_finger,Trigger finger / stenosing tenosynovitis,"trigger_finger:3.0(tokens=finger,flexor,tendon)"
S56.191S,"Other injury of flexor muscle, fascia and tendon of right index finger at forearm level, sequela",ATOM_PHRASE_MATCH,trigger_finger,Trigger finger / stenosing tenosynovitis,"trigger_finger:3.0(tokens=finger,flexor,tendon)"
S56.192D,"Other injury of flexor muscle, fascia and tendon of left index finger at forearm level, subsequent encounter",ATOM_PHRASE_MATCH,trigger_finger,Trigger finger / stenosing tenosynovitis,"trigger_finger:3.0(tokens=finger,flexor,tendon)"
S56.192S,"Other injury of flexor muscle, fascia and tendon of left index finger at forearm level, sequela",ATOM_PHRASE_MATCH,trigger_finger,Trigger finger / stenosing tenosynovitis,"trigger_finger:3.0(tokens=finger,flexor,tendon)"
S56.193A,"Other injury of flexor muscle, fascia and tendon of right middle finger at forearm level, initial encounter",ATOM_PHRASE_MATCH,trigger_finger,Trigger finger / stenosing tenosynovitis,"trigger_finger:3.0(tokens=finger,flexor,tendon)"
S56.193D,"Other injury of flexor muscle, fascia and tendon of right middle finger at forearm level, subsequent encounter",ATOM_PHRASE_MATCH,trigger_finger,Trigger finger / stenosing tenosynovitis,"trigger_finger:3.0(tokens=finger,flexor,tendon)"
S56.193S,"Other injury of flexor muscle, fascia and tendon of right middle finger at forearm level, sequela",ATOM_PHRASE_MATCH,trigger_finger,Trigger finger / stenosing tenosynovitis,"trigger_finger:3.0(tokens=finger,flexor,tendon)"
S56.194A,"Other injury of flexor muscle, fascia and tendon of left middle finger at forearm level, initial encounter",ATOM_PHRASE_MATCH,trigger_finger,Trigger finger / stenosing tenosynovitis,"trigger_finger:3.0(tokens=finger,flexor,tendon)"
S56.194D,"Other injury of flexor muscle, fascia and tendon of left middle finger at forearm level, subsequent encounter",ATOM_PHRASE_MATCH,trigger_finger,Trigger finger / stenosing tenosynovitis,"trigger_finger:3.0(tokens=finger,flexor,tendon)"
S56.194S,"Other injury of flexor muscle, fascia and tendon of left middle finger at forearm level, sequela",ATOM_PHRASE_MATCH,trigger_finger,Trigger finger / stenosing tenosynovitis,"trigger_finger:3.0(tokens=finger,flexor,tendon)"
S56.195A,"Other injury of flexor muscle, fascia and tendon of right ring finger at forearm level, initial encounter",ATOM_PHRASE_MATCH,trigger_finger,Trigger finger / stenosing tenosynovitis,"trigger_finger:3.0(tokens=finger,flexor,tendon)"
S56.195D,"Other injury of flexor muscle, fascia and tendon of right ring finger at forearm level, subsequent encounter",ATOM_PHRASE_MATCH,trigger_finger,Trigger finger / stenosing tenosynovitis,"trigger_finger:3.0(tokens=finger,flexor,tendon)"
S56.195S,"Other injury of flexor muscle, fascia and tendon of right ring finger at forearm level, sequela",ATOM_PHRASE_MATCH,trigger_finger,Trigger finger / stenosing tenosynovitis,"trigger_finger:3.0(tokens=finger,flexor,tendon)"
S56.196A,"Other injury of flexor muscle, fascia and tendon of left ring finger at forearm level, initial encounter",ATOM_PHRASE_MATCH,trigger_finger,Trigger finger / stenosing tenosynovitis,"trigger_finger:3.0(tokens=finger,flexor,tendon)"
S56.196D,"Other injury of flexor muscle, fascia and tendon of left ring finger at forearm level, subsequent encounter",ATOM_PHRASE_MATCH,trigger_finger,Trigger finger / stenosing tenosynovitis,"trigger_finger:3.0(tokens=finger,flexor,tendon)"
S56.196S,"Other injury of flexor muscle, fascia and tendon of left ring finger at forearm level, sequela",ATOM_PHRASE_MATCH,trigger_finger,Trigger finger / stenosing tenosynovitis,"trigger_finger:3.0(tokens=finger,flexor,tendon)"
S56.197A,"Other injury of flexor muscle, fascia and tendon of right little finger at forearm level, initial encounter",ATOM_PHRASE_MATCH,trigger_finger,Trigger finger / stenosing tenosynovitis,"trigger_finger:3.0(tokens=finger,flexor,tendon)"
S56.197D,"Other injury of flexor muscle, fascia and tendon of right little finger at forearm level, subsequent encounter",ATOM_PHRASE_MATCH,trigger_finger,Trigger finger / stenosing tenosynovitis,"trigger_finger:3.0(tokens=finger,flexor,tendon)"
S56.197S,"Other injury of flexor muscle, fascia and tendon of right little finger at forearm level, sequela",ATOM_PHRASE_MATCH,trigger_finger,Trigger finger / stenosing tenosynovitis,"trigger_finger:3.0(tokens=finger,flexor,tendon)"
S56.198A,"Other injury of flexor muscle, fascia and tendon of left little finger at forearm level, initial encounter",ATOM_PHRASE_MATCH,trigger_finger,Trigger finger / stenosing tenosynovitis,"trigger_finger:3.0(tokens=finger,flexor,tendon)"
S56.198D,"Other injury of flexor muscle, fascia and tendon of left little finger at forearm level, subsequent encounter",ATOM_PHRASE_MATCH,trigger_finger,Trigger finger / stenosing tenosynovitis,"trigger_finger:3.0(tokens=finger,flexor,tendon)"
S56.198S,"Other injury of flexor muscle, fascia and tendon of left little finger at forearm level, sequela",ATOM_PHRASE_MATCH,trigger_finger,Trigger finger / stenosing tenosynovitis,"trigger_finger:3.0(tokens=finger,flexor,tendon)"
S56.199A,"Other injury of flexor muscle, fascia and tendon of unspecified finger at forearm level, initial encounter",ATOM_PHRASE_MATCH,trigger_finger,Trigger finger / stenosing tenosynovitis,"trigger_finger:3.0(tokens=finger,flexor,tendon)"
S56.199D,"Other injury of flexor muscle, fascia and tendon of unspecified finger at forearm level, subsequent encounter",ATOM_PHRASE_MATCH,trigger_finger,Trigger finger / stenosing tenosynovitis,"trigger_finger:3.0(tokens=finger,flexor,tendon)"
S56.199S,"Other injury of flexor muscle, fascia and tendon of unspecified finger at forearm level, sequela",ATOM_PHRASE_MATCH,trigger_finger,Trigger finger / stenosing tenosynovitis,"trigger_finger:3.0(tokens=finger,flexor,tendon)"
S63.511A,"Sprain of carpal joint of right wrist, initial encounter",ATOM_PHRASE_MATCH,cts_bilateral | cts_right,"Bilateral carpal tunnel syndrome | Carpal tunnel syndrome, right","cts_bilateral:3.0(tokens=carpal,right,wrist) | cts_right:3.0(tokens=carpal,right,wrist)"
S63.511S,"Sprain of carpal joint of right wrist, sequela",ATOM_PHRASE_MATCH,cts_bilateral | cts_right,"Bilateral carpal tunnel syndrome | Carpal tunnel syndrome, right","cts_bilateral:3.0(tokens=carpal,right,wrist) | cts_right:3.0(tokens=carpal,right,wrist)"
S63.512A,"Sprain of carpal joint of left wrist, initial encounter",ATOM_PHRASE_MATCH,cts_bilateral | cts_left,"Bilateral carpal tunnel syndrome | Carpal tunnel syndrome, left","cts_bilateral:3.0(tokens=carpal,left,wrist) | cts_left:3.0(tokens=carpal,left,wrist)"
S63.512D,"Sprain of carpal joint of left wrist, subsequent encounter",ATOM_PHRASE_MATCH,cts_bilateral | cts_left,"Bilateral carpal tunnel syndrome | Carpal tunnel syndrome, left","cts_bilateral:3.0(tokens=carpal,left,wrist) | cts_left:3.0(tokens=carpal,left,wrist)"
S63.512S,"Sprain of carpal joint of left wrist, sequela",ATOM_PHRASE_MATCH,cts_bilateral | cts_left,"Bilateral carpal tunnel syndrome | Carpal tunnel syndrome, left","cts_bilateral:3.0(tokens=carpal,left,wrist) | cts_left:3.0(tokens=carpal,left,wrist)"
S64.11XS,"Injury of median nerve at wrist and hand level of right arm, sequela",ATOM_PHRASE_MATCH,cts_bilateral,Bilateral carpal tunnel syndrome,"cts_bilateral:3.0(tokens=median,right,wrist)"
S64.12XS,"Injury of median nerve at wrist and hand level of left arm, sequela",ATOM_PHRASE_MATCH,cts_bilateral,Bilateral carpal tunnel syndrome,"cts_bilateral:3.0(tokens=left,median,wrist)"
S66.100D,"Unspecified injury of flexor muscle, fascia and tendon of right index finger at wrist and hand level, subsequent encounter",ATOM_PHRASE_MATCH,trigger_finger,Trigger finger / stenosing tenosynovitis,"trigger_finger:3.0(tokens=finger,flexor,tendon)"
S66.100S,"Unspecified injury of flexor muscle, fascia and tendon of right index finger at wrist and hand level, sequela",ATOM_PHRASE_MATCH,trigger_finger,Trigger finger / stenosing tenosynovitis,"trigger_finger:3.0(tokens=finger,flexor,tendon)"
S66.101D,"Unspecified injury of flexor muscle, fascia and tendon of left index finger at wrist and hand level, subsequent encounter",ATOM_PHRASE_MATCH,trigger_finger,Trigger finger / stenosing tenosynovitis,"trigger_finger:3.0(tokens=finger,flexor,tendon)"
S66.101S,"Unspecified injury of flexor muscle, fascia and tendon of left index finger at wrist and hand level, sequela",ATOM_PHRASE_MATCH,trigger_finger,Trigger finger / stenosing tenosynovitis,"trigger_finger:3.0(tokens=finger,flexor,tendon)"
S66.102A,"Unspecified injury of flexor muscle, fascia and tendon of right middle finger at wrist and hand level, initial encounter",ATOM_PHRASE_MATCH,trigger_finger,Trigger finger / stenosing tenosynovitis,"trigger_finger:3.0(tokens=finger,flexor,tendon)"
S66.102D,"Unspecified injury of flexor muscle, fascia and tendon of right middle finger at wrist and hand level, subsequent encounter",ATOM_PHRASE_MATCH,trigger_finger,Trigger finger / stenosing tenosynovitis,"trigger_finger:3.0(tokens=finger,flexor,tendon)"
S66.102S,"Unspecified injury of flexor muscle, fascia and tendon of right middle finger at wrist and hand level, sequela",ATOM_PHRASE_MATCH,trigger_finger,Trigger finger / stenosing tenosynovitis,"trigger_finger:3.0(tokens=finger,flexor,tendon)"
S66.103A,"Unspecified injury of flexor muscle, fascia and tendon of left middle finger at wrist and hand level, initial encounter",ATOM_PHRASE_MATCH,trigger_finger,Trigger finger / stenosing tenosynovitis,"trigger_finger:3.0(tokens=finger,flexor,tendon)"
S66.103D,"Unspecified injury of flexor muscle, fascia and tendon of left middle finger at wrist and hand level, subsequent encounter",ATOM_PHRASE_MATCH,trigger_finger,Trigger finger / stenosing tenosynovitis,"trigger_finger:3.0(tokens=finger,flexor,tendon)"
S66.103S,"Unspecified injury of flexor muscle, fascia and tendon of left middle finger at wrist and hand level, sequela",ATOM_PHRASE_MATCH,trigger_finger,Trigger finger / stenosing tenosynovitis,"trigger_finger:3.0(tokens=finger,flexor,tendon)"
S66.104A,"Unspecified injury of flexor muscle, fascia and tendon of right ring finger at wrist and hand level, initial encounter",ATOM_PHRASE_MATCH,trigger_finger,Trigger finger / stenosing tenosynovitis,"trigger_finger:3.0(tokens=finger,flexor,tendon)"
S66.104D,"Unspecified injury of flexor muscle, fascia and tendon of right ring finger at wrist and hand level, subsequent encounter",ATOM_PHRASE_MATCH,trigger_finger,Trigger finger / stenosing tenosynovitis,"trigger_finger:3.0(tokens=finger,flexor,tendon)"
S66.104S,"Unspecified injury of flexor muscle, fascia and tendon of right ring finger at wrist and hand level, sequela",ATOM_PHRASE_MATCH,trigger_finger,Trigger finger / stenosing tenosynovitis,"trigger_finger:3.0(tokens=finger,flexor,tendon)"
S66.105A,"Unspecified injury of flexor muscle, fascia and tendon of left ring finger at wrist and hand level, initial encounter",ATOM_PHRASE_MATCH,trigger_finger,Trigger finger / stenosing tenosynovitis,"trigger_finger:3.0(tokens=finger,flexor,tendon)"
S66.105D,"Unspecified injury of flexor muscle, fascia and tendon of left ring finger at wrist and hand level, subsequent encounter",ATOM_PHRASE_MATCH,trigger_finger,Trigger finger / stenosing tenosynovitis,"trigger_finger:3.0(tokens=finger,flexor,tendon)"
S66.105S,"Unspecified injury of flexor muscle, fascia and tendon of left ring finger at wrist and hand level, sequela",ATOM_PHRASE_MATCH,trigger_finger,Trigger finger / stenosing tenosynovitis,"trigger_finger:3.0(tokens=finger,flexor,tendon)"
S66.106A,"Unspecified injury of flexor muscle, fascia and tendon of right little finger at wrist and hand level, initial encounter",ATOM_PHRASE_MATCH,trigger_finger,Trigger finger / stenosing tenosynovitis,"trigger_finger:3.0(tokens=finger,flexor,tendon)"
S66.106D,"Unspecified injury of flexor muscle, fascia and tendon of right little finger at wrist and hand level, subsequent encounter",ATOM_PHRASE_MATCH,trigger_finger,Trigger finger / stenosing tenosynovitis,"trigger_finger:3.0(tokens=finger,flexor,tendon)"
S66.106S,"Unspecified injury of flexor muscle, fascia and tendon of right little finger at wrist and hand level, sequela",ATOM_PHRASE_MATCH,trigger_finger,Trigger finger / stenosing tenosynovitis,"trigger_finger:3.0(tokens=finger,flexor,tendon)"
S66.107A,"Unspecified injury of flexor muscle, fascia and tendon of left little finger at wrist and hand level, initial encounter",ATOM_PHRASE_MATCH,trigger_finger,Trigger finger / stenosing tenosynovitis,"trigger_finger:3.0(tokens=finger,flexor,tendon)"
S66.107D,"Unspecified injury of flexor muscle, fascia and tendon of left little finger at wrist and hand level, subsequent encounter",ATOM_PHRASE_MATCH,trigger_finger,Trigger finger / stenosing tenosynovitis,"trigger_finger:3.0(tokens=finger,flexor,tendon)"
S66.107S,"Unspecified injury of flexor muscle, fascia and tendon of left little finger at wrist and hand level, sequela",ATOM_PHRASE_MATCH,trigger_finger,Trigger finger / stenosing tenosynovitis,"trigger_finger:3.0(tokens=finger,flexor,tendon)"
S66.108A,"Unspecified injury of flexor muscle, fascia and tendon of other finger at wrist and hand level, initial encounter",ATOM_PHRASE_MATCH,trigger_finger,Trigger finger / stenosing tenosynovitis,"trigger_finger:3.0(tokens=finger,flexor,tendon)"
S66.108D,"Unspecified injury of flexor muscle, fascia and tendon of other finger at wrist and hand level, subsequent encounter",ATOM_PHRASE_MATCH,trigger_finger,Trigger finger / stenosing tenosynovitis,"trigger_finger:3.0(tokens=finger,flexor,tendon)"
S66.108S,"Unspecified injury of flexor muscle, fascia and tendon of other finger at wrist and hand level, sequela",ATOM_PHRASE_MATCH,trigger_finger,Trigger finger / stenosing tenosynovitis,"trigger_finger:3.0(tokens=finger,flexor,tendon)"
S66.109D,"Unspecified injury of flexor muscle, fascia and tendon of unspecified finger at wrist and hand level, subsequent encounter",ATOM_PHRASE_MATCH,trigger_finger,Trigger finger / stenosing tenosynovitis,"trigger_finger:3.0(tokens=finger,flexor,tendon)"
S66.109S,"Unspecified injury of flexor muscle, fascia and tendon of unspecified finger at wrist and hand level, sequela",ATOM_PHRASE_MATCH,trigger_finger,Trigger finger / stenosing tenosynovitis,"trigger_finger:3.0(tokens=finger,flexor,tendon)"
S66.110A,"Strain of flexor muscle, fascia and tendon of right index finger at wrist and hand level, initial encounter",ATOM_PHRASE_MATCH,trigger_finger,Trigger finger / stenosing tenosynovitis,"trigger_finger:3.0(tokens=finger,flexor,tendon)"
S66.110D,"Strain of flexor muscle, fascia and tendon of right index finger at wrist and hand level, subsequent encounter",ATOM_PHRASE_MATCH,trigger_finger,Trigger finger / stenosing tenosynovitis,"trigger_finger:3.0(tokens=finger,flexor,tendon)"
S66.110S,"Strain of flexor muscle, fascia and tendon of right index finger at wrist and hand level, sequela",ATOM_PHRASE_MATCH,trigger_finger,Trigger finger / stenosing tenosynovitis,"trigger_finger:3.0(tokens=finger,flexor,tendon)"
S66.111A,"Strain of flexor muscle, fascia and tendon of left index finger at wrist and hand level, initial encounter",ATOM_PHRASE_MATCH,trigger_finger,Trigger finger / stenosing tenosynovitis,"trigger_finger:3.0(tokens=finger,flexor,tendon)"
S66.111D,"Strain of flexor muscle, fascia and tendon of left index finger at wrist and hand level, subsequent encounter",ATOM_PHRASE_MATCH,trigger_finger,Trigger finger / stenosing tenosynovitis,"trigger_finger:3.0(tokens=finger,flexor,tendon)"
S66.111S,"Strain of flexor muscle, fascia and tendon of left index finger at wrist and hand level, sequela",ATOM_PHRASE_MATCH,trigger_finger,Trigger finger / stenosing tenosynovitis,"trigger_finger:3.0(tokens=finger,flexor,tendon)"
S66.112A,"Strain of flexor muscle, fascia and tendon of right middle finger at wrist and hand level, initial encounter",ATOM_PHRASE_MATCH,trigger_finger,Trigger finger / stenosing tenosynovitis,"trigger_finger:3.0(tokens=finger,flexor,tendon)"
S66.112D,"Strain of flexor muscle, fascia and tendon of right middle finger at wrist and hand level, subsequent encounter",ATOM_PHRASE_MATCH,trigger_finger,Trigger finger / stenosing tenosynovitis,"trigger_finger:3.0(tokens=finger,flexor,tendon)"
S66.112S,"Strain of flexor muscle, fascia and tendon of right middle finger at wrist and hand level, sequela",ATOM_PHRASE_MATCH,trigger_finger,Trigger finger / stenosing tenosynovitis,"trigger_finger:3.0(tokens=finger,flexor,tendon)"
S66.113D,"Strain of flexor muscle, fascia and tendon of left middle finger at wrist and hand level, subsequent encounter",ATOM_PHRASE_MATCH,trigger_finger,Trigger finger / stenosing tenosynovitis,"trigger_finger:3.0(tokens=finger,flexor,tendon)"
S66.113S,"Strain of flexor muscle, fascia and tendon of left middle finger at wrist and hand level, sequela",ATOM_PHRASE_MATCH,trigger_finger,Trigger finger / stenosing tenosynovitis,"trigger_finger:3.0(tokens=finger,flexor,tendon)"
S66.114D,"Strain of flexor muscle, fascia and tendon of right ring finger at wrist and hand level, subsequent encounter",ATOM_PHRASE_MATCH,trigger_finger,Trigger finger / stenosing tenosynovitis,"trigger_finger:3.0(tokens=finger,flexor,tendon)"
S66.114S,"Strain of flexor muscle, fascia and tendon of right ring finger at wrist and hand level, sequela",ATOM_PHRASE_MATCH,trigger_finger,Trigger finger / stenosing tenosynovitis,"trigger_finger:3.0(tokens=finger,flexor,tendon)"
S66.115A,"Strain of flexor muscle, fascia and tendon of left ring finger at wrist and hand level, initial encounter",ATOM_PHRASE_MATCH,trigger_finger,Trigger finger / stenosing tenosynovitis,"trigger_finger:3.0(tokens=finger,flexor,tendon)"
S66.115D,"Strain of flexor muscle, fascia and tendon of left ring finger at wrist and hand level, subsequent encounter",ATOM_PHRASE_MATCH,trigger_finger,Trigger finger / stenosing tenosynovitis,"trigger_finger:3.0(tokens=finger,flexor,tendon)"
S66.115S,"Strain of flexor muscle, fascia and tendon of left ring finger at wrist and hand level, sequela",ATOM_PHRASE_MATCH,trigger_finger,Trigger finger / stenosing tenosynovitis,"trigger_finger:3.0(tokens=finger,flexor,tendon)"
S66.116A,"Strain of flexor muscle, fascia and tendon of right little finger at wrist and hand level, initial encounter",ATOM_PHRASE_MATCH,trigger_finger,Trigger finger / stenosing tenosynovitis,"trigger_finger:3.0(tokens=finger,flexor,tendon)"
S66.116D,"Strain of flexor muscle, fascia and tendon of right little finger at wrist and hand level, subsequent encounter",ATOM_PHRASE_MATCH,trigger_finger,Trigger finger / stenosing tenosynovitis,"trigger_finger:3.0(tokens=finger,flexor,tendon)"
S66.116S,"Strain of flexor muscle, fascia and tendon of right little finger at wrist and hand level, sequela",ATOM_PHRASE_MATCH,trigger_finger,Trigger finger / stenosing tenosynovitis,"trigger_finger:3.0(tokens=finger,flexor,tendon)"
S66.117A,"Strain of flexor muscle, fascia and tendon of left little finger at wrist and hand level, initial encounter",ATOM_PHRASE_MATCH,trigger_finger,Trigger finger / stenosing tenosynovitis,"trigger_finger:3.0(tokens=finger,flexor,tendon)"
S66.117D,"Strain of flexor muscle, fascia and tendon of left little finger at wrist and hand level, subsequent encounter",ATOM_PHRASE_MATCH,trigger_finger,Trigger finger / stenosing tenosynovitis,"trigger_finger:3.0(tokens=finger,flexor,tendon)"
S66.117S,"Strain of flexor muscle, fascia and tendon of left little finger at wrist and hand level, sequela",ATOM_PHRASE_MATCH,trigger_finger,Trigger finger / stenosing tenosynovitis,"trigger_finger:3.0(tokens=finger,flexor,tendon)"
S66.118A,"Strain of flexor muscle, fascia and tendon of other finger at wrist and hand level, initial encounter",ATOM_PHRASE_MATCH,trigger_finger,Trigger finger / stenosing tenosynovitis,"trigger_finger:3.0(tokens=finger,flexor,tendon)"
S66.118D,"Strain of flexor muscle, fascia and tendon of other finger at wrist and hand level, subsequent encounter",ATOM_PHRASE_MATCH,trigger_finger,Trigger finger / stenosing tenosynovitis,"trigger_finger:3.0(tokens=finger,flexor,tendon)"
S66.118S,"Strain of flexor muscle, fascia and tendon of other finger at wrist and hand level, sequela",ATOM_PHRASE_MATCH,trigger_finger,Trigger finger / stenosing tenosynovitis,"trigger_finger:3.0(tokens=finger,flexor,tendon)"
S66.119A,"Strain of flexor muscle, fascia and tendon of unspecified finger at wrist and hand level, initial encounter",ATOM_PHRASE_MATCH,trigger_finger,Trigger finger / stenosing tenosynovitis,"trigger_finger:3.0(tokens=finger,flexor,tendon)"
S66.119D,"Strain of flexor muscle, fascia and tendon of unspecified finger at wrist and hand level, subsequent encounter",ATOM_PHRASE_MATCH,trigger_finger,Trigger finger / stenosing tenosynovitis,"trigger_finger:3.0(tokens=finger,flexor,tendon)"
S66.119S,"Strain of flexor muscle, fascia and tendon of unspecified finger at wrist and hand level, sequela",ATOM_PHRASE_MATCH,trigger_finger,Trigger finger / stenosing tenosynovitis,"trigger_finger:3.0(tokens=finger,flexor,tendon)"
S66.120S,"Laceration of flexor muscle, fascia and tendon of right index finger at wrist and hand level, sequela",ATOM_PHRASE_MATCH,trigger_finger,Trigger finger / stenosing tenosynovitis,"trigger_finger:3.0(tokens=finger,flexor,tendon)"
S66.121S,"Laceration of flexor muscle, fascia and tendon of left index finger at wrist and hand level, sequela",ATOM_PHRASE_MATCH,trigger_finger,Trigger finger / stenosing tenosynovitis,"trigger_finger:3.0(tokens=finger,flexor,tendon)"
S66.122S,"Laceration of flexor muscle, fascia and tendon of right middle finger at wrist and hand level, sequela",ATOM_PHRASE_MATCH,trigger_finger,Trigger finger / stenosing tenosynovitis,"trigger_finger:3.0(tokens=finger,flexor,tendon)"
S66.123S,"Laceration of flexor muscle, fascia and tendon of left middle finger at wrist and hand level, sequela",ATOM_PHRASE_MATCH,trigger_finger,Trigger finger / stenosing tenosynovitis,"trigger_finger:3.0(tokens=finger,flexor,tendon)"
S66.124D,"Laceration of flexor muscle, fascia and tendon of right ring finger at wrist and hand level, subsequent encounter",ATOM_PHRASE_MATCH,trigger_finger,Trigger finger / stenosing tenosynovitis,"trigger_finger:3.0(tokens=finger,flexor,tendon)"
S66.124S,"Laceration of flexor muscle, fascia and tendon of right ring finger at wrist and hand level, sequela",ATOM_PHRASE_MATCH,trigger_finger,Trigger finger / stenosing tenosynovitis,"trigger_finger:3.0(tokens=finger,flexor,tendon)"
S66.125D,"Laceration of flexor muscle, fascia and tendon of left ring finger at wrist and hand level, subsequent encounter",ATOM_PHRASE_MATCH,trigger_finger,Trigger finger / stenosing tenosynovitis,"trigger_finger:3.0(tokens=finger,flexor,tendon)"
S66.125S,"Laceration of flexor muscle, fascia and tendon of left ring finger at wrist and hand level, sequela",ATOM_PHRASE_MATCH,trigger_finger,Trigger finger / stenosing tenosynovitis,"trigger_finger:3.0(tokens=finger,flexor,tendon)"
S66.126D,"Laceration of flexor muscle, fascia and tendon of right little finger at wrist and hand level, subsequent encounter",ATOM_PHRASE_MATCH,trigger_finger,Trigger finger / stenosing tenosynovitis,"trigger_finger:3.0(tokens=finger,flexor,tendon)"
S66.126S,"Laceration of flexor muscle, fascia and tendon of right little finger at wrist and hand level, sequela",ATOM_PHRASE_MATCH,trigger_finger,Trigger finger / stenosing tenosynovitis,"trigger_finger:3.0(tokens=finger,flexor,tendon)"
S66.127S,"Laceration of flexor muscle, fascia and tendon of left little finger at wrist and hand level, sequela",ATOM_PHRASE_MATCH,trigger_finger,Trigger finger / stenosing tenosynovitis,"trigger_finger:3.0(tokens=finger,flexor,tendon)"
S66.128D,"Laceration of flexor muscle, fascia and tendon of other finger at wrist and hand level, subsequent encounter",ATOM_PHRASE_MATCH,trigger_finger,Trigger finger / stenosing tenosynovitis,"trigger_finger:3.0(tokens=finger,flexor,tendon)"
S66.128S,"Laceration of flexor muscle, fascia and tendon of other finger at wrist and hand level, sequela",ATOM_PHRASE_MATCH,trigger_finger,Trigger finger / stenosing tenosynovitis,"trigger_finger:3.0(tokens=finger,flexor,tendon)"
S66.129S,"Laceration of flexor muscle, fascia and tendon of unspecified finger at wrist and hand level, sequela",ATOM_PHRASE_MATCH,trigger_finger,Trigger finger / stenosing tenosynovitis,"trigger_finger:3.0(tokens=finger,flexor,tendon)"
S66.190A,"Other injury of flexor muscle, fascia and tendon of right index finger at wrist and hand level, initial encounter",ATOM_PHRASE_MATCH,trigger_finger,Trigger finger / stenosing tenosynovitis,"trigger_finger:3.0(tokens=finger,flexor,tendon)"
S66.190D,"Other injury of flexor muscle, fascia and tendon of right index finger at wrist and hand level, subsequent encounter",ATOM_PHRASE_MATCH,trigger_finger,Trigger finger / stenosing tenosynovitis,"trigger_finger:3.0(tokens=finger,flexor,tendon)"
S66.190S,"Other injury of flexor muscle, fascia and tendon of right index finger at wrist and hand level, sequela",ATOM_PHRASE_MATCH,trigger_finger,Trigger finger / stenosing tenosynovitis,"trigger_finger:3.0(tokens=finger,flexor,tendon)"
S66.191A,"Other injury of flexor muscle, fascia and tendon of left index finger at wrist and hand level, initial encounter",ATOM_PHRASE_MATCH,trigger_finger,Trigger finger / stenosing tenosynovitis,"trigger_finger:3.0(tokens=finger,flexor,tendon)"
S66.191D,"Other injury of flexor muscle, fascia and tendon of left index finger at wrist and hand level, subsequent encounter",ATOM_PHRASE_MATCH,trigger_finger,Trigger finger / stenosing tenosynovitis,"trigger_finger:3.0(tokens=finger,flexor,tendon)"
S66.191S,"Other injury of flexor muscle, fascia and tendon of left index finger at wrist and hand level, sequela",ATOM_PHRASE_MATCH,trigger_finger,Trigger finger / stenosing tenosynovitis,"trigger_finger:3.0(tokens=finger,flexor,tendon)"
S66.192D,"Other injury of flexor muscle, fascia and tendon of right middle finger at wrist and hand level, subsequent encounter",ATOM_PHRASE_MATCH,trigger_finger,Trigger finger / stenosing tenosynovitis,"trigger_finger:3.0(tokens=finger,flexor,tendon)"
S66.192S,"Other injury of flexor muscle, fascia and tendon of right middle finger at wrist and hand level, sequela",ATOM_PHRASE_MATCH,trigger_finger,Trigger finger / stenosing tenosynovitis,"trigger_finger:3.0(tokens=finger,flexor,tendon)"
S66.193A,"Other injury of flexor muscle, fascia and tendon of left middle finger at wrist and hand level, initial encounter",ATOM_PHRASE_MATCH,trigger_finger,Trigger finger / stenosing tenosynovitis,"trigger_finger:3.0(tokens=finger,flexor,tendon)"
S66.193D,"Other injury of flexor muscle, fascia and tendon of left middle finger at wrist and hand level, subsequent encounter",ATOM_PHRASE_MATCH,trigger_finger,Trigger finger / stenosing tenosynovitis,"trigger_finger:3.0(tokens=finger,flexor,tendon)"
S66.193S,"Other injury of flexor muscle, fascia and tendon of left middle finger at wrist and hand level, sequela",ATOM_PHRASE_MATCH,trigger_finger,Trigger finger / stenosing tenosynovitis,"trigger_finger:3.0(tokens=finger,flexor,tendon)"
S66.194A,"Other injury of flexor muscle, fascia and tendon of right ring finger at wrist and hand level, initial encounter",ATOM_PHRASE_MATCH,trigger_finger,Trigger finger / stenosing tenosynovitis,"trigger_finger:3.0(tokens=finger,flexor,tendon)"
S66.194D,"Other injury of flexor muscle, fascia and tendon of right ring finger at wrist and hand level, subsequent encounter",ATOM_PHRASE_MATCH,trigger_finger,Trigger finger / stenosing tenosynovitis,"trigger_finger:3.0(tokens=finger,flexor,tendon)"
S66.194S,"Other injury of flexor muscle, fascia and tendon of right ring finger at wrist and hand level, sequela",ATOM_PHRASE_MATCH,trigger_finger,Trigger finger / stenosing tenosynovitis,"trigger_finger:3.0(tokens=finger,flexor,tendon)"
S66.195A,"Other injury of flexor muscle, fascia and tendon of left ring finger at wrist and hand level, initial encounter",ATOM_PHRASE_MATCH,trigger_finger,Trigger finger / stenosing tenosynovitis,"trigger_finger:3.0(tokens=finger,flexor,tendon)"
S66.195D,"Other injury of flexor muscle, fascia and tendon of left ring finger at wrist and hand level, subsequent encounter",ATOM_PHRASE_MATCH,trigger_finger,Trigger finger / stenosing tenosynovitis,"trigger_finger:3.0(tokens=finger,flexor,tendon)"
S66.195S,"Other injury of flexor muscle, fascia and tendon of left ring finger at wrist and hand level, sequela",ATOM_PHRASE_MATCH,trigger_finger,Trigger finger / stenosing tenosynovitis,"trigger_finger:3.0(tokens=finger,flexor,tendon)"
S66.196A,"Other injury of flexor muscle, fascia and tendon of right little finger at wrist and hand level, initial encounter",ATOM_PHRASE_MATCH,trigger_finger,Trigger finger / stenosing tenosynovitis,"trigger_finger:3.0(tokens=finger,flexor,tendon)"
S66.196S,"Other injury of flexor muscle, fascia and tendon of right little finger at wrist and hand level, sequela",ATOM_PHRASE_MATCH,trigger_finger,Trigger finger / stenosing tenosynovitis,"trigger_finger:3.0(tokens=finger,flexor,tendon)"
S66.197A,"Other injury of flexor muscle, fascia and tendon of left little finger at wrist and hand level, initial encounter",ATOM_PHRASE_MATCH,trigger_finger,Trigger finger / stenosing tenosynovitis,"trigger_finger:3.0(tokens=finger,flexor,tendon)"
S66.197D,"Other injury of flexor muscle, fascia and tendon of left little finger at wrist and hand level, subsequent encounter",ATOM_PHRASE_MATCH,trigger_finger,Trigger finger / stenosing tenosynovitis,"trigger_finger:3.0(tokens=finger,flexor,tendon)"
S66.197S,"Other injury of flexor muscle, fascia and tendon of left little finger at wrist and hand level, sequela",ATOM_PHRASE_MATCH,trigger_finger,Trigger finger / stenosing tenosynovitis,"trigger_finger:3.0(tokens=finger,flexor,tendon)"
S66.198A,"Other injury of flexor muscle, fascia and tendon of other finger at wrist and hand level, initial encounter",ATOM_PHRASE_MATCH,trigger_finger,Trigger finger / stenosing tenosynovitis,"trigger_finger:3.0(tokens=finger,flexor,tendon)"
S66.198D,"Other injury of flexor muscle, fascia and tendon of other finger at wrist and hand level, subsequent encounter",ATOM_PHRASE_MATCH,trigger_finger,Trigger finger / stenosing tenosynovitis,"trigger_finger:3.0(tokens=finger,flexor,tendon)"
S66.198S,"Other injury of flexor muscle, fascia and tendon of other finger at wrist and hand level, sequela",ATOM_PHRASE_MATCH,trigger_finger,Trigger finger / stenosing tenosynovitis,"trigger_finger:3.0(tokens=finger,flexor,tendon)"
S66.199A,"Other injury of flexor muscle, fascia and tendon of unspecified finger at wrist and hand level, initial encounter",ATOM_PHRASE_MATCH,trigger_finger,Trigger finger / stenosing tenosynovitis,"trigger_finger:3.0(tokens=finger,flexor,tendon)"
S66.199D,"Other injury of flexor muscle, fascia and tendon of unspecified finger at wrist and hand level, subsequent encounter",ATOM_PHRASE_MATCH,trigger_finger,Trigger finger / stenosing tenosynovitis,"trigger_finger:3.0(tokens=finger,flexor,tendon)"
S66.199S,"Other injury of flexor muscle, fascia and tendon of unspecified finger at wrist and hand level, sequela",ATOM_PHRASE_MATCH,trigger_finger,Trigger finger / stenosing tenosynovitis,"trigger_finger:3.0(tokens=finger,flexor,tendon)"
S95.101A,"Unspecified injury of plantar artery of right foot, initial encounter",ATOM_PHRASE_MATCH,plantar_ulcer,plantar ulcer,"plantar_ulcer:3.0(tokens=foot,injury,plantar)"
S95.101D,"Unspecified injury of plantar artery of right foot, subsequent encounter",ATOM_PHRASE_MATCH,plantar_ulcer,plantar ulcer,"plantar_ulcer:3.0(tokens=foot,injury,plantar)"
S95.101S,"Unspecified injury of plantar artery of right foot, sequela",ATOM_PHRASE_MATCH,plantar_ulcer,plantar ulcer,"plantar_ulcer:3.0(tokens=foot,injury,plantar)"
S95.102A,"Unspecified injury of plantar artery of left foot, initial encounter",ATOM_PHRASE_MATCH,plantar_ulcer,plantar ulcer,"plantar_ulcer:3.0(tokens=foot,injury,plantar)"
S95.102D,"Unspecified injury of plantar artery of left foot, subsequent encounter",ATOM_PHRASE_MATCH,plantar_ulcer,plantar ulcer,"plantar_ulcer:3.0(tokens=foot,injury,plantar)"
S95.102S,"Unspecified injury of plantar artery of left foot, sequela",ATOM_PHRASE_MATCH,plantar_ulcer,plantar ulcer,"plantar_ulcer:3.0(tokens=foot,injury,plantar)"
S95.109A,"Unspecified injury of plantar artery of unspecified foot, initial encounter",ATOM_PHRASE_MATCH,plantar_ulcer,plantar ulcer,"plantar_ulcer:3.0(tokens=foot,injury,plantar)"
S95.109D,"Unspecified injury of plantar artery of unspecified foot, subsequent encounter",ATOM_PHRASE_MATCH,plantar_ulcer,plantar ulcer,"plantar_ulcer:3.0(tokens=foot,injury,plantar)"
S95.109S,"Unspecified injury of plantar artery of unspecified foot, sequela",ATOM_PHRASE_MATCH,plantar_ulcer,plantar ulcer,"plantar_ulcer:3.0(tokens=foot,injury,plantar)"
S95.191A,"Other specified injury of plantar artery of right foot, initial encounter",ATOM_PHRASE_MATCH,plantar_ulcer,plantar ulcer,"plantar_ulcer:3.0(tokens=foot,injury,plantar)"
S95.191D,"Other specified injury of plantar artery of right foot, subsequent encounter",ATOM_PHRASE_MATCH,plantar_ulcer,plantar ulcer,"plantar_ulcer:3.0(tokens=foot,injury,plantar)"
S95.191S,"Other specified injury of plantar artery of right foot, sequela",ATOM_PHRASE_MATCH,plantar_ulcer,plantar ulcer,"plantar_ulcer:3.0(tokens=foot,injury,plantar)"
S95.192A,"Other specified injury of plantar artery of left foot, initial encounter",ATOM_PHRASE_MATCH,plantar_ulcer,plantar ulcer,"plantar_ulcer:3.0(tokens=foot,injury,plantar)"
S95.192D,"Other specified injury of plantar artery of left foot, subsequent encounter",ATOM_PHRASE_MATCH,plantar_ulcer,plantar ulcer,"plantar_ulcer:3.0(tokens=foot,injury,plantar)"
S95.192S,"Other specified injury of plantar artery of left foot, sequela",ATOM_PHRASE_MATCH,plantar_ulcer,plantar ulcer,"plantar_ulcer:3.0(tokens=foot,injury,plantar)"
S95.199A,"Other specified injury of plantar artery of unspecified foot, initial encounter",ATOM_PHRASE_MATCH,plantar_ulcer,plantar ulcer,"plantar_ulcer:3.0(tokens=foot,injury,plantar)"
S95.199D,"Other specified injury of plantar artery of unspecified foot, subsequent encounter",ATOM_PHRASE_MATCH,plantar_ulcer,plantar ulcer,"plantar_ulcer:3.0(tokens=foot,injury,plantar)"
S95.199S,"Other specified injury of plantar artery of unspecified foot, sequela",ATOM_PHRASE_MATCH,plantar_ulcer,plantar ulcer,"plantar_ulcer:3.0(tokens=foot,injury,plantar)"
T22.091D,"Burn of unspecified degree of multiple sites of right shoulder and upper limb, except wrist and hand, subsequent encounter",ATOM_PHRASE_MATCH,cts_left | cts_right,"Carpal tunnel syndrome, left | Carpal tunnel syndrome, right","cts_left:3.0(tokens=limb,upper,wrist) | cts_right:3.0(tokens=limb,right,upper,wrist)"
T22.091S,"Burn of unspecified degree of multiple sites of right shoulder and upper limb, except wrist and hand, sequela",ATOM_PHRASE_MATCH,cts_left | cts_right,"Carpal tunnel syndrome, left | Carpal tunnel syndrome, right","cts_left:3.0(tokens=limb,upper,wrist) | cts_right:3.0(tokens=limb,right,upper,wrist)"
T22.092A,"Burn of unspecified degree of multiple sites of left shoulder and upper limb, except wrist and hand, initial encounter",ATOM_PHRASE_MATCH,cts_left | cts_right,"Carpal tunnel syndrome, left | Carpal tunnel syndrome, right","cts_left:3.0(tokens=left,limb,upper,wrist) | cts_right:3.0(tokens=limb,upper,wrist)"
T22.092D,"Burn of unspecified degree of multiple sites of left shoulder and upper limb, except wrist and hand, subsequent encounter",ATOM_PHRASE_MATCH,cts_left | cts_right,"Carpal tunnel syndrome, left | Carpal tunnel syndrome, right","cts_left:3.0(tokens=left,limb,upper,wrist) | cts_right:3.0(tokens=limb,upper,wrist)"
T22.092S,"Burn of unspecified degree of multiple sites of left shoulder and upper limb, except wrist and hand, sequela",ATOM_PHRASE_MATCH,cts_left | cts_right,"Carpal tunnel syndrome, left | Carpal tunnel syndrome, right","cts_left:3.0(tokens=left,limb,upper,wrist) | cts_right:3.0(tokens=limb,upper,wrist)"
T22.099A,"Burn of unspecified degree of multiple sites of unspecified shoulder and upper limb, except wrist and hand, initial encounter",ATOM_PHRASE_MATCH,cts_left | cts_right,"Carpal tunnel syndrome, left | Carpal tunnel syndrome, right","cts_left:3.0(tokens=limb,upper,wrist) | cts_right:3.0(tokens=limb,upper,wrist)"
T22.099D,"Burn of unspecified degree of multiple sites of unspecified shoulder and upper limb, except wrist and hand, subsequent encounter",ATOM_PHRASE_MATCH,cts_left | cts_right,"Carpal tunnel syndrome, left | Carpal tunnel syndrome, right","cts_left:3.0(tokens=limb,upper,wrist) | cts_right:3.0(tokens=limb,upper,wrist)"
T22.099S,"Burn of unspecified degree of multiple sites of unspecified shoulder and upper limb, except wrist and hand, sequela",ATOM_PHRASE_MATCH,cts_left | cts_right,"Carpal tunnel syndrome, left | Carpal tunnel syndrome, right","cts_left:3.0(tokens=limb,upper,wrist) | cts_right:3.0(tokens=limb,upper,wrist)"
T22.10XS,"Burn of first degree of shoulder and upper limb, except wrist and hand, unspecified site, sequela",ATOM_PHRASE_MATCH,cts_left | cts_right,"Carpal tunnel syndrome, left | Carpal tunnel syndrome, right","cts_left:3.0(tokens=limb,upper,wrist) | cts_right:3.0(tokens=limb,upper,wrist)"
T22.191D,"Burn of first degree of multiple sites of right shoulder and upper limb, except wrist and hand, subsequent encounter",ATOM_PHRASE_MATCH,cts_left | cts_right,"Carpal tunnel syndrome, left | Carpal tunnel syndrome, right","cts_left:3.0(tokens=limb,upper,wrist) | cts_right:3.0(tokens=limb,right,upper,wrist)"
T22.191S,"Burn of first degree of multiple sites of right shoulder and upper limb, except wrist and hand, sequela",ATOM_PHRASE_MATCH,cts_left | cts_right,"Carpal tunnel syndrome, left | Carpal tunnel syndrome, right","cts_left:3.0(tokens=limb,upper,wrist) | cts_right:3.0(tokens=limb,right,upper,wrist)"
T22.192D,"Burn of first degree of multiple sites of left shoulder and upper limb, except wrist and hand, subsequent encounter",ATOM_PHRASE_MATCH,cts_left | cts_right,"Carpal tunnel syndrome, left | Carpal tunnel syndrome, right","cts_left:3.0(tokens=left,limb,upper,wrist) | cts_right:3.0(tokens=limb,upper,wrist)"
T22.199A,"Burn of first degree of multiple sites of unspecified shoulder and upper limb, except wrist and hand, initial encounter",ATOM_PHRASE_MATCH,cts_left | cts_right,"Carpal tunnel syndrome, left | Carpal tunnel syndrome, right","cts_left:3.0(tokens=limb,upper,wrist) | cts_right:3.0(tokens=limb,upper,wrist)"
T22.199S,"Burn of first degree of multiple sites of unspecified shoulder and upper limb, except wrist and hand, sequela",ATOM_PHRASE_MATCH,cts_left | cts_right,"Carpal tunnel syndrome, left | Carpal tunnel syndrome, right","cts_left:3.0(tokens=limb,upper,wrist) | cts_right:3.0(tokens=limb,upper,wrist)"
T22.292S,"Burn of second degree of multiple sites of left shoulder and upper limb, except wrist and hand, sequela",ATOM_PHRASE_MATCH,cts_left | cts_right,"Carpal tunnel syndrome, left | Carpal tunnel syndrome, right","cts_left:3.0(tokens=left,limb,upper,wrist) | cts_right:3.0(tokens=limb,upper,wrist)"
T22.299S,"Burn of second degree of multiple sites of unspecified shoulder and upper limb, except wrist and hand, sequela",ATOM_PHRASE_MATCH,cts_left | cts_right,"Carpal tunnel syndrome, left | Carpal tunnel syndrome, right","cts_left:3.0(tokens=limb,upper,wrist) | cts_right:3.0(tokens=limb,upper,wrist)"
T22.392S,"Burn of third degree of multiple sites of left shoulder and upper limb, except wrist and hand, sequela",ATOM_PHRASE_MATCH,cts_left | cts_right,"Carpal tunnel syndrome, left | Carpal tunnel syndrome, right","cts_left:3.0(tokens=left,limb,upper,wrist) | cts_right:3.0(tokens=limb,upper,wrist)"
T22.399A,"Burn of third degree of multiple sites of unspecified shoulder and upper limb, except wrist and hand, initial encounter",ATOM_PHRASE_MATCH,cts_left | cts_right,"Carpal tunnel syndrome, left | Carpal tunnel syndrome, right","cts_left:3.0(tokens=limb,upper,wrist) | cts_right:3.0(tokens=limb,upper,wrist)"
T22.399D,"Burn of third degree of multiple sites of unspecified shoulder and upper limb, except wrist and hand, subsequent encounter",ATOM_PHRASE_MATCH,cts_left | cts_right,"Carpal tunnel syndrome, left | Carpal tunnel syndrome, right","cts_left:3.0(tokens=limb,upper,wrist) | cts_right:3.0(tokens=limb,upper,wrist)"
T22.399S,"Burn of third degree of multiple sites of unspecified shoulder and upper limb, except wrist and hand, sequela",ATOM_PHRASE_MATCH,cts_left | cts_right,"Carpal tunnel syndrome, left | Carpal tunnel syndrome, right","cts_left:3.0(tokens=limb,upper,wrist) | cts_right:3.0(tokens=limb,upper,wrist)"
T22.40XA,"Corrosion of unspecified degree of shoulder and upper limb, except wrist and hand, unspecified site, initial encounter",ATOM_PHRASE_MATCH,cts_left | cts_right,"Carpal tunnel syndrome, left | Carpal tunnel syndrome, right","cts_left:3.0(tokens=limb,upper,wrist) | cts_right:3.0(tokens=limb,upper,wrist)"
T22.40XD,"Corrosion of unspecified degree of shoulder and upper limb, except wrist and hand, unspecified site, subsequent encounter",ATOM_PHRASE_MATCH,cts_left | cts_right,"Carpal tunnel syndrome, left | Carpal tunnel syndrome, right","cts_left:3.0(tokens=limb,upper,wrist) | cts_right:3.0(tokens=limb,upper,wrist)"
T22.40XS,"Corrosion of unspecified degree of shoulder and upper limb, except wrist and hand, unspecified site, sequela",ATOM_PHRASE_MATCH,cts_left | cts_right,"Carpal tunnel syndrome, left | Carpal tunnel syndrome, right","cts_left:3.0(tokens=limb,upper,wrist) | cts_right:3.0(tokens=limb,upper,wrist)"
T22.491D,"Corrosion of unspecified degree of multiple sites of right shoulder and upper limb, except wrist and hand, subsequent encounter",ATOM_PHRASE_MATCH,cts_left | cts_right,"Carpal tunnel syndrome, left | Carpal tunnel syndrome, right","cts_left:3.0(tokens=limb,upper,wrist) | cts_right:3.0(tokens=limb,right,upper,wrist)"
T22.491S,"Corrosion of unspecified degree of multiple sites of right shoulder and upper limb, except wrist and hand, sequela",ATOM_PHRASE_MATCH,cts_left | cts_right,"Carpal tunnel syndrome, left | Carpal tunnel syndrome, right","cts_left:3.0(tokens=limb,upper,wrist) | cts_right:3.0(tokens=limb,right,upper,wrist)"
T22.492A,"Corrosion of unspecified degree of multiple sites of left shoulder and upper limb, except wrist and hand, initial encounter",ATOM_PHRASE_MATCH,cts_left | cts_right,"Carpal tunnel syndrome, left | Carpal tunnel syndrome, right","cts_left:3.0(tokens=left,limb,upper,wrist) | cts_right:3.0(tokens=limb,upper,wrist)"
T22.492D,"Corrosion of unspecified degree of multiple sites of left shoulder and upper limb, except wrist and hand, subsequent encounter",ATOM_PHRASE_MATCH,cts_left | cts_right,"Carpal tunnel syndrome, left | Carpal tunnel syndrome, right","cts_left:3.0(tokens=left,limb,upper,wrist) | cts_right:3.0(tokens=limb,upper,wrist)"
T22.492S,"Corrosion of unspecified degree of multiple sites of left shoulder and upper limb, except wrist and hand, sequela",ATOM_PHRASE_MATCH,cts_left | cts_right,"Carpal tunnel syndrome, left | Carpal tunnel syndrome, right","cts_left:3.0(tokens=left,limb,upper,wrist) | cts_right:3.0(tokens=limb,upper,wrist)"
T22.499D,"Corrosion of unspecified degree of multiple sites of unspecified shoulder and upper limb, except wrist and hand, subsequent encounter",ATOM_PHRASE_MATCH,cts_left | cts_right,"Carpal tunnel syndrome, left | Carpal tunnel syndrome, right","cts_left:3.0(tokens=limb,upper,wrist) | cts_right:3.0(tokens=limb,upper,wrist)"
T22.499S,"Corrosion of unspecified degree of multiple sites of unspecified shoulder and upper limb, except wrist and hand, sequela",ATOM_PHRASE_MATCH,cts_left | cts_right,"Carpal tunnel syndrome, left | Carpal tunnel syndrome, right","cts_left:3.0(tokens=limb,upper,wrist) | cts_right:3.0(tokens=limb,upper,wrist)"
T22.50XA,"Corrosion of first degree of shoulder and upper limb, except wrist and hand unspecified site, initial encounter",ATOM_PHRASE_MATCH,cts_left | cts_right,"Carpal tunnel syndrome, left | Carpal tunnel syndrome, right","cts_left:3.0(tokens=limb,upper,wrist) | cts_right:3.0(tokens=limb,upper,wrist)"
T22.50XD,"Corrosion of first degree of shoulder and upper limb, except wrist and hand unspecified site, subsequent encounter",ATOM_PHRASE_MATCH,cts_left | cts_right,"Carpal tunnel syndrome, left | Carpal tunnel syndrome, right","cts_left:3.0(tokens=limb,upper,wrist) | cts_right:3.0(tokens=limb,upper,wrist)"
T22.50XS,"Corrosion of first degree of shoulder and upper limb, except wrist and hand unspecified site, sequela",ATOM_PHRASE_MATCH,cts_left | cts_right,"Carpal tunnel syndrome, left | Carpal tunnel syndrome, right","cts_left:3.0(tokens=limb,upper,wrist) | cts_right:3.0(tokens=limb,upper,wrist)"
T22.591A,"Corrosion of first degree of multiple sites of right shoulder and upper limb, except wrist and hand, initial encounter",ATOM_PHRASE_MATCH,cts_left | cts_right,"Carpal tunnel syndrome, left | Carpal tunnel syndrome, right","cts_left:3.0(tokens=limb,upper,wrist) | cts_right:3.0(tokens=limb,right,upper,wrist)"
T22.591D,"Corrosion of first degree of multiple sites of right shoulder and upper limb, except wrist and hand, subsequent encounter",ATOM_PHRASE_MATCH,cts_left | cts_right,"Carpal tunnel syndrome, left | Carpal tunnel syndrome, right","cts_left:3.0(tokens=limb,upper,wrist) | cts_right:3.0(tokens=limb,right,upper,wrist)"
T22.591S,"Corrosion of first degree of multiple sites of right shoulder and upper limb, except wrist and hand, sequela",ATOM_PHRASE_MATCH,cts_left | cts_right,"Carpal tunnel syndrome, left | Carpal tunnel syndrome, right","cts_left:3.0(tokens=limb,upper,wrist) | cts_right:3.0(tokens=limb,right,upper,wrist)"
T22.592A,"Corrosion of first degree of multiple sites of left shoulder and upper limb, except wrist and hand, initial encounter",ATOM_PHRASE_MATCH,cts_left | cts_right,"Carpal tunnel syndrome, left | Carpal tunnel syndrome, right","cts_left:3.0(tokens=left,limb,upper,wrist) | cts_right:3.0(tokens=limb,upper,wrist)"
T22.592D,"Corrosion of first degree of multiple sites of left shoulder and upper limb, except wrist and hand, subsequent encounter",ATOM_PHRASE_MATCH,cts_left | cts_right,"Carpal tunnel syndrome, left | Carpal tunnel syndrome, right","cts_left:3.0(tokens=left,limb,upper,wrist) | cts_right:3.0(tokens=limb,upper,wrist)"
T22.592S,"Corrosion of first degree of multiple sites of left shoulder and upper limb, except wrist and hand, sequela",ATOM_PHRASE_MATCH,cts_left | cts_right,"Carpal tunnel syndrome, left | Carpal tunnel syndrome, right","cts_left:3.0(tokens=left,limb,upper,wrist) | cts_right:3.0(tokens=limb,upper,wrist)"
T22.599A,"Corrosion of first degree of multiple sites of unspecified shoulder and upper limb, except wrist and hand, initial encounter",ATOM_PHRASE_MATCH,cts_left | cts_right,"Carpal tunnel syndrome, left | Carpal tunnel syndrome, right","cts_left:3.0(tokens=limb,upper,wrist) | cts_right:3.0(tokens=limb,upper,wrist)"
T22.599D,"Corrosion of first degree of multiple sites of unspecified shoulder and upper limb, except wrist and hand, subsequent encounter",ATOM_PHRASE_MATCH,cts_left | cts_right,"Carpal tunnel syndrome, left | Carpal tunnel syndrome, right","cts_left:3.0(tokens=limb,upper,wrist) | cts_right:3.0(tokens=limb,upper,wrist)"
T22.599S,"Corrosion of first degree of multiple sites of unspecified shoulder and upper limb, except wrist and hand, sequela",ATOM_PHRASE_MATCH,cts_left | cts_right,"Carpal tunnel syndrome, left | Carpal tunnel syndrome, right","cts_left:3.0(tokens=limb,upper,wrist) | cts_right:3.0(tokens=limb,upper,wrist)"
T22.60XA,"Corrosion of second degree of shoulder and upper limb, except wrist and hand, unspecified site, initial encounter",ATOM_PHRASE_MATCH,cts_left | cts_right,"Carpal tunnel syndrome, left | Carpal tunnel syndrome, right","cts_left:3.0(tokens=limb,upper,wrist) | cts_right:3.0(tokens=limb,upper,wrist)"
T22.60XD,"Corrosion of second degree of shoulder and upper limb, except wrist and hand, unspecified site, subsequent encounter",ATOM_PHRASE_MATCH,cts_left | cts_right,"Carpal tunnel syndrome, left | Carpal tunnel syndrome, right","cts_left:3.0(tokens=limb,upper,wrist) | cts_right:3.0(tokens=limb,upper,wrist)"
T22.60XS,"Corrosion of second degree of shoulder and upper limb, except wrist and hand, unspecified site, sequela",ATOM_PHRASE_MATCH,cts_left | cts_right,"Carpal tunnel syndrome, left | Carpal tunnel syndrome, right","cts_left:3.0(tokens=limb,upper,wrist) | cts_right:3.0(tokens=limb,upper,wrist)"
T22.691A,"Corrosion of second degree of multiple sites of right shoulder and upper limb, except wrist and hand, initial encounter",ATOM_PHRASE_MATCH,cts_left | cts_right,"Carpal tunnel syndrome, left | Carpal tunnel syndrome, right","cts_left:3.0(tokens=limb,upper,wrist) | cts_right:3.0(tokens=limb,right,upper,wrist)"
T22.691D,"Corrosion of second degree of multiple sites of right shoulder and upper limb, except wrist and hand, subsequent encounter",ATOM_PHRASE_MATCH,cts_left | cts_right,"Carpal tunnel syndrome, left | Carpal tunnel syndrome, right","cts_left:3.0(tokens=limb,upper,wrist) | cts_right:3.0(tokens=limb,right,upper,wrist)"
T22.691S,"Corrosion of second degree of multiple sites of right shoulder and upper limb, except wrist and hand, sequela",ATOM_PHRASE_MATCH,cts_left | cts_right,"Carpal tunnel syndrome, left | Carpal tunnel syndrome, right","cts_left:3.0(tokens=limb,upper,wrist) | cts_right:3.0(tokens=limb,right,upper,wrist)"
T22.692A,"Corrosion of second degree of multiple sites of left shoulder and upper limb, except wrist and hand, initial encounter",ATOM_PHRASE_MATCH,cts_left | cts_right,"Carpal tunnel syndrome, left | Carpal tunnel syndrome, right","cts_left:3.0(tokens=left,limb,upper,wrist) | cts_right:3.0(tokens=limb,upper,wrist)"
T22.692D,"Corrosion of second degree of multiple sites of left shoulder and upper limb, except wrist and hand, subsequent encounter",ATOM_PHRASE_MATCH,cts_left | cts_right,"Carpal tunnel syndrome, left | Carpal tunnel syndrome, right","cts_left:3.0(tokens=left,limb,upper,wrist) | cts_right:3.0(tokens=limb,upper,wrist)"
T22.692S,"Corrosion of second degree of multiple sites of left shoulder and upper limb, except wrist and hand, sequela",ATOM_PHRASE_MATCH,cts_left | cts_right,"Carpal tunnel syndrome, left | Carpal tunnel syndrome, right","cts_left:3.0(tokens=left,limb,upper,wrist) | cts_right:3.0(tokens=limb,upper,wrist)"
T22.699A,"Corrosion of second degree of multiple sites of unspecified shoulder and upper limb, except wrist and hand, initial encounter",ATOM_PHRASE_MATCH,cts_left | cts_right,"Carpal tunnel syndrome, left | Carpal tunnel syndrome, right","cts_left:3.0(tokens=limb,upper,wrist) | cts_right:3.0(tokens=limb,upper,wrist)"
T22.699D,"Corrosion of second degree of multiple sites of unspecified shoulder and upper limb, except wrist and hand, subsequent encounter",ATOM_PHRASE_MATCH,cts_left | cts_right,"Carpal tunnel syndrome, left | Carpal tunnel syndrome, right","cts_left:3.0(tokens=limb,upper,wrist) | cts_right:3.0(tokens=limb,upper,wrist)"
T22.699S,"Corrosion of second degree of multiple sites of unspecified shoulder and upper limb, except wrist and hand, sequela",ATOM_PHRASE_MATCH,cts_left | cts_right,"Carpal tunnel syndrome, left | Carpal tunnel syndrome, right","cts_left:3.0(tokens=limb,upper,wrist) | cts_right:3.0(tokens=limb,upper,wrist)"
T22.70XA,"Corrosion of third degree of shoulder and upper limb, except wrist and hand, unspecified site, initial encounter",ATOM_PHRASE_MATCH,cts_left | cts_right,"Carpal tunnel syndrome, left | Carpal tunnel syndrome, right","cts_left:3.0(tokens=limb,upper,wrist) | cts_right:3.0(tokens=limb,upper,wrist)"
T22.70XD,"Corrosion of third degree of shoulder and upper limb, except wrist and hand, unspecified site, subsequent encounter",ATOM_PHRASE_MATCH,cts_left | cts_right,"Carpal tunnel syndrome, left | Carpal tunnel syndrome, right","cts_left:3.0(tokens=limb,upper,wrist) | cts_right:3.0(tokens=limb,upper,wrist)"
T22.70XS,"Corrosion of third degree of shoulder and upper limb, except wrist and hand, unspecified site, sequela",ATOM_PHRASE_MATCH,cts_left | cts_right,"Carpal tunnel syndrome, left | Carpal tunnel syndrome, right","cts_left:3.0(tokens=limb,upper,wrist) | cts_right:3.0(tokens=limb,upper,wrist)"
T22.791A,"Corrosion of third degree of multiple sites of right shoulder and upper limb, except wrist and hand, initial encounter",ATOM_PHRASE_MATCH,cts_left | cts_right,"Carpal tunnel syndrome, left | Carpal tunnel syndrome, right","cts_left:3.0(tokens=limb,upper,wrist) | cts_right:3.0(tokens=limb,right,upper,wrist)"
T22.791D,"Corrosion of third degree of multiple sites of right shoulder and upper limb, except wrist and hand, subsequent encounter",ATOM_PHRASE_MATCH,cts_left | cts_right,"Carpal tunnel syndrome, left | Carpal tunnel syndrome, right","cts_left:3.0(tokens=limb,upper,wrist) | cts_right:3.0(tokens=limb,right,upper,wrist)"
T22.791S,"Corrosion of third degree of multiple sites of right shoulder and upper limb, except wrist and hand, sequela",ATOM_PHRASE_MATCH,cts_left | cts_right,"Carpal tunnel syndrome, left | Carpal tunnel syndrome, right","cts_left:3.0(tokens=limb,upper,wrist) | cts_right:3.0(tokens=limb,right,upper,wrist)"
T22.792A,"Corrosion of third degree of multiple sites of left shoulder and upper limb, except wrist and hand, initial encounter",ATOM_PHRASE_MATCH,cts_left | cts_right,"Carpal tunnel syndrome, left | Carpal tunnel syndrome, right","cts_left:3.0(tokens=left,limb,upper,wrist) | cts_right:3.0(tokens=limb,upper,wrist)"
T22.792D,"Corrosion of third degree of multiple sites of left shoulder and upper limb, except wrist and hand, subsequent encounter",ATOM_PHRASE_MATCH,cts_left | cts_right,"Carpal tunnel syndrome, left | Carpal tunnel syndrome, right","cts_left:3.0(tokens=left,limb,upper,wrist) | cts_right:3.0(tokens=limb,upper,wrist)"
T22.792S,"Corrosion of third degree of multiple sites of left shoulder and upper limb, except wrist and hand, sequela",ATOM_PHRASE_MATCH,cts_left | cts_right,"Carpal tunnel syndrome, left | Carpal tunnel syndrome, right","cts_left:3.0(tokens=left,limb,upper,wrist) | cts_right:3.0(tokens=limb,upper,wrist)"
T22.799A,"Corrosion of third degree of multiple sites of unspecified shoulder and upper limb, except wrist and hand, initial encounter",ATOM_PHRASE_MATCH,cts_left | cts_right,"Carpal tunnel syndrome, left | Carpal tunnel syndrome, right","cts_left:3.0(tokens=limb,upper,wrist) | cts_right:3.0(tokens=limb,upper,wrist)"
T22.799D,"Corrosion of third degree of multiple sites of unspecified shoulder and upper limb, except wrist and hand, subsequent encounter",ATOM_PHRASE_MATCH,cts_left | cts_right,"Carpal tunnel syndrome, left | Carpal tunnel syndrome, right","cts_left:3.0(tokens=limb,upper,wrist) | cts_right:3.0(tokens=limb,upper,wrist)"
T22.799S,"Corrosion of third degree of multiple sites of unspecified shoulder and upper limb, except wrist and hand, sequela",ATOM_PHRASE_MATCH,cts_left | cts_right,"Carpal tunnel syndrome, left | Carpal tunnel syndrome, right","cts_left:3.0(tokens=limb,upper,wrist) | cts_right:3.0(tokens=limb,upper,wrist)"
T24.009A,"Burn of unspecified degree of unspecified site of unspecified lower limb, except ankle and foot, initial encounter",ATOM_PHRASE_MATCH,burning_feet,Burning feet,"burning_feet:3.0(tokens=foot,limb,lower)"
T24.009S,"Burn of unspecified degree of unspecified site of unspecified lower limb, except ankle and foot, sequela",ATOM_PHRASE_MATCH,burning_feet,Burning feet,"burning_feet:3.0(tokens=foot,limb,lower)"
T24.091S,"Burn of unspecified degree of multiple sites of right lower limb, except ankle and foot, sequela",ATOM_PHRASE_MATCH,burning_feet,Burning feet,"burning_feet:3.0(tokens=foot,limb,lower)"
T24.092A,"Burn of unspecified degree of multiple sites of left lower limb, except ankle and foot, initial encounter",ATOM_PHRASE_MATCH,burning_feet,Burning feet,"burning_feet:3.0(tokens=foot,limb,lower)"
T24.092D,"Burn of unspecified degree of multiple sites of left lower limb, except ankle and foot, subsequent encounter",ATOM_PHRASE_MATCH,burning_feet,Burning feet,"burning_feet:3.0(tokens=foot,limb,lower)"
T24.092S,"Burn of unspecified degree of multiple sites of left lower limb, except ankle and foot, sequela",ATOM_PHRASE_MATCH,burning_feet,Burning feet,"burning_feet:3.0(tokens=foot,limb,lower)"
T24.099A,"Burn of unspecified degree of multiple sites of unspecified lower limb, except ankle and foot, initial encounter",ATOM_PHRASE_MATCH,burning_feet,Burning feet,"burning_feet:3.0(tokens=foot,limb,lower)"
T24.099D,"Burn of unspecified degree of multiple sites of unspecified lower limb, except ankle and foot, subsequent encounter",ATOM_PHRASE_MATCH,burning_feet,Burning feet,"burning_feet:3.0(tokens=foot,limb,lower)"
T24.099S,"Burn of unspecified degree of multiple sites of unspecified lower limb, except ankle and foot, sequela",ATOM_PHRASE_MATCH,burning_feet,Burning feet,"burning_feet:3.0(tokens=foot,limb,lower)"
T24.101D,"Burn of first degree of unspecified site of right lower limb, except ankle and foot, subsequent encounter",ATOM_PHRASE_MATCH,burning_feet,Burning feet,"burning_feet:3.0(tokens=foot,limb,lower)"
T24.101S,"Burn of first degree of unspecified site of right lower limb, except ankle and foot, sequela",ATOM_PHRASE_MATCH,burning_feet,Burning feet,"burning_feet:3.0(tokens=foot,limb,lower)"
T24.102S,"Burn of first degree of unspecified site of left lower limb, except ankle and foot, sequela",ATOM_PHRASE_MATCH,burning_feet,Burning feet,"burning_feet:3.0(tokens=foot,limb,lower)"
T24.109A,"Burn of first degree of unspecified site of unspecified lower limb, except ankle and foot, initial encounter",ATOM_PHRASE_MATCH,burning_feet,Burning feet,"burning_feet:3.0(tokens=foot,limb,lower)"
T24.109D,"Burn of first degree of unspecified site of unspecified lower limb, except ankle and foot, subsequent encounter",ATOM_PHRASE_MATCH,burning_feet,Burning feet,"burning_feet:3.0(tokens=foot,limb,lower)"
T24.109S,"Burn of first degree of unspecified site of unspecified lower limb, except ankle and foot, sequela",ATOM_PHRASE_MATCH,burning_feet,Burning feet,"burning_feet:3.0(tokens=foot,limb,lower)"
T24.191A,"Burn of first degree of multiple sites of right lower limb, except ankle and foot, initial encounter",ATOM_PHRASE_MATCH,burning_feet,Burning feet,"burning_feet:3.0(tokens=foot,limb,lower)"
T24.192A,"Burn of first degree of multiple sites of left lower limb, except ankle and foot, initial encounter",ATOM_PHRASE_MATCH,burning_feet,Burning feet,"burning_feet:3.0(tokens=foot,limb,lower)"
T24.192D,"Burn of first degree of multiple sites of left lower limb, except ankle and foot, subsequent encounter",ATOM_PHRASE_MATCH,burning_feet,Burning feet,"burning_feet:3.0(tokens=foot,limb,lower)"
T24.192S,"Burn of first degree of multiple sites of left lower limb, except ankle and foot, sequela",ATOM_PHRASE_MATCH,burning_feet,Burning feet,"burning_feet:3.0(tokens=foot,limb,lower)"
T24.199A,"Burn of first degree of multiple sites of unspecified lower limb, except ankle and foot, initial encounter",ATOM_PHRASE_MATCH,burning_feet,Burning feet,"burning_feet:3.0(tokens=foot,limb,lower)"
T24.199D,"Burn of first degree of multiple sites of unspecified lower limb, except ankle and foot, subsequent encounter",ATOM_PHRASE_MATCH,burning_feet,Burning feet,"burning_feet:3.0(tokens=foot,limb,lower)"
T24.199S,"Burn of first degree of multiple sites of unspecified lower limb, except ankle and foot, sequela",ATOM_PHRASE_MATCH,burning_feet,Burning feet,"burning_feet:3.0(tokens=foot,limb,lower)"
T24.209S,"Burn of second degree of unspecified site of unspecified lower limb, except ankle and foot, sequela",ATOM_PHRASE_MATCH,burning_feet,Burning feet,"burning_feet:3.0(tokens=foot,limb,lower)"
T24.291S,"Burn of second degree of multiple sites of right lower limb, except ankle and foot, sequela",ATOM_PHRASE_MATCH,burning_feet,Burning feet,"burning_feet:3.0(tokens=foot,limb,lower)"
T24.292D,"Burn of second degree of multiple sites of left lower limb, except ankle and foot, subsequent encounter",ATOM_PHRASE_MATCH,burning_feet,Burning feet,"burning_feet:3.0(tokens=foot,limb,lower)"
T24.292S,"Burn of second degree of multiple sites of left lower limb, except ankle and foot, sequela",ATOM_PHRASE_MATCH,burning_feet,Burning feet,"burning_feet:3.0(tokens=foot,limb,lower)"
T24.299A,"Burn of second degree of multiple sites of unspecified lower limb, except ankle and foot, initial encounter",ATOM_PHRASE_MATCH,burning_feet,Burning feet,"burning_feet:3.0(tokens=foot,limb,lower)"
T24.299D,"Burn of second degree of multiple sites of unspecified lower limb, except ankle and foot, subsequent encounter",ATOM_PHRASE_MATCH,burning_feet,Burning feet,"burning_feet:3.0(tokens=foot,limb,lower)"
T24.299S,"Burn of second degree of multiple sites of unspecified lower limb, except ankle and foot, sequela",ATOM_PHRASE_MATCH,burning_feet,Burning feet,"burning_feet:3.0(tokens=foot,limb,lower)"
T24.391A,"Burn of third degree of multiple sites of right lower limb, except ankle and foot, initial encounter",ATOM_PHRASE_MATCH,burning_feet,Burning feet,"burning_feet:3.0(tokens=foot,limb,lower)"
T24.391D,"Burn of third degree of multiple sites of right lower limb, except ankle and foot, subsequent encounter",ATOM_PHRASE_MATCH,burning_feet,Burning feet,"burning_feet:3.0(tokens=foot,limb,lower)"
T24.391S,"Burn of third degree of multiple sites of right lower limb, except ankle and foot, sequela",ATOM_PHRASE_MATCH,burning_feet,Burning feet,"burning_feet:3.0(tokens=foot,limb,lower)"
T24.392D,"Burn of third degree of multiple sites of left lower limb, except ankle and foot, subsequent encounter",ATOM_PHRASE_MATCH,burning_feet,Burning feet,"burning_feet:3.0(tokens=foot,limb,lower)"
T24.392S,"Burn of third degree of multiple sites of left lower limb, except ankle and foot, sequela",ATOM_PHRASE_MATCH,burning_feet,Burning feet,"burning_feet:3.0(tokens=foot,limb,lower)"
T24.399A,"Burn of third degree of multiple sites of unspecified lower limb, except ankle and foot, initial encounter",ATOM_PHRASE_MATCH,burning_feet,Burning feet,"burning_feet:3.0(tokens=foot,limb,lower)"
T24.399D,"Burn of third degree of multiple sites of unspecified lower limb, except ankle and foot, subsequent encounter",ATOM_PHRASE_MATCH,burning_feet,Burning feet,"burning_feet:3.0(tokens=foot,limb,lower)"
T24.399S,"Burn of third degree of multiple sites of unspecified lower limb, except ankle and foot, sequela",ATOM_PHRASE_MATCH,burning_feet,Burning feet,"burning_feet:3.0(tokens=foot,limb,lower)"
T24.401A,"Corrosion of unspecified degree of unspecified site of right lower limb, except ankle and foot, initial encounter",ATOM_PHRASE_MATCH,burning_feet,Burning feet,"burning_feet:3.0(tokens=foot,limb,lower)"
T24.401D,"Corrosion of unspecified degree of unspecified site of right lower limb, except ankle and foot, subsequent encounter",ATOM_PHRASE_MATCH,burning_feet,Burning feet,"burning_feet:3.0(tokens=foot,limb,lower)"
T24.401S,"Corrosion of unspecified degree of unspecified site of right lower limb, except ankle and foot, sequela",ATOM_PHRASE_MATCH,burning_feet,Burning feet,"burning_feet:3.0(tokens=foot,limb,lower)"
T24.402A,"Corrosion of unspecified degree of unspecified site of left lower limb, except ankle and foot, initial encounter",ATOM_PHRASE_MATCH,burning_feet,Burning feet,"burning_feet:3.0(tokens=foot,limb,lower)"
T24.402D,"Corrosion of unspecified degree of unspecified site of left lower limb, except ankle and foot, subsequent encounter",ATOM_PHRASE_MATCH,burning_feet,Burning feet,"burning_feet:3.0(tokens=foot,limb,lower)"
T24.402S,"Corrosion of unspecified degree of unspecified site of left lower limb, except ankle and foot, sequela",ATOM_PHRASE_MATCH,burning_feet,Burning feet,"burning_feet:3.0(tokens=foot,limb,lower)"
T24.409A,"Corrosion of unspecified degree of unspecified site of unspecified lower limb, except ankle and foot, initial encounter",ATOM_PHRASE_MATCH,burning_feet,Burning feet,"burning_feet:3.0(tokens=foot,limb,lower)"
T24.409D,"Corrosion of unspecified degree of unspecified site of unspecified lower limb, except ankle and foot, subsequent encounter",ATOM_PHRASE_MATCH,burning_feet,Burning feet,"burning_feet:3.0(tokens=foot,limb,lower)"
T24.409S,"Corrosion of unspecified degree of unspecified site of unspecified lower limb, except ankle and foot, sequela",ATOM_PHRASE_MATCH,burning_feet,Burning feet,"burning_feet:3.0(tokens=foot,limb,lower)"
T24.491D,"Corrosion of unspecified degree of multiple sites of right lower limb, except ankle and foot, subsequent encounter",ATOM_PHRASE_MATCH,burning_feet,Burning feet,"burning_feet:3.0(tokens=foot,limb,lower)"
T24.491S,"Corrosion of unspecified degree of multiple sites of right lower limb, except ankle and foot, sequela",ATOM_PHRASE_MATCH,burning_feet,Burning feet,"burning_feet:3.0(tokens=foot,limb,lower)"
T24.492A,"Corrosion of unspecified degree of multiple sites of left lower limb, except ankle and foot, initial encounter",ATOM_PHRASE_MATCH,burning_feet,Burning feet,"burning_feet:3.0(tokens=foot,limb,lower)"
T24.492S,"Corrosion of unspecified degree of multiple sites of left lower limb, except ankle and foot, sequela",ATOM_PHRASE_MATCH,burning_feet,Burning feet,"burning_feet:3.0(tokens=foot,limb,lower)"
T24.499D,"Corrosion of unspecified degree of multiple sites of unspecified lower limb, except ankle and foot, subsequent encounter",ATOM_PHRASE_MATCH,burning_feet,Burning feet,"burning_feet:3.0(tokens=foot,limb,lower)"
T24.499S,"Corrosion of unspecified degree of multiple sites of unspecified lower limb, except ankle and foot, sequela",ATOM_PHRASE_MATCH,burning_feet,Burning feet,"burning_feet:3.0(tokens=foot,limb,lower)"
T24.501A,"Corrosion of first degree of unspecified site of right lower limb, except ankle and foot, initial encounter",ATOM_PHRASE_MATCH,burning_feet,Burning feet,"burning_feet:3.0(tokens=foot,limb,lower)"
T24.501D,"Corrosion of first degree of unspecified site of right lower limb, except ankle and foot, subsequent encounter",ATOM_PHRASE_MATCH,burning_feet,Burning feet,"burning_feet:3.0(tokens=foot,limb,lower)"
T24.501S,"Corrosion of first degree of unspecified site of right lower limb, except ankle and foot, sequela",ATOM_PHRASE_MATCH,burning_feet,Burning feet,"burning_feet:3.0(tokens=foot,limb,lower)"
T24.502A,"Corrosion of first degree of unspecified site of left lower limb, except ankle and foot, initial encounter",ATOM_PHRASE_MATCH,burning_feet,Burning feet,"burning_feet:3.0(tokens=foot,limb,lower)"
T24.502D,"Corrosion of first degree of unspecified site of left lower limb, except ankle and foot, subsequent encounter",ATOM_PHRASE_MATCH,burning_feet,Burning feet,"burning_feet:3.0(tokens=foot,limb,lower)"
T24.502S,"Corrosion of first degree of unspecified site of left lower limb, except ankle and foot, sequela",ATOM_PHRASE_MATCH,burning_feet,Burning feet,"burning_feet:3.0(tokens=foot,limb,lower)"
T24.509A,"Corrosion of first degree of unspecified site of unspecified lower limb, except ankle and foot, initial encounter",ATOM_PHRASE_MATCH,burning_feet,Burning feet,"burning_feet:3.0(tokens=foot,limb,lower)"
T24.509D,"Corrosion of first degree of unspecified site of unspecified lower limb, except ankle and foot, subsequent encounter",ATOM_PHRASE_MATCH,burning_feet,Burning feet,"burning_feet:3.0(tokens=foot,limb,lower)"
T24.509S,"Corrosion of first degree of unspecified site of unspecified lower limb, except ankle and foot, sequela",ATOM_PHRASE_MATCH,burning_feet,Burning feet,"burning_feet:3.0(tokens=foot,limb,lower)"
T24.591A,"Corrosion of first degree of multiple sites of right lower limb, except ankle and foot, initial encounter",ATOM_PHRASE_MATCH,burning_feet,Burning feet,"burning_feet:3.0(tokens=foot,limb,lower)"
T24.591D,"Corrosion of first degree of multiple sites of right lower limb, except ankle and foot, subsequent encounter",ATOM_PHRASE_MATCH,burning_feet,Burning feet,"burning_feet:3.0(tokens=foot,limb,lower)"
T24.591S,"Corrosion of first degree of multiple sites of right lower limb, except ankle and foot, sequela",ATOM_PHRASE_MATCH,burning_feet,Burning feet,"burning_feet:3.0(tokens=foot,limb,lower)"
T24.592A,"Corrosion of first degree of multiple sites of left lower limb, except ankle and foot, initial encounter",ATOM_PHRASE_MATCH,burning_feet,Burning feet,"burning_feet:3.0(tokens=foot,limb,lower)"
T24.592D,"Corrosion of first degree of multiple sites of left lower limb, except ankle and foot, subsequent encounter",ATOM_PHRASE_MATCH,burning_feet,Burning feet,"burning_feet:3.0(tokens=foot,limb,lower)"
T24.592S,"Corrosion of first degree of multiple sites of left lower limb, except ankle and foot, sequela",ATOM_PHRASE_MATCH,burning_feet,Burning feet,"burning_feet:3.0(tokens=foot,limb,lower)"
T24.599A,"Corrosion of first degree of multiple sites of unspecified lower limb, except ankle and foot, initial encounter",ATOM_PHRASE_MATCH,burning_feet,Burning feet,"burning_feet:3.0(tokens=foot,limb,lower)"
T24.599D,"Corrosion of first degree of multiple sites of unspecified lower limb, except ankle and foot, subsequent encounter",ATOM_PHRASE_MATCH,burning_feet,Burning feet,"burning_feet:3.0(tokens=foot,limb,lower)"
T24.599S,"Corrosion of first degree of multiple sites of unspecified lower limb, except ankle and foot, sequela",ATOM_PHRASE_MATCH,burning_feet,Burning feet,"burning_feet:3.0(tokens=foot,limb,lower)"
T24.601A,"Corrosion of second degree of unspecified site of right lower limb, except ankle and foot, initial encounter",ATOM_PHRASE_MATCH,burning_feet,Burning feet,"burning_feet:3.0(tokens=foot,limb,lower)"
T24.601D,"Corrosion of second degree of unspecified site of right lower limb, except ankle and foot, subsequent encounter",ATOM_PHRASE_MATCH,burning_feet,Burning feet,"burning_feet:3.0(tokens=foot,limb,lower)"
T24.601S,"Corrosion of second degree of unspecified site of right lower limb, except ankle and foot, sequela",ATOM_PHRASE_MATCH,burning_feet,Burning feet,"burning_feet:3.0(tokens=foot,limb,lower)"
T24.602A,"Corrosion of second degree of unspecified site of left lower limb, except ankle and foot, initial encounter",ATOM_PHRASE_MATCH,burning_feet,Burning feet,"burning_feet:3.0(tokens=foot,limb,lower)"
T24.602D,"Corrosion of second degree of unspecified site of left lower limb, except ankle and foot, subsequent encounter",ATOM_PHRASE_MATCH,burning_feet,Burning feet,"burning_feet:3.0(tokens=foot,limb,lower)"
T24.602S,"Corrosion of second degree of unspecified site of left lower limb, except ankle and foot, sequela",ATOM_PHRASE_MATCH,burning_feet,Burning feet,"burning_feet:3.0(tokens=foot,limb,lower)"
T24.609A,"Corrosion of second degree of unspecified site of unspecified lower limb, except ankle and foot, initial encounter",ATOM_PHRASE_MATCH,burning_feet,Burning feet,"burning_feet:3.0(tokens=foot,limb,lower)"
T24.609D,"Corrosion of second degree of unspecified site of unspecified lower limb, except ankle and foot, subsequent encounter",ATOM_PHRASE_MATCH,burning_feet,Burning feet,"burning_feet:3.0(tokens=foot,limb,lower)"
T24.609S,"Corrosion of second degree of unspecified site of unspecified lower limb, except ankle and foot, sequela",ATOM_PHRASE_MATCH,burning_feet,Burning feet,"burning_feet:3.0(tokens=foot,limb,lower)"
T24.691A,"Corrosion of second degree of multiple sites of right lower limb, except ankle and foot, initial encounter",ATOM_PHRASE_MATCH,burning_feet,Burning feet,"burning_feet:3.0(tokens=foot,limb,lower)"
T24.691D,"Corrosion of second degree of multiple sites of right lower limb, except ankle and foot, subsequent encounter",ATOM_PHRASE_MATCH,burning_feet,Burning feet,"burning_feet:3.0(tokens=foot,limb,lower)"
T24.691S,"Corrosion of second degree of multiple sites of right lower limb, except ankle and foot, sequela",ATOM_PHRASE_MATCH,burning_feet,Burning feet,"burning_feet:3.0(tokens=foot,limb,lower)"
T24.692A,"Corrosion of second degree of multiple sites of left lower limb, except ankle and foot, initial encounter",ATOM_PHRASE_MATCH,burning_feet,Burning feet,"burning_feet:3.0(tokens=foot,limb,lower)"
T24.692D,"Corrosion of second degree of multiple sites of left lower limb, except ankle and foot, subsequent encounter",ATOM_PHRASE_MATCH,burning_feet,Burning feet,"burning_feet:3.0(tokens=foot,limb,lower)"
T24.692S,"Corrosion of second degree of multiple sites of left lower limb, except ankle and foot, sequela",ATOM_PHRASE_MATCH,burning_feet,Burning feet,"burning_feet:3.0(tokens=foot,limb,lower)"
T24.699A,"Corrosion of second degree of multiple sites of unspecified lower limb, except ankle and foot, initial encounter",ATOM_PHRASE_MATCH,burning_feet,Burning feet,"burning_feet:3.0(tokens=foot,limb,lower)"
T24.699D,"Corrosion of second degree of multiple sites of unspecified lower limb, except ankle and foot, subsequent encounter",ATOM_PHRASE_MATCH,burning_feet,Burning feet,"burning_feet:3.0(tokens=foot,limb,lower)"
T24.699S,"Corrosion of second degree of multiple sites of unspecified lower limb, except ankle and foot, sequela",ATOM_PHRASE_MATCH,burning_feet,Burning feet,"burning_feet:3.0(tokens=foot,limb,lower)"
T24.701A,"Corrosion of third degree of unspecified site of right lower limb, except ankle and foot, initial encounter",ATOM_PHRASE_MATCH,burning_feet,Burning feet,"burning_feet:3.0(tokens=foot,limb,lower)"
T24.701D,"Corrosion of third degree of unspecified site of right lower limb, except ankle and foot, subsequent encounter",ATOM_PHRASE_MATCH,burning_feet,Burning feet,"burning_feet:3.0(tokens=foot,limb,lower)"
T24.701S,"Corrosion of third degree of unspecified site of right lower limb, except ankle and foot, sequela",ATOM_PHRASE_MATCH,burning_feet,Burning feet,"burning_feet:3.0(tokens=foot,limb,lower)"
T24.702A,"Corrosion of third degree of unspecified site of left lower limb, except ankle and foot, initial encounter",ATOM_PHRASE_MATCH,burning_feet,Burning feet,"burning_feet:3.0(tokens=foot,limb,lower)"
T24.702D,"Corrosion of third degree of unspecified site of left lower limb, except ankle and foot, subsequent encounter",ATOM_PHRASE_MATCH,burning_feet,Burning feet,"burning_feet:3.0(tokens=foot,limb,lower)"
T24.702S,"Corrosion of third degree of unspecified site of left lower limb, except ankle and foot, sequela",ATOM_PHRASE_MATCH,burning_feet,Burning feet,"burning_feet:3.0(tokens=foot,limb,lower)"
T24.709A,"Corrosion of third degree of unspecified site of unspecified lower limb, except ankle and foot, initial encounter",ATOM_PHRASE_MATCH,burning_feet,Burning feet,"burning_feet:3.0(tokens=foot,limb,lower)"
T24.709D,"Corrosion of third degree of unspecified site of unspecified lower limb, except ankle and foot, subsequent encounter",ATOM_PHRASE_MATCH,burning_feet,Burning feet,"burning_feet:3.0(tokens=foot,limb,lower)"
T24.709S,"Corrosion of third degree of unspecified site of unspecified lower limb, except ankle and foot, sequela",ATOM_PHRASE_MATCH,burning_feet,Burning feet,"burning_feet:3.0(tokens=foot,limb,lower)"
T24.791A,"Corrosion of third degree of multiple sites of right lower limb, except ankle and foot, initial encounter",ATOM_PHRASE_MATCH,burning_feet,Burning feet,"burning_feet:3.0(tokens=foot,limb,lower)"
T24.791D,"Corrosion of third degree of multiple sites of right lower limb, except ankle and foot, subsequent encounter",ATOM_PHRASE_MATCH,burning_feet,Burning feet,"burning_feet:3.0(tokens=foot,limb,lower)"
T24.791S,"Corrosion of third degree of multiple sites of right lower limb, except ankle and foot, sequela",ATOM_PHRASE_MATCH,burning_feet,Burning feet,"burning_feet:3.0(tokens=foot,limb,lower)"
T24.792A,"Corrosion of third degree of multiple sites of left lower limb, except ankle and foot, initial encounter",ATOM_PHRASE_MATCH,burning_feet,Burning feet,"burning_feet:3.0(tokens=foot,limb,lower)"
T24.792D,"Corrosion of third degree of multiple sites of left lower limb, except ankle and foot, subsequent encounter",ATOM_PHRASE_MATCH,burning_feet,Burning feet,"burning_feet:3.0(tokens=foot,limb,lower)"
T24.792S,"Corrosion of third degree of multiple sites of left lower limb, except ankle and foot, sequela",ATOM_PHRASE_MATCH,burning_feet,Burning feet,"burning_feet:3.0(tokens=foot,limb,lower)"
T24.799A,"Corrosion of third degree of multiple sites of unspecified lower limb, except ankle and foot, initial encounter",ATOM_PHRASE_MATCH,burning_feet,Burning feet,"burning_feet:3.0(tokens=foot,limb,lower)"
T24.799D,"Corrosion of third degree of multiple sites of unspecified lower limb, except ankle and foot, subsequent encounter",ATOM_PHRASE_MATCH,burning_feet,Burning feet,"burning_feet:3.0(tokens=foot,limb,lower)"
T24.799S,"Corrosion of third degree of multiple sites of unspecified lower limb, except ankle and foot, sequela",ATOM_PHRASE_MATCH,burning_feet,Burning feet,"burning_feet:3.0(tokens=foot,limb,lower)"
T44.901A,"Poisoning by unspecified drugs primarily affecting the autonomic nervous system, accidental (unintentional), initial encounter",ATOM_PHRASE_MATCH,dysautonomia,Autonomic dysfunction / dysautonomia,"dysautonomia:3.0(tokens=autonomic,nervou,system)"
T44.901D,"Poisoning by unspecified drugs primarily affecting the autonomic nervous system, accidental (unintentional), subsequent encounter",ATOM_PHRASE_MATCH,dysautonomia,Autonomic dysfunction / dysautonomia,"dysautonomia:3.0(tokens=autonomic,nervou,system)"
T44.901S,"Poisoning by unspecified drugs primarily affecting the autonomic nervous system, accidental (unintentional), sequela",ATOM_PHRASE_MATCH,dysautonomia,Autonomic dysfunction / dysautonomia,"dysautonomia:3.0(tokens=autonomic,nervou,system)"
T44.902A,"Poisoning by unspecified drugs primarily affecting the autonomic nervous system, intentional self-harm, initial encounter",ATOM_PHRASE_MATCH,dysautonomia,Autonomic dysfunction / dysautonomia,"dysautonomia:3.0(tokens=autonomic,nervou,system)"
T44.902D,"Poisoning by unspecified drugs primarily affecting the autonomic nervous system, intentional self-harm, subsequent encounter",ATOM_PHRASE_MATCH,dysautonomia,Autonomic dysfunction / dysautonomia,"dysautonomia:3.0(tokens=autonomic,nervou,system)"
T44.902S,"Poisoning by unspecified drugs primarily affecting the autonomic nervous system, intentional self-harm, sequela",ATOM_PHRASE_MATCH,dysautonomia,Autonomic dysfunction / dysautonomia,"dysautonomia:3.0(tokens=autonomic,nervou,system)"
T44.903A,"Poisoning by unspecified drugs primarily affecting the autonomic nervous system, assault, initial encounter",ATOM_PHRASE_MATCH,dysautonomia,Autonomic dysfunction / dysautonomia,"dysautonomia:3.0(tokens=autonomic,nervou,system)"
T44.903D,"Poisoning by unspecified drugs primarily affecting the autonomic nervous system, assault, subsequent encounter",ATOM_PHRASE_MATCH,dysautonomia,Autonomic dysfunction / dysautonomia,"dysautonomia:3.0(tokens=autonomic,nervou,system)"
T44.903S,"Poisoning by unspecified drugs primarily affecting the autonomic nervous system, assault, sequela",ATOM_PHRASE_MATCH,dysautonomia,Autonomic dysfunction / dysautonomia,"dysautonomia:3.0(tokens=autonomic,nervou,system)"
T44.904D,"Poisoning by unspecified drugs primarily affecting the autonomic nervous system, undetermined, subsequent encounter",ATOM_PHRASE_MATCH,dysautonomia,Autonomic dysfunction / dysautonomia,"dysautonomia:3.0(tokens=autonomic,nervou,system)"
T44.904S,"Poisoning by unspecified drugs primarily affecting the autonomic nervous system, undetermined, sequela",ATOM_PHRASE_MATCH,dysautonomia,Autonomic dysfunction / dysautonomia,"dysautonomia:3.0(tokens=autonomic,nervou,system)"
T44.905D,"Adverse effect of unspecified drugs primarily affecting the autonomic nervous system, subsequent encounter",ATOM_PHRASE_MATCH,dysautonomia,Autonomic dysfunction / dysautonomia,"dysautonomia:3.0(tokens=autonomic,nervou,system)"
T44.905S,"Adverse effect of unspecified drugs primarily affecting the autonomic nervous system, sequela",ATOM_PHRASE_MATCH,dysautonomia,Autonomic dysfunction / dysautonomia,"dysautonomia:3.0(tokens=autonomic,nervou,system)"
T44.906A,"Underdosing of unspecified drugs primarily affecting the autonomic nervous system, initial encounter",ATOM_PHRASE_MATCH,dysautonomia,Autonomic dysfunction / dysautonomia,"dysautonomia:3.0(tokens=autonomic,nervou,system)"
T44.906D,"Underdosing of unspecified drugs primarily affecting the autonomic nervous system, subsequent encounter",ATOM_PHRASE_MATCH,dysautonomia,Autonomic dysfunction / dysautonomia,"dysautonomia:3.0(tokens=autonomic,nervou,system)"
T44.906S,"Underdosing of unspecified drugs primarily affecting the autonomic nervous system, sequela",ATOM_PHRASE_MATCH,dysautonomia,Autonomic dysfunction / dysautonomia,"dysautonomia:3.0(tokens=autonomic,nervou,system)"
T44.991A,"Poisoning by other drug primarily affecting the autonomic nervous system, accidental (unintentional), initial encounter",ATOM_PHRASE_MATCH,dysautonomia,Autonomic dysfunction / dysautonomia,"dysautonomia:3.0(tokens=autonomic,nervou,system)"
T44.991D,"Poisoning by other drug primarily affecting the autonomic nervous system, accidental (unintentional), subsequent encounter",ATOM_PHRASE_MATCH,dysautonomia,Autonomic dysfunction / dysautonomia,"dysautonomia:3.0(tokens=autonomic,nervou,system)"
T44.991S,"Poisoning by other drug primarily affecting the autonomic nervous system, accidental (unintentional), sequela",ATOM_PHRASE_MATCH,dysautonomia,Autonomic dysfunction / dysautonomia,"dysautonomia:3.0(tokens=autonomic,nervou,system)"
T44.992A,"Poisoning by other drug primarily affecting the autonomic nervous system, intentional self-harm, initial encounter",ATOM_PHRASE_MATCH,dysautonomia,Autonomic dysfunction / dysautonomia,"dysautonomia:3.0(tokens=autonomic,nervou,system)"
T44.992D,"Poisoning by other drug primarily affecting the autonomic nervous system, intentional self-harm, subsequent encounter",ATOM_PHRASE_MATCH,dysautonomia,Autonomic dysfunction / dysautonomia,"dysautonomia:3.0(tokens=autonomic,nervou,system)"
T44.992S,"Poisoning by other drug primarily affecting the autonomic nervous system, intentional self-harm, sequela",ATOM_PHRASE_MATCH,dysautonomia,Autonomic dysfunction / dysautonomia,"dysautonomia:3.0(tokens=autonomic,nervou,system)"
T44.993A,"Poisoning by other drug primarily affecting the autonomic nervous system, assault, initial encounter",ATOM_PHRASE_MATCH,dysautonomia,Autonomic dysfunction / dysautonomia,"dysautonomia:3.0(tokens=autonomic,nervou,system)"
T44.993D,"Poisoning by other drug primarily affecting the autonomic nervous system, assault, subsequent encounter",ATOM_PHRASE_MATCH,dysautonomia,Autonomic dysfunction / dysautonomia,"dysautonomia:3.0(tokens=autonomic,nervou,system)"
T44.993S,"Poisoning by other drug primarily affecting the autonomic nervous system, assault, sequela",ATOM_PHRASE_MATCH,dysautonomia,Autonomic dysfunction / dysautonomia,"dysautonomia:3.0(tokens=autonomic,nervou,system)"
T44.994A,"Poisoning by other drug primarily affecting the autonomic nervous system, undetermined, initial encounter",ATOM_PHRASE_MATCH,dysautonomia,Autonomic dysfunction / dysautonomia,"dysautonomia:3.0(tokens=autonomic,nervou,system)"
T44.994D,"Poisoning by other drug primarily affecting the autonomic nervous system, undetermined, subsequent encounter",ATOM_PHRASE_MATCH,dysautonomia,Autonomic dysfunction / dysautonomia,"dysautonomia:3.0(tokens=autonomic,nervou,system)"
T44.994S,"Poisoning by other drug primarily affecting the autonomic nervous system, undetermined, sequela",ATOM_PHRASE_MATCH,dysautonomia,Autonomic dysfunction / dysautonomia,"dysautonomia:3.0(tokens=autonomic,nervou,system)"
T44.995A,"Adverse effect of other drug primarily affecting the autonomic nervous system, initial encounter",ATOM_PHRASE_MATCH,dysautonomia,Autonomic dysfunction / dysautonomia,"dysautonomia:3.0(tokens=autonomic,nervou,system)"
T44.995D,"Adverse effect of other drug primarily affecting the autonomic nervous system, subsequent encounter",ATOM_PHRASE_MATCH,dysautonomia,Autonomic dysfunction / dysautonomia,"dysautonomia:3.0(tokens=autonomic,nervou,system)"
T44.996A,"Underdosing of other drug primarily affecting the autonomic nervous system, initial encounter",ATOM_PHRASE_MATCH,dysautonomia,Autonomic dysfunction / dysautonomia,"dysautonomia:3.0(tokens=autonomic,nervou,system)"
T44.996D,"Underdosing of other drug primarily affecting the autonomic nervous system, subsequent encounter",ATOM_PHRASE_MATCH,dysautonomia,Autonomic dysfunction / dysautonomia,"dysautonomia:3.0(tokens=autonomic,nervou,system)"
T44.996S,"Underdosing of other drug primarily affecting the autonomic nervous system, sequela",ATOM_PHRASE_MATCH,dysautonomia,Autonomic dysfunction / dysautonomia,"dysautonomia:3.0(tokens=autonomic,nervou,system)"
T50.4X1A,"Poisoning by drugs affecting uric acid metabolism, accidental (unintentional), initial encounter",ATOM_PHRASE_MATCH,elevated_uric_acid,Elevated serum uric acid,"elevated_uric_acid:7.0(phrase;tokens=acid,uric)"
T50.4X1D,"Poisoning by drugs affecting uric acid metabolism, accidental (unintentional), subsequent encounter",ATOM_PHRASE_MATCH,elevated_uric_acid,Elevated serum uric acid,"elevated_uric_acid:7.0(phrase;tokens=acid,uric)"
T50.4X1S,"Poisoning by drugs affecting uric acid metabolism, accidental (unintentional), sequela",ATOM_PHRASE_MATCH,elevated_uric_acid,Elevated serum uric acid,"elevated_uric_acid:7.0(phrase;tokens=acid,uric)"
T50.4X2A,"Poisoning by drugs affecting uric acid metabolism, intentional self-harm, initial encounter",ATOM_PHRASE_MATCH,elevated_uric_acid,Elevated serum uric acid,"elevated_uric_acid:7.0(phrase;tokens=acid,uric)"
T50.4X2D,"Poisoning by drugs affecting uric acid metabolism, intentional self-harm, subsequent encounter",ATOM_PHRASE_MATCH,elevated_uric_acid,Elevated serum uric acid,"elevated_uric_acid:7.0(phrase;tokens=acid,uric)"
T50.4X2S,"Poisoning by drugs affecting uric acid metabolism, intentional self-harm, sequela",ATOM_PHRASE_MATCH,elevated_uric_acid,Elevated serum uric acid,"elevated_uric_acid:7.0(phrase;tokens=acid,uric)"
T50.4X3A,"Poisoning by drugs affecting uric acid metabolism, assault, initial encounter",ATOM_PHRASE_MATCH,elevated_uric_acid,Elevated serum uric acid,"elevated_uric_acid:7.0(phrase;tokens=acid,uric)"
T50.4X3D,"Poisoning by drugs affecting uric acid metabolism, assault, subsequent encounter",ATOM_PHRASE_MATCH,elevated_uric_acid,Elevated serum uric acid,"elevated_uric_acid:7.0(phrase;tokens=acid,uric)"
T50.4X3S,"Poisoning by drugs affecting uric acid metabolism, assault, sequela",ATOM_PHRASE_MATCH,elevated_uric_acid,Elevated serum uric acid,"elevated_uric_acid:7.0(phrase;tokens=acid,uric)"
T50.4X4A,"Poisoning by drugs affecting uric acid metabolism, undetermined, initial encounter",ATOM_PHRASE_MATCH,elevated_uric_acid,Elevated serum uric acid,"elevated_uric_acid:7.0(phrase;tokens=acid,uric)"
T50.4X4D,"Poisoning by drugs affecting uric acid metabolism, undetermined, subsequent encounter",ATOM_PHRASE_MATCH,elevated_uric_acid,Elevated serum uric acid,"elevated_uric_acid:7.0(phrase;tokens=acid,uric)"
T50.4X4S,"Poisoning by drugs affecting uric acid metabolism, undetermined, sequela",ATOM_PHRASE_MATCH,elevated_uric_acid,Elevated serum uric acid,"elevated_uric_acid:7.0(phrase;tokens=acid,uric)"
T50.4X5D,"Adverse effect of drugs affecting uric acid metabolism, subsequent encounter",ATOM_PHRASE_MATCH,elevated_uric_acid,Elevated serum uric acid,"elevated_uric_acid:7.0(phrase;tokens=acid,uric)"
T50.4X6A,"Underdosing of drugs affecting uric acid metabolism, initial encounter",ATOM_PHRASE_MATCH,elevated_uric_acid,Elevated serum uric acid,"elevated_uric_acid:7.0(phrase;tokens=acid,uric)"
T50.4X6D,"Underdosing of drugs affecting uric acid metabolism, subsequent encounter",ATOM_PHRASE_MATCH,elevated_uric_acid,Elevated serum uric acid,"elevated_uric_acid:7.0(phrase;tokens=acid,uric)"
T50.4X6S,"Underdosing of drugs affecting uric acid metabolism, sequela",ATOM_PHRASE_MATCH,elevated_uric_acid,Elevated serum uric acid,"elevated_uric_acid:7.0(phrase;tokens=acid,uric)"
T83.598A,"Infection and inflammatory reaction due to other prosthetic device, implant and graft in urinary system, initial encounter",ATOM_PHRASE_MATCH,pacemaker_implantation,Pacemaker implantation,"pacemaker_implantation:7.0(phrase;tokens=device,implant)"
T83.598D,"Infection and inflammatory reaction due to other prosthetic device, implant and graft in urinary system, subsequent encounter",ATOM_PHRASE_MATCH,pacemaker_implantation,Pacemaker implantation,"pacemaker_implantation:7.0(phrase;tokens=device,implant)"
T83.598S,"Infection and inflammatory reaction due to other prosthetic device, implant and graft in urinary system, sequela",ATOM_PHRASE_MATCH,pacemaker_implantation,Pacemaker implantation,"pacemaker_implantation:7.0(phrase;tokens=device,implant)"
T83.69XD,"Infection and inflammatory reaction due to other prosthetic device, implant and graft in genital tract, subsequent encounter",ATOM_PHRASE_MATCH,pacemaker_implantation,Pacemaker implantation,"pacemaker_implantation:7.0(phrase;tokens=device,implant)"
T83.69XS,"Infection and inflammatory reaction due to other prosthetic device, implant and graft in genital tract, sequela",ATOM_PHRASE_MATCH,pacemaker_implantation,Pacemaker implantation,"pacemaker_implantation:7.0(phrase;tokens=device,implant)"
T85.615D,"Breakdown (mechanical) of other nervous system device, implant or graft, subsequent encounter",ATOM_PHRASE_MATCH,pacemaker_implantation,Pacemaker implantation,"pacemaker_implantation:7.0(phrase;tokens=device,implant)"
T85.615S,"Breakdown (mechanical) of other nervous system device, implant or graft, sequela",ATOM_PHRASE_MATCH,pacemaker_implantation,Pacemaker implantation,"pacemaker_implantation:7.0(phrase;tokens=device,implant)"
T85.625A,"Displacement of other nervous system device, implant or graft, initial encounter",ATOM_PHRASE_MATCH,pacemaker_implantation,Pacemaker implantation,"pacemaker_implantation:7.0(phrase;tokens=device,implant)"
T85.625D,"Displacement of other nervous system device, implant or graft, subsequent encounter",ATOM_PHRASE_MATCH,pacemaker_implantation,Pacemaker implantation,"pacemaker_implantation:7.0(phrase;tokens=device,implant)"
T85.625S,"Displacement of other nervous system device, implant or graft, sequela",ATOM_PHRASE_MATCH,pacemaker_implantation,Pacemaker implantation,"pacemaker_implantation:7.0(phrase;tokens=device,implant)"
T85.635A,"Leakage of other nervous system device, implant or graft, initial encounter",ATOM_PHRASE_MATCH,pacemaker_implantation,Pacemaker implantation,"pacemaker_implantation:7.0(phrase;tokens=device,implant)"
T85.635D,"Leakage of other nervous system device, implant or graft, subsequent encounter",ATOM_PHRASE_MATCH,pacemaker_implantation,Pacemaker implantation,"pacemaker_implantation:7.0(phrase;tokens=device,implant)"
T85.635S,"Leakage of other nervous system device, implant or graft, sequela",ATOM_PHRASE_MATCH,pacemaker_implantation,Pacemaker implantation,"pacemaker_implantation:7.0(phrase;tokens=device,implant)"
T85.695S,"Other mechanical complication of other nervous system device, implant or graft, sequela",ATOM_PHRASE_MATCH,pacemaker_implantation,Pacemaker implantation,"pacemaker_implantation:7.0(phrase;tokens=device,implant)"
Y62.2,Failure of sterile precautions during kidney dialysis and other perfusion,ATOM_PHRASE_MATCH,kidney_failure,Kidney failure / end-stage renal disease,"kidney_failure:3.0(tokens=dialysi,failure,kidney)"
Y83.1,"Surgical operation with implant of artificial internal device as the cause of abnormal reaction of the patient, or of later complication, without mention of misadventure at the time of the procedure",ATOM_PHRASE_MATCH,pacemaker_implantation,Pacemaker implantation,"pacemaker_implantation:3.0(tokens=device,implant,procedure)"
Z82.8,"Family history of other disabilities and chronic diseases leading to disablement, not elsewhere classified",CONFIGURED_ICD_CATEGORY,fhx_adult_onset_neuropathy,Family history of unexplained adult-onset progressive neuropathy,"fhx_adult_onset_neuropathy:4.0(same_icd_category;tokens=disability,family)"
Z83.430,Family history of elevated lipoprotein(a),CONFIGURED_ICD_CATEGORY,fhx_established_attr,First-degree family history of genetically or clinically established ATTR amyloidosis,fhx_established_attr:3.0(same_icd_category;tokens=family)
Z83.718,Family history of other colon polyps,CONFIGURED_ICD_CATEGORY,fhx_established_attr,First-degree family history of genetically or clinically established ATTR amyloidosis,fhx_established_attr:3.0(same_icd_category;tokens=family)
Z83.72,Family history of familial adenomatous polyposis,CONFIGURED_ICD_CATEGORY,fhx_established_attr,First-degree family history of genetically or clinically established ATTR amyloidosis,"fhx_established_attr:4.0(same_icd_category;tokens=familial,family)"
Z84.82,Family history of sudden infant death syndrome,ATOM_PHRASE_MATCH,fhx_sudden_death,Family history of sudden death or hereditary amyloid/neuropathy,"fhx_sudden_death:3.0(tokens=death,family,sudden)"
Z92.22,Personal history of monoclonal drug therapy,CONFIGURED_ICD_CATEGORY,myeloma_therapy_exposure,Anti-myeloma therapy exposure,myeloma_therapy_exposure:3.0(same_icd_category;tokens=therapy)
Z92.240,Personal history of inhaled steroid therapy,CONFIGURED_ICD_CATEGORY,myeloma_therapy_exposure,Anti-myeloma therapy exposure,myeloma_therapy_exposure:3.0(same_icd_category;tokens=therapy)
Z92.26,Personal history of immune checkpoint inhibitor therapy,CONFIGURED_ICD_CATEGORY,myeloma_therapy_exposure,Anti-myeloma therapy exposure,myeloma_therapy_exposure:3.0(same_icd_category;tokens=therapy)
Z92.858,Personal history of other cellular therapy,CONFIGURED_ICD_CATEGORY,myeloma_therapy_exposure,Anti-myeloma therapy exposure,myeloma_therapy_exposure:3.0(same_icd_category;tokens=therapy)
Z92.859,"Personal history of cellular therapy, unspecified",CONFIGURED_ICD_CATEGORY,myeloma_therapy_exposure,Anti-myeloma therapy exposure,myeloma_therapy_exposure:3.0(same_icd_category;tokens=therapy)
Z92.86,Personal history of gene therapy,CONFIGURED_ICD_CATEGORY,myeloma_therapy_exposure,Anti-myeloma therapy exposure,myeloma_therapy_exposure:3.0(same_icd_category;tokens=therapy)
Z96.629,Presence of unspecified artificial elbow joint,CONFIGURED_ICD_CATEGORY,arthroplasty,Hip or knee arthroplasty,arthroplasty:3.0(same_icd_category;tokens=joint)
Z96.631,Presence of right artificial wrist joint,CONFIGURED_ICD_CATEGORY,arthroplasty,Hip or knee arthroplasty,arthroplasty:3.0(same_icd_category;tokens=joint)
Z96.632,Presence of left artificial wrist joint,CONFIGURED_ICD_CATEGORY,arthroplasty,Hip or knee arthroplasty,arthroplasty:3.0(same_icd_category;tokens=joint)
Z96.639,Presence of unspecified artificial wrist joint,CONFIGURED_ICD_CATEGORY,arthroplasty,Hip or knee arthroplasty,arthroplasty:3.0(same_icd_category;tokens=joint)
Z96.662,Presence of left artificial ankle joint,CONFIGURED_ICD_CATEGORY,arthroplasty,Hip or knee arthroplasty,arthroplasty:3.0(same_icd_category;tokens=joint)
Z96.669,Presence of unspecified artificial ankle joint,CONFIGURED_ICD_CATEGORY,arthroplasty,Hip or knee arthroplasty,arthroplasty:3.0(same_icd_category;tokens=joint)
Z96.691,Finger-joint replacement of right hand,CONFIGURED_ICD_CATEGORY,arthroplasty,Hip or knee arthroplasty,"arthroplasty:4.0(same_icd_category;tokens=joint,replace)"
Z96.692,Finger-joint replacement of left hand,CONFIGURED_ICD_CATEGORY,arthroplasty,Hip or knee arthroplasty,"arthroplasty:4.0(same_icd_category;tokens=joint,replace)"
Z96.693,"Finger-joint replacement, bilateral",CONFIGURED_ICD_CATEGORY,arthroplasty,Hip or knee arthroplasty,"arthroplasty:5.0(same_icd_category;tokens=bilateral,joint,replace)"
Z98.83,Filtering (vitreous) bleb after glaucoma surgery status,CONFIGURED_ICD_CATEGORY,ctr_any | lumbar_decompression,Carpal tunnel release procedure | Lumbar decompression / laminectomy,ctr_any:3.0(same_icd_category;tokens=surgery) | lumbar_decompression:3.0(same_icd_category;tokens=surgery)
Z98.870,Personal history of in utero procedure during pregnancy,CONFIGURED_ICD_CATEGORY,ctr_any | lumbar_decompression | trigger_release,Carpal tunnel release procedure | Lumbar decompression / laminectomy | Trigger finger release procedure,ctr_any:3.0(same_icd_category;tokens=procedure) | lumbar_decompression:3.0(same_icd_category;tokens=procedure) | trigger_release:3.0(same_icd_category;tokens=procedure)
Z98.871,Personal history of in utero procedure while a fetus,CONFIGURED_ICD_CATEGORY,ctr_any | lumbar_decompression | trigger_release,Carpal tunnel release procedure | Lumbar decompression / laminectomy | Trigger finger release procedure,ctr_any:3.0(same_icd_category;tokens=procedure) | lumbar_decompression:3.0(same_icd_category;tokens=procedure) | trigger_release:3.0(same_icd_category;tokens=procedure)
