code,meaning,warehouse_row_count,warehouse_patient_count,candidate_origins,amyloid_tier,amyloid_signal_categories,review_bucket,suggested_atom_ids,suggested_atom_names,suggestion_scores,audit_flags
I68.0,Cerebral amyloid angiopathy,49,8,SUPPLIED_465_LIST | SUPPLIED_895_LIST,Tier 1 — Direct amyloidosis diagnosis,Direct amyloidosis,KNOWN_AMYLOIDOSIS_REVIEW,,,,
H11.011,Amyloid pterygium of right eye,8,2,SUPPLIED_895_LIST,,Direct amyloidosis,KNOWN_AMYLOIDOSIS_REVIEW,,,,
H11.012,Amyloid pterygium of left eye,8,1,SUPPLIED_895_LIST,,Direct amyloidosis,KNOWN_AMYLOIDOSIS_REVIEW,,,,
G56.01,"Carpal tunnel syndrome, right upper limb",8269,1383,SUPPLIED_465_LIST | SUPPLIED_895_LIST | CONFIGURED_ICD_CATEGORY | ATOM_PHRASE_MATCH,Tier 2 — High-specificity diagnostic signals,Neurologic / autonomic signals | Musculoskeletal / ATTR prodrome,HIGH_PRIORITY_ATTR_REVIEW,cts_any | cts_bilateral | cts_left | cts_right,"Bilateral carpal tunnel syndrome | Carpal tunnel syndrome | Carpal tunnel syndrome, left | Carpal tunnel syndrome, right","cts_any:9.0(phrase;same_icd_category;tokens=carpal,tunnel) | cts_right:8.0(phrase;tokens=carpal,limb,right,tunnel,upper) | cts_bilateral:5.0(same_icd_category;tokens=carpal,right,tunnel) | cts_left:3.0(tokens=carpal,limb,tunnel,upper)",
M48.02,"Spinal stenosis, cervical region",11513,1273,SUPPLIED_465_LIST | SUPPLIED_895_LIST | CONFIGURED_ICD_CATEGORY,Tier 2 — High-specificity diagnostic signals,Neurologic / autonomic signals | Musculoskeletal / ATTR prodrome,HIGH_PRIORITY_ATTR_REVIEW,lumbar_stenosis,Lumbar spinal stenosis,"lumbar_stenosis:4.0(same_icd_category;tokens=spinal,stenosi)",
G56.02,"Carpal tunnel syndrome, left upper limb",4650,817,SUPPLIED_465_LIST | SUPPLIED_895_LIST | CONFIGURED_ICD_CATEGORY | ATOM_PHRASE_MATCH,Tier 2 — High-specificity diagnostic signals,Neurologic / autonomic signals | Musculoskeletal / ATTR prodrome,HIGH_PRIORITY_ATTR_REVIEW,cts_any | cts_bilateral | cts_left | cts_right,"Bilateral carpal tunnel syndrome | Carpal tunnel syndrome | Carpal tunnel syndrome, left | Carpal tunnel syndrome, right","cts_any:9.0(phrase;same_icd_category;tokens=carpal,tunnel) | cts_left:8.0(phrase;tokens=carpal,left,limb,tunnel,upper) | cts_bilateral:5.0(same_icd_category;tokens=carpal,left,tunnel) | cts_right:3.0(tokens=carpal,limb,tunnel,upper)",
M75.121,"Complete rotator cuff tear or rupture of right shoulder, not specified as traumatic",1337,185,SUPPLIED_465_LIST | SUPPLIED_895_LIST | CONFIGURED_ICD_CATEGORY | ATOM_PHRASE_MATCH,Tier 2 — High-specificity diagnostic signals,Musculoskeletal / ATTR prodrome,HIGH_PRIORITY_ATTR_REVIEW,biceps_rupture | rotator_cuff | shoulder_disorder,"Other shoulder disorder | Rotator cuff tear / repair | Spontaneous distal biceps tendon rupture (""Popeye sign"")","rotator_cuff:10.0(phrase;same_icd_category;tokens=cuff,rotator,rupture,shoulder,tear) | shoulder_disorder:5.0(same_icd_category;tokens=cuff,rotator,shoulder) | biceps_rupture:3.0(same_icd_category;tokens=rupture)",EXPLICIT_ALTERNATIVE_ETIOLOGY
O13.9,"Gestational [pregnancy-induced] hypertension without significant proteinuria, unspecified trimester",459,134,SUPPLIED_465_LIST | SUPPLIED_895_LIST,Tier 2 — High-specificity diagnostic signals,Renal signals,HIGH_PRIORITY_ATTR_REVIEW,,,,EXPLICIT_ALTERNATIVE_ETIOLOGY
M75.111,"Incomplete rotator cuff tear or rupture of right shoulder, not specified as traumatic",542,122,SUPPLIED_465_LIST | SUPPLIED_895_LIST | CONFIGURED_ICD_CATEGORY | ATOM_PHRASE_MATCH,Tier 2 — High-specificity diagnostic signals,Musculoskeletal / ATTR prodrome,HIGH_PRIORITY_ATTR_REVIEW,biceps_rupture | rotator_cuff | shoulder_disorder,"Other shoulder disorder | Rotator cuff tear / repair | Spontaneous distal biceps tendon rupture (""Popeye sign"")","rotator_cuff:10.0(phrase;same_icd_category;tokens=cuff,rotator,rupture,shoulder,tear) | shoulder_disorder:5.0(same_icd_category;tokens=cuff,rotator,shoulder) | biceps_rupture:3.0(same_icd_category;tokens=rupture)",EXPLICIT_ALTERNATIVE_ETIOLOGY
M75.122,"Complete rotator cuff tear or rupture of left shoulder, not specified as traumatic",506,103,SUPPLIED_465_LIST | SUPPLIED_895_LIST | CONFIGURED_ICD_CATEGORY | ATOM_PHRASE_MATCH,Tier 2 — High-specificity diagnostic signals,Musculoskeletal / ATTR prodrome,HIGH_PRIORITY_ATTR_REVIEW,biceps_rupture | rotator_cuff | shoulder_disorder,"Other shoulder disorder | Rotator cuff tear / repair | Spontaneous distal biceps tendon rupture (""Popeye sign"")","rotator_cuff:10.0(phrase;same_icd_category;tokens=cuff,rotator,rupture,shoulder,tear) | shoulder_disorder:5.0(same_icd_category;tokens=cuff,rotator,shoulder) | biceps_rupture:3.0(same_icd_category;tokens=rupture)",EXPLICIT_ALTERNATIVE_ETIOLOGY
M75.112,"Incomplete rotator cuff tear or rupture of left shoulder, not specified as traumatic",575,74,SUPPLIED_465_LIST | SUPPLIED_895_LIST | CONFIGURED_ICD_CATEGORY | ATOM_PHRASE_MATCH,Tier 2 — High-specificity diagnostic signals,Musculoskeletal / ATTR prodrome,HIGH_PRIORITY_ATTR_REVIEW,biceps_rupture | rotator_cuff | shoulder_disorder,"Other shoulder disorder | Rotator cuff tear / repair | Spontaneous distal biceps tendon rupture (""Popeye sign"")","rotator_cuff:10.0(phrase;same_icd_category;tokens=cuff,rotator,rupture,shoulder,tear) | shoulder_disorder:5.0(same_icd_category;tokens=cuff,rotator,shoulder) | biceps_rupture:3.0(same_icd_category;tokens=rupture)",EXPLICIT_ALTERNATIVE_ETIOLOGY
Z87.441,Personal history of nephrotic syndrome,93,15,SUPPLIED_465_LIST | SUPPLIED_895_LIST,Tier 2 — High-specificity diagnostic signals,Renal signals,HIGH_PRIORITY_ATTR_REVIEW,,,,
Q38.2,Macroglossia,37,12,SUPPLIED_465_LIST | SUPPLIED_895_LIST,Tier 2 — High-specificity diagnostic signals,GI / hepatobiliary signals,HIGH_PRIORITY_ATTR_REVIEW,,,,
R80.2,"Orthostatic proteinuria, unspecified",46,11,SUPPLIED_465_LIST | SUPPLIED_895_LIST | CONFIGURED_ICD_CATEGORY,Tier 2 — High-specificity diagnostic signals,Renal signals,HIGH_PRIORITY_ATTR_REVIEW,persistent_proteinuria | progressive_proteinuria,Persistent proteinuria | Progressive proteinuria,persistent_proteinuria:3.0(same_icd_category;tokens=proteinuria) | progressive_proteinuria:3.0(same_icd_category;tokens=proteinuria),
O12.10,"Gestational proteinuria, unspecified trimester",74,10,SUPPLIED_465_LIST | SUPPLIED_895_LIST,Tier 2 — High-specificity diagnostic signals,Renal signals,HIGH_PRIORITY_ATTR_REVIEW,,,,
M75.120,"Complete rotator cuff tear or rupture of unspecified shoulder, not specified as traumatic",25,8,SUPPLIED_465_LIST | SUPPLIED_895_LIST | CONFIGURED_ICD_CATEGORY | ATOM_PHRASE_MATCH,Tier 2 — High-specificity diagnostic signals,Musculoskeletal / ATTR prodrome,HIGH_PRIORITY_ATTR_REVIEW,biceps_rupture | rotator_cuff | shoulder_disorder,"Other shoulder disorder | Rotator cuff tear / repair | Spontaneous distal biceps tendon rupture (""Popeye sign"")","rotator_cuff:10.0(phrase;same_icd_category;tokens=cuff,rotator,rupture,shoulder,tear) | shoulder_disorder:5.0(same_icd_category;tokens=cuff,rotator,shoulder) | biceps_rupture:3.0(same_icd_category;tokens=rupture)",EXPLICIT_ALTERNATIVE_ETIOLOGY
G90.09,Other idiopathic peripheral autonomic neuropathy,14,4,SUPPLIED_465_LIST | SUPPLIED_895_LIST | CONFIGURED_ICD_CATEGORY | ATOM_PHRASE_MATCH,Tier 2 — High-specificity diagnostic signals,Neurologic / autonomic signals,HIGH_PRIORITY_ATTR_REVIEW,axonal_neuropathy | dysautonomia | idiopathic_progressive_neuropathy,Autonomic dysfunction / dysautonomia | Axonal neuropathy / axonal polyneuropathy | Idiopathic progressive neuropathy,"dysautonomia:9.0(phrase;same_icd_category;tokens=autonomic,neuropathy) | axonal_neuropathy:3.0(tokens=idiopathic,neuropathy,peripheral) | idiopathic_progressive_neuropathy:3.0(tokens=idiopathic,neuropathy,peripheral)",
N04.20,"Nephrotic syndrome with diffuse membranous glomerulonephritis, unspecified",615,3,SUPPLIED_465_LIST | SUPPLIED_895_LIST | CONFIGURED_ICD_CATEGORY,Tier 2 — High-specificity diagnostic signals,Renal signals,HIGH_PRIORITY_ATTR_REVIEW,nephrotic_syndrome,Nephrotic syndrome,nephrotic_syndrome:3.0(same_icd_category;tokens=nephrotic),
M75.110,"Incomplete rotator cuff tear or rupture of unspecified shoulder, not specified as traumatic",7,2,SUPPLIED_465_LIST | SUPPLIED_895_LIST | CONFIGURED_ICD_CATEGORY | ATOM_PHRASE_MATCH,Tier 2 — High-specificity diagnostic signals,Musculoskeletal / ATTR prodrome,HIGH_PRIORITY_ATTR_REVIEW,biceps_rupture | rotator_cuff | shoulder_disorder,"Other shoulder disorder | Rotator cuff tear / repair | Spontaneous distal biceps tendon rupture (""Popeye sign"")","rotator_cuff:10.0(phrase;same_icd_category;tokens=cuff,rotator,rupture,shoulder,tear) | shoulder_disorder:5.0(same_icd_category;tokens=cuff,rotator,shoulder) | biceps_rupture:3.0(same_icd_category;tokens=rupture)",EXPLICIT_ALTERNATIVE_ETIOLOGY
N04.21,Primary membranous nephropathy with nephrotic syndrome,33,2,SUPPLIED_465_LIST | SUPPLIED_895_LIST | CONFIGURED_ICD_CATEGORY,Tier 2 — High-specificity diagnostic signals,Renal signals,HIGH_PRIORITY_ATTR_REVIEW,nephrotic_syndrome,Nephrotic syndrome,nephrotic_syndrome:3.0(same_icd_category;tokens=nephrotic),
N04.5,Nephrotic syndrome with diffuse mesangiocapillary glomerulonephritis,38,2,SUPPLIED_465_LIST | SUPPLIED_895_LIST | CONFIGURED_ICD_CATEGORY,Tier 2 — High-specificity diagnostic signals,Renal signals,HIGH_PRIORITY_ATTR_REVIEW,nephrotic_syndrome,Nephrotic syndrome,nephrotic_syndrome:3.0(same_icd_category;tokens=nephrotic),
N04.B2,Nephrotic syndrome with secondary immune complex membranoproliferative glomerulonephritis (IC-MPGN),6,1,SUPPLIED_465_LIST | SUPPLIED_895_LIST | CONFIGURED_ICD_CATEGORY,Tier 2 — High-specificity diagnostic signals,Renal signals,HIGH_PRIORITY_ATTR_REVIEW,nephrotic_syndrome,Nephrotic syndrome,nephrotic_syndrome:3.0(same_icd_category;tokens=nephrotic),
D47.2,Monoclonal gammopathy,3391,176,SUPPLIED_465_LIST | SUPPLIED_895_LIST | ATOM_PHRASE_MATCH,Tier 2 — High-specificity diagnostic signals,Plasma cell / monoclonal (AL pathway),AL_DIFFERENTIAL_REVIEW,mgus,Monoclonal gammopathy of undetermined significance,"mgus:7.0(phrase;tokens=gammopathy,monoclonal)",
N02.B9,Other recurrent and persistent immunoglobulin A nephropathy,4657,78,SUPPLIED_895_LIST,,Plasma cell / monoclonal (AL pathway) | Renal signals,AL_DIFFERENTIAL_REVIEW,,,,
C90.02,Multiple myeloma in relapse,6846,68,SUPPLIED_465_LIST | SUPPLIED_895_LIST | CONFIGURED_ICD_CATEGORY | ATOM_PHRASE_MATCH,Tier 2 — High-specificity diagnostic signals,Plasma cell / monoclonal (AL pathway),AL_DIFFERENTIAL_REVIEW,plasma_cell_dyscrasia,Plasma-cell dyscrasia / multiple myeloma,"plasma_cell_dyscrasia:9.0(phrase;same_icd_category;tokens=multiple,myeloma)",
D80.2,Selective deficiency of immunoglobulin A [IgA],332,50,SUPPLIED_895_LIST,,Plasma cell / monoclonal (AL pathway),AL_DIFFERENTIAL_REVIEW,,,,
D80.6,Antibody deficiency with near-normal immunoglobulins or with hyperimmunoglobulinemia,677,33,SUPPLIED_895_LIST,,Plasma cell / monoclonal (AL pathway),AL_DIFFERENTIAL_REVIEW,,,,
D80.3,Selective deficiency of immunoglobulin G [IgG] subclasses,179,18,SUPPLIED_895_LIST,,Plasma cell / monoclonal (AL pathway),AL_DIFFERENTIAL_REVIEW,,,,
D82.4,Hyperimmunoglobulin E [IgE] syndrome,292,17,SUPPLIED_895_LIST,,Plasma cell / monoclonal (AL pathway),AL_DIFFERENTIAL_REVIEW,,,,
C88.0,Waldenstrom macroglobulinemia,574,13,SUPPLIED_465_LIST | SUPPLIED_895_LIST,Tier 2 — High-specificity diagnostic signals,Plasma cell / monoclonal (AL pathway),AL_DIFFERENTIAL_REVIEW,,,,
D80.4,Selective deficiency of immunoglobulin M [IgM],156,13,SUPPLIED_895_LIST,,Plasma cell / monoclonal (AL pathway),AL_DIFFERENTIAL_REVIEW,,,,
D89.1,Cryoglobulinemia,576,10,SUPPLIED_465_LIST | SUPPLIED_895_LIST,Tier 2 — High-specificity diagnostic signals,Plasma cell / monoclonal (AL pathway),AL_DIFFERENTIAL_REVIEW,,,,
C88.00,Waldenstrom macroglobulinemia not having achieved remission,89,7,SUPPLIED_465_LIST | SUPPLIED_895_LIST,Tier 2 — High-specificity diagnostic signals,Plasma cell / monoclonal (AL pathway),AL_DIFFERENTIAL_REVIEW,,,,
D80.5,Immunodeficiency with increased immunoglobulin M [IgM],675,3,SUPPLIED_895_LIST,,Plasma cell / monoclonal (AL pathway),AL_DIFFERENTIAL_REVIEW,,,,
C90.11,Plasma cell leukemia in remission,24,2,SUPPLIED_465_LIST | SUPPLIED_895_LIST | CONFIGURED_ICD_CATEGORY,Tier 2 — High-specificity diagnostic signals,Plasma cell / monoclonal (AL pathway),AL_DIFFERENTIAL_REVIEW,plasma_cell_dyscrasia,Plasma-cell dyscrasia / multiple myeloma,"plasma_cell_dyscrasia:4.0(same_icd_category;tokens=cell,plasma)",
C90.12,Plasma cell leukemia in relapse,45,1,SUPPLIED_465_LIST | SUPPLIED_895_LIST | CONFIGURED_ICD_CATEGORY,Tier 2 — High-specificity diagnostic signals,Plasma cell / monoclonal (AL pathway),AL_DIFFERENTIAL_REVIEW,plasma_cell_dyscrasia,Plasma-cell dyscrasia / multiple myeloma,"plasma_cell_dyscrasia:4.0(same_icd_category;tokens=cell,plasma)",
N02.B1,Recurrent and persistent immunoglobulin A nephropathy with glomerular lesion,1,1,SUPPLIED_895_LIST,,Plasma cell / monoclonal (AL pathway) | Renal signals,AL_DIFFERENTIAL_REVIEW,,,,
M54.16,"Radiculopathy, lumbar region",43121,4436,SUPPLIED_895_LIST,,Neurologic / autonomic signals,NONSPECIFIC_SUPPORT_REVIEW,,,,
K59.09,Other constipation,18750,4289,SUPPLIED_895_LIST | CONFIGURED_ICD_CATEGORY,,GI / hepatobiliary signals,NONSPECIFIC_SUPPORT_REVIEW,constipation,constipation,constipation:3.0(same_icd_category;tokens=constip),
N18.31,"Chronic kidney disease, stage 3a",50473,4261,SUPPLIED_465_LIST | SUPPLIED_895_LIST | CONFIGURED_ICD_CATEGORY | ATOM_PHRASE_MATCH,Tier 3 — Organ-context signals (nonspecific alone),Renal signals,NONSPECIFIC_SUPPORT_REVIEW,egfr_result | kidney_failure | renal_dysfunction,Estimated glomerular filtration rate | Kidney failure / end-stage renal disease | Renal dysfunction / chronic kidney disease,"renal_dysfunction:10.0(phrase;same_icd_category;tokens=chronic,kidney,stage) | kidney_failure:4.0(same_icd_category;tokens=kidney,stage) | egfr_result:3.0(same_icd_category;tokens=stage)",
N18.32,"Chronic kidney disease, stage 3b",48042,2900,SUPPLIED_465_LIST | SUPPLIED_895_LIST | CONFIGURED_ICD_CATEGORY | ATOM_PHRASE_MATCH,Tier 3 — Organ-context signals (nonspecific alone),Renal signals,NONSPECIFIC_SUPPORT_REVIEW,egfr_result | kidney_failure | renal_dysfunction,Estimated glomerular filtration rate | Kidney failure / end-stage renal disease | Renal dysfunction / chronic kidney disease,"renal_dysfunction:10.0(phrase;same_icd_category;tokens=chronic,kidney,stage) | kidney_failure:4.0(same_icd_category;tokens=kidney,stage) | egfr_result:3.0(same_icd_category;tokens=stage)",
M54.12,"Radiculopathy, cervical region",19978,2736,SUPPLIED_895_LIST,,Neurologic / autonomic signals,NONSPECIFIC_SUPPORT_REVIEW,,,,
K59.04,Chronic idiopathic constipation,10151,2551,SUPPLIED_895_LIST | CONFIGURED_ICD_CATEGORY,,GI / hepatobiliary signals,NONSPECIFIC_SUPPORT_REVIEW,constipation | diarrhea | gi_dysmotility,Unexplained gastrointestinal dysmotility | constipation | diarrhea,"constipation:4.0(same_icd_category;tokens=chronic,constip) | diarrhea:3.0(same_icd_category;tokens=chronic) | gi_dysmotility:3.0(same_icd_category;tokens=chronic)",
K59.01,Slow transit constipation,8106,2409,SUPPLIED_895_LIST | CONFIGURED_ICD_CATEGORY | ATOM_PHRASE_MATCH,,GI / hepatobiliary signals,NONSPECIFIC_SUPPORT_REVIEW,constipation | gi_dysmotility,Unexplained gastrointestinal dysmotility | constipation,"gi_dysmotility:9.0(phrase;same_icd_category;tokens=slow,transit) | constipation:3.0(same_icd_category;tokens=constip)",
M47.816,"Spondylosis without myelopathy or radiculopathy, lumbar region",30429,2347,SUPPLIED_895_LIST,,Neurologic / autonomic signals,NONSPECIFIC_SUPPORT_REVIEW,,,,
R17,Unspecified jaundice,16558,2101,SUPPLIED_895_LIST,,GI / hepatobiliary signals,NONSPECIFIC_SUPPORT_REVIEW,,,,
K72.90,"Hepatic failure, unspecified without coma",63508,1813,SUPPLIED_895_LIST,,GI / hepatobiliary signals,NONSPECIFIC_SUPPORT_REVIEW,,,,
N18.30,"Chronic kidney disease, stage 3 unspecified",15726,1700,SUPPLIED_465_LIST | SUPPLIED_895_LIST | CONFIGURED_ICD_CATEGORY | ATOM_PHRASE_MATCH,Tier 3 — Organ-context signals (nonspecific alone),Renal signals,NONSPECIFIC_SUPPORT_REVIEW,egfr_result | kidney_failure | renal_dysfunction,Estimated glomerular filtration rate | Kidney failure / end-stage renal disease | Renal dysfunction / chronic kidney disease,"renal_dysfunction:10.0(phrase;same_icd_category;tokens=chronic,kidney,stage) | kidney_failure:4.0(same_icd_category;tokens=kidney,stage) | egfr_result:3.0(same_icd_category;tokens=stage)",
N18.2,"Chronic kidney disease, stage 2 (mild)",12060,1519,SUPPLIED_465_LIST | SUPPLIED_895_LIST | CONFIGURED_ICD_CATEGORY | ATOM_PHRASE_MATCH,Tier 3 — Organ-context signals (nonspecific alone),Renal signals,NONSPECIFIC_SUPPORT_REVIEW,egfr_result | kidney_failure | renal_dysfunction,Estimated glomerular filtration rate | Kidney failure / end-stage renal disease | Renal dysfunction / chronic kidney disease,"renal_dysfunction:10.0(phrase;same_icd_category;tokens=chronic,kidney,stage) | kidney_failure:4.0(same_icd_category;tokens=kidney,stage) | egfr_result:3.0(same_icd_category;tokens=stage)",
I65.23,Occlusion and stenosis of bilateral carotid arteries,5298,1115,SUPPLIED_895_LIST,,Musculoskeletal / ATTR prodrome,NONSPECIFIC_SUPPORT_REVIEW,,,,
K76.82,Hepatic encephalopathy,29952,1073,SUPPLIED_895_LIST,,GI / hepatobiliary signals,NONSPECIFIC_SUPPORT_REVIEW,,,,
M47.812,"Spondylosis without myelopathy or radiculopathy, cervical region",5611,878,SUPPLIED_895_LIST,,Neurologic / autonomic signals,NONSPECIFIC_SUPPORT_REVIEW,,,,
I50.23,Acute on chronic systolic (congestive) heart failure,9696,856,SUPPLIED_465_LIST | SUPPLIED_895_LIST | CONFIGURED_ICD_CATEGORY | ATOM_PHRASE_MATCH,Tier 3 — Organ-context signals (nonspecific alone),Cardiac signals,NONSPECIFIC_SUPPORT_REVIEW,hf_any | hfpef,Heart failure | Heart failure with preserved ejection fraction,"hf_any:10.0(phrase;same_icd_category;tokens=congestive,failure,heart) | hfpef:5.0(same_icd_category;tokens=chronic,failure,heart)",
K74.00,"Hepatic fibrosis, unspecified",8179,719,SUPPLIED_895_LIST,,GI / hepatobiliary signals,NONSPECIFIC_SUPPORT_REVIEW,,,,
K72.10,Chronic hepatic failure without coma,53041,710,SUPPLIED_895_LIST,,GI / hepatobiliary signals,NONSPECIFIC_SUPPORT_REVIEW,,,,
I50.30,Unspecified diastolic (congestive) heart failure,3685,652,SUPPLIED_465_LIST | SUPPLIED_895_LIST | CONFIGURED_ICD_CATEGORY | ATOM_PHRASE_MATCH,Tier 3 — Organ-context signals (nonspecific alone),Cardiac signals,NONSPECIFIC_SUPPORT_REVIEW,hf_any | hfpef,Heart failure | Heart failure with preserved ejection fraction,"hf_any:10.0(phrase;same_icd_category;tokens=congestive,failure,heart) | hfpef:5.0(same_icd_category;tokens=diastolic,failure,heart)",
K58.1,Irritable bowel syndrome with constipation,2633,625,SUPPLIED_895_LIST,,GI / hepatobiliary signals,NONSPECIFIC_SUPPORT_REVIEW,,,,
K90.49,"Malabsorption due to intolerance, not elsewhere classified",2158,600,SUPPLIED_895_LIST,,GI / hepatobiliary signals,NONSPECIFIC_SUPPORT_REVIEW,,,,
M47.817,"Spondylosis without myelopathy or radiculopathy, lumbosacral region",3909,543,SUPPLIED_895_LIST,,Neurologic / autonomic signals,NONSPECIFIC_SUPPORT_REVIEW,,,,
K58.0,Irritable bowel syndrome with diarrhea,2430,518,SUPPLIED_895_LIST,,GI / hepatobiliary signals,NONSPECIFIC_SUPPORT_REVIEW,,,,
I50.43,Acute on chronic combined systolic (congestive) and diastolic (congestive) heart failure,6302,517,SUPPLIED_465_LIST | SUPPLIED_895_LIST | CONFIGURED_ICD_CATEGORY | ATOM_PHRASE_MATCH,Tier 3 — Organ-context signals (nonspecific alone),Cardiac signals,NONSPECIFIC_SUPPORT_REVIEW,hf_any | hfpef,Heart failure | Heart failure with preserved ejection fraction,"hf_any:10.0(phrase;same_icd_category;tokens=congestive,failure,heart) | hfpef:5.0(same_icd_category;tokens=chronic,diastolic,failure,heart)",
I50.21,Acute systolic (congestive) heart failure,4601,516,SUPPLIED_465_LIST | SUPPLIED_895_LIST | CONFIGURED_ICD_CATEGORY | ATOM_PHRASE_MATCH,Tier 3 — Organ-context signals (nonspecific alone),Cardiac signals,NONSPECIFIC_SUPPORT_REVIEW,hf_any | hfpef,Heart failure | Heart failure with preserved ejection fraction,"hf_any:10.0(phrase;same_icd_category;tokens=congestive,failure,heart) | hfpef:4.0(same_icd_category;tokens=failure,heart)",
M47.27,"Other spondylosis with radiculopathy, lumbosacral region",2024,504,SUPPLIED_895_LIST,,Neurologic / autonomic signals,NONSPECIFIC_SUPPORT_REVIEW,,,,
M54.10,"Radiculopathy, site unspecified",2214,469,SUPPLIED_895_LIST,,Neurologic / autonomic signals,NONSPECIFIC_SUPPORT_REVIEW,,,,
M54.17,"Radiculopathy, lumbosacral region",3429,415,SUPPLIED_895_LIST,,Neurologic / autonomic signals,NONSPECIFIC_SUPPORT_REVIEW,,,,
G56.93,Unspecified mononeuropathy of bilateral upper limbs,2501,413,SUPPLIED_895_LIST | CONFIGURED_ICD_CATEGORY,,Neurologic / autonomic signals,NONSPECIFIC_SUPPORT_REVIEW,cts_bilateral,Bilateral carpal tunnel syndrome,cts_bilateral:3.0(same_icd_category;tokens=bilateral),
M51.16,"Intervertebral disc disorders with radiculopathy, lumbar region",1306,377,SUPPLIED_895_LIST,,Neurologic / autonomic signals,NONSPECIFIC_SUPPORT_REVIEW,,,,
N18.1,"Chronic kidney disease, stage 1",2351,345,SUPPLIED_465_LIST | SUPPLIED_895_LIST | CONFIGURED_ICD_CATEGORY | ATOM_PHRASE_MATCH,Tier 3 — Organ-context signals (nonspecific alone),Renal signals,NONSPECIFIC_SUPPORT_REVIEW,egfr_result | kidney_failure | renal_dysfunction,Estimated glomerular filtration rate | Kidney failure / end-stage renal disease | Renal dysfunction / chronic kidney disease,"renal_dysfunction:10.0(phrase;same_icd_category;tokens=chronic,kidney,stage) | kidney_failure:4.0(same_icd_category;tokens=kidney,stage) | egfr_result:3.0(same_icd_category;tokens=stage)",
K72.00,Acute and subacute hepatic failure without coma,9390,340,SUPPLIED_895_LIST,,GI / hepatobiliary signals,NONSPECIFIC_SUPPORT_REVIEW,,,,
G57.93,Unspecified mononeuropathy of bilateral lower limbs,1793,323,SUPPLIED_895_LIST,,Neurologic / autonomic signals,NONSPECIFIC_SUPPORT_REVIEW,,,,
I65.29,Occlusion and stenosis of unspecified carotid artery,1059,319,SUPPLIED_895_LIST,,Musculoskeletal / ATTR prodrome,NONSPECIFIC_SUPPORT_REVIEW,,,,
M32.14,Glomerular disease in systemic lupus erythematosus,29881,283,SUPPLIED_895_LIST | ATOM_PHRASE_MATCH,,Renal signals,NONSPECIFIC_SUPPORT_REVIEW,autoimmune_disease,autoimmune disease,"autoimmune_disease:8.0(phrase;tokens=erythematosu,lupus,systemic)",
I65.21,Occlusion and stenosis of right carotid artery,1881,282,SUPPLIED_895_LIST,,Musculoskeletal / ATTR prodrome,NONSPECIFIC_SUPPORT_REVIEW,,,,
I65.22,Occlusion and stenosis of left carotid artery,1696,270,SUPPLIED_895_LIST,,Musculoskeletal / ATTR prodrome,NONSPECIFIC_SUPPORT_REVIEW,,,,
K59.02,Outlet dysfunction constipation,1056,266,SUPPLIED_895_LIST | CONFIGURED_ICD_CATEGORY,,GI / hepatobiliary signals,NONSPECIFIC_SUPPORT_REVIEW,constipation | gi_dysmotility,Unexplained gastrointestinal dysmotility | constipation,constipation:3.0(same_icd_category;tokens=constip) | gi_dysmotility:3.0(same_icd_category;tokens=dysfunction),
M47.22,"Other spondylosis with radiculopathy, cervical region",1461,261,SUPPLIED_895_LIST,,Neurologic / autonomic signals,NONSPECIFIC_SUPPORT_REVIEW,,,,
M47.26,"Other spondylosis with radiculopathy, lumbar region",1229,252,SUPPLIED_895_LIST,,Neurologic / autonomic signals,NONSPECIFIC_SUPPORT_REVIEW,,,,
K74.02,"Hepatic fibrosis, advanced fibrosis",1912,251,SUPPLIED_895_LIST,,GI / hepatobiliary signals,NONSPECIFIC_SUPPORT_REVIEW,,,,
R18.0,Malignant ascites,3373,248,SUPPLIED_465_LIST | SUPPLIED_895_LIST | CONFIGURED_ICD_CATEGORY,Tier 3 — Organ-context signals (nonspecific alone),GI / hepatobiliary signals,NONSPECIFIC_SUPPORT_REVIEW,other_serosal_effusion,Other serosal effusion,other_serosal_effusion:3.0(same_icd_category;tokens=ascite),
N06.9,Isolated proteinuria with unspecified morphologic lesion,1490,235,SUPPLIED_895_LIST,,Renal signals,NONSPECIFIC_SUPPORT_REVIEW,,,,
I63.81,Other cerebral infarction due to occlusion or stenosis of small artery,2993,231,SUPPLIED_895_LIST,,Musculoskeletal / ATTR prodrome,NONSPECIFIC_SUPPORT_REVIEW,,,,
C22.1,Intrahepatic bile duct carcinoma,9601,229,SUPPLIED_895_LIST,,GI / hepatobiliary signals,NONSPECIFIC_SUPPORT_REVIEW,,,,
G56.91,Unspecified mononeuropathy of right upper limb,945,228,SUPPLIED_895_LIST | CONFIGURED_ICD_CATEGORY,,Neurologic / autonomic signals,NONSPECIFIC_SUPPORT_REVIEW,cts_bilateral | cts_right,"Bilateral carpal tunnel syndrome | Carpal tunnel syndrome, right","cts_bilateral:3.0(same_icd_category;tokens=right) | cts_right:3.0(tokens=limb,right,upper)",
R16.1,"Splenomegaly, not elsewhere classified",2267,225,SUPPLIED_465_LIST | SUPPLIED_895_LIST | CONFIGURED_ICD_CATEGORY,Tier 3 — Organ-context signals (nonspecific alone),GI / hepatobiliary signals,NONSPECIFIC_SUPPORT_REVIEW,,,,
D69.3,Immune thrombocytopenic purpura,11523,216,SUPPLIED_895_LIST | CONFIGURED_ICD_CATEGORY,,GI / hepatobiliary signals,NONSPECIFIC_SUPPORT_REVIEW,,,,
I37.0,Nonrheumatic pulmonary valve stenosis,2184,204,SUPPLIED_895_LIST,,Musculoskeletal / ATTR prodrome,NONSPECIFIC_SUPPORT_REVIEW,,,,
J38.6,Stenosis of larynx,1732,200,SUPPLIED_895_LIST,,Musculoskeletal / ATTR prodrome,NONSPECIFIC_SUPPORT_REVIEW,,,,
Q25.6,Stenosis of pulmonary artery,1105,199,SUPPLIED_895_LIST,,Musculoskeletal / ATTR prodrome,NONSPECIFIC_SUPPORT_REVIEW,,,,
H04.551,Acquired stenosis of right nasolacrimal duct,494,195,SUPPLIED_895_LIST | CONFIGURED_ICD_CATEGORY,,Musculoskeletal / ATTR prodrome,NONSPECIFIC_SUPPORT_REVIEW,,,,
H04.552,Acquired stenosis of left nasolacrimal duct,588,195,SUPPLIED_895_LIST | CONFIGURED_ICD_CATEGORY,,Musculoskeletal / ATTR prodrome,NONSPECIFIC_SUPPORT_REVIEW,,,,
I63.511,Cerebral infarction due to unspecified occlusion or stenosis of right middle cerebral artery,4976,190,SUPPLIED_895_LIST,,Musculoskeletal / ATTR prodrome,NONSPECIFIC_SUPPORT_REVIEW,,,,
I63.512,Cerebral infarction due to unspecified occlusion or stenosis of left middle cerebral artery,4026,186,SUPPLIED_895_LIST,,Musculoskeletal / ATTR prodrome,NONSPECIFIC_SUPPORT_REVIEW,,,,
I50.31,Acute diastolic (congestive) heart failure,1196,184,SUPPLIED_465_LIST | SUPPLIED_895_LIST | CONFIGURED_ICD_CATEGORY | ATOM_PHRASE_MATCH,Tier 3 — Organ-context signals (nonspecific alone),Cardiac signals,NONSPECIFIC_SUPPORT_REVIEW,hf_any | hfpef,Heart failure | Heart failure with preserved ejection fraction,"hf_any:10.0(phrase;same_icd_category;tokens=congestive,failure,heart) | hfpef:5.0(same_icd_category;tokens=diastolic,failure,heart)",
D36.10,"Benign neoplasm of peripheral nerves and autonomic nervous system, unspecified",991,181,SUPPLIED_895_LIST,,Neurologic / autonomic signals,NONSPECIFIC_SUPPORT_REVIEW,dysautonomia,Autonomic dysfunction / dysautonomia,"dysautonomia:3.0(tokens=autonomic,nervou,system)",
I63.50,Cerebral infarction due to unspecified occlusion or stenosis of unspecified cerebral artery,3025,178,SUPPLIED_895_LIST,,Musculoskeletal / ATTR prodrome,NONSPECIFIC_SUPPORT_REVIEW,,,,
G56.92,Unspecified mononeuropathy of left upper limb,744,173,SUPPLIED_895_LIST | CONFIGURED_ICD_CATEGORY,,Neurologic / autonomic signals,NONSPECIFIC_SUPPORT_REVIEW,cts_bilateral | cts_left,"Bilateral carpal tunnel syndrome | Carpal tunnel syndrome, left","cts_bilateral:3.0(same_icd_category;tokens=left) | cts_left:3.0(tokens=left,limb,upper)",
I50.41,Acute combined systolic (congestive) and diastolic (congestive) heart failure,1248,165,SUPPLIED_465_LIST | SUPPLIED_895_LIST | CONFIGURED_ICD_CATEGORY | ATOM_PHRASE_MATCH,Tier 3 — Organ-context signals (nonspecific alone),Cardiac signals,NONSPECIFIC_SUPPORT_REVIEW,hf_any | hfpef,Heart failure | Heart failure with preserved ejection fraction,"hf_any:10.0(phrase;same_icd_category;tokens=congestive,failure,heart) | hfpef:5.0(same_icd_category;tokens=diastolic,failure,heart)",
K75.9,"Inflammatory liver disease, unspecified",1594,145,SUPPLIED_895_LIST,,GI / hepatobiliary signals,NONSPECIFIC_SUPPORT_REVIEW,,,,
G63,Polyneuropathy in diseases classified elsewhere,640,143,SUPPLIED_895_LIST,,Neurologic / autonomic signals,NONSPECIFIC_SUPPORT_REVIEW,,,,
D63.1,Anemia in chronic kidney disease,448,139,SUPPLIED_465_LIST | SUPPLIED_895_LIST | ATOM_PHRASE_MATCH,Tier 3 — Organ-context signals (nonspecific alone),Renal signals,NONSPECIFIC_SUPPORT_REVIEW,renal_dysfunction,Renal dysfunction / chronic kidney disease,"renal_dysfunction:7.0(phrase;tokens=chronic,kidney)",
I50.40,Unspecified combined systolic (congestive) and diastolic (congestive) heart failure,1196,139,SUPPLIED_465_LIST | SUPPLIED_895_LIST | CONFIGURED_ICD_CATEGORY | ATOM_PHRASE_MATCH,Tier 3 — Organ-context signals (nonspecific alone),Cardiac signals,NONSPECIFIC_SUPPORT_REVIEW,hf_any | hfpef,Heart failure | Heart failure with preserved ejection fraction,"hf_any:10.0(phrase;same_icd_category;tokens=congestive,failure,heart) | hfpef:5.0(same_icd_category;tokens=diastolic,failure,heart)",
M54.14,"Radiculopathy, thoracic region",821,137,SUPPLIED_895_LIST,,Neurologic / autonomic signals,NONSPECIFIC_SUPPORT_REVIEW,,,,
K75.89,Other specified inflammatory liver diseases,1784,135,SUPPLIED_895_LIST,,GI / hepatobiliary signals,NONSPECIFIC_SUPPORT_REVIEW,,,,
B17.10,Acute hepatitis C without hepatic coma,1162,134,SUPPLIED_895_LIST,,GI / hepatobiliary signals,NONSPECIFIC_SUPPORT_REVIEW,,,,
H04.553,Acquired stenosis of bilateral nasolacrimal duct,257,134,SUPPLIED_895_LIST | CONFIGURED_ICD_CATEGORY,,Musculoskeletal / ATTR prodrome,NONSPECIFIC_SUPPORT_REVIEW,,,,
M47.814,"Spondylosis without myelopathy or radiculopathy, thoracic region",601,129,SUPPLIED_895_LIST,,Neurologic / autonomic signals,NONSPECIFIC_SUPPORT_REVIEW,,,,
N05.1,Unspecified nephritic syndrome with focal and segmental glomerular lesions,8594,123,SUPPLIED_895_LIST,,Renal signals,NONSPECIFIC_SUPPORT_REVIEW,,,,
S46.011A,"Strain of muscle(s) and tendon(s) of the rotator cuff of right shoulder, initial encounter",596,116,SUPPLIED_895_LIST | CONFIGURED_ICD_CATEGORY,,Musculoskeletal / ATTR prodrome,NONSPECIFIC_SUPPORT_REVIEW,biceps_rupture | rotator_cuff | shoulder_disorder,"Other shoulder disorder | Rotator cuff tear / repair | Spontaneous distal biceps tendon rupture (""Popeye sign"")","biceps_rupture:3.0(same_icd_category;tokens=tendon) | rotator_cuff:3.0(tokens=cuff,rotator,shoulder) | shoulder_disorder:3.0(tokens=cuff,rotator,shoulder)",
K31.1,Adult hypertrophic pyloric stenosis,2155,112,SUPPLIED_895_LIST | CONFIGURED_ICD_CATEGORY,,Musculoskeletal / ATTR prodrome,NONSPECIFIC_SUPPORT_REVIEW,,,,
M48.04,"Spinal stenosis, thoracic region",967,111,SUPPLIED_895_LIST | CONFIGURED_ICD_CATEGORY,,Neurologic / autonomic signals | Musculoskeletal / ATTR prodrome,NONSPECIFIC_SUPPORT_REVIEW,lumbar_stenosis,Lumbar spinal stenosis,"lumbar_stenosis:4.0(same_icd_category;tokens=spinal,stenosi)",
M47.819,"Spondylosis without myelopathy or radiculopathy, site unspecified",1545,109,SUPPLIED_895_LIST,,Neurologic / autonomic signals,NONSPECIFIC_SUPPORT_REVIEW,,,,
M54.18,"Radiculopathy, sacral and sacrococcygeal region",424,98,SUPPLIED_895_LIST,,Neurologic / autonomic signals,NONSPECIFIC_SUPPORT_REVIEW,,,,
I34.2,Nonrheumatic mitral (valve) stenosis,485,97,SUPPLIED_895_LIST,,Musculoskeletal / ATTR prodrome,NONSPECIFIC_SUPPORT_REVIEW,,,,
I63.231,Cerebral infarction due to unspecified occlusion or stenosis of right carotid arteries,295,96,SUPPLIED_895_LIST,,Musculoskeletal / ATTR prodrome,NONSPECIFIC_SUPPORT_REVIEW,,,,
D69.0,Allergic purpura,1162,94,SUPPLIED_895_LIST | CONFIGURED_ICD_CATEGORY,,GI / hepatobiliary signals,NONSPECIFIC_SUPPORT_REVIEW,,,,
B02.23,Postherpetic polyneuropathy,516,93,SUPPLIED_895_LIST,,Neurologic / autonomic signals,NONSPECIFIC_SUPPORT_REVIEW,,,,
S46.012A,"Strain of muscle(s) and tendon(s) of the rotator cuff of left shoulder, initial encounter",343,87,SUPPLIED_895_LIST | CONFIGURED_ICD_CATEGORY,,Musculoskeletal / ATTR prodrome,NONSPECIFIC_SUPPORT_REVIEW,biceps_rupture | rotator_cuff | shoulder_disorder,"Other shoulder disorder | Rotator cuff tear / repair | Spontaneous distal biceps tendon rupture (""Popeye sign"")","biceps_rupture:3.0(same_icd_category;tokens=tendon) | rotator_cuff:3.0(tokens=cuff,rotator,shoulder) | shoulder_disorder:3.0(tokens=cuff,rotator,shoulder)",
K91.2,"Postsurgical malabsorption, not elsewhere classified",4590,81,SUPPLIED_895_LIST,,GI / hepatobiliary signals,NONSPECIFIC_SUPPORT_REVIEW,,,,
G57.91,Unspecified mononeuropathy of right lower limb,389,79,SUPPLIED_895_LIST,,Neurologic / autonomic signals,NONSPECIFIC_SUPPORT_REVIEW,,,,
G57.92,Unspecified mononeuropathy of left lower limb,430,78,SUPPLIED_895_LIST,,Neurologic / autonomic signals,NONSPECIFIC_SUPPORT_REVIEW,,,,
G58.9,"Mononeuropathy, unspecified",415,77,SUPPLIED_895_LIST,,Neurologic / autonomic signals,NONSPECIFIC_SUPPORT_REVIEW,,,,
T82.857A,"Stenosis of other cardiac prosthetic devices, implants and grafts, initial encounter",372,77,SUPPLIED_895_LIST,,Musculoskeletal / ATTR prodrome,NONSPECIFIC_SUPPORT_REVIEW,,,,
F50.82,Avoidant/restrictive food intake disorder,306,75,SUPPLIED_895_LIST | CONFIGURED_ICD_CATEGORY | ATOM_PHRASE_MATCH,,Cardiac signals,NONSPECIFIC_SUPPORT_REVIEW,eating_disorder_label,Anorexia nervosa / eating disorder diagnosis,"eating_disorder_label:8.0(phrase;tokens=avoidant,food,intake,restrictive)",
I50.82,Biventricular heart failure,638,75,SUPPLIED_465_LIST | SUPPLIED_895_LIST | CONFIGURED_ICD_CATEGORY | ATOM_PHRASE_MATCH,Tier 3 — Organ-context signals (nonspecific alone),Cardiac signals,NONSPECIFIC_SUPPORT_REVIEW,hf_any | hfpef,Heart failure | Heart failure with preserved ejection fraction,"hf_any:9.0(phrase;same_icd_category;tokens=failure,heart) | hfpef:4.0(same_icd_category;tokens=failure,heart)",
D13.5,Benign neoplasm of extrahepatic bile ducts,427,73,SUPPLIED_895_LIST,,GI / hepatobiliary signals,NONSPECIFIC_SUPPORT_REVIEW,,,,
G56.90,Unspecified mononeuropathy of unspecified upper limb,389,72,SUPPLIED_895_LIST | CONFIGURED_ICD_CATEGORY,,Neurologic / autonomic signals,NONSPECIFIC_SUPPORT_REVIEW,,,,
S46.011D,"Strain of muscle(s) and tendon(s) of the rotator cuff of right shoulder, subsequent encounter",408,70,SUPPLIED_895_LIST | CONFIGURED_ICD_CATEGORY,,Musculoskeletal / ATTR prodrome,NONSPECIFIC_SUPPORT_REVIEW,biceps_rupture | rotator_cuff | shoulder_disorder,"Other shoulder disorder | Rotator cuff tear / repair | Spontaneous distal biceps tendon rupture (""Popeye sign"")","biceps_rupture:3.0(same_icd_category;tokens=tendon) | rotator_cuff:3.0(tokens=cuff,rotator,shoulder) | shoulder_disorder:3.0(tokens=cuff,rotator,shoulder)",
I50.810,"Right heart failure, unspecified",595,69,SUPPLIED_465_LIST | SUPPLIED_895_LIST | CONFIGURED_ICD_CATEGORY | ATOM_PHRASE_MATCH,Tier 3 — Organ-context signals (nonspecific alone),Cardiac signals,NONSPECIFIC_SUPPORT_REVIEW,hf_any | hfpef,Heart failure | Heart failure with preserved ejection fraction,"hf_any:9.0(phrase;same_icd_category;tokens=failure,heart) | hfpef:4.0(same_icd_category;tokens=failure,heart)",
S46.012D,"Strain of muscle(s) and tendon(s) of the rotator cuff of left shoulder, subsequent encounter",384,68,SUPPLIED_895_LIST | CONFIGURED_ICD_CATEGORY,,Musculoskeletal / ATTR prodrome,NONSPECIFIC_SUPPORT_REVIEW,biceps_rupture | rotator_cuff | shoulder_disorder,"Other shoulder disorder | Rotator cuff tear / repair | Spontaneous distal biceps tendon rupture (""Popeye sign"")","biceps_rupture:3.0(same_icd_category;tokens=tendon) | rotator_cuff:3.0(tokens=cuff,rotator,shoulder) | shoulder_disorder:3.0(tokens=cuff,rotator,shoulder)",
I63.532,Cerebral infarction due to unspecified occlusion or stenosis of left posterior cerebral artery,679,63,SUPPLIED_895_LIST,,Musculoskeletal / ATTR prodrome,NONSPECIFIC_SUPPORT_REVIEW,,,,
S46.001A,"Unspecified injury of muscle(s) and tendon(s) of the rotator cuff of right shoulder, initial encounter",172,61,SUPPLIED_895_LIST | CONFIGURED_ICD_CATEGORY,,Musculoskeletal / ATTR prodrome,NONSPECIFIC_SUPPORT_REVIEW,biceps_rupture | rotator_cuff | shoulder_disorder,"Other shoulder disorder | Rotator cuff tear / repair | Spontaneous distal biceps tendon rupture (""Popeye sign"")","biceps_rupture:3.0(same_icd_category;tokens=tendon) | rotator_cuff:3.0(tokens=cuff,rotator,shoulder) | shoulder_disorder:3.0(tokens=cuff,rotator,shoulder)",
I50.812,Chronic right heart failure,454,58,SUPPLIED_465_LIST | SUPPLIED_895_LIST | CONFIGURED_ICD_CATEGORY | ATOM_PHRASE_MATCH,Tier 3 — Organ-context signals (nonspecific alone),Cardiac signals,NONSPECIFIC_SUPPORT_REVIEW,hf_any | hfpef,Heart failure | Heart failure with preserved ejection fraction,"hf_any:9.0(phrase;same_icd_category;tokens=failure,heart) | hfpef:5.0(same_icd_category;tokens=chronic,failure,heart)",
O12.13,"Gestational proteinuria, third trimester",213,58,SUPPLIED_895_LIST,,Renal signals,NONSPECIFIC_SUPPORT_REVIEW,,,,
I37.2,Nonrheumatic pulmonary valve stenosis with insufficiency,346,57,SUPPLIED_895_LIST,,Musculoskeletal / ATTR prodrome,NONSPECIFIC_SUPPORT_REVIEW,,,,
I50.813,Acute on chronic right heart failure,428,54,SUPPLIED_465_LIST | SUPPLIED_895_LIST | CONFIGURED_ICD_CATEGORY | ATOM_PHRASE_MATCH,Tier 3 — Organ-context signals (nonspecific alone),Cardiac signals,NONSPECIFIC_SUPPORT_REVIEW,hf_any | hfpef,Heart failure | Heart failure with preserved ejection fraction,"hf_any:9.0(phrase;same_icd_category;tokens=failure,heart) | hfpef:5.0(same_icd_category;tokens=chronic,failure,heart)",
I50.89,Other heart failure,259,54,SUPPLIED_465_LIST | SUPPLIED_895_LIST | CONFIGURED_ICD_CATEGORY | ATOM_PHRASE_MATCH,Tier 3 — Organ-context signals (nonspecific alone),Cardiac signals,NONSPECIFIC_SUPPORT_REVIEW,hf_any | hfpef,Heart failure | Heart failure with preserved ejection fraction,"hf_any:9.0(phrase;same_icd_category;tokens=failure,heart) | hfpef:4.0(same_icd_category;tokens=failure,heart)",
K71.9,"Toxic liver disease, unspecified",258,51,SUPPLIED_895_LIST,,GI / hepatobiliary signals,NONSPECIFIC_SUPPORT_REVIEW,,,,
O90.3,Peripartum cardiomyopathy,399,49,SUPPLIED_895_LIST,,Cardiac signals,NONSPECIFIC_SUPPORT_REVIEW,,,,
M50.122,Cervical disc disorder at C5-C6 level with radiculopathy,105,46,SUPPLIED_895_LIST,,Neurologic / autonomic signals,NONSPECIFIC_SUPPORT_REVIEW,,,,
I63.531,Cerebral infarction due to unspecified occlusion or stenosis of right posterior cerebral artery,334,43,SUPPLIED_895_LIST,,Musculoskeletal / ATTR prodrome,NONSPECIFIC_SUPPORT_REVIEW,,,,
S46.002A,"Unspecified injury of muscle(s) and tendon(s) of the rotator cuff of left shoulder, initial encounter",158,42,SUPPLIED_895_LIST | CONFIGURED_ICD_CATEGORY,,Musculoskeletal / ATTR prodrome,NONSPECIFIC_SUPPORT_REVIEW,biceps_rupture | rotator_cuff | shoulder_disorder,"Other shoulder disorder | Rotator cuff tear / repair | Spontaneous distal biceps tendon rupture (""Popeye sign"")","biceps_rupture:3.0(same_icd_category;tokens=tendon) | rotator_cuff:3.0(tokens=cuff,rotator,shoulder) | shoulder_disorder:3.0(tokens=cuff,rotator,shoulder)",
I63.239,Cerebral infarction due to unspecified occlusion or stenosis of unspecified carotid artery,159,41,SUPPLIED_895_LIST,,Musculoskeletal / ATTR prodrome,NONSPECIFIC_SUPPORT_REVIEW,,,,
M50.10,"Cervical disc disorder with radiculopathy, unspecified cervical region",164,40,SUPPLIED_895_LIST,,Neurologic / autonomic signals,NONSPECIFIC_SUPPORT_REVIEW,,,,
N88.2,Stricture and stenosis of cervix uteri,196,38,SUPPLIED_895_LIST,,Musculoskeletal / ATTR prodrome,NONSPECIFIC_SUPPORT_REVIEW,,,,
I63.232,Cerebral infarction due to unspecified occlusion or stenosis of left carotid arteries,174,36,SUPPLIED_895_LIST,,Musculoskeletal / ATTR prodrome,NONSPECIFIC_SUPPORT_REVIEW,,,,
I63.20,Cerebral infarction due to unspecified occlusion or stenosis of unspecified precerebral arteries,272,35,SUPPLIED_895_LIST,,Musculoskeletal / ATTR prodrome,NONSPECIFIC_SUPPORT_REVIEW,,,,
M47.818,"Spondylosis without myelopathy or radiculopathy, sacral and sacrococcygeal region",209,35,SUPPLIED_895_LIST,,Neurologic / autonomic signals,NONSPECIFIC_SUPPORT_REVIEW,,,,
N02.2,Recurrent and persistent hematuria with diffuse membranous glomerulonephritis,2256,35,SUPPLIED_895_LIST,,Renal signals,NONSPECIFIC_SUPPORT_REVIEW,,,,
S43.421A,"Sprain of right rotator cuff capsule, initial encounter",167,35,SUPPLIED_895_LIST,,Musculoskeletal / ATTR prodrome,NONSPECIFIC_SUPPORT_REVIEW,,,,
I50.811,Acute right heart failure,376,32,SUPPLIED_465_LIST | SUPPLIED_895_LIST | CONFIGURED_ICD_CATEGORY | ATOM_PHRASE_MATCH,Tier 3 — Organ-context signals (nonspecific alone),Cardiac signals,NONSPECIFIC_SUPPORT_REVIEW,hf_any | hfpef,Heart failure | Heart failure with preserved ejection fraction,"hf_any:9.0(phrase;same_icd_category;tokens=failure,heart) | hfpef:4.0(same_icd_category;tokens=failure,heart)",
H47.011,"Ischemic optic neuropathy, right eye",80,31,SUPPLIED_895_LIST,,Neurologic / autonomic signals,NONSPECIFIC_SUPPORT_REVIEW,,,,
I05.2,Rheumatic mitral stenosis with insufficiency,146,31,SUPPLIED_895_LIST,,Musculoskeletal / ATTR prodrome,NONSPECIFIC_SUPPORT_REVIEW,,,,
M54.13,"Radiculopathy, cervicothoracic region",117,31,SUPPLIED_895_LIST,,Neurologic / autonomic signals,NONSPECIFIC_SUPPORT_REVIEW,,,,
Q61.9,"Cystic kidney disease, unspecified",2781,31,SUPPLIED_895_LIST,,Renal signals,NONSPECIFIC_SUPPORT_REVIEW,,,,
I65.01,Occlusion and stenosis of right vertebral artery,127,30,SUPPLIED_895_LIST,,Musculoskeletal / ATTR prodrome,NONSPECIFIC_SUPPORT_REVIEW,,,,
K90.89,Other intestinal malabsorption,204,30,SUPPLIED_895_LIST,,GI / hepatobiliary signals,NONSPECIFIC_SUPPORT_REVIEW,,,,
B16.9,Acute hepatitis B without delta-agent and without hepatic coma,216,29,SUPPLIED_895_LIST,,GI / hepatobiliary signals,NONSPECIFIC_SUPPORT_REVIEW,,,,
C24.0,Malignant neoplasm of extrahepatic bile duct,249,29,SUPPLIED_895_LIST,,GI / hepatobiliary signals,NONSPECIFIC_SUPPORT_REVIEW,,,,
O12.12,"Gestational proteinuria, second trimester",200,28,SUPPLIED_895_LIST,,Renal signals,NONSPECIFIC_SUPPORT_REVIEW,,,,
S43.422A,"Sprain of left rotator cuff capsule, initial encounter",220,28,SUPPLIED_895_LIST,,Musculoskeletal / ATTR prodrome,NONSPECIFIC_SUPPORT_REVIEW,,,,
B15.9,Hepatitis A without hepatic coma,152,27,SUPPLIED_895_LIST,,GI / hepatobiliary signals,NONSPECIFIC_SUPPORT_REVIEW,,,,
I65.02,Occlusion and stenosis of left vertebral artery,193,27,SUPPLIED_895_LIST,,Musculoskeletal / ATTR prodrome,NONSPECIFIC_SUPPORT_REVIEW,,,,
D36.13,"Benign neoplasm of peripheral nerves and autonomic nervous system of lower limb, including hip",95,26,SUPPLIED_895_LIST,,Neurologic / autonomic signals,NONSPECIFIC_SUPPORT_REVIEW,dysautonomia,Autonomic dysfunction / dysautonomia,"dysautonomia:3.0(tokens=autonomic,nervou,system)",
G60.3,Idiopathic progressive neuropathy,867,26,SUPPLIED_895_LIST | CONFIGURED_ICD_CATEGORY | ATOM_PHRASE_MATCH,,Neurologic / autonomic signals,NONSPECIFIC_SUPPORT_REVIEW,idiopathic_progressive_neuropathy | mild_sensory_polyneuropathy | polyneuropathy | sfn,Idiopathic progressive neuropathy | Mild-to-moderate length-dependent sensory polyneuropathy | Polyneuropathy / peripheral neuropathy | Small-fiber neuropathy,"idiopathic_progressive_neuropathy:8.0(phrase;tokens=idiopathic,neuropathy,progressive) | polyneuropathy:7.0(phrase;tokens=neuropathy,progressive) | mild_sensory_polyneuropathy:3.0(same_icd_category;tokens=neuropathy) | sfn:3.0(same_icd_category;tokens=neuropathy)",
G62.2,Polyneuropathy due to other toxic agents,82,26,SUPPLIED_895_LIST | CONFIGURED_ICD_CATEGORY,,Neurologic / autonomic signals,NONSPECIFIC_SUPPORT_REVIEW,mild_sensory_polyneuropathy,Mild-to-moderate length-dependent sensory polyneuropathy,mild_sensory_polyneuropathy:3.0(same_icd_category;tokens=polyneuropathy),
D36.11,"Benign neoplasm of peripheral nerves and autonomic nervous system of face, head, and neck",239,25,SUPPLIED_895_LIST,,Neurologic / autonomic signals,NONSPECIFIC_SUPPORT_REVIEW,dysautonomia,Autonomic dysfunction / dysautonomia,"dysautonomia:3.0(tokens=autonomic,nervou,system)",
I50.814,Right heart failure due to left heart failure,163,25,SUPPLIED_465_LIST | SUPPLIED_895_LIST | CONFIGURED_ICD_CATEGORY | ATOM_PHRASE_MATCH,Tier 3 — Organ-context signals (nonspecific alone),Cardiac signals,NONSPECIFIC_SUPPORT_REVIEW,hf_any | hfpef | thick_walls,Heart failure | Heart failure with preserved ejection fraction | Unexplained left-ventricular wall thickness / LVH,"hf_any:9.0(phrase;same_icd_category;tokens=failure,heart) | hfpef:4.0(same_icd_category;tokens=failure,heart) | thick_walls:3.0(same_icd_category;tokens=left)",
H61.303,"Acquired stenosis of external ear canal, unspecified, bilateral",73,24,SUPPLIED_895_LIST,,Musculoskeletal / ATTR prodrome,NONSPECIFIC_SUPPORT_REVIEW,,,,
N05.0,Unspecified nephritic syndrome with minor glomerular abnormality,967,24,SUPPLIED_895_LIST,,Renal signals,NONSPECIFIC_SUPPORT_REVIEW,,,,
G90.3,Multi-system degeneration of the autonomic nervous system,174,23,SUPPLIED_895_LIST | CONFIGURED_ICD_CATEGORY,,Neurologic / autonomic signals,NONSPECIFIC_SUPPORT_REVIEW,dysautonomia,Autonomic dysfunction / dysautonomia,"dysautonomia:5.0(same_icd_category;tokens=autonomic,nervou,system)",
H47.012,"Ischemic optic neuropathy, left eye",97,23,SUPPLIED_895_LIST,,Neurologic / autonomic signals,NONSPECIFIC_SUPPORT_REVIEW,,,,
I50.84,End stage heart failure,131,23,SUPPLIED_465_LIST | SUPPLIED_895_LIST | CONFIGURED_ICD_CATEGORY | ATOM_PHRASE_MATCH,Tier 3 — Organ-context signals (nonspecific alone),Cardiac signals,NONSPECIFIC_SUPPORT_REVIEW,hf_any | hfpef | kidney_failure,Heart failure | Heart failure with preserved ejection fraction | Kidney failure / end-stage renal disease,"hf_any:9.0(phrase;same_icd_category;tokens=failure,heart) | hfpef:4.0(same_icd_category;tokens=failure,heart) | kidney_failure:3.0(tokens=end,failure,stage)",
I63.519,Cerebral infarction due to unspecified occlusion or stenosis of unspecified middle cerebral artery,276,23,SUPPLIED_895_LIST,,Musculoskeletal / ATTR prodrome,NONSPECIFIC_SUPPORT_REVIEW,,,,
I65.1,Occlusion and stenosis of basilar artery,333,23,SUPPLIED_895_LIST,,Musculoskeletal / ATTR prodrome,NONSPECIFIC_SUPPORT_REVIEW,,,,
I66.9,Occlusion and stenosis of unspecified cerebral artery,172,23,SUPPLIED_895_LIST,,Musculoskeletal / ATTR prodrome,NONSPECIFIC_SUPPORT_REVIEW,,,,
K74.0,Hepatic fibrosis,142,23,SUPPLIED_895_LIST,,GI / hepatobiliary signals,NONSPECIFIC_SUPPORT_REVIEW,,,,
M51.17,"Intervertebral disc disorders with radiculopathy, lumbosacral region",135,23,SUPPLIED_895_LIST,,Neurologic / autonomic signals,NONSPECIFIC_SUPPORT_REVIEW,,,,
S46.001D,"Unspecified injury of muscle(s) and tendon(s) of the rotator cuff of right shoulder, subsequent encounter",101,23,SUPPLIED_895_LIST | CONFIGURED_ICD_CATEGORY,,Musculoskeletal / ATTR prodrome,NONSPECIFIC_SUPPORT_REVIEW,biceps_rupture | rotator_cuff | shoulder_disorder,"Other shoulder disorder | Rotator cuff tear / repair | Spontaneous distal biceps tendon rupture (""Popeye sign"")","biceps_rupture:3.0(same_icd_category;tokens=tendon) | rotator_cuff:3.0(tokens=cuff,rotator,shoulder) | shoulder_disorder:3.0(tokens=cuff,rotator,shoulder)",
C18.3,Malignant neoplasm of hepatic flexure,198,21,SUPPLIED_895_LIST,,GI / hepatobiliary signals,NONSPECIFIC_SUPPORT_REVIEW,,,,
I65.09,Occlusion and stenosis of unspecified vertebral artery,157,21,SUPPLIED_895_LIST,,Musculoskeletal / ATTR prodrome,NONSPECIFIC_SUPPORT_REVIEW,,,,
K62.4,Stenosis of anus and rectum,166,21,SUPPLIED_895_LIST,,Musculoskeletal / ATTR prodrome,NONSPECIFIC_SUPPORT_REVIEW,,,,
S46.011S,"Strain of muscle(s) and tendon(s) of the rotator cuff of right shoulder, sequela",137,21,SUPPLIED_895_LIST | CONFIGURED_ICD_CATEGORY,,Musculoskeletal / ATTR prodrome,NONSPECIFIC_SUPPORT_REVIEW,biceps_rupture | rotator_cuff | shoulder_disorder,"Other shoulder disorder | Rotator cuff tear / repair | Spontaneous distal biceps tendon rupture (""Popeye sign"")","biceps_rupture:3.0(same_icd_category;tokens=tendon) | rotator_cuff:3.0(tokens=cuff,rotator,shoulder) | shoulder_disorder:3.0(tokens=cuff,rotator,shoulder)",
I97.131,Postprocedural heart failure following other surgery,89,20,SUPPLIED_465_LIST | SUPPLIED_895_LIST | ATOM_PHRASE_MATCH,Tier 3 — Organ-context signals (nonspecific alone),Cardiac signals,NONSPECIFIC_SUPPORT_REVIEW,hf_any | orthopedic_to_cardiac_trajectory,Heart failure | Long orthopedic prodrome followed years later by cardiac disease,"hf_any:7.0(phrase;tokens=failure,heart) | orthopedic_to_cardiac_trajectory:3.0(tokens=failure,follow,heart,surgery)",
K72.01,Acute and subacute hepatic failure with coma,841,20,SUPPLIED_895_LIST,,GI / hepatobiliary signals,NONSPECIFIC_SUPPORT_REVIEW,,,,
D36.12,"Benign neoplasm of peripheral nerves and autonomic nervous system, upper limb, including shoulder",81,19,SUPPLIED_895_LIST,,Neurologic / autonomic signals,NONSPECIFIC_SUPPORT_REVIEW,dysautonomia,Autonomic dysfunction / dysautonomia,"dysautonomia:3.0(tokens=autonomic,nervou,system)",
I63.211,Cerebral infarction due to unspecified occlusion or stenosis of right vertebral artery,131,19,SUPPLIED_895_LIST,,Musculoskeletal / ATTR prodrome,NONSPECIFIC_SUPPORT_REVIEW,,,,
G62.81,Critical illness polyneuropathy,900,18,SUPPLIED_895_LIST | CONFIGURED_ICD_CATEGORY,,Neurologic / autonomic signals,NONSPECIFIC_SUPPORT_REVIEW,mild_sensory_polyneuropathy,Mild-to-moderate length-dependent sensory polyneuropathy,mild_sensory_polyneuropathy:3.0(same_icd_category;tokens=polyneuropathy),
H47.013,"Ischemic optic neuropathy, bilateral",48,18,SUPPLIED_895_LIST,,Neurologic / autonomic signals,NONSPECIFIC_SUPPORT_REVIEW,,,,
I63.522,Cerebral infarction due to unspecified occlusion or stenosis of left anterior cerebral artery,131,17,SUPPLIED_895_LIST,,Musculoskeletal / ATTR prodrome,NONSPECIFIC_SUPPORT_REVIEW,,,,
I63.59,Cerebral infarction due to unspecified occlusion or stenosis of other cerebral artery,118,17,SUPPLIED_895_LIST,,Musculoskeletal / ATTR prodrome,NONSPECIFIC_SUPPORT_REVIEW,,,,
M32.15,Tubulo-interstitial nephropathy in systemic lupus erythematosus,521,17,SUPPLIED_895_LIST | ATOM_PHRASE_MATCH,,Renal signals,NONSPECIFIC_SUPPORT_REVIEW,autoimmune_disease,autoimmune disease,"autoimmune_disease:8.0(phrase;tokens=erythematosu,lupus,systemic)",
M47.24,"Other spondylosis with radiculopathy, thoracic region",46,17,SUPPLIED_895_LIST,,Neurologic / autonomic signals,NONSPECIFIC_SUPPORT_REVIEW,,,,
I66.01,Occlusion and stenosis of right middle cerebral artery,250,16,SUPPLIED_895_LIST,,Musculoskeletal / ATTR prodrome,NONSPECIFIC_SUPPORT_REVIEW,,,,
N05.5,Unspecified nephritic syndrome with diffuse mesangiocapillary glomerulonephritis,301,16,SUPPLIED_895_LIST,,Renal signals,NONSPECIFIC_SUPPORT_REVIEW,,,,
T44.905A,"Adverse effect of unspecified drugs primarily affecting the autonomic nervous system, initial encounter",79,16,SUPPLIED_895_LIST,,Neurologic / autonomic signals,NONSPECIFIC_SUPPORT_REVIEW,dysautonomia,Autonomic dysfunction / dysautonomia,"dysautonomia:3.0(tokens=autonomic,nervou,system)",
I63.22,Cerebral infarction due to unspecified occlusion or stenosis of basilar artery,552,15,SUPPLIED_895_LIST,,Musculoskeletal / ATTR prodrome,NONSPECIFIC_SUPPORT_REVIEW,,,,
K74.01,"Hepatic fibrosis, early fibrosis",188,15,SUPPLIED_895_LIST,,GI / hepatobiliary signals,NONSPECIFIC_SUPPORT_REVIEW,,,,
M48.05,"Spinal stenosis, thoracolumbar region",53,15,SUPPLIED_895_LIST | CONFIGURED_ICD_CATEGORY,,Neurologic / autonomic signals | Musculoskeletal / ATTR prodrome,NONSPECIFIC_SUPPORT_REVIEW,lumbar_stenosis,Lumbar spinal stenosis,"lumbar_stenosis:4.0(same_icd_category;tokens=spinal,stenosi)",
M50.121,Cervical disc disorder at C4-C5 level with radiculopathy,49,15,SUPPLIED_895_LIST,,Neurologic / autonomic signals,NONSPECIFIC_SUPPORT_REVIEW,,,,
M50.123,Cervical disc disorder at C6-C7 level with radiculopathy,77,15,SUPPLIED_895_LIST,,Neurologic / autonomic signals,NONSPECIFIC_SUPPORT_REVIEW,,,,
M54.15,"Radiculopathy, thoracolumbar region",43,15,SUPPLIED_895_LIST,,Neurologic / autonomic signals,NONSPECIFIC_SUPPORT_REVIEW,,,,
M99.73,Connective tissue and disc stenosis of intervertebral foramina of lumbar region,160,15,SUPPLIED_895_LIST,,Musculoskeletal / ATTR prodrome,NONSPECIFIC_SUPPORT_REVIEW,,,,
D36.17,"Benign neoplasm of peripheral nerves and autonomic nervous system of trunk, unspecified",58,14,SUPPLIED_895_LIST,,Neurologic / autonomic signals,NONSPECIFIC_SUPPORT_REVIEW,dysautonomia,Autonomic dysfunction / dysautonomia,"dysautonomia:3.0(tokens=autonomic,nervou,system)",
G57.90,Unspecified mononeuropathy of unspecified lower limb,60,14,SUPPLIED_895_LIST,,Neurologic / autonomic signals,NONSPECIFIC_SUPPORT_REVIEW,,,,
H61.301,"Acquired stenosis of right external ear canal, unspecified",78,14,SUPPLIED_895_LIST,,Musculoskeletal / ATTR prodrome,NONSPECIFIC_SUPPORT_REVIEW,,,,
I63.212,Cerebral infarction due to unspecified occlusion or stenosis of left vertebral artery,132,13,SUPPLIED_895_LIST,,Musculoskeletal / ATTR prodrome,NONSPECIFIC_SUPPORT_REVIEW,,,,
I63.539,Cerebral infarction due to unspecified occlusion or stenosis of unspecified posterior cerebral artery,106,13,SUPPLIED_895_LIST,,Musculoskeletal / ATTR prodrome,NONSPECIFIC_SUPPORT_REVIEW,,,,
I66.02,Occlusion and stenosis of left middle cerebral artery,159,13,SUPPLIED_895_LIST,,Musculoskeletal / ATTR prodrome,NONSPECIFIC_SUPPORT_REVIEW,,,,
Q24.3,Pulmonary infundibular stenosis,108,13,SUPPLIED_895_LIST,,Musculoskeletal / ATTR prodrome,NONSPECIFIC_SUPPORT_REVIEW,,,,
T82.857D,"Stenosis of other cardiac prosthetic devices, implants and grafts, subsequent encounter",43,13,SUPPLIED_895_LIST,,Musculoskeletal / ATTR prodrome,NONSPECIFIC_SUPPORT_REVIEW,,,,
G44.099,"Other trigeminal autonomic cephalgias (TAC), not intractable",73,12,SUPPLIED_895_LIST,,Neurologic / autonomic signals,NONSPECIFIC_SUPPORT_REVIEW,,,,
I27.840,Fontan-associated liver disease [FALD],37,12,SUPPLIED_895_LIST,,GI / hepatobiliary signals,NONSPECIFIC_SUPPORT_REVIEW,,,,
I43,Cardiomyopathy in diseases classified elsewhere,82,12,SUPPLIED_895_LIST,,Cardiac signals,NONSPECIFIC_SUPPORT_REVIEW,,,,
I65.03,Occlusion and stenosis of bilateral vertebral arteries,64,12,SUPPLIED_895_LIST,,Musculoskeletal / ATTR prodrome,NONSPECIFIC_SUPPORT_REVIEW,,,,
S43.421D,"Sprain of right rotator cuff capsule, subsequent encounter",96,12,SUPPLIED_895_LIST,,Musculoskeletal / ATTR prodrome,NONSPECIFIC_SUPPORT_REVIEW,,,,
S46.009A,"Unspecified injury of muscle(s) and tendon(s) of the rotator cuff of unspecified shoulder, initial encounter",32,12,SUPPLIED_895_LIST | CONFIGURED_ICD_CATEGORY,,Musculoskeletal / ATTR prodrome,NONSPECIFIC_SUPPORT_REVIEW,biceps_rupture | rotator_cuff | shoulder_disorder,"Other shoulder disorder | Rotator cuff tear / repair | Spontaneous distal biceps tendon rupture (""Popeye sign"")","biceps_rupture:3.0(same_icd_category;tokens=tendon) | rotator_cuff:3.0(tokens=cuff,rotator,shoulder) | shoulder_disorder:3.0(tokens=cuff,rotator,shoulder)",
S46.012S,"Strain of muscle(s) and tendon(s) of the rotator cuff of left shoulder, sequela",55,12,SUPPLIED_895_LIST | CONFIGURED_ICD_CATEGORY,,Musculoskeletal / ATTR prodrome,NONSPECIFIC_SUPPORT_REVIEW,biceps_rupture | rotator_cuff | shoulder_disorder,"Other shoulder disorder | Rotator cuff tear / repair | Spontaneous distal biceps tendon rupture (""Popeye sign"")","biceps_rupture:3.0(same_icd_category;tokens=tendon) | rotator_cuff:3.0(tokens=cuff,rotator,shoulder) | shoulder_disorder:3.0(tokens=cuff,rotator,shoulder)",
T82.858A,"Stenosis of other vascular prosthetic devices, implants and grafts, initial encounter",36,12,SUPPLIED_895_LIST,,Musculoskeletal / ATTR prodrome,NONSPECIFIC_SUPPORT_REVIEW,,,,
T82.858D,"Stenosis of other vascular prosthetic devices, implants and grafts, subsequent encounter",30,12,SUPPLIED_895_LIST,,Musculoskeletal / ATTR prodrome,NONSPECIFIC_SUPPORT_REVIEW,,,,
C47.9,"Malignant neoplasm of peripheral nerves and autonomic nervous system, unspecified",1806,11,SUPPLIED_895_LIST,,Neurologic / autonomic signals,NONSPECIFIC_SUPPORT_REVIEW,dysautonomia,Autonomic dysfunction / dysautonomia,"dysautonomia:3.0(tokens=autonomic,nervou,system)",
M99.79,Connective tissue and disc stenosis of intervertebral foramina of abdomen and other regions,36,11,SUPPLIED_895_LIST,,Musculoskeletal / ATTR prodrome,NONSPECIFIC_SUPPORT_REVIEW,,,,
N13.729,"Vesicoureteral-reflux with reflux nephropathy without hydroureter, unspecified",480,11,SUPPLIED_895_LIST,,Renal signals,NONSPECIFIC_SUPPORT_REVIEW,,,,
Q25.3,Supravalvular aortic stenosis,185,11,SUPPLIED_895_LIST,,Musculoskeletal / ATTR prodrome,NONSPECIFIC_SUPPORT_REVIEW,,,,
T85.858A,"Stenosis due to other internal prosthetic devices, implants and grafts, initial encounter",33,11,SUPPLIED_895_LIST,,Musculoskeletal / ATTR prodrome,NONSPECIFIC_SUPPORT_REVIEW,,,,
D36.14,Benign neoplasm of peripheral nerves and autonomic nervous system of thorax,69,10,SUPPLIED_895_LIST,,Neurologic / autonomic signals,NONSPECIFIC_SUPPORT_REVIEW,dysautonomia,Autonomic dysfunction / dysautonomia,"dysautonomia:3.0(tokens=autonomic,nervou,system)",
G62.82,Radiation-induced polyneuropathy,36,10,SUPPLIED_895_LIST | CONFIGURED_ICD_CATEGORY,,Neurologic / autonomic signals,NONSPECIFIC_SUPPORT_REVIEW,mild_sensory_polyneuropathy,Mild-to-moderate length-dependent sensory polyneuropathy,mild_sensory_polyneuropathy:3.0(same_icd_category;tokens=polyneuropathy),
H61.302,"Acquired stenosis of left external ear canal, unspecified",66,10,SUPPLIED_895_LIST,,Musculoskeletal / ATTR prodrome,NONSPECIFIC_SUPPORT_REVIEW,,,,
I63.521,Cerebral infarction due to unspecified occlusion or stenosis of right anterior cerebral artery,75,10,SUPPLIED_895_LIST,,Musculoskeletal / ATTR prodrome,NONSPECIFIC_SUPPORT_REVIEW,,,,
K71.10,"Toxic liver disease with hepatic necrosis, without coma",136,10,SUPPLIED_895_LIST,,GI / hepatobiliary signals,NONSPECIFIC_SUPPORT_REVIEW,,,,
K71.6,"Toxic liver disease with hepatitis, not elsewhere classified",68,10,SUPPLIED_895_LIST,,GI / hepatobiliary signals,NONSPECIFIC_SUPPORT_REVIEW,,,,
N06.8,Isolated proteinuria with other morphologic lesion,61,10,SUPPLIED_895_LIST,,Renal signals,NONSPECIFIC_SUPPORT_REVIEW,,,,
S46.002D,"Unspecified injury of muscle(s) and tendon(s) of the rotator cuff of left shoulder, subsequent encounter",59,10,SUPPLIED_895_LIST | CONFIGURED_ICD_CATEGORY,,Musculoskeletal / ATTR prodrome,NONSPECIFIC_SUPPORT_REVIEW,biceps_rupture | rotator_cuff | shoulder_disorder,"Other shoulder disorder | Rotator cuff tear / repair | Spontaneous distal biceps tendon rupture (""Popeye sign"")","biceps_rupture:3.0(same_icd_category;tokens=tendon) | rotator_cuff:3.0(tokens=cuff,rotator,shoulder) | shoulder_disorder:3.0(tokens=cuff,rotator,shoulder)",
G61.82,Multifocal motor neuropathy,136,9,SUPPLIED_895_LIST | CONFIGURED_ICD_CATEGORY,,Neurologic / autonomic signals,NONSPECIFIC_SUPPORT_REVIEW,cidp,Chronic inflammatory demyelinating polyneuropathy,cidp:3.0(same_icd_category;tokens=neuropathy),
M47.20,"Other spondylosis with radiculopathy, site unspecified",74,9,SUPPLIED_895_LIST,,Neurologic / autonomic signals,NONSPECIFIC_SUPPORT_REVIEW,,,,
M47.815,"Spondylosis without myelopathy or radiculopathy, thoracolumbar region",66,9,SUPPLIED_895_LIST,,Neurologic / autonomic signals,NONSPECIFIC_SUPPORT_REVIEW,,,,
N14.19,"Nephropathy induced by other drugs, medicaments and biological substances",187,9,SUPPLIED_895_LIST,,Renal signals,NONSPECIFIC_SUPPORT_REVIEW,,,,
O12.11,"Gestational proteinuria, first trimester",51,9,SUPPLIED_895_LIST,,Renal signals,NONSPECIFIC_SUPPORT_REVIEW,,,,
D51.1,Vitamin B12 deficiency anemia due to selective vitamin B12 malabsorption with proteinuria,36,8,SUPPLIED_895_LIST,,Renal signals | GI / hepatobiliary signals,NONSPECIFIC_SUPPORT_REVIEW,,,,
G90.89,Other disorders of autonomic nervous system,45,8,SUPPLIED_895_LIST | CONFIGURED_ICD_CATEGORY,,Neurologic / autonomic signals,NONSPECIFIC_SUPPORT_REVIEW,dysautonomia,Autonomic dysfunction / dysautonomia,"dysautonomia:5.0(same_icd_category;tokens=autonomic,nervou,system)",
I50.83,High output heart failure,45,8,SUPPLIED_465_LIST | SUPPLIED_895_LIST | CONFIGURED_ICD_CATEGORY | ATOM_PHRASE_MATCH,Tier 3 — Organ-context signals (nonspecific alone),Cardiac signals,NONSPECIFIC_SUPPORT_REVIEW,hf_any | hfpef,Heart failure | Heart failure with preserved ejection fraction,"hf_any:9.0(phrase;same_icd_category;tokens=failure,heart) | hfpef:4.0(same_icd_category;tokens=failure,heart)",
K72.91,"Hepatic failure, unspecified with coma",201,8,SUPPLIED_895_LIST,,GI / hepatobiliary signals,NONSPECIFIC_SUPPORT_REVIEW,,,,
M50.13,"Cervical disc disorder with radiculopathy, cervicothoracic region",34,8,SUPPLIED_895_LIST,,Neurologic / autonomic signals,NONSPECIFIC_SUPPORT_REVIEW,,,,
N03.2,Chronic nephritic syndrome with diffuse membranous glomerulonephritis,142,8,SUPPLIED_895_LIST,,Renal signals,NONSPECIFIC_SUPPORT_REVIEW,,,,
S43.422D,"Sprain of left rotator cuff capsule, subsequent encounter",63,8,SUPPLIED_895_LIST,,Musculoskeletal / ATTR prodrome,NONSPECIFIC_SUPPORT_REVIEW,,,,
S46.002S,"Unspecified injury of muscle(s) and tendon(s) of the rotator cuff of left shoulder, sequela",60,8,SUPPLIED_895_LIST | CONFIGURED_ICD_CATEGORY,,Musculoskeletal / ATTR prodrome,NONSPECIFIC_SUPPORT_REVIEW,biceps_rupture | rotator_cuff | shoulder_disorder,"Other shoulder disorder | Rotator cuff tear / repair | Spontaneous distal biceps tendon rupture (""Popeye sign"")","biceps_rupture:3.0(same_icd_category;tokens=tendon) | rotator_cuff:3.0(tokens=cuff,rotator,shoulder) | shoulder_disorder:3.0(tokens=cuff,rotator,shoulder)",
G61.9,"Inflammatory polyneuropathy, unspecified",1580,7,SUPPLIED_895_LIST | CONFIGURED_ICD_CATEGORY,,Neurologic / autonomic signals,NONSPECIFIC_SUPPORT_REVIEW,cidp,Chronic inflammatory demyelinating polyneuropathy,"cidp:4.0(same_icd_category;tokens=inflammatory,polyneuropathy)",
G90.4,Autonomic dysreflexia,55,7,SUPPLIED_895_LIST | CONFIGURED_ICD_CATEGORY,,Neurologic / autonomic signals,NONSPECIFIC_SUPPORT_REVIEW,dysautonomia,Autonomic dysfunction / dysautonomia,dysautonomia:3.0(same_icd_category;tokens=autonomic),
I07.0,Rheumatic tricuspid stenosis,66,7,SUPPLIED_895_LIST,,Musculoskeletal / ATTR prodrome,NONSPECIFIC_SUPPORT_REVIEW,,,,
I63.233,Cerebral infarction due to unspecified occlusion or stenosis of bilateral carotid arteries,55,7,SUPPLIED_895_LIST,,Musculoskeletal / ATTR prodrome,NONSPECIFIC_SUPPORT_REVIEW,,,,
I63.29,Cerebral infarction due to unspecified occlusion or stenosis of other precerebral arteries,17,7,SUPPLIED_895_LIST,,Musculoskeletal / ATTR prodrome,NONSPECIFIC_SUPPORT_REVIEW,,,,
I63.541,Cerebral infarction due to unspecified occlusion or stenosis of right cerebellar artery,11,7,SUPPLIED_895_LIST,,Musculoskeletal / ATTR prodrome,NONSPECIFIC_SUPPORT_REVIEW,,,,
N03.1,Chronic nephritic syndrome with focal and segmental glomerular lesions,5046,7,SUPPLIED_895_LIST,,Renal signals,NONSPECIFIC_SUPPORT_REVIEW,,,,
N06.0,Isolated proteinuria with minor glomerular abnormality,44,7,SUPPLIED_895_LIST,,Renal signals,NONSPECIFIC_SUPPORT_REVIEW,,,,
N14.1,"Nephropathy induced by other drugs, medicaments and biological substances",52,7,SUPPLIED_895_LIST,,Renal signals,NONSPECIFIC_SUPPORT_REVIEW,,,,
D36.15,Benign neoplasm of peripheral nerves and autonomic nervous system of abdomen,70,6,SUPPLIED_895_LIST,,Neurologic / autonomic signals,NONSPECIFIC_SUPPORT_REVIEW,dysautonomia,Autonomic dysfunction / dysautonomia,"dysautonomia:3.0(tokens=autonomic,nervou,system)",
E80.21,Acute intermittent (hepatic) porphyria,152,6,SUPPLIED_895_LIST,,GI / hepatobiliary signals,NONSPECIFIC_SUPPORT_REVIEW,,,,
H04.541,Stenosis of right lacrimal canaliculi,24,6,SUPPLIED_895_LIST | CONFIGURED_ICD_CATEGORY,,Musculoskeletal / ATTR prodrome,NONSPECIFIC_SUPPORT_REVIEW,,,,
H04.559,Acquired stenosis of unspecified nasolacrimal duct,13,6,SUPPLIED_895_LIST | CONFIGURED_ICD_CATEGORY,,Musculoskeletal / ATTR prodrome,NONSPECIFIC_SUPPORT_REVIEW,,,,
I63.542,Cerebral infarction due to unspecified occlusion or stenosis of left cerebellar artery,17,6,SUPPLIED_895_LIST,,Musculoskeletal / ATTR prodrome,NONSPECIFIC_SUPPORT_REVIEW,,,,
I97.130,Postprocedural heart failure following cardiac surgery,38,6,SUPPLIED_465_LIST | SUPPLIED_895_LIST | ATOM_PHRASE_MATCH,Tier 3 — Organ-context signals (nonspecific alone),Cardiac signals,NONSPECIFIC_SUPPORT_REVIEW,hf_any | orthopedic_to_cardiac_trajectory,Heart failure | Long orthopedic prodrome followed years later by cardiac disease,"hf_any:7.0(phrase;tokens=failure,heart) | orthopedic_to_cardiac_trajectory:3.0(tokens=cardiac,failure,follow,heart,surgery)",
M48.03,"Spinal stenosis, cervicothoracic region",24,6,SUPPLIED_895_LIST | CONFIGURED_ICD_CATEGORY,,Neurologic / autonomic signals | Musculoskeletal / ATTR prodrome,NONSPECIFIC_SUPPORT_REVIEW,lumbar_stenosis,Lumbar spinal stenosis,"lumbar_stenosis:4.0(same_icd_category;tokens=spinal,stenosi)",
N02.0,Recurrent and persistent hematuria with minor glomerular abnormality,47,6,SUPPLIED_895_LIST,,Renal signals,NONSPECIFIC_SUPPORT_REVIEW,,,,
N14.0,Analgesic nephropathy,20,6,SUPPLIED_895_LIST,,Renal signals,NONSPECIFIC_SUPPORT_REVIEW,,,,
B16.1,Acute hepatitis B with delta-agent without hepatic coma,34,5,SUPPLIED_895_LIST,,GI / hepatobiliary signals,NONSPECIFIC_SUPPORT_REVIEW,,,,
I63.219,Cerebral infarction due to unspecified occlusion or stenosis of unspecified vertebral artery,27,5,SUPPLIED_895_LIST,,Musculoskeletal / ATTR prodrome,NONSPECIFIC_SUPPORT_REVIEW,,,,
K71.0,Toxic liver disease with cholestasis,20,5,SUPPLIED_895_LIST,,GI / hepatobiliary signals,NONSPECIFIC_SUPPORT_REVIEW,,,,
K71.7,Toxic liver disease with fibrosis and cirrhosis of liver,113,5,SUPPLIED_895_LIST,,GI / hepatobiliary signals,NONSPECIFIC_SUPPORT_REVIEW,,,,
K72.11,Chronic hepatic failure with coma,192,5,SUPPLIED_895_LIST,,GI / hepatobiliary signals,NONSPECIFIC_SUPPORT_REVIEW,,,,
K76.5,Hepatic veno-occlusive disease,543,5,SUPPLIED_895_LIST,,GI / hepatobiliary signals,NONSPECIFIC_SUPPORT_REVIEW,,,,
M47.813,"Spondylosis without myelopathy or radiculopathy, cervicothoracic region",34,5,SUPPLIED_895_LIST,,Neurologic / autonomic signals,NONSPECIFIC_SUPPORT_REVIEW,,,,
M51.14,"Intervertebral disc disorders with radiculopathy, thoracic region",66,5,SUPPLIED_895_LIST,,Neurologic / autonomic signals,NONSPECIFIC_SUPPORT_REVIEW,,,,
M99.71,Connective tissue and disc stenosis of intervertebral foramina of cervical region,16,5,SUPPLIED_895_LIST,,Musculoskeletal / ATTR prodrome,NONSPECIFIC_SUPPORT_REVIEW,,,,
H47.019,"Ischemic optic neuropathy, unspecified eye",14,4,SUPPLIED_895_LIST,,Neurologic / autonomic signals,NONSPECIFIC_SUPPORT_REVIEW,,,,
H61.309,"Acquired stenosis of external ear canal, unspecified, unspecified ear",13,4,SUPPLIED_895_LIST,,Musculoskeletal / ATTR prodrome,NONSPECIFIC_SUPPORT_REVIEW,,,,
I63.529,Cerebral infarction due to unspecified occlusion or stenosis of unspecified anterior cerebral artery,16,4,SUPPLIED_895_LIST,,Musculoskeletal / ATTR prodrome,NONSPECIFIC_SUPPORT_REVIEW,,,,
M47.25,"Other spondylosis with radiculopathy, thoracolumbar region",21,4,SUPPLIED_895_LIST,,Neurologic / autonomic signals,NONSPECIFIC_SUPPORT_REVIEW,,,,
M48.08,"Spinal stenosis, sacral and sacrococcygeal region",11,4,SUPPLIED_895_LIST | CONFIGURED_ICD_CATEGORY,,Neurologic / autonomic signals | Musculoskeletal / ATTR prodrome,NONSPECIFIC_SUPPORT_REVIEW,lumbar_stenosis,Lumbar spinal stenosis,"lumbar_stenosis:4.0(same_icd_category;tokens=spinal,stenosi)",
M83.2,Adult osteomalacia due to malabsorption,5,4,SUPPLIED_895_LIST,,GI / hepatobiliary signals,NONSPECIFIC_SUPPORT_REVIEW,,,,
M99.53,Intervertebral disc stenosis of neural canal of lumbar region,10,4,SUPPLIED_895_LIST,,Musculoskeletal / ATTR prodrome,NONSPECIFIC_SUPPORT_REVIEW,lumbar_stenosis,Lumbar spinal stenosis,"lumbar_stenosis:3.0(tokens=canal,lumbar,stenosi)",
T82.858S,"Stenosis of other vascular prosthetic devices, implants and grafts, sequela",20,4,SUPPLIED_895_LIST,,Musculoskeletal / ATTR prodrome,NONSPECIFIC_SUPPORT_REVIEW,,,,
A52.15,Late syphilitic neuropathy,28,3,SUPPLIED_895_LIST,,Neurologic / autonomic signals,NONSPECIFIC_SUPPORT_REVIEW,,,,
B16.0,Acute hepatitis B with delta-agent with hepatic coma,6,3,SUPPLIED_895_LIST,,GI / hepatobiliary signals,NONSPECIFIC_SUPPORT_REVIEW,,,,
D36.16,Benign neoplasm of peripheral nerves and autonomic nervous system of pelvis,15,3,SUPPLIED_895_LIST,,Neurologic / autonomic signals,NONSPECIFIC_SUPPORT_REVIEW,dysautonomia,Autonomic dysfunction / dysautonomia,"dysautonomia:3.0(tokens=autonomic,nervou,system)",
G13.0,Paraneoplastic neuromyopathy and neuropathy,12,3,SUPPLIED_895_LIST,,Neurologic / autonomic signals,NONSPECIFIC_SUPPORT_REVIEW,,,,
G44.091,"Other trigeminal autonomic cephalgias (TAC), intractable",11,3,SUPPLIED_895_LIST,,Neurologic / autonomic signals,NONSPECIFIC_SUPPORT_REVIEW,,,,
G59,Mononeuropathy in diseases classified elsewhere,17,3,SUPPLIED_895_LIST,,Neurologic / autonomic signals,NONSPECIFIC_SUPPORT_REVIEW,,,,
H04.542,Stenosis of left lacrimal canaliculi,21,3,SUPPLIED_895_LIST | CONFIGURED_ICD_CATEGORY,,Musculoskeletal / ATTR prodrome,NONSPECIFIC_SUPPORT_REVIEW,,,,
I31.31,Malignant pericardial effusion in diseases classified elsewhere,3,3,SUPPLIED_895_LIST | CONFIGURED_ICD_CATEGORY | ATOM_PHRASE_MATCH,,Cardiac signals,NONSPECIFIC_SUPPORT_REVIEW,pericardial_effusion,Pericardial effusion,"pericardial_effusion:9.0(phrase;same_icd_category;tokens=effusion,pericardial)",
I36.0,Nonrheumatic tricuspid (valve) stenosis,22,3,SUPPLIED_895_LIST,,Musculoskeletal / ATTR prodrome,NONSPECIFIC_SUPPORT_REVIEW,,,,
I63.213,Cerebral infarction due to unspecified occlusion or stenosis of bilateral vertebral arteries,4,3,SUPPLIED_895_LIST,,Musculoskeletal / ATTR prodrome,NONSPECIFIC_SUPPORT_REVIEW,,,,
I63.533,Cerebral infarction due to unspecified occlusion or stenosis of bilateral posterior cerebral arteries,12,3,SUPPLIED_895_LIST,,Musculoskeletal / ATTR prodrome,NONSPECIFIC_SUPPORT_REVIEW,,,,
I66.03,Occlusion and stenosis of bilateral middle cerebral arteries,4,3,SUPPLIED_895_LIST,,Musculoskeletal / ATTR prodrome,NONSPECIFIC_SUPPORT_REVIEW,,,,
I66.22,Occlusion and stenosis of left posterior cerebral artery,15,3,SUPPLIED_895_LIST,,Musculoskeletal / ATTR prodrome,NONSPECIFIC_SUPPORT_REVIEW,,,,
I66.3,Occlusion and stenosis of cerebellar arteries,28,3,SUPPLIED_895_LIST,,Musculoskeletal / ATTR prodrome,NONSPECIFIC_SUPPORT_REVIEW,,,,
K31.2,Hourglass stricture and stenosis of stomach,47,3,SUPPLIED_895_LIST | CONFIGURED_ICD_CATEGORY,,Musculoskeletal / ATTR prodrome,NONSPECIFIC_SUPPORT_REVIEW,delayed_gastric_emptying | gastroparesis,Gastroparesis / delayed gastric emptying | delayed gastric emptying,delayed_gastric_emptying:3.0(same_icd_category;tokens=stomach) | gastroparesis:3.0(same_icd_category;tokens=stomach),
K74.1,Hepatic sclerosis,15,3,SUPPLIED_895_LIST,,GI / hepatobiliary signals,NONSPECIFIC_SUPPORT_REVIEW,,,,
M35.04,Sjogren syndrome with tubulo-interstitial nephropathy,22,3,SUPPLIED_895_LIST | CONFIGURED_ICD_CATEGORY,,Renal signals,NONSPECIFIC_SUPPORT_REVIEW,autoimmune_disease,autoimmune disease,autoimmune_disease:3.0(same_icd_category;tokens=sjogren),
M50.11,"Cervical disc disorder with radiculopathy, high cervical region",4,3,SUPPLIED_895_LIST,,Neurologic / autonomic signals,NONSPECIFIC_SUPPORT_REVIEW,,,,
M54.11,"Radiculopathy, occipito-atlanto-axial region",29,3,SUPPLIED_895_LIST,,Neurologic / autonomic signals,NONSPECIFIC_SUPPORT_REVIEW,,,,
M99.51,Intervertebral disc stenosis of neural canal of cervical region,5,3,SUPPLIED_895_LIST,,Musculoskeletal / ATTR prodrome,NONSPECIFIC_SUPPORT_REVIEW,,,,
N03.3,Chronic nephritic syndrome with diffuse mesangial proliferative glomerulonephritis,2897,3,SUPPLIED_895_LIST,,Renal signals,NONSPECIFIC_SUPPORT_REVIEW,,,,
N05.7,Unspecified nephritic syndrome with diffuse crescentic glomerulonephritis,69,3,SUPPLIED_895_LIST,,Renal signals,NONSPECIFIC_SUPPORT_REVIEW,,,,
N14.11,Contrast-induced nephropathy,5,3,SUPPLIED_895_LIST,,Renal signals,NONSPECIFIC_SUPPORT_REVIEW,,,,
N14.2,"Nephropathy induced by unspecified drug, medicament or biological substance",23,3,SUPPLIED_895_LIST,,Renal signals,NONSPECIFIC_SUPPORT_REVIEW,,,,
S46.009D,"Unspecified injury of muscle(s) and tendon(s) of the rotator cuff of unspecified shoulder, subsequent encounter",160,3,SUPPLIED_895_LIST | CONFIGURED_ICD_CATEGORY,,Musculoskeletal / ATTR prodrome,NONSPECIFIC_SUPPORT_REVIEW,biceps_rupture | rotator_cuff | shoulder_disorder,"Other shoulder disorder | Rotator cuff tear / repair | Spontaneous distal biceps tendon rupture (""Popeye sign"")","biceps_rupture:3.0(same_icd_category;tokens=tendon) | rotator_cuff:3.0(tokens=cuff,rotator,shoulder) | shoulder_disorder:3.0(tokens=cuff,rotator,shoulder)",
S46.019A,"Strain of muscle(s) and tendon(s) of the rotator cuff of unspecified shoulder, initial encounter",21,3,SUPPLIED_895_LIST | CONFIGURED_ICD_CATEGORY,,Musculoskeletal / ATTR prodrome,NONSPECIFIC_SUPPORT_REVIEW,biceps_rupture | rotator_cuff | shoulder_disorder,"Other shoulder disorder | Rotator cuff tear / repair | Spontaneous distal biceps tendon rupture (""Popeye sign"")","biceps_rupture:3.0(same_icd_category;tokens=tendon) | rotator_cuff:3.0(tokens=cuff,rotator,shoulder) | shoulder_disorder:3.0(tokens=cuff,rotator,shoulder)",
T82.855A,"Stenosis of coronary artery stent, initial encounter",21,3,SUPPLIED_895_LIST,,Musculoskeletal / ATTR prodrome,NONSPECIFIC_SUPPORT_REVIEW,,,,
B17.11,Acute hepatitis C with hepatic coma,62,2,SUPPLIED_895_LIST,,GI / hepatobiliary signals,NONSPECIFIC_SUPPORT_REVIEW,,,,
G58.0,Intercostal neuropathy,7,2,SUPPLIED_895_LIST,,Neurologic / autonomic signals,NONSPECIFIC_SUPPORT_REVIEW,,,,
H04.543,Stenosis of bilateral lacrimal canaliculi,7,2,SUPPLIED_895_LIST | CONFIGURED_ICD_CATEGORY,,Musculoskeletal / ATTR prodrome,NONSPECIFIC_SUPPORT_REVIEW,,,,
H04.562,Stenosis of left lacrimal punctum,24,2,SUPPLIED_895_LIST | CONFIGURED_ICD_CATEGORY,,Musculoskeletal / ATTR prodrome,NONSPECIFIC_SUPPORT_REVIEW,,,,
H46.3,Toxic optic neuropathy,3,2,SUPPLIED_895_LIST,,Neurologic / autonomic signals,NONSPECIFIC_SUPPORT_REVIEW,,,,
I63.513,Cerebral infarction due to unspecified occlusion or stenosis of bilateral middle cerebral arteries,3,2,SUPPLIED_895_LIST,,Musculoskeletal / ATTR prodrome,NONSPECIFIC_SUPPORT_REVIEW,,,,
I63.549,Cerebral infarction due to unspecified occlusion or stenosis of unspecified cerebellar artery,77,2,SUPPLIED_895_LIST,,Musculoskeletal / ATTR prodrome,NONSPECIFIC_SUPPORT_REVIEW,,,,
I66.09,Occlusion and stenosis of unspecified middle cerebral artery,46,2,SUPPLIED_895_LIST,,Musculoskeletal / ATTR prodrome,NONSPECIFIC_SUPPORT_REVIEW,,,,
I66.21,Occlusion and stenosis of right posterior cerebral artery,3,2,SUPPLIED_895_LIST,,Musculoskeletal / ATTR prodrome,NONSPECIFIC_SUPPORT_REVIEW,,,,
I66.29,Occlusion and stenosis of unspecified posterior cerebral artery,14,2,SUPPLIED_895_LIST,,Musculoskeletal / ATTR prodrome,NONSPECIFIC_SUPPORT_REVIEW,,,,
J95.5,Postprocedural subglottic stenosis,8,2,SUPPLIED_895_LIST,,Musculoskeletal / ATTR prodrome,NONSPECIFIC_SUPPORT_REVIEW,,,,
K74.2,Hepatic fibrosis with hepatic sclerosis,2,2,SUPPLIED_895_LIST,,GI / hepatobiliary signals,NONSPECIFIC_SUPPORT_REVIEW,,,,
M99.31,Osseous stenosis of neural canal of cervical region,3,2,SUPPLIED_895_LIST,,Musculoskeletal / ATTR prodrome,NONSPECIFIC_SUPPORT_REVIEW,,,,
M99.72,Connective tissue and disc stenosis of intervertebral foramina of thoracic region,15,2,SUPPLIED_895_LIST,,Musculoskeletal / ATTR prodrome,NONSPECIFIC_SUPPORT_REVIEW,,,,
N01.4,Rapidly progressive nephritic syndrome with diffuse endocapillary proliferative glomerulonephritis,24,2,SUPPLIED_895_LIST,,Renal signals,NONSPECIFIC_SUPPORT_REVIEW,,,,
N02.1,Recurrent and persistent hematuria with focal and segmental glomerular lesions,12,2,SUPPLIED_895_LIST,,Renal signals,NONSPECIFIC_SUPPORT_REVIEW,,,,
N05.3,Unspecified nephritic syndrome with diffuse mesangial proliferative glomerulonephritis,36,2,SUPPLIED_895_LIST,,Renal signals,NONSPECIFIC_SUPPORT_REVIEW,,,,
N06.1,Isolated proteinuria with focal and segmental glomerular lesions,5,2,SUPPLIED_895_LIST,,Renal signals,NONSPECIFIC_SUPPORT_REVIEW,,,,
N08,Glomerular disorders in diseases classified elsewhere,7,2,SUPPLIED_895_LIST,,Renal signals,NONSPECIFIC_SUPPORT_REVIEW,,,,
R80.3,Bence Jones proteinuria,34,2,SUPPLIED_895_LIST | CONFIGURED_ICD_CATEGORY,,Renal signals,NONSPECIFIC_SUPPORT_REVIEW,persistent_proteinuria | progressive_proteinuria,Persistent proteinuria | Progressive proteinuria,persistent_proteinuria:3.0(same_icd_category;tokens=proteinuria) | progressive_proteinuria:3.0(same_icd_category;tokens=proteinuria),
S43.422S,"Sprain of left rotator cuff capsule, sequela",2,2,SUPPLIED_895_LIST,,Musculoskeletal / ATTR prodrome,NONSPECIFIC_SUPPORT_REVIEW,,,,
S46.001S,"Unspecified injury of muscle(s) and tendon(s) of the rotator cuff of right shoulder, sequela",3,2,SUPPLIED_895_LIST | CONFIGURED_ICD_CATEGORY,,Musculoskeletal / ATTR prodrome,NONSPECIFIC_SUPPORT_REVIEW,biceps_rupture | rotator_cuff | shoulder_disorder,"Other shoulder disorder | Rotator cuff tear / repair | Spontaneous distal biceps tendon rupture (""Popeye sign"")","biceps_rupture:3.0(same_icd_category;tokens=tendon) | rotator_cuff:3.0(tokens=cuff,rotator,shoulder) | shoulder_disorder:3.0(tokens=cuff,rotator,shoulder)",
S46.009S,"Unspecified injury of muscle(s) and tendon(s) of the rotator cuff of unspecified shoulder, sequela",3,2,SUPPLIED_895_LIST | CONFIGURED_ICD_CATEGORY,,Musculoskeletal / ATTR prodrome,NONSPECIFIC_SUPPORT_REVIEW,biceps_rupture | rotator_cuff | shoulder_disorder,"Other shoulder disorder | Rotator cuff tear / repair | Spontaneous distal biceps tendon rupture (""Popeye sign"")","biceps_rupture:3.0(same_icd_category;tokens=tendon) | rotator_cuff:3.0(tokens=cuff,rotator,shoulder) | shoulder_disorder:3.0(tokens=cuff,rotator,shoulder)",
S46.019D,"Strain of muscle(s) and tendon(s) of the rotator cuff of unspecified shoulder, subsequent encounter",4,2,SUPPLIED_895_LIST | CONFIGURED_ICD_CATEGORY,,Musculoskeletal / ATTR prodrome,NONSPECIFIC_SUPPORT_REVIEW,biceps_rupture | rotator_cuff | shoulder_disorder,"Other shoulder disorder | Rotator cuff tear / repair | Spontaneous distal biceps tendon rupture (""Popeye sign"")","biceps_rupture:3.0(same_icd_category;tokens=tendon) | rotator_cuff:3.0(tokens=cuff,rotator,shoulder) | shoulder_disorder:3.0(tokens=cuff,rotator,shoulder)",
S46.091A,"Other injury of muscle(s) and tendon(s) of the rotator cuff of right shoulder, initial encounter",4,2,SUPPLIED_895_LIST | CONFIGURED_ICD_CATEGORY,,Musculoskeletal / ATTR prodrome,NONSPECIFIC_SUPPORT_REVIEW,biceps_rupture | rotator_cuff | shoulder_disorder,"Other shoulder disorder | Rotator cuff tear / repair | Spontaneous distal biceps tendon rupture (""Popeye sign"")","biceps_rupture:3.0(same_icd_category;tokens=tendon) | rotator_cuff:3.0(tokens=cuff,rotator,shoulder) | shoulder_disorder:3.0(tokens=cuff,rotator,shoulder)",
S46.092A,"Other injury of muscle(s) and tendon(s) of the rotator cuff of left shoulder, initial encounter",2,2,SUPPLIED_895_LIST | CONFIGURED_ICD_CATEGORY,,Musculoskeletal / ATTR prodrome,NONSPECIFIC_SUPPORT_REVIEW,biceps_rupture | rotator_cuff | shoulder_disorder,"Other shoulder disorder | Rotator cuff tear / repair | Spontaneous distal biceps tendon rupture (""Popeye sign"")","biceps_rupture:3.0(same_icd_category;tokens=tendon) | rotator_cuff:3.0(tokens=cuff,rotator,shoulder) | shoulder_disorder:3.0(tokens=cuff,rotator,shoulder)",
T44.904A,"Poisoning by unspecified drugs primarily affecting the autonomic nervous system, undetermined, initial encounter",5,2,SUPPLIED_895_LIST,,Neurologic / autonomic signals,NONSPECIFIC_SUPPORT_REVIEW,dysautonomia,Autonomic dysfunction / dysautonomia,"dysautonomia:3.0(tokens=autonomic,nervou,system)",
T82.857S,"Stenosis of other cardiac prosthetic devices, implants and grafts, sequela",2,2,SUPPLIED_895_LIST,,Musculoskeletal / ATTR prodrome,NONSPECIFIC_SUPPORT_REVIEW,,,,
T85.858D,"Stenosis due to other internal prosthetic devices, implants and grafts, subsequent encounter",9,2,SUPPLIED_895_LIST,,Musculoskeletal / ATTR prodrome,NONSPECIFIC_SUPPORT_REVIEW,,,,
B16.2,Acute hepatitis B without delta-agent with hepatic coma,22,1,SUPPLIED_895_LIST,,GI / hepatobiliary signals,NONSPECIFIC_SUPPORT_REVIEW,,,,
C47.0,"Malignant neoplasm of peripheral nerves of head, face and neck",1,1,SUPPLIED_895_LIST,,Neurologic / autonomic signals,NONSPECIFIC_SUPPORT_REVIEW,,,,
C47.3,Malignant neoplasm of peripheral nerves of thorax,6,1,SUPPLIED_895_LIST,,Neurologic / autonomic signals,NONSPECIFIC_SUPPORT_REVIEW,,,,
C47.4,Malignant neoplasm of peripheral nerves of abdomen,8,1,SUPPLIED_895_LIST,,Neurologic / autonomic signals,NONSPECIFIC_SUPPORT_REVIEW,,,,
D73.2,Chronic congestive splenomegaly,17,1,SUPPLIED_465_LIST | SUPPLIED_895_LIST,Tier 3 — Organ-context signals (nonspecific alone),GI / hepatobiliary signals,NONSPECIFIC_SUPPORT_REVIEW,,,,
H04.561,Stenosis of right lacrimal punctum,12,1,SUPPLIED_895_LIST | CONFIGURED_ICD_CATEGORY,,Musculoskeletal / ATTR prodrome,NONSPECIFIC_SUPPORT_REVIEW,,,,
H46.2,Nutritional optic neuropathy,1,1,SUPPLIED_895_LIST,,Neurologic / autonomic signals,NONSPECIFIC_SUPPORT_REVIEW,,,,
H61.311,Acquired stenosis of right external ear canal secondary to trauma,5,1,SUPPLIED_895_LIST,,Musculoskeletal / ATTR prodrome,NONSPECIFIC_SUPPORT_REVIEW,,,,
H95.811,Postprocedural stenosis of right external ear canal,1,1,SUPPLIED_895_LIST,,Musculoskeletal / ATTR prodrome,NONSPECIFIC_SUPPORT_REVIEW,,,,
I07.2,Rheumatic tricuspid stenosis and insufficiency,2,1,SUPPLIED_895_LIST,,Musculoskeletal / ATTR prodrome,NONSPECIFIC_SUPPORT_REVIEW,,,,
I09.81,Rheumatic heart failure,1,1,SUPPLIED_465_LIST | SUPPLIED_895_LIST | ATOM_PHRASE_MATCH,Tier 3 — Organ-context signals (nonspecific alone),Cardiac signals,NONSPECIFIC_SUPPORT_REVIEW,hf_any,Heart failure,"hf_any:7.0(phrase;tokens=failure,heart)",
I63.523,Cerebral infarction due to unspecified occlusion or stenosis of bilateral anterior cerebral arteries,2,1,SUPPLIED_895_LIST,,Musculoskeletal / ATTR prodrome,NONSPECIFIC_SUPPORT_REVIEW,,,,
I63.543,Cerebral infarction due to unspecified occlusion or stenosis of bilateral cerebellar arteries,4,1,SUPPLIED_895_LIST,,Musculoskeletal / ATTR prodrome,NONSPECIFIC_SUPPORT_REVIEW,,,,
I66.12,Occlusion and stenosis of left anterior cerebral artery,3,1,SUPPLIED_895_LIST,,Musculoskeletal / ATTR prodrome,NONSPECIFIC_SUPPORT_REVIEW,,,,
K71.2,Toxic liver disease with acute hepatitis,1,1,SUPPLIED_895_LIST,,GI / hepatobiliary signals,NONSPECIFIC_SUPPORT_REVIEW,,,,
K71.51,Toxic liver disease with chronic active hepatitis with ascites,2,1,SUPPLIED_465_LIST | SUPPLIED_895_LIST,Tier 3 — Organ-context signals (nonspecific alone),GI / hepatobiliary signals,NONSPECIFIC_SUPPORT_REVIEW,,,,
M34.83,Systemic sclerosis with polyneuropathy,1,1,SUPPLIED_895_LIST,,Neurologic / autonomic signals,NONSPECIFIC_SUPPORT_REVIEW,,,,
M47.811,"Spondylosis without myelopathy or radiculopathy, occipito-atlanto-axial region",1,1,SUPPLIED_895_LIST,,Neurologic / autonomic signals,NONSPECIFIC_SUPPORT_REVIEW,,,,
M99.21,Subluxation stenosis of neural canal of cervical region,3,1,SUPPLIED_895_LIST,,Musculoskeletal / ATTR prodrome,NONSPECIFIC_SUPPORT_REVIEW,,,,
M99.33,Osseous stenosis of neural canal of lumbar region,1,1,SUPPLIED_895_LIST,,Musculoskeletal / ATTR prodrome,NONSPECIFIC_SUPPORT_REVIEW,lumbar_stenosis,Lumbar spinal stenosis,"lumbar_stenosis:3.0(tokens=canal,lumbar,stenosi)",
M99.52,Intervertebral disc stenosis of neural canal of thoracic region,8,1,SUPPLIED_895_LIST,,Musculoskeletal / ATTR prodrome,NONSPECIFIC_SUPPORT_REVIEW,,,,
M99.59,Intervertebral disc stenosis of neural canal of abdomen and other regions,7,1,SUPPLIED_895_LIST,,Musculoskeletal / ATTR prodrome,NONSPECIFIC_SUPPORT_REVIEW,,,,
M99.63,Osseous and subluxation stenosis of intervertebral foramina of lumbar region,1,1,SUPPLIED_895_LIST,,Musculoskeletal / ATTR prodrome,NONSPECIFIC_SUPPORT_REVIEW,,,,
N00.2,Acute nephritic syndrome with diffuse membranous glomerulonephritis,4,1,SUPPLIED_895_LIST,,Renal signals,NONSPECIFIC_SUPPORT_REVIEW,,,,
N00.7,Acute nephritic syndrome with diffuse crescentic glomerulonephritis,53,1,SUPPLIED_895_LIST,,Renal signals,NONSPECIFIC_SUPPORT_REVIEW,,,,
N01.7,Rapidly progressive nephritic syndrome with diffuse crescentic glomerulonephritis,6,1,SUPPLIED_895_LIST,,Renal signals,NONSPECIFIC_SUPPORT_REVIEW,,,,
N02.7,Recurrent and persistent hematuria with diffuse crescentic glomerulonephritis,1,1,SUPPLIED_895_LIST,,Renal signals,NONSPECIFIC_SUPPORT_REVIEW,,,,
N03.A,Chronic nephritic syndrome with C3 glomerulonephritis,1,1,SUPPLIED_895_LIST,,Renal signals,NONSPECIFIC_SUPPORT_REVIEW,,,,
N05.A,Unspecified nephritic syndrome with C3 glomerulonephritis,4,1,SUPPLIED_895_LIST,,Renal signals,NONSPECIFIC_SUPPORT_REVIEW,,,,
N06.20,"Isolated proteinuria with diffuse membranous glomerulonephritis, unspecified",6,1,SUPPLIED_895_LIST,,Renal signals,NONSPECIFIC_SUPPORT_REVIEW,,,,
N06.21,Primary membranous nephropathy with isolated proteinuria,11,1,SUPPLIED_895_LIST,,Renal signals,NONSPECIFIC_SUPPORT_REVIEW,,,,
N06.22,Secondary membranous nephropathy with isolated proteinuria,3,1,SUPPLIED_895_LIST,,Renal signals,NONSPECIFIC_SUPPORT_REVIEW,,,,
N06.6,Isolated proteinuria with dense deposit disease,1,1,SUPPLIED_895_LIST,,Renal signals,NONSPECIFIC_SUPPORT_REVIEW,,,,
N06.7,Isolated proteinuria with diffuse crescentic glomerulonephritis,2,1,SUPPLIED_895_LIST,,Renal signals,NONSPECIFIC_SUPPORT_REVIEW,,,,
N07.0,"Hereditary nephropathy, not elsewhere classified with minor glomerular abnormality",8,1,SUPPLIED_895_LIST,,Renal signals,NONSPECIFIC_SUPPORT_REVIEW,,,,
N07.3,"Hereditary nephropathy, not elsewhere classified with diffuse mesangial proliferative glomerulonephritis",48,1,SUPPLIED_895_LIST,,Renal signals,NONSPECIFIC_SUPPORT_REVIEW,,,,
N07.6,"Hereditary nephropathy, not elsewhere classified with dense deposit disease",6,1,SUPPLIED_895_LIST,,Renal signals,NONSPECIFIC_SUPPORT_REVIEW,,,,
N07.9,"Hereditary nephropathy, not elsewhere classified with unspecified morphologic lesions",38,1,SUPPLIED_895_LIST,,Renal signals,NONSPECIFIC_SUPPORT_REVIEW,,,,
N13.721,"Vesicoureteral-reflux with reflux nephropathy without hydroureter, unilateral",7,1,SUPPLIED_895_LIST,,Renal signals,NONSPECIFIC_SUPPORT_REVIEW,,,,
N13.722,"Vesicoureteral-reflux with reflux nephropathy without hydroureter, bilateral",8,1,SUPPLIED_895_LIST,,Renal signals,NONSPECIFIC_SUPPORT_REVIEW,,,,
N13.739,"Vesicoureteral-reflux with reflux nephropathy with hydroureter, unspecified",7,1,SUPPLIED_895_LIST,,Renal signals,NONSPECIFIC_SUPPORT_REVIEW,,,,
N14.4,"Toxic nephropathy, not elsewhere classified",6,1,SUPPLIED_895_LIST,,Renal signals,NONSPECIFIC_SUPPORT_REVIEW,,,,
N99.524,Stenosis of incontinent stoma of urinary tract,6,1,SUPPLIED_895_LIST,,Musculoskeletal / ATTR prodrome,NONSPECIFIC_SUPPORT_REVIEW,,,,
O03.82,Renal failure following complete or unspecified spontaneous abortion,56,1,SUPPLIED_895_LIST | ATOM_PHRASE_MATCH,,Renal signals,NONSPECIFIC_SUPPORT_REVIEW,kidney_failure,Kidney failure / end-stage renal disease,"kidney_failure:7.0(phrase;tokens=failure,renal)",
O12.15,"Gestational proteinuria, complicating the puerperium",3,1,SUPPLIED_895_LIST,,Renal signals,NONSPECIFIC_SUPPORT_REVIEW,,,,
O12.23,"Gestational edema with proteinuria, third trimester",1,1,SUPPLIED_895_LIST,,Renal signals,NONSPECIFIC_SUPPORT_REVIEW,,,,
Q26.6,Portal vein-hepatic artery fistula,2,1,SUPPLIED_895_LIST,,GI / hepatobiliary signals,NONSPECIFIC_SUPPORT_REVIEW,,,,
Q61.8,Other cystic kidney diseases,2,1,SUPPLIED_895_LIST,,Renal signals,NONSPECIFIC_SUPPORT_REVIEW,,,,
S43.421S,"Sprain of right rotator cuff capsule, sequela",4,1,SUPPLIED_895_LIST,,Musculoskeletal / ATTR prodrome,NONSPECIFIC_SUPPORT_REVIEW,,,,
S43.429D,"Sprain of unspecified rotator cuff capsule, subsequent encounter",7,1,SUPPLIED_895_LIST,,Musculoskeletal / ATTR prodrome,NONSPECIFIC_SUPPORT_REVIEW,,,,
S46.019S,"Strain of muscle(s) and tendon(s) of the rotator cuff of unspecified shoulder, sequela",1,1,SUPPLIED_895_LIST | CONFIGURED_ICD_CATEGORY,,Musculoskeletal / ATTR prodrome,NONSPECIFIC_SUPPORT_REVIEW,biceps_rupture | rotator_cuff | shoulder_disorder,"Other shoulder disorder | Rotator cuff tear / repair | Spontaneous distal biceps tendon rupture (""Popeye sign"")","biceps_rupture:3.0(same_icd_category;tokens=tendon) | rotator_cuff:3.0(tokens=cuff,rotator,shoulder) | shoulder_disorder:3.0(tokens=cuff,rotator,shoulder)",
S46.022D,"Laceration of muscle(s) and tendon(s) of the rotator cuff of left shoulder, subsequent encounter",1,1,SUPPLIED_895_LIST | CONFIGURED_ICD_CATEGORY,,Musculoskeletal / ATTR prodrome,NONSPECIFIC_SUPPORT_REVIEW,biceps_rupture | rotator_cuff | shoulder_disorder,"Other shoulder disorder | Rotator cuff tear / repair | Spontaneous distal biceps tendon rupture (""Popeye sign"")","biceps_rupture:3.0(same_icd_category;tokens=tendon) | rotator_cuff:3.0(tokens=cuff,rotator,shoulder) | shoulder_disorder:3.0(tokens=cuff,rotator,shoulder)",
T44.995S,"Adverse effect of other drug primarily affecting the autonomic nervous system, sequela",1,1,SUPPLIED_895_LIST,,Neurologic / autonomic signals,NONSPECIFIC_SUPPORT_REVIEW,dysautonomia,Autonomic dysfunction / dysautonomia,"dysautonomia:3.0(tokens=autonomic,nervou,system)",
T82.855D,"Stenosis of coronary artery stent, subsequent encounter",1,1,SUPPLIED_895_LIST,,Musculoskeletal / ATTR prodrome,NONSPECIFIC_SUPPORT_REVIEW,,,,
T82.856A,"Stenosis of peripheral vascular stent, initial encounter",2,1,SUPPLIED_895_LIST,,Musculoskeletal / ATTR prodrome,NONSPECIFIC_SUPPORT_REVIEW,,,,
T83.85XA,"Stenosis due to genitourinary prosthetic devices, implants and grafts, initial encounter",2,1,SUPPLIED_895_LIST,,Musculoskeletal / ATTR prodrome,NONSPECIFIC_SUPPORT_REVIEW,,,,
T85.732D,"Infection and inflammatory reaction due to implanted electronic neurostimulator of peripheral nerve, electrode (lead), subsequent encounter",1,1,SUPPLIED_895_LIST,,Neurologic / autonomic signals,NONSPECIFIC_SUPPORT_REVIEW,,,,
T85.858S,"Stenosis due to other internal prosthetic devices, implants and grafts, sequela",16,1,SUPPLIED_895_LIST,,Musculoskeletal / ATTR prodrome,NONSPECIFIC_SUPPORT_REVIEW,,,,
P59.9,"Neonatal jaundice, unspecified",263500,13581,SUPPLIED_895_LIST,,GI / hepatobiliary signals,ALTERNATIVE_OR_GUARDRAIL_REVIEW,,,,EXPLICIT_ALTERNATIVE_ETIOLOGY
E11.22,Type 2 diabetes mellitus with diabetic chronic kidney disease,321367,5944,SUPPLIED_465_LIST | SUPPLIED_895_LIST | CONFIGURED_ICD_CATEGORY | ATOM_PHRASE_MATCH,Tier 3 — Organ-context signals (nonspecific alone),Renal signals,ALTERNATIVE_OR_GUARDRAIL_REVIEW,diabetes | renal_dysfunction,Renal dysfunction / chronic kidney disease | diabetes,"diabetes:10.0(phrase;same_icd_category;tokens=diabete,diabetic,mellitu,type) | renal_dysfunction:7.0(phrase;tokens=chronic,kidney)",EXPLICIT_ALTERNATIVE_ETIOLOGY
Z11.1,Encounter for screening for respiratory tuberculosis,20974,5278,SUPPLIED_465_LIST | SUPPLIED_895_LIST,Tier 3 — Organ-context signals (nonspecific alone),Inflammatory / AA pathway,ALTERNATIVE_OR_GUARDRAIL_REVIEW,,,,EXPLICIT_ALTERNATIVE_ETIOLOGY | AA_PATHWAY_NOT_ATTR_POSITIVE_EVIDENCE
E11.40,"Type 2 diabetes mellitus with diabetic neuropathy, unspecified",48554,3681,SUPPLIED_895_LIST | CONFIGURED_ICD_CATEGORY | ATOM_PHRASE_MATCH,,Neurologic / autonomic signals,ALTERNATIVE_OR_GUARDRAIL_REVIEW,diabetes,diabetes,"diabetes:10.0(phrase;same_icd_category;tokens=diabete,diabetic,mellitu,type)",EXPLICIT_ALTERNATIVE_ETIOLOGY
K70.31,Alcoholic cirrhosis of liver with ascites,97828,1919,SUPPLIED_465_LIST | SUPPLIED_895_LIST,Tier 3 — Organ-context signals (nonspecific alone),GI / hepatobiliary signals,ALTERNATIVE_OR_GUARDRAIL_REVIEW,,,,EXPLICIT_ALTERNATIVE_ETIOLOGY
M86.9,"Osteomyelitis, unspecified",43340,1532,SUPPLIED_465_LIST | SUPPLIED_895_LIST,Tier 3 — Organ-context signals (nonspecific alone),Inflammatory / AA pathway,ALTERNATIVE_OR_GUARDRAIL_REVIEW,,,,AA_PATHWAY_NOT_ATTR_POSITIVE_EVIDENCE
M06.9,"Rheumatoid arthritis, unspecified",20892,1342,SUPPLIED_465_LIST | SUPPLIED_895_LIST | ATOM_PHRASE_MATCH,Tier 3 — Organ-context signals (nonspecific alone),Inflammatory / AA pathway,ALTERNATIVE_OR_GUARDRAIL_REVIEW,autoimmune_disease | chronic_inflammatory_arthritis,Chronic inflammatory joint disease | autoimmune disease,"autoimmune_disease:7.0(phrase;tokens=arthriti,rheumatoid) | chronic_inflammatory_arthritis:7.0(phrase;tokens=arthriti,rheumatoid)",EXPLICIT_ALTERNATIVE_ETIOLOGY | AA_PATHWAY_NOT_ATTR_POSITIVE_EVIDENCE
M05.79,Rheumatoid arthritis with rheumatoid factor of multiple sites without organ or systems involvement,74707,1253,SUPPLIED_465_LIST | SUPPLIED_895_LIST | ATOM_PHRASE_MATCH,Tier 3 — Organ-context signals (nonspecific alone),Inflammatory / AA pathway,ALTERNATIVE_OR_GUARDRAIL_REVIEW,autoimmune_disease | chronic_inflammatory_arthritis,Chronic inflammatory joint disease | autoimmune disease,"autoimmune_disease:7.0(phrase;tokens=arthriti,rheumatoid) | chronic_inflammatory_arthritis:7.0(phrase;tokens=arthriti,rheumatoid)",EXPLICIT_ALTERNATIVE_ETIOLOGY | AA_PATHWAY_NOT_ATTR_POSITIVE_EVIDENCE
I12.0,Hypertensive chronic kidney disease with stage 5 chronic kidney disease or end stage renal disease,82780,1035,SUPPLIED_465_LIST | SUPPLIED_895_LIST | ATOM_PHRASE_MATCH,Tier 3 — Organ-context signals (nonspecific alone),Renal signals,ALTERNATIVE_OR_GUARDRAIL_REVIEW,kidney_failure | renal_dysfunction,Kidney failure / end-stage renal disease | Renal dysfunction / chronic kidney disease,"kidney_failure:8.0(phrase;tokens=end,kidney,renal,stage) | renal_dysfunction:8.0(phrase;tokens=chronic,kidney,renal,stage)",EXPLICIT_ALTERNATIVE_ETIOLOGY
K59.03,Drug induced constipation,5982,931,SUPPLIED_895_LIST | CONFIGURED_ICD_CATEGORY,,GI / hepatobiliary signals,ALTERNATIVE_OR_GUARDRAIL_REVIEW,constipation,constipation,constipation:3.0(same_icd_category;tokens=constip),EXPLICIT_ALTERNATIVE_ETIOLOGY
B19.20,Unspecified viral hepatitis C without hepatic coma,19316,911,SUPPLIED_895_LIST,,GI / hepatobiliary signals,ALTERNATIVE_OR_GUARDRAIL_REVIEW,,,,EXPLICIT_ALTERNATIVE_ETIOLOGY
Z22.7,Latent tuberculosis,3402,577,SUPPLIED_465_LIST | SUPPLIED_895_LIST,Tier 3 — Organ-context signals (nonspecific alone),Inflammatory / AA pathway,ALTERNATIVE_OR_GUARDRAIL_REVIEW,,,,EXPLICIT_ALTERNATIVE_ETIOLOGY | AA_PATHWAY_NOT_ATTR_POSITIVE_EVIDENCE
M05.9,"Rheumatoid arthritis with rheumatoid factor, unspecified",15239,495,SUPPLIED_465_LIST | SUPPLIED_895_LIST | ATOM_PHRASE_MATCH,Tier 3 — Organ-context signals (nonspecific alone),Inflammatory / AA pathway,ALTERNATIVE_OR_GUARDRAIL_REVIEW,autoimmune_disease | chronic_inflammatory_arthritis,Chronic inflammatory joint disease | autoimmune disease,"autoimmune_disease:7.0(phrase;tokens=arthriti,rheumatoid) | chronic_inflammatory_arthritis:7.0(phrase;tokens=arthriti,rheumatoid)",EXPLICIT_ALTERNATIVE_ETIOLOGY | AA_PATHWAY_NOT_ATTR_POSITIVE_EVIDENCE
O13.3,"Gestational [pregnancy-induced] hypertension without significant proteinuria, third trimester",2822,474,SUPPLIED_895_LIST,,Renal signals,ALTERNATIVE_OR_GUARDRAIL_REVIEW,,,,EXPLICIT_ALTERNATIVE_ETIOLOGY
R76.12,Nonspecific reaction to cell mediated immunity measurement of gamma interferon antigen response without active tuberculosis,2090,433,SUPPLIED_465_LIST | SUPPLIED_895_LIST | CONFIGURED_ICD_CATEGORY,Tier 3 — Organ-context signals (nonspecific alone),Inflammatory / AA pathway,ALTERNATIVE_OR_GUARDRAIL_REVIEW,autoimmune_disease,autoimmune disease,autoimmune_disease:3.0(same_icd_category;tokens=active),EXPLICIT_ALTERNATIVE_ETIOLOGY | AA_PATHWAY_NOT_ATTR_POSITIVE_EVIDENCE
R76.11,Nonspecific reaction to tuberculin skin test without active tuberculosis,1632,432,SUPPLIED_465_LIST | SUPPLIED_895_LIST | CONFIGURED_ICD_CATEGORY,Tier 3 — Organ-context signals (nonspecific alone),Inflammatory / AA pathway,ALTERNATIVE_OR_GUARDRAIL_REVIEW,autoimmune_disease,autoimmune disease,autoimmune_disease:3.0(same_icd_category;tokens=active),EXPLICIT_ALTERNATIVE_ETIOLOGY | AA_PATHWAY_NOT_ATTR_POSITIVE_EVIDENCE
E11.43,Type 2 diabetes mellitus with diabetic autonomic (poly)neuropathy,4867,422,SUPPLIED_465_LIST | SUPPLIED_895_LIST | CONFIGURED_ICD_CATEGORY | ATOM_PHRASE_MATCH,Tier 3 — Organ-context signals (nonspecific alone),Neurologic / autonomic signals,ALTERNATIVE_OR_GUARDRAIL_REVIEW,diabetes,diabetes,"diabetes:10.0(phrase;same_icd_category;tokens=diabete,diabetic,mellitu,type)",EXPLICIT_ALTERNATIVE_ETIOLOGY
M86.172,"Other acute osteomyelitis, left ankle and foot",11989,418,SUPPLIED_465_LIST | SUPPLIED_895_LIST,Tier 3 — Organ-context signals (nonspecific alone),Inflammatory / AA pathway,ALTERNATIVE_OR_GUARDRAIL_REVIEW,,,,AA_PATHWAY_NOT_ATTR_POSITIVE_EVIDENCE
M86.171,"Other acute osteomyelitis, right ankle and foot",11712,407,SUPPLIED_465_LIST | SUPPLIED_895_LIST,Tier 3 — Organ-context signals (nonspecific alone),Inflammatory / AA pathway,ALTERNATIVE_OR_GUARDRAIL_REVIEW,,,,AA_PATHWAY_NOT_ATTR_POSITIVE_EVIDENCE
Z20.1,Contact with and (suspected) exposure to tuberculosis,1348,349,SUPPLIED_465_LIST | SUPPLIED_895_LIST,Tier 3 — Organ-context signals (nonspecific alone),Inflammatory / AA pathway,ALTERNATIVE_OR_GUARDRAIL_REVIEW,,,,EXPLICIT_ALTERNATIVE_ETIOLOGY | AA_PATHWAY_NOT_ATTR_POSITIVE_EVIDENCE
Q10.5,Congenital stenosis and stricture of lacrimal duct,709,310,SUPPLIED_895_LIST,,Musculoskeletal / ATTR prodrome,ALTERNATIVE_OR_GUARDRAIL_REVIEW,,,,EXPLICIT_ALTERNATIVE_ETIOLOGY
G62.0,Drug-induced polyneuropathy,1857,261,SUPPLIED_895_LIST | CONFIGURED_ICD_CATEGORY,,Neurologic / autonomic signals,ALTERNATIVE_OR_GUARDRAIL_REVIEW,mild_sensory_polyneuropathy,Mild-to-moderate length-dependent sensory polyneuropathy,mild_sensory_polyneuropathy:3.0(same_icd_category;tokens=polyneuropathy),EXPLICIT_ALTERNATIVE_ETIOLOGY
K51.919,"Ulcerative colitis, unspecified with unspecified complications",5077,236,SUPPLIED_465_LIST | SUPPLIED_895_LIST | ATOM_PHRASE_MATCH,Tier 3 — Organ-context signals (nonspecific alone),Inflammatory / AA pathway,ALTERNATIVE_OR_GUARDRAIL_REVIEW,ibd_inflammatory_driver,Inflammatory bowel disease,"ibd_inflammatory_driver:7.0(phrase;tokens=coliti,ulcerative)",AA_PATHWAY_NOT_ATTR_POSITIVE_EVIDENCE
M06.09,"Rheumatoid arthritis without rheumatoid factor, multiple sites",7076,226,SUPPLIED_465_LIST | SUPPLIED_895_LIST | ATOM_PHRASE_MATCH,Tier 3 — Organ-context signals (nonspecific alone),Inflammatory / AA pathway,ALTERNATIVE_OR_GUARDRAIL_REVIEW,autoimmune_disease | chronic_inflammatory_arthritis,Chronic inflammatory joint disease | autoimmune disease,"autoimmune_disease:7.0(phrase;tokens=arthriti,rheumatoid) | chronic_inflammatory_arthritis:7.0(phrase;tokens=arthriti,rheumatoid)",EXPLICIT_ALTERNATIVE_ETIOLOGY | AA_PATHWAY_NOT_ATTR_POSITIVE_EVIDENCE
E10.42,Type 1 diabetes mellitus with diabetic polyneuropathy,3897,220,SUPPLIED_465_LIST | SUPPLIED_895_LIST | ATOM_PHRASE_MATCH,Tier 3 — Organ-context signals (nonspecific alone),Neurologic / autonomic signals,ALTERNATIVE_OR_GUARDRAIL_REVIEW,diabetes,diabetes,"diabetes:8.0(phrase;tokens=diabete,diabetic,mellitu,type)",EXPLICIT_ALTERNATIVE_ETIOLOGY
E13.42,Other specified diabetes mellitus with diabetic polyneuropathy,685,219,SUPPLIED_465_LIST | SUPPLIED_895_LIST | ATOM_PHRASE_MATCH,Tier 3 — Organ-context signals (nonspecific alone),Neurologic / autonomic signals,ALTERNATIVE_OR_GUARDRAIL_REVIEW,diabetes,diabetes,"diabetes:8.0(phrase;tokens=diabete,diabetic,mellitu)",EXPLICIT_ALTERNATIVE_ETIOLOGY
M86.671,"Other chronic osteomyelitis, right ankle and foot",4623,211,SUPPLIED_465_LIST | SUPPLIED_895_LIST | ATOM_PHRASE_MATCH,Tier 3 — Organ-context signals (nonspecific alone),Inflammatory / AA pathway,ALTERNATIVE_OR_GUARDRAIL_REVIEW,chronic_infection,Chronic or active infection,"chronic_infection:7.0(phrase;tokens=chronic,osteomyeliti)",AA_PATHWAY_NOT_ATTR_POSITIVE_EVIDENCE
E10.22,Type 1 diabetes mellitus with diabetic chronic kidney disease,6614,204,SUPPLIED_465_LIST | SUPPLIED_895_LIST | ATOM_PHRASE_MATCH,Tier 3 — Organ-context signals (nonspecific alone),Renal signals,ALTERNATIVE_OR_GUARDRAIL_REVIEW,diabetes | renal_dysfunction,Renal dysfunction / chronic kidney disease | diabetes,"diabetes:8.0(phrase;tokens=diabete,diabetic,mellitu,type) | renal_dysfunction:7.0(phrase;tokens=chronic,kidney)",EXPLICIT_ALTERNATIVE_ETIOLOGY
I13.2,"Hypertensive heart and chronic kidney disease with heart failure and with stage 5 chronic kidney disease, or end stage renal disease",912,194,SUPPLIED_465_LIST | SUPPLIED_895_LIST | CONFIGURED_ICD_CATEGORY | ATOM_PHRASE_MATCH,Tier 3 — Organ-context signals (nonspecific alone),Cardiac signals | Renal signals,ALTERNATIVE_OR_GUARDRAIL_REVIEW,hf_any | hfpef | hypertension | kidney_failure | renal_dysfunction,Heart failure | Heart failure with preserved ejection fraction | Hypertension | Kidney failure / end-stage renal disease | Renal dysfunction / chronic kidney disease,"kidney_failure:8.0(phrase;tokens=end,failure,kidney,renal,stage) | renal_dysfunction:8.0(phrase;tokens=chronic,kidney,renal,stage) | hf_any:7.0(phrase;tokens=failure,heart) | hfpef:3.0(tokens=chronic,failure,heart) | hypertension:3.0(same_icd_category;tokens=hypertensive)",EXPLICIT_ALTERNATIVE_ETIOLOGY
A15.0,Tuberculosis of lung,1144,191,SUPPLIED_465_LIST | SUPPLIED_895_LIST,Tier 3 — Organ-context signals (nonspecific alone),Inflammatory / AA pathway,ALTERNATIVE_OR_GUARDRAIL_REVIEW,,,,EXPLICIT_ALTERNATIVE_ETIOLOGY | AA_PATHWAY_NOT_ATTR_POSITIVE_EVIDENCE
E08.21,Diabetes mellitus due to underlying condition with diabetic nephropathy,10355,188,SUPPLIED_465_LIST | SUPPLIED_895_LIST | ATOM_PHRASE_MATCH,Tier 3 — Organ-context signals (nonspecific alone),Renal signals,ALTERNATIVE_OR_GUARDRAIL_REVIEW,diabetes,diabetes,"diabetes:8.0(phrase;tokens=diabete,diabetic,mellitu)",EXPLICIT_ALTERNATIVE_ETIOLOGY
M86.672,"Other chronic osteomyelitis, left ankle and foot",4076,187,SUPPLIED_465_LIST | SUPPLIED_895_LIST | ATOM_PHRASE_MATCH,Tier 3 — Organ-context signals (nonspecific alone),Inflammatory / AA pathway,ALTERNATIVE_OR_GUARDRAIL_REVIEW,chronic_infection,Chronic or active infection,"chronic_infection:7.0(phrase;tokens=chronic,osteomyeliti)",AA_PATHWAY_NOT_ATTR_POSITIVE_EVIDENCE
K51.90,"Ulcerative colitis, unspecified, without complications",2844,174,SUPPLIED_465_LIST | SUPPLIED_895_LIST | ATOM_PHRASE_MATCH,Tier 3 — Organ-context signals (nonspecific alone),Inflammatory / AA pathway,ALTERNATIVE_OR_GUARDRAIL_REVIEW,ibd_inflammatory_driver,Inflammatory bowel disease,"ibd_inflammatory_driver:7.0(phrase;tokens=coliti,ulcerative)",AA_PATHWAY_NOT_ATTR_POSITIVE_EVIDENCE
M05.741,Rheumatoid arthritis with rheumatoid factor of right hand without organ or systems involvement,3212,171,SUPPLIED_465_LIST | SUPPLIED_895_LIST | ATOM_PHRASE_MATCH,Tier 3 — Organ-context signals (nonspecific alone),Inflammatory / AA pathway,ALTERNATIVE_OR_GUARDRAIL_REVIEW,autoimmune_disease | chronic_inflammatory_arthritis,Chronic inflammatory joint disease | autoimmune disease,"autoimmune_disease:7.0(phrase;tokens=arthriti,rheumatoid) | chronic_inflammatory_arthritis:7.0(phrase;tokens=arthriti,rheumatoid)",EXPLICIT_ALTERNATIVE_ETIOLOGY | AA_PATHWAY_NOT_ATTR_POSITIVE_EVIDENCE
R76.81,Abnormal rheumatoid factor and anti-citrullinated protein antibody without rheumatoid arthritis,2374,170,SUPPLIED_465_LIST | SUPPLIED_895_LIST | CONFIGURED_ICD_CATEGORY | ATOM_PHRASE_MATCH,Tier 3 — Organ-context signals (nonspecific alone),Inflammatory / AA pathway,ALTERNATIVE_OR_GUARDRAIL_REVIEW,autoimmune_disease | chronic_inflammatory_arthritis,Chronic inflammatory joint disease | autoimmune disease,"autoimmune_disease:9.0(phrase;same_icd_category;tokens=arthriti,rheumatoid) | chronic_inflammatory_arthritis:7.0(phrase;tokens=arthriti,rheumatoid)",EXPLICIT_ALTERNATIVE_ETIOLOGY | AA_PATHWAY_NOT_ATTR_POSITIVE_EVIDENCE
E11.41,Type 2 diabetes mellitus with diabetic mononeuropathy,1595,168,SUPPLIED_895_LIST | CONFIGURED_ICD_CATEGORY | ATOM_PHRASE_MATCH,,Neurologic / autonomic signals,ALTERNATIVE_OR_GUARDRAIL_REVIEW,diabetes,diabetes,"diabetes:10.0(phrase;same_icd_category;tokens=diabete,diabetic,mellitu,type)",EXPLICIT_ALTERNATIVE_ETIOLOGY
Q22.1,Congenital pulmonary valve stenosis,2099,164,SUPPLIED_895_LIST,,Musculoskeletal / ATTR prodrome,ALTERNATIVE_OR_GUARDRAIL_REVIEW,,,,EXPLICIT_ALTERNATIVE_ETIOLOGY
K50.919,"Crohn's disease, unspecified, with unspecified complications",2723,156,SUPPLIED_465_LIST | SUPPLIED_895_LIST,Tier 3 — Organ-context signals (nonspecific alone),Inflammatory / AA pathway,ALTERNATIVE_OR_GUARDRAIL_REVIEW,,,,AA_PATHWAY_NOT_ATTR_POSITIVE_EVIDENCE
M46.20,"Osteomyelitis of vertebra, site unspecified",2528,144,SUPPLIED_465_LIST | SUPPLIED_895_LIST,Tier 3 — Organ-context signals (nonspecific alone),Inflammatory / AA pathway,ALTERNATIVE_OR_GUARDRAIL_REVIEW,,,,AA_PATHWAY_NOT_ATTR_POSITIVE_EVIDENCE
M05.80,Other rheumatoid arthritis with rheumatoid factor of unspecified site,918,140,SUPPLIED_465_LIST | SUPPLIED_895_LIST | ATOM_PHRASE_MATCH,Tier 3 — Organ-context signals (nonspecific alone),Inflammatory / AA pathway,ALTERNATIVE_OR_GUARDRAIL_REVIEW,autoimmune_disease | chronic_inflammatory_arthritis,Chronic inflammatory joint disease | autoimmune disease,"autoimmune_disease:7.0(phrase;tokens=arthriti,rheumatoid) | chronic_inflammatory_arthritis:7.0(phrase;tokens=arthriti,rheumatoid)",EXPLICIT_ALTERNATIVE_ETIOLOGY | AA_PATHWAY_NOT_ATTR_POSITIVE_EVIDENCE
B19.10,Unspecified viral hepatitis B without hepatic coma,1815,137,SUPPLIED_895_LIST,,GI / hepatobiliary signals,ALTERNATIVE_OR_GUARDRAIL_REVIEW,,,,EXPLICIT_ALTERNATIVE_ETIOLOGY
K70.9,"Alcoholic liver disease, unspecified",2755,132,SUPPLIED_895_LIST,,GI / hepatobiliary signals,ALTERNATIVE_OR_GUARDRAIL_REVIEW,,,,EXPLICIT_ALTERNATIVE_ETIOLOGY
K70.10,Alcoholic hepatitis without ascites,2386,131,SUPPLIED_465_LIST | SUPPLIED_895_LIST,Tier 3 — Organ-context signals (nonspecific alone),GI / hepatobiliary signals,ALTERNATIVE_OR_GUARDRAIL_REVIEW,,,,EXPLICIT_ALTERNATIVE_ETIOLOGY
O26.643,"Intrahepatic cholestasis of pregnancy, third trimester",688,131,SUPPLIED_895_LIST,,GI / hepatobiliary signals,ALTERNATIVE_OR_GUARDRAIL_REVIEW,,,,EXPLICIT_ALTERNATIVE_ETIOLOGY
M86.8X7,"Other osteomyelitis, ankle and foot",2200,126,SUPPLIED_465_LIST | SUPPLIED_895_LIST,Tier 3 — Organ-context signals (nonspecific alone),Inflammatory / AA pathway,ALTERNATIVE_OR_GUARDRAIL_REVIEW,,,,AA_PATHWAY_NOT_ATTR_POSITIVE_EVIDENCE
K70.11,Alcoholic hepatitis with ascites,1583,119,SUPPLIED_465_LIST | SUPPLIED_895_LIST,Tier 3 — Organ-context signals (nonspecific alone),GI / hepatobiliary signals,ALTERNATIVE_OR_GUARDRAIL_REVIEW,,,,EXPLICIT_ALTERNATIVE_ETIOLOGY
K50.90,"Crohn's disease, unspecified, without complications",3514,113,SUPPLIED_465_LIST | SUPPLIED_895_LIST,Tier 3 — Organ-context signals (nonspecific alone),Inflammatory / AA pathway,ALTERNATIVE_OR_GUARDRAIL_REVIEW,,,,AA_PATHWAY_NOT_ATTR_POSITIVE_EVIDENCE
Q23.0,Congenital stenosis of aortic valve,1788,110,SUPPLIED_895_LIST,,Musculoskeletal / ATTR prodrome,ALTERNATIVE_OR_GUARDRAIL_REVIEW,as_valve,Severe aortic stenosis,"as_valve:3.0(tokens=aortic,stenosi,valve)",EXPLICIT_ALTERNATIVE_ETIOLOGY
M86.60,"Other chronic osteomyelitis, unspecified site",1403,98,SUPPLIED_465_LIST | SUPPLIED_895_LIST | ATOM_PHRASE_MATCH,Tier 3 — Organ-context signals (nonspecific alone),Inflammatory / AA pathway,ALTERNATIVE_OR_GUARDRAIL_REVIEW,chronic_infection,Chronic or active infection,"chronic_infection:7.0(phrase;tokens=chronic,osteomyeliti)",AA_PATHWAY_NOT_ATTR_POSITIVE_EVIDENCE
M06.00,"Rheumatoid arthritis without rheumatoid factor, unspecified site",2087,97,SUPPLIED_465_LIST | SUPPLIED_895_LIST | ATOM_PHRASE_MATCH,Tier 3 — Organ-context signals (nonspecific alone),Inflammatory / AA pathway,ALTERNATIVE_OR_GUARDRAIL_REVIEW,autoimmune_disease | chronic_inflammatory_arthritis,Chronic inflammatory joint disease | autoimmune disease,"autoimmune_disease:7.0(phrase;tokens=arthriti,rheumatoid) | chronic_inflammatory_arthritis:7.0(phrase;tokens=arthriti,rheumatoid)",EXPLICIT_ALTERNATIVE_ETIOLOGY | AA_PATHWAY_NOT_ATTR_POSITIVE_EVIDENCE
M46.26,"Osteomyelitis of vertebra, lumbar region",1117,92,SUPPLIED_465_LIST | SUPPLIED_895_LIST,Tier 3 — Organ-context signals (nonspecific alone),Inflammatory / AA pathway,ALTERNATIVE_OR_GUARDRAIL_REVIEW,,,,AA_PATHWAY_NOT_ATTR_POSITIVE_EVIDENCE
E10.40,"Type 1 diabetes mellitus with diabetic neuropathy, unspecified",1347,90,SUPPLIED_895_LIST | ATOM_PHRASE_MATCH,,Neurologic / autonomic signals,ALTERNATIVE_OR_GUARDRAIL_REVIEW,diabetes,diabetes,"diabetes:8.0(phrase;tokens=diabete,diabetic,mellitu,type)",EXPLICIT_ALTERNATIVE_ETIOLOGY
K50.10,Crohn's disease of large intestine without complications,1727,87,SUPPLIED_465_LIST | SUPPLIED_895_LIST,Tier 3 — Organ-context signals (nonspecific alone),Inflammatory / AA pathway,ALTERNATIVE_OR_GUARDRAIL_REVIEW,,,,AA_PATHWAY_NOT_ATTR_POSITIVE_EVIDENCE
K50.119,Crohn's disease of large intestine with unspecified complications,2503,85,SUPPLIED_465_LIST | SUPPLIED_895_LIST,Tier 3 — Organ-context signals (nonspecific alone),Inflammatory / AA pathway,ALTERNATIVE_OR_GUARDRAIL_REVIEW,,,,AA_PATHWAY_NOT_ATTR_POSITIVE_EVIDENCE
M86.68,"Other chronic osteomyelitis, other site",1500,85,SUPPLIED_465_LIST | SUPPLIED_895_LIST | ATOM_PHRASE_MATCH,Tier 3 — Organ-context signals (nonspecific alone),Inflammatory / AA pathway,ALTERNATIVE_OR_GUARDRAIL_REVIEW,chronic_infection,Chronic or active infection,"chronic_infection:7.0(phrase;tokens=chronic,osteomyeliti)",AA_PATHWAY_NOT_ATTR_POSITIVE_EVIDENCE
K50.80,Crohn's disease of both small and large intestine without complications,3897,84,SUPPLIED_465_LIST | SUPPLIED_895_LIST,Tier 3 — Organ-context signals (nonspecific alone),Inflammatory / AA pathway,ALTERNATIVE_OR_GUARDRAIL_REVIEW,,,,AA_PATHWAY_NOT_ATTR_POSITIVE_EVIDENCE
Z86.11,Personal history of tuberculosis,275,83,SUPPLIED_465_LIST | SUPPLIED_895_LIST,Tier 3 — Organ-context signals (nonspecific alone),Inflammatory / AA pathway,ALTERNATIVE_OR_GUARDRAIL_REVIEW,,,,EXPLICIT_ALTERNATIVE_ETIOLOGY | AA_PATHWAY_NOT_ATTR_POSITIVE_EVIDENCE
K51.911,"Ulcerative colitis, unspecified with rectal bleeding",1513,80,SUPPLIED_465_LIST | SUPPLIED_895_LIST | ATOM_PHRASE_MATCH,Tier 3 — Organ-context signals (nonspecific alone),Inflammatory / AA pathway,ALTERNATIVE_OR_GUARDRAIL_REVIEW,ibd_inflammatory_driver,Inflammatory bowel disease,"ibd_inflammatory_driver:7.0(phrase;tokens=coliti,ulcerative)",AA_PATHWAY_NOT_ATTR_POSITIVE_EVIDENCE
M45.9,Ankylosing spondylitis of unspecified sites in spine,964,80,SUPPLIED_465_LIST | SUPPLIED_895_LIST | ATOM_PHRASE_MATCH,Tier 3 — Organ-context signals (nonspecific alone),Inflammatory / AA pathway,ALTERNATIVE_OR_GUARDRAIL_REVIEW,chronic_inflammatory_arthritis,Chronic inflammatory joint disease,"chronic_inflammatory_arthritis:7.0(phrase;tokens=ankylos,spondyliti)",AA_PATHWAY_NOT_ATTR_POSITIVE_EVIDENCE
E08.22,Diabetes mellitus due to underlying condition with diabetic chronic kidney disease,696,76,SUPPLIED_465_LIST | SUPPLIED_895_LIST | ATOM_PHRASE_MATCH,Tier 3 — Organ-context signals (nonspecific alone),Renal signals,ALTERNATIVE_OR_GUARDRAIL_REVIEW,diabetes | renal_dysfunction,Renal dysfunction / chronic kidney disease | diabetes,"diabetes:8.0(phrase;tokens=diabete,diabetic,mellitu) | renal_dysfunction:7.0(phrase;tokens=chronic,kidney)",EXPLICIT_ALTERNATIVE_ETIOLOGY
M46.28,"Osteomyelitis of vertebra, sacral and sacrococcygeal region",1107,76,SUPPLIED_465_LIST | SUPPLIED_895_LIST,Tier 3 — Organ-context signals (nonspecific alone),Inflammatory / AA pathway,ALTERNATIVE_OR_GUARDRAIL_REVIEW,,,,AA_PATHWAY_NOT_ATTR_POSITIVE_EVIDENCE
M86.272,"Subacute osteomyelitis, left ankle and foot",1879,76,SUPPLIED_465_LIST | SUPPLIED_895_LIST,Tier 3 — Organ-context signals (nonspecific alone),Inflammatory / AA pathway,ALTERNATIVE_OR_GUARDRAIL_REVIEW,,,,AA_PATHWAY_NOT_ATTR_POSITIVE_EVIDENCE
M08.00,Unspecified juvenile rheumatoid arthritis of unspecified site,1063,75,SUPPLIED_465_LIST | SUPPLIED_895_LIST | ATOM_PHRASE_MATCH,Tier 3 — Organ-context signals (nonspecific alone),Inflammatory / AA pathway,ALTERNATIVE_OR_GUARDRAIL_REVIEW,autoimmune_disease | chronic_inflammatory_arthritis,Chronic inflammatory joint disease | autoimmune disease,"autoimmune_disease:7.0(phrase;tokens=arthriti,rheumatoid) | chronic_inflammatory_arthritis:7.0(phrase;tokens=arthriti,rheumatoid)",EXPLICIT_ALTERNATIVE_ETIOLOGY | AA_PATHWAY_NOT_ATTR_POSITIVE_EVIDENCE
K50.00,Crohn's disease of small intestine without complications,1511,72,SUPPLIED_465_LIST | SUPPLIED_895_LIST,Tier 3 — Organ-context signals (nonspecific alone),Inflammatory / AA pathway,ALTERNATIVE_OR_GUARDRAIL_REVIEW,,,,AA_PATHWAY_NOT_ATTR_POSITIVE_EVIDENCE
M86.271,"Subacute osteomyelitis, right ankle and foot",1352,71,SUPPLIED_465_LIST | SUPPLIED_895_LIST,Tier 3 — Organ-context signals (nonspecific alone),Inflammatory / AA pathway,ALTERNATIVE_OR_GUARDRAIL_REVIEW,,,,AA_PATHWAY_NOT_ATTR_POSITIVE_EVIDENCE
E13.21,Other specified diabetes mellitus with diabetic nephropathy,2314,70,SUPPLIED_465_LIST | SUPPLIED_895_LIST | ATOM_PHRASE_MATCH,Tier 3 — Organ-context signals (nonspecific alone),Renal signals,ALTERNATIVE_OR_GUARDRAIL_REVIEW,diabetes,diabetes,"diabetes:8.0(phrase;tokens=diabete,diabetic,mellitu)",EXPLICIT_ALTERNATIVE_ETIOLOGY
K51.80,Other ulcerative colitis without complications,1034,69,SUPPLIED_465_LIST | SUPPLIED_895_LIST | ATOM_PHRASE_MATCH,Tier 3 — Organ-context signals (nonspecific alone),Inflammatory / AA pathway,ALTERNATIVE_OR_GUARDRAIL_REVIEW,ibd_inflammatory_driver,Inflammatory bowel disease,"ibd_inflammatory_driver:7.0(phrase;tokens=coliti,ulcerative)",AA_PATHWAY_NOT_ATTR_POSITIVE_EVIDENCE
E08.42,Diabetes mellitus due to underlying condition with diabetic polyneuropathy,288,68,SUPPLIED_465_LIST | SUPPLIED_895_LIST | ATOM_PHRASE_MATCH,Tier 3 — Organ-context signals (nonspecific alone),Neurologic / autonomic signals,ALTERNATIVE_OR_GUARDRAIL_REVIEW,diabetes,diabetes,"diabetes:8.0(phrase;tokens=diabete,diabetic,mellitu)",EXPLICIT_ALTERNATIVE_ETIOLOGY
M86.371,"Chronic multifocal osteomyelitis, right ankle and foot",484,66,SUPPLIED_465_LIST | SUPPLIED_895_LIST,Tier 3 — Organ-context signals (nonspecific alone),Inflammatory / AA pathway,ALTERNATIVE_OR_GUARDRAIL_REVIEW,,,,AA_PATHWAY_NOT_ATTR_POSITIVE_EVIDENCE
M46.24,"Osteomyelitis of vertebra, thoracic region",1631,64,SUPPLIED_465_LIST | SUPPLIED_895_LIST,Tier 3 — Organ-context signals (nonspecific alone),Inflammatory / AA pathway,ALTERNATIVE_OR_GUARDRAIL_REVIEW,,,,AA_PATHWAY_NOT_ATTR_POSITIVE_EVIDENCE
M86.071,"Acute hematogenous osteomyelitis, right ankle and foot",738,63,SUPPLIED_465_LIST | SUPPLIED_895_LIST,Tier 3 — Organ-context signals (nonspecific alone),Inflammatory / AA pathway,ALTERNATIVE_OR_GUARDRAIL_REVIEW,,,,AA_PATHWAY_NOT_ATTR_POSITIVE_EVIDENCE
M86.372,"Chronic multifocal osteomyelitis, left ankle and foot",647,60,SUPPLIED_465_LIST | SUPPLIED_895_LIST,Tier 3 — Organ-context signals (nonspecific alone),Inflammatory / AA pathway,ALTERNATIVE_OR_GUARDRAIL_REVIEW,,,,AA_PATHWAY_NOT_ATTR_POSITIVE_EVIDENCE
Z11.7,Encounter for testing for latent tuberculosis infection,268,60,SUPPLIED_465_LIST | SUPPLIED_895_LIST,Tier 3 — Organ-context signals (nonspecific alone),Inflammatory / AA pathway,ALTERNATIVE_OR_GUARDRAIL_REVIEW,,,,EXPLICIT_ALTERNATIVE_ETIOLOGY | AA_PATHWAY_NOT_ATTR_POSITIVE_EVIDENCE
K50.819,Crohn's disease of both small and large intestine with unspecified complications,2854,59,SUPPLIED_465_LIST | SUPPLIED_895_LIST,Tier 3 — Organ-context signals (nonspecific alone),Inflammatory / AA pathway,ALTERNATIVE_OR_GUARDRAIL_REVIEW,,,,AA_PATHWAY_NOT_ATTR_POSITIVE_EVIDENCE
M04.1,Periodic fever syndromes,513,58,SUPPLIED_895_LIST | ATOM_PHRASE_MATCH,,Inflammatory / AA pathway,ALTERNATIVE_OR_GUARDRAIL_REVIEW,autoinflammatory_syndrome,Other chronic autoinflammatory syndrome,"autoinflammatory_syndrome:7.0(phrase;tokens=fever,periodic)",AA_PATHWAY_NOT_ATTR_POSITIVE_EVIDENCE
P59.3,Neonatal jaundice from breast milk inhibitor,214,57,SUPPLIED_895_LIST,,GI / hepatobiliary signals,ALTERNATIVE_OR_GUARDRAIL_REVIEW,,,,EXPLICIT_ALTERNATIVE_ETIOLOGY
M45.0,Ankylosing spondylitis of multiple sites in spine,1451,55,SUPPLIED_465_LIST | SUPPLIED_895_LIST | ATOM_PHRASE_MATCH,Tier 3 — Organ-context signals (nonspecific alone),Inflammatory / AA pathway,ALTERNATIVE_OR_GUARDRAIL_REVIEW,chronic_inflammatory_arthritis,Chronic inflammatory joint disease,"chronic_inflammatory_arthritis:7.0(phrase;tokens=ankylos,spondyliti)",AA_PATHWAY_NOT_ATTR_POSITIVE_EVIDENCE
M86.10,"Other acute osteomyelitis, unspecified site",1870,55,SUPPLIED_465_LIST | SUPPLIED_895_LIST,Tier 3 — Organ-context signals (nonspecific alone),Inflammatory / AA pathway,ALTERNATIVE_OR_GUARDRAIL_REVIEW,,,,AA_PATHWAY_NOT_ATTR_POSITIVE_EVIDENCE
E13.22,Other specified diabetes mellitus with diabetic chronic kidney disease,544,54,SUPPLIED_465_LIST | SUPPLIED_895_LIST | ATOM_PHRASE_MATCH,Tier 3 — Organ-context signals (nonspecific alone),Renal signals,ALTERNATIVE_OR_GUARDRAIL_REVIEW,diabetes | renal_dysfunction,Renal dysfunction / chronic kidney disease | diabetes,"diabetes:8.0(phrase;tokens=diabete,diabetic,mellitu) | renal_dysfunction:7.0(phrase;tokens=chronic,kidney)",EXPLICIT_ALTERNATIVE_ETIOLOGY
P59.0,Neonatal jaundice associated with preterm delivery,385,54,SUPPLIED_895_LIST,,GI / hepatobiliary signals,ALTERNATIVE_OR_GUARDRAIL_REVIEW,,,,EXPLICIT_ALTERNATIVE_ETIOLOGY
M08.09,"Unspecified juvenile rheumatoid arthritis, multiple sites",643,50,SUPPLIED_465_LIST | SUPPLIED_895_LIST | ATOM_PHRASE_MATCH,Tier 3 — Organ-context signals (nonspecific alone),Inflammatory / AA pathway,ALTERNATIVE_OR_GUARDRAIL_REVIEW,autoimmune_disease | chronic_inflammatory_arthritis,Chronic inflammatory joint disease | autoimmune disease,"autoimmune_disease:7.0(phrase;tokens=arthriti,rheumatoid) | chronic_inflammatory_arthritis:7.0(phrase;tokens=arthriti,rheumatoid)",EXPLICIT_ALTERNATIVE_ETIOLOGY | AA_PATHWAY_NOT_ATTR_POSITIVE_EVIDENCE
P59.8,Neonatal jaundice from other specified causes,452,49,SUPPLIED_895_LIST,,GI / hepatobiliary signals,ALTERNATIVE_OR_GUARDRAIL_REVIEW,,,,EXPLICIT_ALTERNATIVE_ETIOLOGY
Q22.4,Congenital tricuspid stenosis,1414,49,SUPPLIED_895_LIST,,Musculoskeletal / ATTR prodrome,ALTERNATIVE_OR_GUARDRAIL_REVIEW,,,,EXPLICIT_ALTERNATIVE_ETIOLOGY
Q24.6,Congenital heart block,429,49,SUPPLIED_895_LIST | ATOM_PHRASE_MATCH,,Cardiac signals,ALTERNATIVE_OR_GUARDRAIL_REVIEW,conduction_disease,"AV block, bundle-branch block, or sinus-node disease","conduction_disease:7.0(phrase;tokens=block,heart)",EXPLICIT_ALTERNATIVE_ETIOLOGY
M05.761,Rheumatoid arthritis with rheumatoid factor of right knee without organ or systems involvement,768,48,SUPPLIED_465_LIST | SUPPLIED_895_LIST | ATOM_PHRASE_MATCH,Tier 3 — Organ-context signals (nonspecific alone),Inflammatory / AA pathway,ALTERNATIVE_OR_GUARDRAIL_REVIEW,autoimmune_disease | chronic_inflammatory_arthritis,Chronic inflammatory joint disease | autoimmune disease,"autoimmune_disease:7.0(phrase;tokens=arthriti,rheumatoid) | chronic_inflammatory_arthritis:7.0(phrase;tokens=arthriti,rheumatoid)",EXPLICIT_ALTERNATIVE_ETIOLOGY | AA_PATHWAY_NOT_ATTR_POSITIVE_EVIDENCE
E10.43,Type 1 diabetes mellitus with diabetic autonomic (poly)neuropathy,831,47,SUPPLIED_465_LIST | SUPPLIED_895_LIST | ATOM_PHRASE_MATCH,Tier 3 — Organ-context signals (nonspecific alone),Neurologic / autonomic signals,ALTERNATIVE_OR_GUARDRAIL_REVIEW,diabetes,diabetes,"diabetes:8.0(phrase;tokens=diabete,diabetic,mellitu,type)",EXPLICIT_ALTERNATIVE_ETIOLOGY
Z86.15,Personal history of latent tuberculosis infection,132,46,SUPPLIED_465_LIST | SUPPLIED_895_LIST,Tier 3 — Organ-context signals (nonspecific alone),Inflammatory / AA pathway,ALTERNATIVE_OR_GUARDRAIL_REVIEW,,,,EXPLICIT_ALTERNATIVE_ETIOLOGY | AA_PATHWAY_NOT_ATTR_POSITIVE_EVIDENCE
M86.18,"Other acute osteomyelitis, other site",382,44,SUPPLIED_465_LIST | SUPPLIED_895_LIST,Tier 3 — Organ-context signals (nonspecific alone),Inflammatory / AA pathway,ALTERNATIVE_OR_GUARDRAIL_REVIEW,,,,AA_PATHWAY_NOT_ATTR_POSITIVE_EVIDENCE
K50.118,Crohn's disease of large intestine with other complication,540,43,SUPPLIED_465_LIST | SUPPLIED_895_LIST,Tier 3 — Organ-context signals (nonspecific alone),Inflammatory / AA pathway,ALTERNATIVE_OR_GUARDRAIL_REVIEW,,,,AA_PATHWAY_NOT_ATTR_POSITIVE_EVIDENCE
M46.22,"Osteomyelitis of vertebra, cervical region",618,43,SUPPLIED_465_LIST | SUPPLIED_895_LIST,Tier 3 — Organ-context signals (nonspecific alone),Inflammatory / AA pathway,ALTERNATIVE_OR_GUARDRAIL_REVIEW,,,,AA_PATHWAY_NOT_ATTR_POSITIVE_EVIDENCE
I13.11,"Hypertensive heart and chronic kidney disease without heart failure, with stage 5 chronic kidney disease, or end stage renal disease",418,42,SUPPLIED_465_LIST | SUPPLIED_895_LIST | CONFIGURED_ICD_CATEGORY | ATOM_PHRASE_MATCH,Tier 3 — Organ-context signals (nonspecific alone),Cardiac signals | Renal signals,ALTERNATIVE_OR_GUARDRAIL_REVIEW,hf_any | hfpef | hypertension | kidney_failure | renal_dysfunction,Heart failure | Heart failure with preserved ejection fraction | Hypertension | Kidney failure / end-stage renal disease | Renal dysfunction / chronic kidney disease,"kidney_failure:8.0(phrase;tokens=end,failure,kidney,renal,stage) | renal_dysfunction:8.0(phrase;tokens=chronic,kidney,renal,stage) | hf_any:7.0(phrase;tokens=failure,heart) | hfpef:3.0(tokens=chronic,failure,heart) | hypertension:3.0(same_icd_category;tokens=hypertensive)",EXPLICIT_ALTERNATIVE_ETIOLOGY
Q24.4,Congenital subaortic stenosis,639,42,SUPPLIED_895_LIST,,Musculoskeletal / ATTR prodrome,ALTERNATIVE_OR_GUARDRAIL_REVIEW,,,,EXPLICIT_ALTERNATIVE_ETIOLOGY
M86.072,"Acute hematogenous osteomyelitis, left ankle and foot",570,41,SUPPLIED_465_LIST | SUPPLIED_895_LIST,Tier 3 — Organ-context signals (nonspecific alone),Inflammatory / AA pathway,ALTERNATIVE_OR_GUARDRAIL_REVIEW,,,,AA_PATHWAY_NOT_ATTR_POSITIVE_EVIDENCE
M86.141,"Other acute osteomyelitis, right hand",423,41,SUPPLIED_465_LIST | SUPPLIED_895_LIST,Tier 3 — Organ-context signals (nonspecific alone),Inflammatory / AA pathway,ALTERNATIVE_OR_GUARDRAIL_REVIEW,,,,AA_PATHWAY_NOT_ATTR_POSITIVE_EVIDENCE
Q42.3,"Congenital absence, atresia and stenosis of anus without fistula",789,41,SUPPLIED_895_LIST,,Musculoskeletal / ATTR prodrome,ALTERNATIVE_OR_GUARDRAIL_REVIEW,,,,EXPLICIT_ALTERNATIVE_ETIOLOGY
E13.40,"Other specified diabetes mellitus with diabetic neuropathy, unspecified",226,38,SUPPLIED_895_LIST | ATOM_PHRASE_MATCH,,Neurologic / autonomic signals,ALTERNATIVE_OR_GUARDRAIL_REVIEW,diabetes,diabetes,"diabetes:8.0(phrase;tokens=diabete,diabetic,mellitu)",EXPLICIT_ALTERNATIVE_ETIOLOGY
K51.811,Other ulcerative colitis with rectal bleeding,1217,36,SUPPLIED_465_LIST | SUPPLIED_895_LIST | ATOM_PHRASE_MATCH,Tier 3 — Organ-context signals (nonspecific alone),Inflammatory / AA pathway,ALTERNATIVE_OR_GUARDRAIL_REVIEW,ibd_inflammatory_driver,Inflammatory bowel disease,"ibd_inflammatory_driver:7.0(phrase;tokens=coliti,ulcerative)",AA_PATHWAY_NOT_ATTR_POSITIVE_EVIDENCE
M05.20,Rheumatoid vasculitis with rheumatoid arthritis of unspecified site,524,36,SUPPLIED_465_LIST | SUPPLIED_895_LIST | ATOM_PHRASE_MATCH,Tier 3 — Organ-context signals (nonspecific alone),Inflammatory / AA pathway,ALTERNATIVE_OR_GUARDRAIL_REVIEW,autoimmune_disease | chronic_inflammatory_arthritis,Chronic inflammatory joint disease | autoimmune disease,"autoimmune_disease:8.0(phrase;tokens=arthriti,rheumatoid,vasculiti) | chronic_inflammatory_arthritis:7.0(phrase;tokens=arthriti,rheumatoid)",EXPLICIT_ALTERNATIVE_ETIOLOGY | AA_PATHWAY_NOT_ATTR_POSITIVE_EVIDENCE
O13.2,"Gestational [pregnancy-induced] hypertension without significant proteinuria, second trimester",117,36,SUPPLIED_895_LIST,,Renal signals,ALTERNATIVE_OR_GUARDRAIL_REVIEW,,,,EXPLICIT_ALTERNATIVE_ETIOLOGY
G62.1,Alcoholic polyneuropathy,347,35,SUPPLIED_895_LIST | CONFIGURED_ICD_CATEGORY,,Neurologic / autonomic signals,ALTERNATIVE_OR_GUARDRAIL_REVIEW,mild_sensory_polyneuropathy,Mild-to-moderate length-dependent sensory polyneuropathy,mild_sensory_polyneuropathy:3.0(same_icd_category;tokens=polyneuropathy),EXPLICIT_ALTERNATIVE_ETIOLOGY
O26.649,"Intrahepatic cholestasis of pregnancy, unspecified trimester",84,35,SUPPLIED_895_LIST,,GI / hepatobiliary signals,ALTERNATIVE_OR_GUARDRAIL_REVIEW,,,,EXPLICIT_ALTERNATIVE_ETIOLOGY
K50.813,Crohn's disease of both small and large intestine with fistula,3019,34,SUPPLIED_465_LIST | SUPPLIED_895_LIST,Tier 3 — Organ-context signals (nonspecific alone),Inflammatory / AA pathway,ALTERNATIVE_OR_GUARDRAIL_REVIEW,,,,AA_PATHWAY_NOT_ATTR_POSITIVE_EVIDENCE
K50.113,Crohn's disease of large intestine with fistula,2730,33,SUPPLIED_465_LIST | SUPPLIED_895_LIST,Tier 3 — Organ-context signals (nonspecific alone),Inflammatory / AA pathway,ALTERNATIVE_OR_GUARDRAIL_REVIEW,,,,AA_PATHWAY_NOT_ATTR_POSITIVE_EVIDENCE
K51.819,Other ulcerative colitis with unspecified complications,188,33,SUPPLIED_465_LIST | SUPPLIED_895_LIST | ATOM_PHRASE_MATCH,Tier 3 — Organ-context signals (nonspecific alone),Inflammatory / AA pathway,ALTERNATIVE_OR_GUARDRAIL_REVIEW,ibd_inflammatory_driver,Inflammatory bowel disease,"ibd_inflammatory_driver:7.0(phrase;tokens=coliti,ulcerative)",AA_PATHWAY_NOT_ATTR_POSITIVE_EVIDENCE
G60.0,Hereditary motor and sensory neuropathy,272,32,SUPPLIED_895_LIST | CONFIGURED_ICD_CATEGORY,,Neurologic / autonomic signals,ALTERNATIVE_OR_GUARDRAIL_REVIEW,mild_sensory_polyneuropathy | sfn,Mild-to-moderate length-dependent sensory polyneuropathy | Small-fiber neuropathy,"mild_sensory_polyneuropathy:4.0(same_icd_category;tokens=neuropathy,sensory) | sfn:3.0(same_icd_category;tokens=neuropathy)",EXPLICIT_ALTERNATIVE_ETIOLOGY
K50.111,Crohn's disease of large intestine with rectal bleeding,552,31,SUPPLIED_465_LIST | SUPPLIED_895_LIST,Tier 3 — Organ-context signals (nonspecific alone),Inflammatory / AA pathway,ALTERNATIVE_OR_GUARDRAIL_REVIEW,,,,AA_PATHWAY_NOT_ATTR_POSITIVE_EVIDENCE
M05.771,Rheumatoid arthritis with rheumatoid factor of right ankle and foot without organ or systems involvement,580,31,SUPPLIED_465_LIST | SUPPLIED_895_LIST | ATOM_PHRASE_MATCH,Tier 3 — Organ-context signals (nonspecific alone),Inflammatory / AA pathway,ALTERNATIVE_OR_GUARDRAIL_REVIEW,autoimmune_disease | chronic_inflammatory_arthritis,Chronic inflammatory joint disease | autoimmune disease,"autoimmune_disease:7.0(phrase;tokens=arthriti,rheumatoid) | chronic_inflammatory_arthritis:7.0(phrase;tokens=arthriti,rheumatoid)",EXPLICIT_ALTERNATIVE_ETIOLOGY | AA_PATHWAY_NOT_ATTR_POSITIVE_EVIDENCE
K50.019,Crohn's disease of small intestine with unspecified complications,1234,30,SUPPLIED_465_LIST | SUPPLIED_895_LIST,Tier 3 — Organ-context signals (nonspecific alone),Inflammatory / AA pathway,ALTERNATIVE_OR_GUARDRAIL_REVIEW,,,,AA_PATHWAY_NOT_ATTR_POSITIVE_EVIDENCE
M05.731,Rheumatoid arthritis with rheumatoid factor of right wrist without organ or systems involvement,491,30,SUPPLIED_465_LIST | SUPPLIED_895_LIST | ATOM_PHRASE_MATCH,Tier 3 — Organ-context signals (nonspecific alone),Inflammatory / AA pathway,ALTERNATIVE_OR_GUARDRAIL_REVIEW,autoimmune_disease | chronic_inflammatory_arthritis,Chronic inflammatory joint disease | autoimmune disease,"autoimmune_disease:7.0(phrase;tokens=arthriti,rheumatoid) | chronic_inflammatory_arthritis:7.0(phrase;tokens=arthriti,rheumatoid)",EXPLICIT_ALTERNATIVE_ETIOLOGY | AA_PATHWAY_NOT_ATTR_POSITIVE_EVIDENCE
A19.9,"Miliary tuberculosis, unspecified",196,29,SUPPLIED_465_LIST | SUPPLIED_895_LIST,Tier 3 — Organ-context signals (nonspecific alone),Inflammatory / AA pathway,ALTERNATIVE_OR_GUARDRAIL_REVIEW,,,,EXPLICIT_ALTERNATIVE_ETIOLOGY | AA_PATHWAY_NOT_ATTR_POSITIVE_EVIDENCE
K50.818,Crohn's disease of both small and large intestine with other complication,462,29,SUPPLIED_465_LIST | SUPPLIED_895_LIST,Tier 3 — Organ-context signals (nonspecific alone),Inflammatory / AA pathway,ALTERNATIVE_OR_GUARDRAIL_REVIEW,,,,AA_PATHWAY_NOT_ATTR_POSITIVE_EVIDENCE
M86.142,"Other acute osteomyelitis, left hand",215,29,SUPPLIED_465_LIST | SUPPLIED_895_LIST,Tier 3 — Organ-context signals (nonspecific alone),Inflammatory / AA pathway,ALTERNATIVE_OR_GUARDRAIL_REVIEW,,,,AA_PATHWAY_NOT_ATTR_POSITIVE_EVIDENCE
Q40.0,Congenital hypertrophic pyloric stenosis,116,29,SUPPLIED_895_LIST,,Musculoskeletal / ATTR prodrome,ALTERNATIVE_OR_GUARDRAIL_REVIEW,,,,EXPLICIT_ALTERNATIVE_ETIOLOGY
M86.661,"Other chronic osteomyelitis, right tibia and fibula",1484,28,SUPPLIED_465_LIST | SUPPLIED_895_LIST | ATOM_PHRASE_MATCH,Tier 3 — Organ-context signals (nonspecific alone),Inflammatory / AA pathway,ALTERNATIVE_OR_GUARDRAIL_REVIEW,chronic_infection,Chronic or active infection,"chronic_infection:7.0(phrase;tokens=chronic,osteomyeliti)",AA_PATHWAY_NOT_ATTR_POSITIVE_EVIDENCE
E13.43,Other specified diabetes mellitus with diabetic autonomic (poly)neuropathy,149,27,SUPPLIED_465_LIST | SUPPLIED_895_LIST | ATOM_PHRASE_MATCH,Tier 3 — Organ-context signals (nonspecific alone),Neurologic / autonomic signals,ALTERNATIVE_OR_GUARDRAIL_REVIEW,diabetes,diabetes,"diabetes:8.0(phrase;tokens=diabete,diabetic,mellitu)",EXPLICIT_ALTERNATIVE_ETIOLOGY
M08.20,"Juvenile rheumatoid arthritis with systemic onset, unspecified site",622,27,SUPPLIED_465_LIST | SUPPLIED_895_LIST | ATOM_PHRASE_MATCH,Tier 3 — Organ-context signals (nonspecific alone),Inflammatory / AA pathway,ALTERNATIVE_OR_GUARDRAIL_REVIEW,autoimmune_disease | chronic_inflammatory_arthritis,Chronic inflammatory joint disease | autoimmune disease,"autoimmune_disease:8.0(phrase;tokens=arthriti,rheumatoid,systemic) | chronic_inflammatory_arthritis:7.0(phrase;tokens=arthriti,rheumatoid)",EXPLICIT_ALTERNATIVE_ETIOLOGY | AA_PATHWAY_NOT_ATTR_POSITIVE_EVIDENCE
M86.161,"Other acute osteomyelitis, right tibia and fibula",463,27,SUPPLIED_465_LIST | SUPPLIED_895_LIST,Tier 3 — Organ-context signals (nonspecific alone),Inflammatory / AA pathway,ALTERNATIVE_OR_GUARDRAIL_REVIEW,,,,AA_PATHWAY_NOT_ATTR_POSITIVE_EVIDENCE
K50.018,Crohn's disease of small intestine with other complication,961,25,SUPPLIED_465_LIST | SUPPLIED_895_LIST,Tier 3 — Organ-context signals (nonspecific alone),Inflammatory / AA pathway,ALTERNATIVE_OR_GUARDRAIL_REVIEW,,,,AA_PATHWAY_NOT_ATTR_POSITIVE_EVIDENCE
M06.041,"Rheumatoid arthritis without rheumatoid factor, right hand",338,25,SUPPLIED_465_LIST | SUPPLIED_895_LIST | ATOM_PHRASE_MATCH,Tier 3 — Organ-context signals (nonspecific alone),Inflammatory / AA pathway,ALTERNATIVE_OR_GUARDRAIL_REVIEW,autoimmune_disease | chronic_inflammatory_arthritis,Chronic inflammatory joint disease | autoimmune disease,"autoimmune_disease:7.0(phrase;tokens=arthriti,rheumatoid) | chronic_inflammatory_arthritis:7.0(phrase;tokens=arthriti,rheumatoid)",EXPLICIT_ALTERNATIVE_ETIOLOGY | AA_PATHWAY_NOT_ATTR_POSITIVE_EVIDENCE
E08.40,"Diabetes mellitus due to underlying condition with diabetic neuropathy, unspecified",146,24,SUPPLIED_895_LIST | ATOM_PHRASE_MATCH,,Neurologic / autonomic signals,ALTERNATIVE_OR_GUARDRAIL_REVIEW,diabetes,diabetes,"diabetes:8.0(phrase;tokens=diabete,diabetic,mellitu)",EXPLICIT_ALTERNATIVE_ETIOLOGY
M05.742,Rheumatoid arthritis with rheumatoid factor of left hand without organ or systems involvement,130,24,SUPPLIED_465_LIST | SUPPLIED_895_LIST | ATOM_PHRASE_MATCH,Tier 3 — Organ-context signals (nonspecific alone),Inflammatory / AA pathway,ALTERNATIVE_OR_GUARDRAIL_REVIEW,autoimmune_disease | chronic_inflammatory_arthritis,Chronic inflammatory joint disease | autoimmune disease,"autoimmune_disease:7.0(phrase;tokens=arthriti,rheumatoid) | chronic_inflammatory_arthritis:7.0(phrase;tokens=arthriti,rheumatoid)",EXPLICIT_ALTERNATIVE_ETIOLOGY | AA_PATHWAY_NOT_ATTR_POSITIVE_EVIDENCE
M86.179,"Other acute osteomyelitis, unspecified ankle and foot",912,24,SUPPLIED_465_LIST | SUPPLIED_895_LIST,Tier 3 — Organ-context signals (nonspecific alone),Inflammatory / AA pathway,ALTERNATIVE_OR_GUARDRAIL_REVIEW,,,,AA_PATHWAY_NOT_ATTR_POSITIVE_EVIDENCE
M86.00,"Acute hematogenous osteomyelitis, unspecified site",210,23,SUPPLIED_465_LIST | SUPPLIED_895_LIST,Tier 3 — Organ-context signals (nonspecific alone),Inflammatory / AA pathway,ALTERNATIVE_OR_GUARDRAIL_REVIEW,,,,AA_PATHWAY_NOT_ATTR_POSITIVE_EVIDENCE
O13.5,"Gestational [pregnancy-induced] hypertension without significant proteinuria, complicating the puerperium",78,23,SUPPLIED_895_LIST,,Renal signals,ALTERNATIVE_OR_GUARDRAIL_REVIEW,,,,EXPLICIT_ALTERNATIVE_ETIOLOGY
E08.43,Diabetes mellitus due to underlying condition with diabetic autonomic (poly)neuropathy,65,22,SUPPLIED_465_LIST | SUPPLIED_895_LIST | ATOM_PHRASE_MATCH,Tier 3 — Organ-context signals (nonspecific alone),Neurologic / autonomic signals,ALTERNATIVE_OR_GUARDRAIL_REVIEW,diabetes,diabetes,"diabetes:8.0(phrase;tokens=diabete,diabetic,mellitu)",EXPLICIT_ALTERNATIVE_ETIOLOGY
K50.911,"Crohn's disease, unspecified, with rectal bleeding",450,22,SUPPLIED_465_LIST | SUPPLIED_895_LIST,Tier 3 — Organ-context signals (nonspecific alone),Inflammatory / AA pathway,ALTERNATIVE_OR_GUARDRAIL_REVIEW,,,,AA_PATHWAY_NOT_ATTR_POSITIVE_EVIDENCE
M05.711,Rheumatoid arthritis with rheumatoid factor of right shoulder without organ or systems involvement,181,22,SUPPLIED_465_LIST | SUPPLIED_895_LIST | ATOM_PHRASE_MATCH,Tier 3 — Organ-context signals (nonspecific alone),Inflammatory / AA pathway,ALTERNATIVE_OR_GUARDRAIL_REVIEW,autoimmune_disease | chronic_inflammatory_arthritis,Chronic inflammatory joint disease | autoimmune disease,"autoimmune_disease:7.0(phrase;tokens=arthriti,rheumatoid) | chronic_inflammatory_arthritis:7.0(phrase;tokens=arthriti,rheumatoid)",EXPLICIT_ALTERNATIVE_ETIOLOGY | AA_PATHWAY_NOT_ATTR_POSITIVE_EVIDENCE
M86.471,"Chronic osteomyelitis with draining sinus, right ankle and foot",391,22,SUPPLIED_465_LIST | SUPPLIED_895_LIST | ATOM_PHRASE_MATCH,Tier 3 — Organ-context signals (nonspecific alone),Inflammatory / AA pathway,ALTERNATIVE_OR_GUARDRAIL_REVIEW,chronic_infection,Chronic or active infection,"chronic_infection:7.0(phrase;tokens=chronic,osteomyeliti)",AA_PATHWAY_NOT_ATTR_POSITIVE_EVIDENCE
M86.662,"Other chronic osteomyelitis, left tibia and fibula",532,22,SUPPLIED_465_LIST | SUPPLIED_895_LIST | ATOM_PHRASE_MATCH,Tier 3 — Organ-context signals (nonspecific alone),Inflammatory / AA pathway,ALTERNATIVE_OR_GUARDRAIL_REVIEW,chronic_infection,Chronic or active infection,"chronic_infection:7.0(phrase;tokens=chronic,osteomyeliti)",AA_PATHWAY_NOT_ATTR_POSITIVE_EVIDENCE
M86.679,"Other chronic osteomyelitis, unspecified ankle and foot",317,22,SUPPLIED_465_LIST | SUPPLIED_895_LIST | ATOM_PHRASE_MATCH,Tier 3 — Organ-context signals (nonspecific alone),Inflammatory / AA pathway,ALTERNATIVE_OR_GUARDRAIL_REVIEW,chronic_infection,Chronic or active infection,"chronic_infection:7.0(phrase;tokens=chronic,osteomyeliti)",AA_PATHWAY_NOT_ATTR_POSITIVE_EVIDENCE
M45.6,Ankylosing spondylitis lumbar region,631,21,SUPPLIED_465_LIST | SUPPLIED_895_LIST | ATOM_PHRASE_MATCH,Tier 3 — Organ-context signals (nonspecific alone),Inflammatory / AA pathway,ALTERNATIVE_OR_GUARDRAIL_REVIEW,chronic_inflammatory_arthritis,Chronic inflammatory joint disease,"chronic_inflammatory_arthritis:7.0(phrase;tokens=ankylos,spondyliti)",AA_PATHWAY_NOT_ATTR_POSITIVE_EVIDENCE
Q31.1,Congenital subglottic stenosis,121,21,SUPPLIED_895_LIST,,Musculoskeletal / ATTR prodrome,ALTERNATIVE_OR_GUARDRAIL_REVIEW,,,,EXPLICIT_ALTERNATIVE_ETIOLOGY
E08.41,Diabetes mellitus due to underlying condition with diabetic mononeuropathy,49,20,SUPPLIED_895_LIST | ATOM_PHRASE_MATCH,,Neurologic / autonomic signals,ALTERNATIVE_OR_GUARDRAIL_REVIEW,diabetes,diabetes,"diabetes:8.0(phrase;tokens=diabete,diabetic,mellitu)",EXPLICIT_ALTERNATIVE_ETIOLOGY
K50.918,"Crohn's disease, unspecified, with other complication",190,20,SUPPLIED_465_LIST | SUPPLIED_895_LIST,Tier 3 — Organ-context signals (nonspecific alone),Inflammatory / AA pathway,ALTERNATIVE_OR_GUARDRAIL_REVIEW,,,,AA_PATHWAY_NOT_ATTR_POSITIVE_EVIDENCE
M86.8X8,"Other osteomyelitis, other site",245,20,SUPPLIED_465_LIST | SUPPLIED_895_LIST,Tier 3 — Organ-context signals (nonspecific alone),Inflammatory / AA pathway,ALTERNATIVE_OR_GUARDRAIL_REVIEW,,,,AA_PATHWAY_NOT_ATTR_POSITIVE_EVIDENCE
B19.21,Unspecified viral hepatitis C with hepatic coma,190,19,SUPPLIED_895_LIST,,GI / hepatobiliary signals,ALTERNATIVE_OR_GUARDRAIL_REVIEW,,,,EXPLICIT_ALTERNATIVE_ETIOLOGY
K50.913,"Crohn's disease, unspecified, with fistula",325,19,SUPPLIED_465_LIST | SUPPLIED_895_LIST,Tier 3 — Organ-context signals (nonspecific alone),Inflammatory / AA pathway,ALTERNATIVE_OR_GUARDRAIL_REVIEW,,,,AA_PATHWAY_NOT_ATTR_POSITIVE_EVIDENCE
K51.918,"Ulcerative colitis, unspecified with other complication",317,19,SUPPLIED_465_LIST | SUPPLIED_895_LIST | ATOM_PHRASE_MATCH,Tier 3 — Organ-context signals (nonspecific alone),Inflammatory / AA pathway,ALTERNATIVE_OR_GUARDRAIL_REVIEW,ibd_inflammatory_driver,Inflammatory bowel disease,"ibd_inflammatory_driver:7.0(phrase;tokens=coliti,ulcerative)",AA_PATHWAY_NOT_ATTR_POSITIVE_EVIDENCE
M86.651,"Other chronic osteomyelitis, right thigh",338,19,SUPPLIED_465_LIST | SUPPLIED_895_LIST | ATOM_PHRASE_MATCH,Tier 3 — Organ-context signals (nonspecific alone),Inflammatory / AA pathway,ALTERNATIVE_OR_GUARDRAIL_REVIEW,chronic_infection,Chronic or active infection,"chronic_infection:7.0(phrase;tokens=chronic,osteomyeliti)",AA_PATHWAY_NOT_ATTR_POSITIVE_EVIDENCE
Q23.2,Congenital mitral stenosis,80,18,SUPPLIED_895_LIST,,Musculoskeletal / ATTR prodrome,ALTERNATIVE_OR_GUARDRAIL_REVIEW,,,,EXPLICIT_ALTERNATIVE_ETIOLOGY
K50.114,Crohn's disease of large intestine with abscess,435,17,SUPPLIED_465_LIST | SUPPLIED_895_LIST,Tier 3 — Organ-context signals (nonspecific alone),Inflammatory / AA pathway,ALTERNATIVE_OR_GUARDRAIL_REVIEW,,,,AA_PATHWAY_NOT_ATTR_POSITIVE_EVIDENCE
M86.28,"Subacute osteomyelitis, other site",141,17,SUPPLIED_465_LIST | SUPPLIED_895_LIST,Tier 3 — Organ-context signals (nonspecific alone),Inflammatory / AA pathway,ALTERNATIVE_OR_GUARDRAIL_REVIEW,,,,AA_PATHWAY_NOT_ATTR_POSITIVE_EVIDENCE
M05.7A,Rheumatoid arthritis with rheumatoid factor of other specified site without organ or systems involvement,248,16,SUPPLIED_465_LIST | SUPPLIED_895_LIST | ATOM_PHRASE_MATCH,Tier 3 — Organ-context signals (nonspecific alone),Inflammatory / AA pathway,ALTERNATIVE_OR_GUARDRAIL_REVIEW,autoimmune_disease | chronic_inflammatory_arthritis,Chronic inflammatory joint disease | autoimmune disease,"autoimmune_disease:7.0(phrase;tokens=arthriti,rheumatoid) | chronic_inflammatory_arthritis:7.0(phrase;tokens=arthriti,rheumatoid)",EXPLICIT_ALTERNATIVE_ETIOLOGY | AA_PATHWAY_NOT_ATTR_POSITIVE_EVIDENCE
M05.89,Other rheumatoid arthritis with rheumatoid factor of multiple sites,120,16,SUPPLIED_465_LIST | SUPPLIED_895_LIST | ATOM_PHRASE_MATCH,Tier 3 — Organ-context signals (nonspecific alone),Inflammatory / AA pathway,ALTERNATIVE_OR_GUARDRAIL_REVIEW,autoimmune_disease | chronic_inflammatory_arthritis,Chronic inflammatory joint disease | autoimmune disease,"autoimmune_disease:7.0(phrase;tokens=arthriti,rheumatoid) | chronic_inflammatory_arthritis:7.0(phrase;tokens=arthriti,rheumatoid)",EXPLICIT_ALTERNATIVE_ETIOLOGY | AA_PATHWAY_NOT_ATTR_POSITIVE_EVIDENCE
M08.40,"Pauciarticular juvenile rheumatoid arthritis, unspecified site",146,16,SUPPLIED_465_LIST | SUPPLIED_895_LIST | ATOM_PHRASE_MATCH,Tier 3 — Organ-context signals (nonspecific alone),Inflammatory / AA pathway,ALTERNATIVE_OR_GUARDRAIL_REVIEW,autoimmune_disease | chronic_inflammatory_arthritis,Chronic inflammatory joint disease | autoimmune disease,"autoimmune_disease:7.0(phrase;tokens=arthriti,rheumatoid) | chronic_inflammatory_arthritis:7.0(phrase;tokens=arthriti,rheumatoid)",EXPLICIT_ALTERNATIVE_ETIOLOGY | AA_PATHWAY_NOT_ATTR_POSITIVE_EVIDENCE
M86.362,"Chronic multifocal osteomyelitis, left tibia and fibula",167,16,SUPPLIED_465_LIST | SUPPLIED_895_LIST,Tier 3 — Organ-context signals (nonspecific alone),Inflammatory / AA pathway,ALTERNATIVE_OR_GUARDRAIL_REVIEW,,,,AA_PATHWAY_NOT_ATTR_POSITIVE_EVIDENCE
M86.472,"Chronic osteomyelitis with draining sinus, left ankle and foot",562,16,SUPPLIED_465_LIST | SUPPLIED_895_LIST | ATOM_PHRASE_MATCH,Tier 3 — Organ-context signals (nonspecific alone),Inflammatory / AA pathway,ALTERNATIVE_OR_GUARDRAIL_REVIEW,chronic_infection,Chronic or active infection,"chronic_infection:7.0(phrase;tokens=chronic,osteomyeliti)",AA_PATHWAY_NOT_ATTR_POSITIVE_EVIDENCE
M86.652,"Other chronic osteomyelitis, left thigh",524,16,SUPPLIED_465_LIST | SUPPLIED_895_LIST | ATOM_PHRASE_MATCH,Tier 3 — Organ-context signals (nonspecific alone),Inflammatory / AA pathway,ALTERNATIVE_OR_GUARDRAIL_REVIEW,chronic_infection,Chronic or active infection,"chronic_infection:7.0(phrase;tokens=chronic,osteomyeliti)",AA_PATHWAY_NOT_ATTR_POSITIVE_EVIDENCE
P78.3,Noninfective neonatal diarrhea,28,16,SUPPLIED_895_LIST,,GI / hepatobiliary signals,ALTERNATIVE_OR_GUARDRAIL_REVIEW,,,,EXPLICIT_ALTERNATIVE_ETIOLOGY
M45.7,Ankylosing spondylitis of lumbosacral region,136,15,SUPPLIED_465_LIST | SUPPLIED_895_LIST | ATOM_PHRASE_MATCH,Tier 3 — Organ-context signals (nonspecific alone),Inflammatory / AA pathway,ALTERNATIVE_OR_GUARDRAIL_REVIEW,chronic_inflammatory_arthritis,Chronic inflammatory joint disease,"chronic_inflammatory_arthritis:7.0(phrase;tokens=ankylos,spondyliti)",AA_PATHWAY_NOT_ATTR_POSITIVE_EVIDENCE
M86.151,"Other acute osteomyelitis, right femur",122,15,SUPPLIED_465_LIST | SUPPLIED_895_LIST,Tier 3 — Organ-context signals (nonspecific alone),Inflammatory / AA pathway,ALTERNATIVE_OR_GUARDRAIL_REVIEW,,,,AA_PATHWAY_NOT_ATTR_POSITIVE_EVIDENCE
M86.8X9,"Other osteomyelitis, unspecified sites",142,15,SUPPLIED_465_LIST | SUPPLIED_895_LIST,Tier 3 — Organ-context signals (nonspecific alone),Inflammatory / AA pathway,ALTERNATIVE_OR_GUARDRAIL_REVIEW,,,,AA_PATHWAY_NOT_ATTR_POSITIVE_EVIDENCE
O26.642,"Intrahepatic cholestasis of pregnancy, second trimester",177,15,SUPPLIED_895_LIST,,GI / hepatobiliary signals,ALTERNATIVE_OR_GUARDRAIL_REVIEW,,,,EXPLICIT_ALTERNATIVE_ETIOLOGY
K50.914,"Crohn's disease, unspecified, with abscess",122,13,SUPPLIED_465_LIST | SUPPLIED_895_LIST,Tier 3 — Organ-context signals (nonspecific alone),Inflammatory / AA pathway,ALTERNATIVE_OR_GUARDRAIL_REVIEW,,,,AA_PATHWAY_NOT_ATTR_POSITIVE_EVIDENCE
M05.59,Rheumatoid polyneuropathy with rheumatoid arthritis of multiple sites,92,13,SUPPLIED_465_LIST | SUPPLIED_895_LIST | ATOM_PHRASE_MATCH,Tier 3 — Organ-context signals (nonspecific alone),Neurologic / autonomic signals | Inflammatory / AA pathway,ALTERNATIVE_OR_GUARDRAIL_REVIEW,autoimmune_disease | chronic_inflammatory_arthritis,Chronic inflammatory joint disease | autoimmune disease,"autoimmune_disease:7.0(phrase;tokens=arthriti,rheumatoid) | chronic_inflammatory_arthritis:7.0(phrase;tokens=arthriti,rheumatoid)",EXPLICIT_ALTERNATIVE_ETIOLOGY | AA_PATHWAY_NOT_ATTR_POSITIVE_EVIDENCE
M86.361,"Chronic multifocal osteomyelitis, right tibia and fibula",171,13,SUPPLIED_465_LIST | SUPPLIED_895_LIST,Tier 3 — Organ-context signals (nonspecific alone),Inflammatory / AA pathway,ALTERNATIVE_OR_GUARDRAIL_REVIEW,,,,AA_PATHWAY_NOT_ATTR_POSITIVE_EVIDENCE
M86.461,"Chronic osteomyelitis with draining sinus, right tibia and fibula",393,13,SUPPLIED_465_LIST | SUPPLIED_895_LIST | ATOM_PHRASE_MATCH,Tier 3 — Organ-context signals (nonspecific alone),Inflammatory / AA pathway,ALTERNATIVE_OR_GUARDRAIL_REVIEW,chronic_infection,Chronic or active infection,"chronic_infection:7.0(phrase;tokens=chronic,osteomyeliti)",AA_PATHWAY_NOT_ATTR_POSITIVE_EVIDENCE
M86.642,"Other chronic osteomyelitis, left hand",135,13,SUPPLIED_465_LIST | SUPPLIED_895_LIST | ATOM_PHRASE_MATCH,Tier 3 — Organ-context signals (nonspecific alone),Inflammatory / AA pathway,ALTERNATIVE_OR_GUARDRAIL_REVIEW,chronic_infection,Chronic or active infection,"chronic_infection:7.0(phrase;tokens=chronic,osteomyeliti)",AA_PATHWAY_NOT_ATTR_POSITIVE_EVIDENCE
K50.812,Crohn's disease of both small and large intestine with intestinal obstruction,166,12,SUPPLIED_465_LIST | SUPPLIED_895_LIST,Tier 3 — Organ-context signals (nonspecific alone),Inflammatory / AA pathway,ALTERNATIVE_OR_GUARDRAIL_REVIEW,,,,AA_PATHWAY_NOT_ATTR_POSITIVE_EVIDENCE
M45.8,Ankylosing spondylitis sacral and sacrococcygeal region,329,12,SUPPLIED_465_LIST | SUPPLIED_895_LIST | ATOM_PHRASE_MATCH,Tier 3 — Organ-context signals (nonspecific alone),Inflammatory / AA pathway,ALTERNATIVE_OR_GUARDRAIL_REVIEW,chronic_inflammatory_arthritis,Chronic inflammatory joint disease,"chronic_inflammatory_arthritis:7.0(phrase;tokens=ankylos,spondyliti)",AA_PATHWAY_NOT_ATTR_POSITIVE_EVIDENCE
M86.162,"Other acute osteomyelitis, left tibia and fibula",138,12,SUPPLIED_465_LIST | SUPPLIED_895_LIST,Tier 3 — Organ-context signals (nonspecific alone),Inflammatory / AA pathway,ALTERNATIVE_OR_GUARDRAIL_REVIEW,,,,AA_PATHWAY_NOT_ATTR_POSITIVE_EVIDENCE
M86.641,"Other chronic osteomyelitis, right hand",192,12,SUPPLIED_465_LIST | SUPPLIED_895_LIST | ATOM_PHRASE_MATCH,Tier 3 — Organ-context signals (nonspecific alone),Inflammatory / AA pathway,ALTERNATIVE_OR_GUARDRAIL_REVIEW,chronic_infection,Chronic or active infection,"chronic_infection:7.0(phrase;tokens=chronic,osteomyeliti)",AA_PATHWAY_NOT_ATTR_POSITIVE_EVIDENCE
M86.8X4,"Other osteomyelitis, hand",90,12,SUPPLIED_465_LIST | SUPPLIED_895_LIST,Tier 3 — Organ-context signals (nonspecific alone),Inflammatory / AA pathway,ALTERNATIVE_OR_GUARDRAIL_REVIEW,,,,AA_PATHWAY_NOT_ATTR_POSITIVE_EVIDENCE
Q42.2,"Congenital absence, atresia and stenosis of anus with fistula",92,12,SUPPLIED_895_LIST,,Musculoskeletal / ATTR prodrome,ALTERNATIVE_OR_GUARDRAIL_REVIEW,,,,EXPLICIT_ALTERNATIVE_ETIOLOGY
A18.01,Tuberculosis of spine,63,11,SUPPLIED_465_LIST | SUPPLIED_895_LIST,Tier 3 — Organ-context signals (nonspecific alone),Inflammatory / AA pathway,ALTERNATIVE_OR_GUARDRAIL_REVIEW,,,,EXPLICIT_ALTERNATIVE_ETIOLOGY | AA_PATHWAY_NOT_ATTR_POSITIVE_EVIDENCE
K50.013,Crohn's disease of small intestine with fistula,127,11,SUPPLIED_465_LIST | SUPPLIED_895_LIST,Tier 3 — Organ-context signals (nonspecific alone),Inflammatory / AA pathway,ALTERNATIVE_OR_GUARDRAIL_REVIEW,,,,AA_PATHWAY_NOT_ATTR_POSITIVE_EVIDENCE
M05.70,Rheumatoid arthritis with rheumatoid factor of unspecified site without organ or systems involvement,32,11,SUPPLIED_465_LIST | SUPPLIED_895_LIST | ATOM_PHRASE_MATCH,Tier 3 — Organ-context signals (nonspecific alone),Inflammatory / AA pathway,ALTERNATIVE_OR_GUARDRAIL_REVIEW,autoimmune_disease | chronic_inflammatory_arthritis,Chronic inflammatory joint disease | autoimmune disease,"autoimmune_disease:7.0(phrase;tokens=arthriti,rheumatoid) | chronic_inflammatory_arthritis:7.0(phrase;tokens=arthriti,rheumatoid)",EXPLICIT_ALTERNATIVE_ETIOLOGY | AA_PATHWAY_NOT_ATTR_POSITIVE_EVIDENCE
M86.462,"Chronic osteomyelitis with draining sinus, left tibia and fibula",145,11,SUPPLIED_465_LIST | SUPPLIED_895_LIST | ATOM_PHRASE_MATCH,Tier 3 — Organ-context signals (nonspecific alone),Inflammatory / AA pathway,ALTERNATIVE_OR_GUARDRAIL_REVIEW,chronic_infection,Chronic or active infection,"chronic_infection:7.0(phrase;tokens=chronic,osteomyeliti)",AA_PATHWAY_NOT_ATTR_POSITIVE_EVIDENCE
Q41.0,"Congenital absence, atresia and stenosis of duodenum",109,11,SUPPLIED_895_LIST,,Musculoskeletal / ATTR prodrome,ALTERNATIVE_OR_GUARDRAIL_REVIEW,,,,EXPLICIT_ALTERNATIVE_ETIOLOGY
E10.41,Type 1 diabetes mellitus with diabetic mononeuropathy,88,10,SUPPLIED_895_LIST | ATOM_PHRASE_MATCH,,Neurologic / autonomic signals,ALTERNATIVE_OR_GUARDRAIL_REVIEW,diabetes,diabetes,"diabetes:8.0(phrase;tokens=diabete,diabetic,mellitu,type)",EXPLICIT_ALTERNATIVE_ETIOLOGY
K50.112,Crohn's disease of large intestine with intestinal obstruction,156,10,SUPPLIED_465_LIST | SUPPLIED_895_LIST,Tier 3 — Organ-context signals (nonspecific alone),Inflammatory / AA pathway,ALTERNATIVE_OR_GUARDRAIL_REVIEW,,,,AA_PATHWAY_NOT_ATTR_POSITIVE_EVIDENCE
K50.811,Crohn's disease of both small and large intestine with rectal bleeding,307,10,SUPPLIED_465_LIST | SUPPLIED_895_LIST,Tier 3 — Organ-context signals (nonspecific alone),Inflammatory / AA pathway,ALTERNATIVE_OR_GUARDRAIL_REVIEW,,,,AA_PATHWAY_NOT_ATTR_POSITIVE_EVIDENCE
M86.39,"Chronic multifocal osteomyelitis, multiple sites",780,10,SUPPLIED_465_LIST | SUPPLIED_895_LIST,Tier 3 — Organ-context signals (nonspecific alone),Inflammatory / AA pathway,ALTERNATIVE_OR_GUARDRAIL_REVIEW,,,,AA_PATHWAY_NOT_ATTR_POSITIVE_EVIDENCE
M86.659,"Other chronic osteomyelitis, unspecified thigh",173,10,SUPPLIED_465_LIST | SUPPLIED_895_LIST | ATOM_PHRASE_MATCH,Tier 3 — Organ-context signals (nonspecific alone),Inflammatory / AA pathway,ALTERNATIVE_OR_GUARDRAIL_REVIEW,chronic_infection,Chronic or active infection,"chronic_infection:7.0(phrase;tokens=chronic,osteomyeliti)",AA_PATHWAY_NOT_ATTR_POSITIVE_EVIDENCE
M86.8X6,"Other osteomyelitis, lower leg",89,10,SUPPLIED_465_LIST | SUPPLIED_895_LIST,Tier 3 — Organ-context signals (nonspecific alone),Inflammatory / AA pathway,ALTERNATIVE_OR_GUARDRAIL_REVIEW,,,,AA_PATHWAY_NOT_ATTR_POSITIVE_EVIDENCE
O13.1,"Gestational [pregnancy-induced] hypertension without significant proteinuria, first trimester",39,10,SUPPLIED_895_LIST,,Renal signals,ALTERNATIVE_OR_GUARDRAIL_REVIEW,,,,EXPLICIT_ALTERNATIVE_ETIOLOGY
Q41.9,"Congenital absence, atresia and stenosis of small intestine, part unspecified",329,10,SUPPLIED_895_LIST,,Musculoskeletal / ATTR prodrome,ALTERNATIVE_OR_GUARDRAIL_REVIEW,,,,EXPLICIT_ALTERNATIVE_ETIOLOGY
K50.011,Crohn's disease of small intestine with rectal bleeding,165,9,SUPPLIED_465_LIST | SUPPLIED_895_LIST,Tier 3 — Organ-context signals (nonspecific alone),Inflammatory / AA pathway,ALTERNATIVE_OR_GUARDRAIL_REVIEW,,,,AA_PATHWAY_NOT_ATTR_POSITIVE_EVIDENCE
K50.012,Crohn's disease of small intestine with intestinal obstruction,154,9,SUPPLIED_465_LIST | SUPPLIED_895_LIST,Tier 3 — Organ-context signals (nonspecific alone),Inflammatory / AA pathway,ALTERNATIVE_OR_GUARDRAIL_REVIEW,,,,AA_PATHWAY_NOT_ATTR_POSITIVE_EVIDENCE
M05.751,Rheumatoid arthritis with rheumatoid factor of right hip without organ or systems involvement,65,9,SUPPLIED_465_LIST | SUPPLIED_895_LIST | ATOM_PHRASE_MATCH,Tier 3 — Organ-context signals (nonspecific alone),Inflammatory / AA pathway,ALTERNATIVE_OR_GUARDRAIL_REVIEW,autoimmune_disease | chronic_inflammatory_arthritis,Chronic inflammatory joint disease | autoimmune disease,"autoimmune_disease:7.0(phrase;tokens=arthriti,rheumatoid) | chronic_inflammatory_arthritis:7.0(phrase;tokens=arthriti,rheumatoid)",EXPLICIT_ALTERNATIVE_ETIOLOGY | AA_PATHWAY_NOT_ATTR_POSITIVE_EVIDENCE
M05.762,Rheumatoid arthritis with rheumatoid factor of left knee without organ or systems involvement,49,9,SUPPLIED_465_LIST | SUPPLIED_895_LIST | ATOM_PHRASE_MATCH,Tier 3 — Organ-context signals (nonspecific alone),Inflammatory / AA pathway,ALTERNATIVE_OR_GUARDRAIL_REVIEW,autoimmune_disease | chronic_inflammatory_arthritis,Chronic inflammatory joint disease | autoimmune disease,"autoimmune_disease:7.0(phrase;tokens=arthriti,rheumatoid) | chronic_inflammatory_arthritis:7.0(phrase;tokens=arthriti,rheumatoid)",EXPLICIT_ALTERNATIVE_ETIOLOGY | AA_PATHWAY_NOT_ATTR_POSITIVE_EVIDENCE
M06.0A,"Rheumatoid arthritis without rheumatoid factor, other specified site",28,9,SUPPLIED_465_LIST | SUPPLIED_895_LIST | ATOM_PHRASE_MATCH,Tier 3 — Organ-context signals (nonspecific alone),Inflammatory / AA pathway,ALTERNATIVE_OR_GUARDRAIL_REVIEW,autoimmune_disease | chronic_inflammatory_arthritis,Chronic inflammatory joint disease | autoimmune disease,"autoimmune_disease:7.0(phrase;tokens=arthriti,rheumatoid) | chronic_inflammatory_arthritis:7.0(phrase;tokens=arthriti,rheumatoid)",EXPLICIT_ALTERNATIVE_ETIOLOGY | AA_PATHWAY_NOT_ATTR_POSITIVE_EVIDENCE
M86.061,"Acute hematogenous osteomyelitis, right tibia and fibula",175,9,SUPPLIED_465_LIST | SUPPLIED_895_LIST,Tier 3 — Organ-context signals (nonspecific alone),Inflammatory / AA pathway,ALTERNATIVE_OR_GUARDRAIL_REVIEW,,,,AA_PATHWAY_NOT_ATTR_POSITIVE_EVIDENCE
M86.111,"Other acute osteomyelitis, right shoulder",208,9,SUPPLIED_465_LIST | SUPPLIED_895_LIST,Tier 3 — Organ-context signals (nonspecific alone),Inflammatory / AA pathway,ALTERNATIVE_OR_GUARDRAIL_REVIEW,,,,AA_PATHWAY_NOT_ATTR_POSITIVE_EVIDENCE
M86.152,"Other acute osteomyelitis, left femur",98,9,SUPPLIED_465_LIST | SUPPLIED_895_LIST,Tier 3 — Organ-context signals (nonspecific alone),Inflammatory / AA pathway,ALTERNATIVE_OR_GUARDRAIL_REVIEW,,,,AA_PATHWAY_NOT_ATTR_POSITIVE_EVIDENCE
M86.19,"Other acute osteomyelitis, multiple sites",240,9,SUPPLIED_465_LIST | SUPPLIED_895_LIST,Tier 3 — Organ-context signals (nonspecific alone),Inflammatory / AA pathway,ALTERNATIVE_OR_GUARDRAIL_REVIEW,,,,AA_PATHWAY_NOT_ATTR_POSITIVE_EVIDENCE
Q42.8,"Congenital absence, atresia and stenosis of other parts of large intestine",69,9,SUPPLIED_895_LIST,,Musculoskeletal / ATTR prodrome,ALTERNATIVE_OR_GUARDRAIL_REVIEW,,,,EXPLICIT_ALTERNATIVE_ETIOLOGY
K51.818,Other ulcerative colitis with other complication,60,8,SUPPLIED_465_LIST | SUPPLIED_895_LIST | ATOM_PHRASE_MATCH,Tier 3 — Organ-context signals (nonspecific alone),Inflammatory / AA pathway,ALTERNATIVE_OR_GUARDRAIL_REVIEW,ibd_inflammatory_driver,Inflammatory bowel disease,"ibd_inflammatory_driver:7.0(phrase;tokens=coliti,ulcerative)",AA_PATHWAY_NOT_ATTR_POSITIVE_EVIDENCE
K70.40,Alcoholic hepatic failure without coma,58,8,SUPPLIED_895_LIST,,GI / hepatobiliary signals,ALTERNATIVE_OR_GUARDRAIL_REVIEW,,,,EXPLICIT_ALTERNATIVE_ETIOLOGY
M45.2,Ankylosing spondylitis of cervical region,41,8,SUPPLIED_465_LIST | SUPPLIED_895_LIST | ATOM_PHRASE_MATCH,Tier 3 — Organ-context signals (nonspecific alone),Inflammatory / AA pathway,ALTERNATIVE_OR_GUARDRAIL_REVIEW,chronic_inflammatory_arthritis,Chronic inflammatory joint disease,"chronic_inflammatory_arthritis:7.0(phrase;tokens=ankylos,spondyliti)",AA_PATHWAY_NOT_ATTR_POSITIVE_EVIDENCE
M86.051,"Acute hematogenous osteomyelitis, right femur",62,8,SUPPLIED_465_LIST | SUPPLIED_895_LIST,Tier 3 — Organ-context signals (nonspecific alone),Inflammatory / AA pathway,ALTERNATIVE_OR_GUARDRAIL_REVIEW,,,,AA_PATHWAY_NOT_ATTR_POSITIVE_EVIDENCE
M86.341,"Chronic multifocal osteomyelitis, right hand",74,8,SUPPLIED_465_LIST | SUPPLIED_895_LIST,Tier 3 — Organ-context signals (nonspecific alone),Inflammatory / AA pathway,ALTERNATIVE_OR_GUARDRAIL_REVIEW,,,,AA_PATHWAY_NOT_ATTR_POSITIVE_EVIDENCE
O13.4,"Gestational [pregnancy-induced] hypertension without significant proteinuria, complicating childbirth",17,8,SUPPLIED_895_LIST,,Renal signals,ALTERNATIVE_OR_GUARDRAIL_REVIEW,,,,EXPLICIT_ALTERNATIVE_ETIOLOGY
B33.24,Viral cardiomyopathy,45,7,SUPPLIED_895_LIST,,Cardiac signals,ALTERNATIVE_OR_GUARDRAIL_REVIEW,,,,EXPLICIT_ALTERNATIVE_ETIOLOGY
H05.022,Osteomyelitis of left orbit,490,7,SUPPLIED_465_LIST | SUPPLIED_895_LIST,Tier 3 — Organ-context signals (nonspecific alone),Inflammatory / AA pathway,ALTERNATIVE_OR_GUARDRAIL_REVIEW,,,,AA_PATHWAY_NOT_ATTR_POSITIVE_EVIDENCE
K50.014,Crohn's disease of small intestine with abscess,511,7,SUPPLIED_465_LIST | SUPPLIED_895_LIST,Tier 3 — Organ-context signals (nonspecific alone),Inflammatory / AA pathway,ALTERNATIVE_OR_GUARDRAIL_REVIEW,,,,AA_PATHWAY_NOT_ATTR_POSITIVE_EVIDENCE
M05.712,Rheumatoid arthritis with rheumatoid factor of left shoulder without organ or systems involvement,39,7,SUPPLIED_465_LIST | SUPPLIED_895_LIST | ATOM_PHRASE_MATCH,Tier 3 — Organ-context signals (nonspecific alone),Inflammatory / AA pathway,ALTERNATIVE_OR_GUARDRAIL_REVIEW,autoimmune_disease | chronic_inflammatory_arthritis,Chronic inflammatory joint disease | autoimmune disease,"autoimmune_disease:7.0(phrase;tokens=arthriti,rheumatoid) | chronic_inflammatory_arthritis:7.0(phrase;tokens=arthriti,rheumatoid)",EXPLICIT_ALTERNATIVE_ETIOLOGY | AA_PATHWAY_NOT_ATTR_POSITIVE_EVIDENCE
M05.721,Rheumatoid arthritis with rheumatoid factor of right elbow without organ or systems involvement,93,7,SUPPLIED_465_LIST | SUPPLIED_895_LIST | ATOM_PHRASE_MATCH,Tier 3 — Organ-context signals (nonspecific alone),Inflammatory / AA pathway,ALTERNATIVE_OR_GUARDRAIL_REVIEW,autoimmune_disease | chronic_inflammatory_arthritis,Chronic inflammatory joint disease | autoimmune disease,"autoimmune_disease:7.0(phrase;tokens=arthriti,rheumatoid) | chronic_inflammatory_arthritis:7.0(phrase;tokens=arthriti,rheumatoid)",EXPLICIT_ALTERNATIVE_ETIOLOGY | AA_PATHWAY_NOT_ATTR_POSITIVE_EVIDENCE
M05.749,Rheumatoid arthritis with rheumatoid factor of unspecified hand without organ or systems involvement,71,7,SUPPLIED_465_LIST | SUPPLIED_895_LIST | ATOM_PHRASE_MATCH,Tier 3 — Organ-context signals (nonspecific alone),Inflammatory / AA pathway,ALTERNATIVE_OR_GUARDRAIL_REVIEW,autoimmune_disease | chronic_inflammatory_arthritis,Chronic inflammatory joint disease | autoimmune disease,"autoimmune_disease:7.0(phrase;tokens=arthriti,rheumatoid) | chronic_inflammatory_arthritis:7.0(phrase;tokens=arthriti,rheumatoid)",EXPLICIT_ALTERNATIVE_ETIOLOGY | AA_PATHWAY_NOT_ATTR_POSITIVE_EVIDENCE
M05.772,Rheumatoid arthritis with rheumatoid factor of left ankle and foot without organ or systems involvement,141,7,SUPPLIED_465_LIST | SUPPLIED_895_LIST | ATOM_PHRASE_MATCH,Tier 3 — Organ-context signals (nonspecific alone),Inflammatory / AA pathway,ALTERNATIVE_OR_GUARDRAIL_REVIEW,autoimmune_disease | chronic_inflammatory_arthritis,Chronic inflammatory joint disease | autoimmune disease,"autoimmune_disease:7.0(phrase;tokens=arthriti,rheumatoid) | chronic_inflammatory_arthritis:7.0(phrase;tokens=arthriti,rheumatoid)",EXPLICIT_ALTERNATIVE_ETIOLOGY | AA_PATHWAY_NOT_ATTR_POSITIVE_EVIDENCE
M06.042,"Rheumatoid arthritis without rheumatoid factor, left hand",145,7,SUPPLIED_465_LIST | SUPPLIED_895_LIST | ATOM_PHRASE_MATCH,Tier 3 — Organ-context signals (nonspecific alone),Inflammatory / AA pathway,ALTERNATIVE_OR_GUARDRAIL_REVIEW,autoimmune_disease | chronic_inflammatory_arthritis,Chronic inflammatory joint disease | autoimmune disease,"autoimmune_disease:7.0(phrase;tokens=arthriti,rheumatoid) | chronic_inflammatory_arthritis:7.0(phrase;tokens=arthriti,rheumatoid)",EXPLICIT_ALTERNATIVE_ETIOLOGY | AA_PATHWAY_NOT_ATTR_POSITIVE_EVIDENCE
M45.5,Ankylosing spondylitis of thoracolumbar region,109,7,SUPPLIED_465_LIST | SUPPLIED_895_LIST | ATOM_PHRASE_MATCH,Tier 3 — Organ-context signals (nonspecific alone),Inflammatory / AA pathway,ALTERNATIVE_OR_GUARDRAIL_REVIEW,chronic_inflammatory_arthritis,Chronic inflammatory joint disease,"chronic_inflammatory_arthritis:7.0(phrase;tokens=ankylos,spondyliti)",AA_PATHWAY_NOT_ATTR_POSITIVE_EVIDENCE
M86.30,"Chronic multifocal osteomyelitis, unspecified site",57,7,SUPPLIED_465_LIST | SUPPLIED_895_LIST,Tier 3 — Organ-context signals (nonspecific alone),Inflammatory / AA pathway,ALTERNATIVE_OR_GUARDRAIL_REVIEW,,,,AA_PATHWAY_NOT_ATTR_POSITIVE_EVIDENCE
M86.352,"Chronic multifocal osteomyelitis, left femur",37,7,SUPPLIED_465_LIST | SUPPLIED_895_LIST,Tier 3 — Organ-context signals (nonspecific alone),Inflammatory / AA pathway,ALTERNATIVE_OR_GUARDRAIL_REVIEW,,,,AA_PATHWAY_NOT_ATTR_POSITIVE_EVIDENCE
M86.669,"Other chronic osteomyelitis, unspecified tibia and fibula",412,7,SUPPLIED_465_LIST | SUPPLIED_895_LIST | ATOM_PHRASE_MATCH,Tier 3 — Organ-context signals (nonspecific alone),Inflammatory / AA pathway,ALTERNATIVE_OR_GUARDRAIL_REVIEW,chronic_infection,Chronic or active infection,"chronic_infection:7.0(phrase;tokens=chronic,osteomyeliti)",AA_PATHWAY_NOT_ATTR_POSITIVE_EVIDENCE
Q41.1,"Congenital absence, atresia and stenosis of jejunum",150,7,SUPPLIED_895_LIST,,Musculoskeletal / ATTR prodrome,ALTERNATIVE_OR_GUARDRAIL_REVIEW,,,,EXPLICIT_ALTERNATIVE_ETIOLOGY
Q41.2,"Congenital absence, atresia and stenosis of ileum",202,7,SUPPLIED_895_LIST,,Musculoskeletal / ATTR prodrome,ALTERNATIVE_OR_GUARDRAIL_REVIEW,,,,EXPLICIT_ALTERNATIVE_ETIOLOGY
A17.9,"Tuberculosis of nervous system, unspecified",20,6,SUPPLIED_465_LIST | SUPPLIED_895_LIST,Tier 3 — Organ-context signals (nonspecific alone),Inflammatory / AA pathway,ALTERNATIVE_OR_GUARDRAIL_REVIEW,,,,EXPLICIT_ALTERNATIVE_ETIOLOGY | AA_PATHWAY_NOT_ATTR_POSITIVE_EVIDENCE
B19.9,Unspecified viral hepatitis without hepatic coma,17,6,SUPPLIED_895_LIST,,GI / hepatobiliary signals,ALTERNATIVE_OR_GUARDRAIL_REVIEW,,,,EXPLICIT_ALTERNATIVE_ETIOLOGY
M05.732,Rheumatoid arthritis with rheumatoid factor of left wrist without organ or systems involvement,109,6,SUPPLIED_465_LIST | SUPPLIED_895_LIST | ATOM_PHRASE_MATCH,Tier 3 — Organ-context signals (nonspecific alone),Inflammatory / AA pathway,ALTERNATIVE_OR_GUARDRAIL_REVIEW,autoimmune_disease | chronic_inflammatory_arthritis,Chronic inflammatory joint disease | autoimmune disease,"autoimmune_disease:7.0(phrase;tokens=arthriti,rheumatoid) | chronic_inflammatory_arthritis:7.0(phrase;tokens=arthriti,rheumatoid)",EXPLICIT_ALTERNATIVE_ETIOLOGY | AA_PATHWAY_NOT_ATTR_POSITIVE_EVIDENCE
M05.769,Rheumatoid arthritis with rheumatoid factor of unspecified knee without organ or systems involvement,42,6,SUPPLIED_465_LIST | SUPPLIED_895_LIST | ATOM_PHRASE_MATCH,Tier 3 — Organ-context signals (nonspecific alone),Inflammatory / AA pathway,ALTERNATIVE_OR_GUARDRAIL_REVIEW,autoimmune_disease | chronic_inflammatory_arthritis,Chronic inflammatory joint disease | autoimmune disease,"autoimmune_disease:7.0(phrase;tokens=arthriti,rheumatoid) | chronic_inflammatory_arthritis:7.0(phrase;tokens=arthriti,rheumatoid)",EXPLICIT_ALTERNATIVE_ETIOLOGY | AA_PATHWAY_NOT_ATTR_POSITIVE_EVIDENCE
M06.89,"Other specified rheumatoid arthritis, multiple sites",32,6,SUPPLIED_465_LIST | SUPPLIED_895_LIST | ATOM_PHRASE_MATCH,Tier 3 — Organ-context signals (nonspecific alone),Inflammatory / AA pathway,ALTERNATIVE_OR_GUARDRAIL_REVIEW,autoimmune_disease | chronic_inflammatory_arthritis,Chronic inflammatory joint disease | autoimmune disease,"autoimmune_disease:7.0(phrase;tokens=arthriti,rheumatoid) | chronic_inflammatory_arthritis:7.0(phrase;tokens=arthriti,rheumatoid)",EXPLICIT_ALTERNATIVE_ETIOLOGY | AA_PATHWAY_NOT_ATTR_POSITIVE_EVIDENCE
M86.131,"Other acute osteomyelitis, right radius and ulna",30,6,SUPPLIED_465_LIST | SUPPLIED_895_LIST,Tier 3 — Organ-context signals (nonspecific alone),Inflammatory / AA pathway,ALTERNATIVE_OR_GUARDRAIL_REVIEW,,,,AA_PATHWAY_NOT_ATTR_POSITIVE_EVIDENCE
M86.159,"Other acute osteomyelitis, unspecified femur",27,6,SUPPLIED_465_LIST | SUPPLIED_895_LIST,Tier 3 — Organ-context signals (nonspecific alone),Inflammatory / AA pathway,ALTERNATIVE_OR_GUARDRAIL_REVIEW,,,,AA_PATHWAY_NOT_ATTR_POSITIVE_EVIDENCE
M86.242,"Subacute osteomyelitis, left hand",68,6,SUPPLIED_465_LIST | SUPPLIED_895_LIST,Tier 3 — Organ-context signals (nonspecific alone),Inflammatory / AA pathway,ALTERNATIVE_OR_GUARDRAIL_REVIEW,,,,AA_PATHWAY_NOT_ATTR_POSITIVE_EVIDENCE
M86.262,"Subacute osteomyelitis, left tibia and fibula",148,6,SUPPLIED_465_LIST | SUPPLIED_895_LIST,Tier 3 — Organ-context signals (nonspecific alone),Inflammatory / AA pathway,ALTERNATIVE_OR_GUARDRAIL_REVIEW,,,,AA_PATHWAY_NOT_ATTR_POSITIVE_EVIDENCE
M86.451,"Chronic osteomyelitis with draining sinus, right femur",185,6,SUPPLIED_465_LIST | SUPPLIED_895_LIST | ATOM_PHRASE_MATCH,Tier 3 — Organ-context signals (nonspecific alone),Inflammatory / AA pathway,ALTERNATIVE_OR_GUARDRAIL_REVIEW,chronic_infection,Chronic or active infection,"chronic_infection:7.0(phrase;tokens=chronic,osteomyeliti)",AA_PATHWAY_NOT_ATTR_POSITIVE_EVIDENCE
M86.48,"Chronic osteomyelitis with draining sinus, other site",114,6,SUPPLIED_465_LIST | SUPPLIED_895_LIST | ATOM_PHRASE_MATCH,Tier 3 — Organ-context signals (nonspecific alone),Inflammatory / AA pathway,ALTERNATIVE_OR_GUARDRAIL_REVIEW,chronic_infection,Chronic or active infection,"chronic_infection:7.0(phrase;tokens=chronic,osteomyeliti)",AA_PATHWAY_NOT_ATTR_POSITIVE_EVIDENCE
M86.611,"Other chronic osteomyelitis, right shoulder",182,6,SUPPLIED_465_LIST | SUPPLIED_895_LIST | ATOM_PHRASE_MATCH,Tier 3 — Organ-context signals (nonspecific alone),Inflammatory / AA pathway,ALTERNATIVE_OR_GUARDRAIL_REVIEW,chronic_infection,Chronic or active infection,"chronic_infection:7.0(phrase;tokens=chronic,osteomyeliti)",AA_PATHWAY_NOT_ATTR_POSITIVE_EVIDENCE
M86.622,"Other chronic osteomyelitis, left humerus",27,6,SUPPLIED_465_LIST | SUPPLIED_895_LIST | ATOM_PHRASE_MATCH,Tier 3 — Organ-context signals (nonspecific alone),Inflammatory / AA pathway,ALTERNATIVE_OR_GUARDRAIL_REVIEW,chronic_infection,Chronic or active infection,"chronic_infection:7.0(phrase;tokens=chronic,osteomyeliti)",AA_PATHWAY_NOT_ATTR_POSITIVE_EVIDENCE
M86.8X0,"Other osteomyelitis, multiple sites",56,6,SUPPLIED_465_LIST | SUPPLIED_895_LIST,Tier 3 — Organ-context signals (nonspecific alone),Inflammatory / AA pathway,ALTERNATIVE_OR_GUARDRAIL_REVIEW,,,,AA_PATHWAY_NOT_ATTR_POSITIVE_EVIDENCE
A18.4,Tuberculosis of skin and subcutaneous tissue,8,5,SUPPLIED_465_LIST | SUPPLIED_895_LIST,Tier 3 — Organ-context signals (nonspecific alone),Inflammatory / AA pathway,ALTERNATIVE_OR_GUARDRAIL_REVIEW,,,,EXPLICIT_ALTERNATIVE_ETIOLOGY | AA_PATHWAY_NOT_ATTR_POSITIVE_EVIDENCE
K50.814,Crohn's disease of both small and large intestine with abscess,195,5,SUPPLIED_465_LIST | SUPPLIED_895_LIST,Tier 3 — Organ-context signals (nonspecific alone),Inflammatory / AA pathway,ALTERNATIVE_OR_GUARDRAIL_REVIEW,,,,AA_PATHWAY_NOT_ATTR_POSITIVE_EVIDENCE
M05.10,Rheumatoid lung disease with rheumatoid arthritis of unspecified site,91,5,SUPPLIED_465_LIST | SUPPLIED_895_LIST | ATOM_PHRASE_MATCH,Tier 3 — Organ-context signals (nonspecific alone),Inflammatory / AA pathway,ALTERNATIVE_OR_GUARDRAIL_REVIEW,autoimmune_disease | chronic_inflammatory_arthritis,Chronic inflammatory joint disease | autoimmune disease,"autoimmune_disease:7.0(phrase;tokens=arthriti,rheumatoid) | chronic_inflammatory_arthritis:7.0(phrase;tokens=arthriti,rheumatoid)",EXPLICIT_ALTERNATIVE_ETIOLOGY | AA_PATHWAY_NOT_ATTR_POSITIVE_EVIDENCE
M05.30,Rheumatoid heart disease with rheumatoid arthritis of unspecified site,36,5,SUPPLIED_465_LIST | SUPPLIED_895_LIST | ATOM_PHRASE_MATCH,Tier 3 — Organ-context signals (nonspecific alone),Inflammatory / AA pathway,ALTERNATIVE_OR_GUARDRAIL_REVIEW,autoimmune_disease | chronic_inflammatory_arthritis,Chronic inflammatory joint disease | autoimmune disease,"autoimmune_disease:7.0(phrase;tokens=arthriti,rheumatoid) | chronic_inflammatory_arthritis:7.0(phrase;tokens=arthriti,rheumatoid)",EXPLICIT_ALTERNATIVE_ETIOLOGY | AA_PATHWAY_NOT_ATTR_POSITIVE_EVIDENCE
M05.50,Rheumatoid polyneuropathy with rheumatoid arthritis of unspecified site,11,5,SUPPLIED_465_LIST | SUPPLIED_895_LIST | ATOM_PHRASE_MATCH,Tier 3 — Organ-context signals (nonspecific alone),Neurologic / autonomic signals | Inflammatory / AA pathway,ALTERNATIVE_OR_GUARDRAIL_REVIEW,autoimmune_disease | chronic_inflammatory_arthritis,Chronic inflammatory joint disease | autoimmune disease,"autoimmune_disease:7.0(phrase;tokens=arthriti,rheumatoid) | chronic_inflammatory_arthritis:7.0(phrase;tokens=arthriti,rheumatoid)",EXPLICIT_ALTERNATIVE_ETIOLOGY | AA_PATHWAY_NOT_ATTR_POSITIVE_EVIDENCE
M08.1,Juvenile ankylosing spondylitis,66,5,SUPPLIED_465_LIST | SUPPLIED_895_LIST | ATOM_PHRASE_MATCH,Tier 3 — Organ-context signals (nonspecific alone),Inflammatory / AA pathway,ALTERNATIVE_OR_GUARDRAIL_REVIEW,chronic_inflammatory_arthritis,Chronic inflammatory joint disease,"chronic_inflammatory_arthritis:7.0(phrase;tokens=ankylos,spondyliti)",AA_PATHWAY_NOT_ATTR_POSITIVE_EVIDENCE
M86.042,"Acute hematogenous osteomyelitis, left hand",43,5,SUPPLIED_465_LIST | SUPPLIED_895_LIST,Tier 3 — Organ-context signals (nonspecific alone),Inflammatory / AA pathway,ALTERNATIVE_OR_GUARDRAIL_REVIEW,,,,AA_PATHWAY_NOT_ATTR_POSITIVE_EVIDENCE
M86.132,"Other acute osteomyelitis, left radius and ulna",144,5,SUPPLIED_465_LIST | SUPPLIED_895_LIST,Tier 3 — Organ-context signals (nonspecific alone),Inflammatory / AA pathway,ALTERNATIVE_OR_GUARDRAIL_REVIEW,,,,AA_PATHWAY_NOT_ATTR_POSITIVE_EVIDENCE
M86.20,"Subacute osteomyelitis, unspecified site",69,5,SUPPLIED_465_LIST | SUPPLIED_895_LIST,Tier 3 — Organ-context signals (nonspecific alone),Inflammatory / AA pathway,ALTERNATIVE_OR_GUARDRAIL_REVIEW,,,,AA_PATHWAY_NOT_ATTR_POSITIVE_EVIDENCE
M86.241,"Subacute osteomyelitis, right hand",17,5,SUPPLIED_465_LIST | SUPPLIED_895_LIST,Tier 3 — Organ-context signals (nonspecific alone),Inflammatory / AA pathway,ALTERNATIVE_OR_GUARDRAIL_REVIEW,,,,AA_PATHWAY_NOT_ATTR_POSITIVE_EVIDENCE
M86.261,"Subacute osteomyelitis, right tibia and fibula",133,5,SUPPLIED_465_LIST | SUPPLIED_895_LIST,Tier 3 — Organ-context signals (nonspecific alone),Inflammatory / AA pathway,ALTERNATIVE_OR_GUARDRAIL_REVIEW,,,,AA_PATHWAY_NOT_ATTR_POSITIVE_EVIDENCE
M86.29,"Subacute osteomyelitis, multiple sites",63,5,SUPPLIED_465_LIST | SUPPLIED_895_LIST,Tier 3 — Organ-context signals (nonspecific alone),Inflammatory / AA pathway,ALTERNATIVE_OR_GUARDRAIL_REVIEW,,,,AA_PATHWAY_NOT_ATTR_POSITIVE_EVIDENCE
M86.311,"Chronic multifocal osteomyelitis, right shoulder",62,5,SUPPLIED_465_LIST | SUPPLIED_895_LIST,Tier 3 — Organ-context signals (nonspecific alone),Inflammatory / AA pathway,ALTERNATIVE_OR_GUARDRAIL_REVIEW,,,,AA_PATHWAY_NOT_ATTR_POSITIVE_EVIDENCE
M86.342,"Chronic multifocal osteomyelitis, left hand",16,5,SUPPLIED_465_LIST | SUPPLIED_895_LIST,Tier 3 — Organ-context signals (nonspecific alone),Inflammatory / AA pathway,ALTERNATIVE_OR_GUARDRAIL_REVIEW,,,,AA_PATHWAY_NOT_ATTR_POSITIVE_EVIDENCE
M86.38,"Chronic multifocal osteomyelitis, other site",8,5,SUPPLIED_465_LIST | SUPPLIED_895_LIST,Tier 3 — Organ-context signals (nonspecific alone),Inflammatory / AA pathway,ALTERNATIVE_OR_GUARDRAIL_REVIEW,,,,AA_PATHWAY_NOT_ATTR_POSITIVE_EVIDENCE
M86.452,"Chronic osteomyelitis with draining sinus, left femur",110,5,SUPPLIED_465_LIST | SUPPLIED_895_LIST | ATOM_PHRASE_MATCH,Tier 3 — Organ-context signals (nonspecific alone),Inflammatory / AA pathway,ALTERNATIVE_OR_GUARDRAIL_REVIEW,chronic_infection,Chronic or active infection,"chronic_infection:7.0(phrase;tokens=chronic,osteomyeliti)",AA_PATHWAY_NOT_ATTR_POSITIVE_EVIDENCE
M86.621,"Other chronic osteomyelitis, right humerus",98,5,SUPPLIED_465_LIST | SUPPLIED_895_LIST | ATOM_PHRASE_MATCH,Tier 3 — Organ-context signals (nonspecific alone),Inflammatory / AA pathway,ALTERNATIVE_OR_GUARDRAIL_REVIEW,chronic_infection,Chronic or active infection,"chronic_infection:7.0(phrase;tokens=chronic,osteomyeliti)",AA_PATHWAY_NOT_ATTR_POSITIVE_EVIDENCE
M86.632,"Other chronic osteomyelitis, left radius and ulna",18,5,SUPPLIED_465_LIST | SUPPLIED_895_LIST | ATOM_PHRASE_MATCH,Tier 3 — Organ-context signals (nonspecific alone),Inflammatory / AA pathway,ALTERNATIVE_OR_GUARDRAIL_REVIEW,chronic_infection,Chronic or active infection,"chronic_infection:7.0(phrase;tokens=chronic,osteomyeliti)",AA_PATHWAY_NOT_ATTR_POSITIVE_EVIDENCE
M86.649,"Other chronic osteomyelitis, unspecified hand",43,5,SUPPLIED_465_LIST | SUPPLIED_895_LIST | ATOM_PHRASE_MATCH,Tier 3 — Organ-context signals (nonspecific alone),Inflammatory / AA pathway,ALTERNATIVE_OR_GUARDRAIL_REVIEW,chronic_infection,Chronic or active infection,"chronic_infection:7.0(phrase;tokens=chronic,osteomyeliti)",AA_PATHWAY_NOT_ATTR_POSITIVE_EVIDENCE
M86.69,"Other chronic osteomyelitis, multiple sites",94,5,SUPPLIED_465_LIST | SUPPLIED_895_LIST | ATOM_PHRASE_MATCH,Tier 3 — Organ-context signals (nonspecific alone),Inflammatory / AA pathway,ALTERNATIVE_OR_GUARDRAIL_REVIEW,chronic_infection,Chronic or active infection,"chronic_infection:7.0(phrase;tokens=chronic,osteomyeliti)",AA_PATHWAY_NOT_ATTR_POSITIVE_EVIDENCE
M86.8X5,"Other osteomyelitis, thigh",71,5,SUPPLIED_465_LIST | SUPPLIED_895_LIST,Tier 3 — Organ-context signals (nonspecific alone),Inflammatory / AA pathway,ALTERNATIVE_OR_GUARDRAIL_REVIEW,,,,AA_PATHWAY_NOT_ATTR_POSITIVE_EVIDENCE
A15.5,"Tuberculosis of larynx, trachea and bronchus",25,4,SUPPLIED_465_LIST | SUPPLIED_895_LIST,Tier 3 — Organ-context signals (nonspecific alone),Inflammatory / AA pathway,ALTERNATIVE_OR_GUARDRAIL_REVIEW,,,,EXPLICIT_ALTERNATIVE_ETIOLOGY | AA_PATHWAY_NOT_ATTR_POSITIVE_EVIDENCE
A18.11,Tuberculosis of kidney and ureter,6,4,SUPPLIED_465_LIST | SUPPLIED_895_LIST,Tier 3 — Organ-context signals (nonspecific alone),Inflammatory / AA pathway,ALTERNATIVE_OR_GUARDRAIL_REVIEW,,,,EXPLICIT_ALTERNATIVE_ETIOLOGY | AA_PATHWAY_NOT_ATTR_POSITIVE_EVIDENCE
A18.15,Tuberculosis of other male genital organs,11,4,SUPPLIED_465_LIST | SUPPLIED_895_LIST,Tier 3 — Organ-context signals (nonspecific alone),Inflammatory / AA pathway,ALTERNATIVE_OR_GUARDRAIL_REVIEW,,,,EXPLICIT_ALTERNATIVE_ETIOLOGY | AA_PATHWAY_NOT_ATTR_POSITIVE_EVIDENCE
E09.21,Drug or chemical induced diabetes mellitus with diabetic nephropathy,4,4,SUPPLIED_465_LIST | SUPPLIED_895_LIST | ATOM_PHRASE_MATCH,Tier 3 — Organ-context signals (nonspecific alone),Renal signals,ALTERNATIVE_OR_GUARDRAIL_REVIEW,diabetes,diabetes,"diabetes:8.0(phrase;tokens=diabete,diabetic,mellitu)",EXPLICIT_ALTERNATIVE_ETIOLOGY
H05.021,Osteomyelitis of right orbit,41,4,SUPPLIED_465_LIST | SUPPLIED_895_LIST,Tier 3 — Organ-context signals (nonspecific alone),Inflammatory / AA pathway,ALTERNATIVE_OR_GUARDRAIL_REVIEW,,,,AA_PATHWAY_NOT_ATTR_POSITIVE_EVIDENCE
K50.912,"Crohn's disease, unspecified, with intestinal obstruction",122,4,SUPPLIED_465_LIST | SUPPLIED_895_LIST,Tier 3 — Organ-context signals (nonspecific alone),Inflammatory / AA pathway,ALTERNATIVE_OR_GUARDRAIL_REVIEW,,,,AA_PATHWAY_NOT_ATTR_POSITIVE_EVIDENCE
M06.061,"Rheumatoid arthritis without rheumatoid factor, right knee",48,4,SUPPLIED_465_LIST | SUPPLIED_895_LIST | ATOM_PHRASE_MATCH,Tier 3 — Organ-context signals (nonspecific alone),Inflammatory / AA pathway,ALTERNATIVE_OR_GUARDRAIL_REVIEW,autoimmune_disease | chronic_inflammatory_arthritis,Chronic inflammatory joint disease | autoimmune disease,"autoimmune_disease:7.0(phrase;tokens=arthriti,rheumatoid) | chronic_inflammatory_arthritis:7.0(phrase;tokens=arthriti,rheumatoid)",EXPLICIT_ALTERNATIVE_ETIOLOGY | AA_PATHWAY_NOT_ATTR_POSITIVE_EVIDENCE
M06.071,"Rheumatoid arthritis without rheumatoid factor, right ankle and foot",54,4,SUPPLIED_465_LIST | SUPPLIED_895_LIST | ATOM_PHRASE_MATCH,Tier 3 — Organ-context signals (nonspecific alone),Inflammatory / AA pathway,ALTERNATIVE_OR_GUARDRAIL_REVIEW,autoimmune_disease | chronic_inflammatory_arthritis,Chronic inflammatory joint disease | autoimmune disease,"autoimmune_disease:7.0(phrase;tokens=arthriti,rheumatoid) | chronic_inflammatory_arthritis:7.0(phrase;tokens=arthriti,rheumatoid)",EXPLICIT_ALTERNATIVE_ETIOLOGY | AA_PATHWAY_NOT_ATTR_POSITIVE_EVIDENCE
M86.08,"Acute hematogenous osteomyelitis, other sites",8,4,SUPPLIED_465_LIST | SUPPLIED_895_LIST,Tier 3 — Organ-context signals (nonspecific alone),Inflammatory / AA pathway,ALTERNATIVE_OR_GUARDRAIL_REVIEW,,,,AA_PATHWAY_NOT_ATTR_POSITIVE_EVIDENCE
M86.122,"Other acute osteomyelitis, left humerus",22,4,SUPPLIED_465_LIST | SUPPLIED_895_LIST,Tier 3 — Organ-context signals (nonspecific alone),Inflammatory / AA pathway,ALTERNATIVE_OR_GUARDRAIL_REVIEW,,,,AA_PATHWAY_NOT_ATTR_POSITIVE_EVIDENCE
M86.351,"Chronic multifocal osteomyelitis, right femur",34,4,SUPPLIED_465_LIST | SUPPLIED_895_LIST,Tier 3 — Organ-context signals (nonspecific alone),Inflammatory / AA pathway,ALTERNATIVE_OR_GUARDRAIL_REVIEW,,,,AA_PATHWAY_NOT_ATTR_POSITIVE_EVIDENCE
M86.571,"Other chronic hematogenous osteomyelitis, right ankle and foot",111,4,SUPPLIED_465_LIST | SUPPLIED_895_LIST,Tier 3 — Organ-context signals (nonspecific alone),Inflammatory / AA pathway,ALTERNATIVE_OR_GUARDRAIL_REVIEW,,,,AA_PATHWAY_NOT_ATTR_POSITIVE_EVIDENCE
M86.631,"Other chronic osteomyelitis, right radius and ulna",102,4,SUPPLIED_465_LIST | SUPPLIED_895_LIST | ATOM_PHRASE_MATCH,Tier 3 — Organ-context signals (nonspecific alone),Inflammatory / AA pathway,ALTERNATIVE_OR_GUARDRAIL_REVIEW,chronic_infection,Chronic or active infection,"chronic_infection:7.0(phrase;tokens=chronic,osteomyeliti)",AA_PATHWAY_NOT_ATTR_POSITIVE_EVIDENCE
M86.8X3,"Other osteomyelitis, forearm",15,4,SUPPLIED_465_LIST | SUPPLIED_895_LIST,Tier 3 — Organ-context signals (nonspecific alone),Inflammatory / AA pathway,ALTERNATIVE_OR_GUARDRAIL_REVIEW,,,,AA_PATHWAY_NOT_ATTR_POSITIVE_EVIDENCE
P96.0,Congenital renal failure,220,4,SUPPLIED_895_LIST | ATOM_PHRASE_MATCH,,Renal signals,ALTERNATIVE_OR_GUARDRAIL_REVIEW,kidney_failure,Kidney failure / end-stage renal disease,"kidney_failure:7.0(phrase;tokens=failure,renal)",EXPLICIT_ALTERNATIVE_ETIOLOGY
Q27.1,Congenital renal artery stenosis,13,4,SUPPLIED_895_LIST,,Musculoskeletal / ATTR prodrome,ALTERNATIVE_OR_GUARDRAIL_REVIEW,,,,EXPLICIT_ALTERNATIVE_ETIOLOGY
A15.7,Primary respiratory tuberculosis,7,3,SUPPLIED_465_LIST | SUPPLIED_895_LIST,Tier 3 — Organ-context signals (nonspecific alone),Inflammatory / AA pathway,ALTERNATIVE_OR_GUARDRAIL_REVIEW,,,,EXPLICIT_ALTERNATIVE_ETIOLOGY | AA_PATHWAY_NOT_ATTR_POSITIVE_EVIDENCE
D69.42,Congenital and hereditary thrombocytopenia purpura,14,3,SUPPLIED_895_LIST | CONFIGURED_ICD_CATEGORY,,GI / hepatobiliary signals,ALTERNATIVE_OR_GUARDRAIL_REVIEW,,,,EXPLICIT_ALTERNATIVE_ETIOLOGY
E09.42,Drug or chemical induced diabetes mellitus with neurological complications with diabetic polyneuropathy,24,3,SUPPLIED_465_LIST | SUPPLIED_895_LIST | ATOM_PHRASE_MATCH,Tier 3 — Organ-context signals (nonspecific alone),Neurologic / autonomic signals,ALTERNATIVE_OR_GUARDRAIL_REVIEW,diabetes,diabetes,"diabetes:8.0(phrase;tokens=diabete,diabetic,mellitu)",EXPLICIT_ALTERNATIVE_ETIOLOGY
M05.719,Rheumatoid arthritis with rheumatoid factor of unspecified shoulder without organ or systems involvement,48,3,SUPPLIED_465_LIST | SUPPLIED_895_LIST | ATOM_PHRASE_MATCH,Tier 3 — Organ-context signals (nonspecific alone),Inflammatory / AA pathway,ALTERNATIVE_OR_GUARDRAIL_REVIEW,autoimmune_disease | chronic_inflammatory_arthritis,Chronic inflammatory joint disease | autoimmune disease,"autoimmune_disease:7.0(phrase;tokens=arthriti,rheumatoid) | chronic_inflammatory_arthritis:7.0(phrase;tokens=arthriti,rheumatoid)",EXPLICIT_ALTERNATIVE_ETIOLOGY | AA_PATHWAY_NOT_ATTR_POSITIVE_EVIDENCE
M05.722,Rheumatoid arthritis with rheumatoid factor of left elbow without organ or systems involvement,75,3,SUPPLIED_465_LIST | SUPPLIED_895_LIST | ATOM_PHRASE_MATCH,Tier 3 — Organ-context signals (nonspecific alone),Inflammatory / AA pathway,ALTERNATIVE_OR_GUARDRAIL_REVIEW,autoimmune_disease | chronic_inflammatory_arthritis,Chronic inflammatory joint disease | autoimmune disease,"autoimmune_disease:7.0(phrase;tokens=arthriti,rheumatoid) | chronic_inflammatory_arthritis:7.0(phrase;tokens=arthriti,rheumatoid)",EXPLICIT_ALTERNATIVE_ETIOLOGY | AA_PATHWAY_NOT_ATTR_POSITIVE_EVIDENCE
M06.049,"Rheumatoid arthritis without rheumatoid factor, unspecified hand",74,3,SUPPLIED_465_LIST | SUPPLIED_895_LIST | ATOM_PHRASE_MATCH,Tier 3 — Organ-context signals (nonspecific alone),Inflammatory / AA pathway,ALTERNATIVE_OR_GUARDRAIL_REVIEW,autoimmune_disease | chronic_inflammatory_arthritis,Chronic inflammatory joint disease | autoimmune disease,"autoimmune_disease:7.0(phrase;tokens=arthriti,rheumatoid) | chronic_inflammatory_arthritis:7.0(phrase;tokens=arthriti,rheumatoid)",EXPLICIT_ALTERNATIVE_ETIOLOGY | AA_PATHWAY_NOT_ATTR_POSITIVE_EVIDENCE
M06.08,"Rheumatoid arthritis without rheumatoid factor, vertebrae",4,3,SUPPLIED_465_LIST | SUPPLIED_895_LIST | ATOM_PHRASE_MATCH,Tier 3 — Organ-context signals (nonspecific alone),Inflammatory / AA pathway,ALTERNATIVE_OR_GUARDRAIL_REVIEW,autoimmune_disease | chronic_inflammatory_arthritis,Chronic inflammatory joint disease | autoimmune disease,"autoimmune_disease:7.0(phrase;tokens=arthriti,rheumatoid) | chronic_inflammatory_arthritis:7.0(phrase;tokens=arthriti,rheumatoid)",EXPLICIT_ALTERNATIVE_ETIOLOGY | AA_PATHWAY_NOT_ATTR_POSITIVE_EVIDENCE
M06.842,"Other specified rheumatoid arthritis, left hand",9,3,SUPPLIED_465_LIST | SUPPLIED_895_LIST | ATOM_PHRASE_MATCH,Tier 3 — Organ-context signals (nonspecific alone),Inflammatory / AA pathway,ALTERNATIVE_OR_GUARDRAIL_REVIEW,autoimmune_disease | chronic_inflammatory_arthritis,Chronic inflammatory joint disease | autoimmune disease,"autoimmune_disease:7.0(phrase;tokens=arthriti,rheumatoid) | chronic_inflammatory_arthritis:7.0(phrase;tokens=arthriti,rheumatoid)",EXPLICIT_ALTERNATIVE_ETIOLOGY | AA_PATHWAY_NOT_ATTR_POSITIVE_EVIDENCE
M06.861,"Other specified rheumatoid arthritis, right knee",17,3,SUPPLIED_465_LIST | SUPPLIED_895_LIST | ATOM_PHRASE_MATCH,Tier 3 — Organ-context signals (nonspecific alone),Inflammatory / AA pathway,ALTERNATIVE_OR_GUARDRAIL_REVIEW,autoimmune_disease | chronic_inflammatory_arthritis,Chronic inflammatory joint disease | autoimmune disease,"autoimmune_disease:7.0(phrase;tokens=arthriti,rheumatoid) | chronic_inflammatory_arthritis:7.0(phrase;tokens=arthriti,rheumatoid)",EXPLICIT_ALTERNATIVE_ETIOLOGY | AA_PATHWAY_NOT_ATTR_POSITIVE_EVIDENCE
M45.4,Ankylosing spondylitis of thoracic region,7,3,SUPPLIED_465_LIST | SUPPLIED_895_LIST | ATOM_PHRASE_MATCH,Tier 3 — Organ-context signals (nonspecific alone),Inflammatory / AA pathway,ALTERNATIVE_OR_GUARDRAIL_REVIEW,chronic_inflammatory_arthritis,Chronic inflammatory joint disease,"chronic_inflammatory_arthritis:7.0(phrase;tokens=ankylos,spondyliti)",AA_PATHWAY_NOT_ATTR_POSITIVE_EVIDENCE
M86.041,"Acute hematogenous osteomyelitis, right hand",10,3,SUPPLIED_465_LIST | SUPPLIED_895_LIST,Tier 3 — Organ-context signals (nonspecific alone),Inflammatory / AA pathway,ALTERNATIVE_OR_GUARDRAIL_REVIEW,,,,AA_PATHWAY_NOT_ATTR_POSITIVE_EVIDENCE
M86.062,"Acute hematogenous osteomyelitis, left tibia and fibula",31,3,SUPPLIED_465_LIST | SUPPLIED_895_LIST,Tier 3 — Organ-context signals (nonspecific alone),Inflammatory / AA pathway,ALTERNATIVE_OR_GUARDRAIL_REVIEW,,,,AA_PATHWAY_NOT_ATTR_POSITIVE_EVIDENCE
M86.112,"Other acute osteomyelitis, left shoulder",7,3,SUPPLIED_465_LIST | SUPPLIED_895_LIST,Tier 3 — Organ-context signals (nonspecific alone),Inflammatory / AA pathway,ALTERNATIVE_OR_GUARDRAIL_REVIEW,,,,AA_PATHWAY_NOT_ATTR_POSITIVE_EVIDENCE
M86.121,"Other acute osteomyelitis, right humerus",117,3,SUPPLIED_465_LIST | SUPPLIED_895_LIST,Tier 3 — Organ-context signals (nonspecific alone),Inflammatory / AA pathway,ALTERNATIVE_OR_GUARDRAIL_REVIEW,,,,AA_PATHWAY_NOT_ATTR_POSITIVE_EVIDENCE
M86.169,"Other acute osteomyelitis, unspecified tibia and fibula",16,3,SUPPLIED_465_LIST | SUPPLIED_895_LIST,Tier 3 — Organ-context signals (nonspecific alone),Inflammatory / AA pathway,ALTERNATIVE_OR_GUARDRAIL_REVIEW,,,,AA_PATHWAY_NOT_ATTR_POSITIVE_EVIDENCE
M86.252,"Subacute osteomyelitis, left femur",62,3,SUPPLIED_465_LIST | SUPPLIED_895_LIST,Tier 3 — Organ-context signals (nonspecific alone),Inflammatory / AA pathway,ALTERNATIVE_OR_GUARDRAIL_REVIEW,,,,AA_PATHWAY_NOT_ATTR_POSITIVE_EVIDENCE
M86.312,"Chronic multifocal osteomyelitis, left shoulder",125,3,SUPPLIED_465_LIST | SUPPLIED_895_LIST,Tier 3 — Organ-context signals (nonspecific alone),Inflammatory / AA pathway,ALTERNATIVE_OR_GUARDRAIL_REVIEW,,,,AA_PATHWAY_NOT_ATTR_POSITIVE_EVIDENCE
M86.40,"Chronic osteomyelitis with draining sinus, unspecified site",68,3,SUPPLIED_465_LIST | SUPPLIED_895_LIST | ATOM_PHRASE_MATCH,Tier 3 — Organ-context signals (nonspecific alone),Inflammatory / AA pathway,ALTERNATIVE_OR_GUARDRAIL_REVIEW,chronic_infection,Chronic or active infection,"chronic_infection:7.0(phrase;tokens=chronic,osteomyeliti)",AA_PATHWAY_NOT_ATTR_POSITIVE_EVIDENCE
M86.441,"Chronic osteomyelitis with draining sinus, right hand",40,3,SUPPLIED_465_LIST | SUPPLIED_895_LIST | ATOM_PHRASE_MATCH,Tier 3 — Organ-context signals (nonspecific alone),Inflammatory / AA pathway,ALTERNATIVE_OR_GUARDRAIL_REVIEW,chronic_infection,Chronic or active infection,"chronic_infection:7.0(phrase;tokens=chronic,osteomyeliti)",AA_PATHWAY_NOT_ATTR_POSITIVE_EVIDENCE
M86.442,"Chronic osteomyelitis with draining sinus, left hand",34,3,SUPPLIED_465_LIST | SUPPLIED_895_LIST | ATOM_PHRASE_MATCH,Tier 3 — Organ-context signals (nonspecific alone),Inflammatory / AA pathway,ALTERNATIVE_OR_GUARDRAIL_REVIEW,chronic_infection,Chronic or active infection,"chronic_infection:7.0(phrase;tokens=chronic,osteomyeliti)",AA_PATHWAY_NOT_ATTR_POSITIVE_EVIDENCE
M86.469,"Chronic osteomyelitis with draining sinus, unspecified tibia and fibula",26,3,SUPPLIED_465_LIST | SUPPLIED_895_LIST | ATOM_PHRASE_MATCH,Tier 3 — Organ-context signals (nonspecific alone),Inflammatory / AA pathway,ALTERNATIVE_OR_GUARDRAIL_REVIEW,chronic_infection,Chronic or active infection,"chronic_infection:7.0(phrase;tokens=chronic,osteomyeliti)",AA_PATHWAY_NOT_ATTR_POSITIVE_EVIDENCE
M86.612,"Other chronic osteomyelitis, left shoulder",26,3,SUPPLIED_465_LIST | SUPPLIED_895_LIST | ATOM_PHRASE_MATCH,Tier 3 — Organ-context signals (nonspecific alone),Inflammatory / AA pathway,ALTERNATIVE_OR_GUARDRAIL_REVIEW,chronic_infection,Chronic or active infection,"chronic_infection:7.0(phrase;tokens=chronic,osteomyeliti)",AA_PATHWAY_NOT_ATTR_POSITIVE_EVIDENCE
P59.29,Neonatal jaundice from other hepatocellular damage,86,3,SUPPLIED_895_LIST,,GI / hepatobiliary signals,ALTERNATIVE_OR_GUARDRAIL_REVIEW,,,,EXPLICIT_ALTERNATIVE_ETIOLOGY
Q26.0,Congenital stenosis of vena cava,5,3,SUPPLIED_895_LIST,,Musculoskeletal / ATTR prodrome,ALTERNATIVE_OR_GUARDRAIL_REVIEW,,,,EXPLICIT_ALTERNATIVE_ETIOLOGY
A18.10,"Tuberculosis of genitourinary system, unspecified",54,2,SUPPLIED_465_LIST | SUPPLIED_895_LIST,Tier 3 — Organ-context signals (nonspecific alone),Inflammatory / AA pathway,ALTERNATIVE_OR_GUARDRAIL_REVIEW,,,,EXPLICIT_ALTERNATIVE_ETIOLOGY | AA_PATHWAY_NOT_ATTR_POSITIVE_EVIDENCE
A18.39,Retroperitoneal tuberculosis,42,2,SUPPLIED_465_LIST | SUPPLIED_895_LIST,Tier 3 — Organ-context signals (nonspecific alone),Inflammatory / AA pathway,ALTERNATIVE_OR_GUARDRAIL_REVIEW,,,,EXPLICIT_ALTERNATIVE_ETIOLOGY | AA_PATHWAY_NOT_ATTR_POSITIVE_EVIDENCE
A18.83,"Tuberculosis of digestive tract organs, not elsewhere classified",74,2,SUPPLIED_465_LIST | SUPPLIED_895_LIST,Tier 3 — Organ-context signals (nonspecific alone),Inflammatory / AA pathway,ALTERNATIVE_OR_GUARDRAIL_REVIEW,,,,EXPLICIT_ALTERNATIVE_ETIOLOGY | AA_PATHWAY_NOT_ATTR_POSITIVE_EVIDENCE
A18.89,Tuberculosis of other sites,7,2,SUPPLIED_465_LIST | SUPPLIED_895_LIST,Tier 3 — Organ-context signals (nonspecific alone),Inflammatory / AA pathway,ALTERNATIVE_OR_GUARDRAIL_REVIEW,,,,EXPLICIT_ALTERNATIVE_ETIOLOGY | AA_PATHWAY_NOT_ATTR_POSITIVE_EVIDENCE
A19.2,"Acute miliary tuberculosis, unspecified",13,2,SUPPLIED_465_LIST | SUPPLIED_895_LIST,Tier 3 — Organ-context signals (nonspecific alone),Inflammatory / AA pathway,ALTERNATIVE_OR_GUARDRAIL_REVIEW,,,,EXPLICIT_ALTERNATIVE_ETIOLOGY | AA_PATHWAY_NOT_ATTR_POSITIVE_EVIDENCE
B19.11,Unspecified viral hepatitis B with hepatic coma,40,2,SUPPLIED_895_LIST,,GI / hepatobiliary signals,ALTERNATIVE_OR_GUARDRAIL_REVIEW,,,,EXPLICIT_ALTERNATIVE_ETIOLOGY
K51.813,Other ulcerative colitis with fistula,25,2,SUPPLIED_465_LIST | SUPPLIED_895_LIST | ATOM_PHRASE_MATCH,Tier 3 — Organ-context signals (nonspecific alone),Inflammatory / AA pathway,ALTERNATIVE_OR_GUARDRAIL_REVIEW,ibd_inflammatory_driver,Inflammatory bowel disease,"ibd_inflammatory_driver:7.0(phrase;tokens=coliti,ulcerative)",AA_PATHWAY_NOT_ATTR_POSITIVE_EVIDENCE
K51.914,"Ulcerative colitis, unspecified with abscess",19,2,SUPPLIED_465_LIST | SUPPLIED_895_LIST | ATOM_PHRASE_MATCH,Tier 3 — Organ-context signals (nonspecific alone),Inflammatory / AA pathway,ALTERNATIVE_OR_GUARDRAIL_REVIEW,ibd_inflammatory_driver,Inflammatory bowel disease,"ibd_inflammatory_driver:7.0(phrase;tokens=coliti,ulcerative)",AA_PATHWAY_NOT_ATTR_POSITIVE_EVIDENCE
M05.29,Rheumatoid vasculitis with rheumatoid arthritis of multiple sites,13,2,SUPPLIED_465_LIST | SUPPLIED_895_LIST | ATOM_PHRASE_MATCH,Tier 3 — Organ-context signals (nonspecific alone),Inflammatory / AA pathway,ALTERNATIVE_OR_GUARDRAIL_REVIEW,autoimmune_disease | chronic_inflammatory_arthritis,Chronic inflammatory joint disease | autoimmune disease,"autoimmune_disease:8.0(phrase;tokens=arthriti,rheumatoid,vasculiti) | chronic_inflammatory_arthritis:7.0(phrase;tokens=arthriti,rheumatoid)",EXPLICIT_ALTERNATIVE_ETIOLOGY | AA_PATHWAY_NOT_ATTR_POSITIVE_EVIDENCE
M05.39,Rheumatoid heart disease with rheumatoid arthritis of multiple sites,7,2,SUPPLIED_465_LIST | SUPPLIED_895_LIST | ATOM_PHRASE_MATCH,Tier 3 — Organ-context signals (nonspecific alone),Inflammatory / AA pathway,ALTERNATIVE_OR_GUARDRAIL_REVIEW,autoimmune_disease | chronic_inflammatory_arthritis,Chronic inflammatory joint disease | autoimmune disease,"autoimmune_disease:7.0(phrase;tokens=arthriti,rheumatoid) | chronic_inflammatory_arthritis:7.0(phrase;tokens=arthriti,rheumatoid)",EXPLICIT_ALTERNATIVE_ETIOLOGY | AA_PATHWAY_NOT_ATTR_POSITIVE_EVIDENCE
M05.69,Rheumatoid arthritis of multiple sites with involvement of other organs and systems,24,2,SUPPLIED_465_LIST | SUPPLIED_895_LIST | ATOM_PHRASE_MATCH,Tier 3 — Organ-context signals (nonspecific alone),Inflammatory / AA pathway,ALTERNATIVE_OR_GUARDRAIL_REVIEW,autoimmune_disease | chronic_inflammatory_arthritis,Chronic inflammatory joint disease | autoimmune disease,"autoimmune_disease:7.0(phrase;tokens=arthriti,rheumatoid) | chronic_inflammatory_arthritis:7.0(phrase;tokens=arthriti,rheumatoid)",EXPLICIT_ALTERNATIVE_ETIOLOGY | AA_PATHWAY_NOT_ATTR_POSITIVE_EVIDENCE
M05.779,Rheumatoid arthritis with rheumatoid factor of unspecified ankle and foot without organ or systems involvement,2,2,SUPPLIED_465_LIST | SUPPLIED_895_LIST | ATOM_PHRASE_MATCH,Tier 3 — Organ-context signals (nonspecific alone),Inflammatory / AA pathway,ALTERNATIVE_OR_GUARDRAIL_REVIEW,autoimmune_disease | chronic_inflammatory_arthritis,Chronic inflammatory joint disease | autoimmune disease,"autoimmune_disease:7.0(phrase;tokens=arthriti,rheumatoid) | chronic_inflammatory_arthritis:7.0(phrase;tokens=arthriti,rheumatoid)",EXPLICIT_ALTERNATIVE_ETIOLOGY | AA_PATHWAY_NOT_ATTR_POSITIVE_EVIDENCE
M05.841,Other rheumatoid arthritis with rheumatoid factor of right hand,16,2,SUPPLIED_465_LIST | SUPPLIED_895_LIST | ATOM_PHRASE_MATCH,Tier 3 — Organ-context signals (nonspecific alone),Inflammatory / AA pathway,ALTERNATIVE_OR_GUARDRAIL_REVIEW,autoimmune_disease | chronic_inflammatory_arthritis,Chronic inflammatory joint disease | autoimmune disease,"autoimmune_disease:7.0(phrase;tokens=arthriti,rheumatoid) | chronic_inflammatory_arthritis:7.0(phrase;tokens=arthriti,rheumatoid)",EXPLICIT_ALTERNATIVE_ETIOLOGY | AA_PATHWAY_NOT_ATTR_POSITIVE_EVIDENCE
M05.A,Abnormal rheumatoid factor and anti-citrullinated protein antibody with rheumatoid arthritis,17,2,SUPPLIED_465_LIST | SUPPLIED_895_LIST | ATOM_PHRASE_MATCH,Tier 3 — Organ-context signals (nonspecific alone),Inflammatory / AA pathway,ALTERNATIVE_OR_GUARDRAIL_REVIEW,autoimmune_disease | chronic_inflammatory_arthritis,Chronic inflammatory joint disease | autoimmune disease,"autoimmune_disease:7.0(phrase;tokens=arthriti,rheumatoid) | chronic_inflammatory_arthritis:7.0(phrase;tokens=arthriti,rheumatoid)",EXPLICIT_ALTERNATIVE_ETIOLOGY | AA_PATHWAY_NOT_ATTR_POSITIVE_EVIDENCE
M06.031,"Rheumatoid arthritis without rheumatoid factor, right wrist",11,2,SUPPLIED_465_LIST | SUPPLIED_895_LIST | ATOM_PHRASE_MATCH,Tier 3 — Organ-context signals (nonspecific alone),Inflammatory / AA pathway,ALTERNATIVE_OR_GUARDRAIL_REVIEW,autoimmune_disease | chronic_inflammatory_arthritis,Chronic inflammatory joint disease | autoimmune disease,"autoimmune_disease:7.0(phrase;tokens=arthriti,rheumatoid) | chronic_inflammatory_arthritis:7.0(phrase;tokens=arthriti,rheumatoid)",EXPLICIT_ALTERNATIVE_ETIOLOGY | AA_PATHWAY_NOT_ATTR_POSITIVE_EVIDENCE
M06.051,"Rheumatoid arthritis without rheumatoid factor, right hip",17,2,SUPPLIED_465_LIST | SUPPLIED_895_LIST | ATOM_PHRASE_MATCH,Tier 3 — Organ-context signals (nonspecific alone),Inflammatory / AA pathway,ALTERNATIVE_OR_GUARDRAIL_REVIEW,autoimmune_disease | chronic_inflammatory_arthritis,Chronic inflammatory joint disease | autoimmune disease,"autoimmune_disease:7.0(phrase;tokens=arthriti,rheumatoid) | chronic_inflammatory_arthritis:7.0(phrase;tokens=arthriti,rheumatoid)",EXPLICIT_ALTERNATIVE_ETIOLOGY | AA_PATHWAY_NOT_ATTR_POSITIVE_EVIDENCE
M06.062,"Rheumatoid arthritis without rheumatoid factor, left knee",17,2,SUPPLIED_465_LIST | SUPPLIED_895_LIST | ATOM_PHRASE_MATCH,Tier 3 — Organ-context signals (nonspecific alone),Inflammatory / AA pathway,ALTERNATIVE_OR_GUARDRAIL_REVIEW,autoimmune_disease | chronic_inflammatory_arthritis,Chronic inflammatory joint disease | autoimmune disease,"autoimmune_disease:7.0(phrase;tokens=arthriti,rheumatoid) | chronic_inflammatory_arthritis:7.0(phrase;tokens=arthriti,rheumatoid)",EXPLICIT_ALTERNATIVE_ETIOLOGY | AA_PATHWAY_NOT_ATTR_POSITIVE_EVIDENCE
M06.80,"Other specified rheumatoid arthritis, unspecified site",2,2,SUPPLIED_465_LIST | SUPPLIED_895_LIST | ATOM_PHRASE_MATCH,Tier 3 — Organ-context signals (nonspecific alone),Inflammatory / AA pathway,ALTERNATIVE_OR_GUARDRAIL_REVIEW,autoimmune_disease | chronic_inflammatory_arthritis,Chronic inflammatory joint disease | autoimmune disease,"autoimmune_disease:7.0(phrase;tokens=arthriti,rheumatoid) | chronic_inflammatory_arthritis:7.0(phrase;tokens=arthriti,rheumatoid)",EXPLICIT_ALTERNATIVE_ETIOLOGY | AA_PATHWAY_NOT_ATTR_POSITIVE_EVIDENCE
M06.841,"Other specified rheumatoid arthritis, right hand",8,2,SUPPLIED_465_LIST | SUPPLIED_895_LIST | ATOM_PHRASE_MATCH,Tier 3 — Organ-context signals (nonspecific alone),Inflammatory / AA pathway,ALTERNATIVE_OR_GUARDRAIL_REVIEW,autoimmune_disease | chronic_inflammatory_arthritis,Chronic inflammatory joint disease | autoimmune disease,"autoimmune_disease:7.0(phrase;tokens=arthriti,rheumatoid) | chronic_inflammatory_arthritis:7.0(phrase;tokens=arthriti,rheumatoid)",EXPLICIT_ALTERNATIVE_ETIOLOGY | AA_PATHWAY_NOT_ATTR_POSITIVE_EVIDENCE
M06.852,"Other specified rheumatoid arthritis, left hip",34,2,SUPPLIED_465_LIST | SUPPLIED_895_LIST | ATOM_PHRASE_MATCH,Tier 3 — Organ-context signals (nonspecific alone),Inflammatory / AA pathway,ALTERNATIVE_OR_GUARDRAIL_REVIEW,autoimmune_disease | chronic_inflammatory_arthritis,Chronic inflammatory joint disease | autoimmune disease,"autoimmune_disease:7.0(phrase;tokens=arthriti,rheumatoid) | chronic_inflammatory_arthritis:7.0(phrase;tokens=arthriti,rheumatoid)",EXPLICIT_ALTERNATIVE_ETIOLOGY | AA_PATHWAY_NOT_ATTR_POSITIVE_EVIDENCE
M06.862,"Other specified rheumatoid arthritis, left knee",11,2,SUPPLIED_465_LIST | SUPPLIED_895_LIST | ATOM_PHRASE_MATCH,Tier 3 — Organ-context signals (nonspecific alone),Inflammatory / AA pathway,ALTERNATIVE_OR_GUARDRAIL_REVIEW,autoimmune_disease | chronic_inflammatory_arthritis,Chronic inflammatory joint disease | autoimmune disease,"autoimmune_disease:7.0(phrase;tokens=arthriti,rheumatoid) | chronic_inflammatory_arthritis:7.0(phrase;tokens=arthriti,rheumatoid)",EXPLICIT_ALTERNATIVE_ETIOLOGY | AA_PATHWAY_NOT_ATTR_POSITIVE_EVIDENCE
M08.061,"Unspecified juvenile rheumatoid arthritis, right knee",12,2,SUPPLIED_465_LIST | SUPPLIED_895_LIST | ATOM_PHRASE_MATCH,Tier 3 — Organ-context signals (nonspecific alone),Inflammatory / AA pathway,ALTERNATIVE_OR_GUARDRAIL_REVIEW,autoimmune_disease | chronic_inflammatory_arthritis,Chronic inflammatory joint disease | autoimmune disease,"autoimmune_disease:7.0(phrase;tokens=arthriti,rheumatoid) | chronic_inflammatory_arthritis:7.0(phrase;tokens=arthriti,rheumatoid)",EXPLICIT_ALTERNATIVE_ETIOLOGY | AA_PATHWAY_NOT_ATTR_POSITIVE_EVIDENCE
M45.3,Ankylosing spondylitis of cervicothoracic region,11,2,SUPPLIED_465_LIST | SUPPLIED_895_LIST | ATOM_PHRASE_MATCH,Tier 3 — Organ-context signals (nonspecific alone),Inflammatory / AA pathway,ALTERNATIVE_OR_GUARDRAIL_REVIEW,chronic_inflammatory_arthritis,Chronic inflammatory joint disease,"chronic_inflammatory_arthritis:7.0(phrase;tokens=ankylos,spondyliti)",AA_PATHWAY_NOT_ATTR_POSITIVE_EVIDENCE
M46.23,"Osteomyelitis of vertebra, cervicothoracic region",22,2,SUPPLIED_465_LIST | SUPPLIED_895_LIST,Tier 3 — Organ-context signals (nonspecific alone),Inflammatory / AA pathway,ALTERNATIVE_OR_GUARDRAIL_REVIEW,,,,AA_PATHWAY_NOT_ATTR_POSITIVE_EVIDENCE
M46.25,"Osteomyelitis of vertebra, thoracolumbar region",48,2,SUPPLIED_465_LIST | SUPPLIED_895_LIST,Tier 3 — Organ-context signals (nonspecific alone),Inflammatory / AA pathway,ALTERNATIVE_OR_GUARDRAIL_REVIEW,,,,AA_PATHWAY_NOT_ATTR_POSITIVE_EVIDENCE
M46.27,"Osteomyelitis of vertebra, lumbosacral region",14,2,SUPPLIED_465_LIST | SUPPLIED_895_LIST,Tier 3 — Organ-context signals (nonspecific alone),Inflammatory / AA pathway,ALTERNATIVE_OR_GUARDRAIL_REVIEW,,,,AA_PATHWAY_NOT_ATTR_POSITIVE_EVIDENCE
M86.022,"Acute hematogenous osteomyelitis, left humerus",18,2,SUPPLIED_465_LIST | SUPPLIED_895_LIST,Tier 3 — Organ-context signals (nonspecific alone),Inflammatory / AA pathway,ALTERNATIVE_OR_GUARDRAIL_REVIEW,,,,AA_PATHWAY_NOT_ATTR_POSITIVE_EVIDENCE
M86.031,"Acute hematogenous osteomyelitis, right radius and ulna",63,2,SUPPLIED_465_LIST | SUPPLIED_895_LIST,Tier 3 — Organ-context signals (nonspecific alone),Inflammatory / AA pathway,ALTERNATIVE_OR_GUARDRAIL_REVIEW,,,,AA_PATHWAY_NOT_ATTR_POSITIVE_EVIDENCE
M86.052,"Acute hematogenous osteomyelitis, left femur",2,2,SUPPLIED_465_LIST | SUPPLIED_895_LIST,Tier 3 — Organ-context signals (nonspecific alone),Inflammatory / AA pathway,ALTERNATIVE_OR_GUARDRAIL_REVIEW,,,,AA_PATHWAY_NOT_ATTR_POSITIVE_EVIDENCE
M86.079,"Acute hematogenous osteomyelitis, unspecified ankle and foot",6,2,SUPPLIED_465_LIST | SUPPLIED_895_LIST,Tier 3 — Organ-context signals (nonspecific alone),Inflammatory / AA pathway,ALTERNATIVE_OR_GUARDRAIL_REVIEW,,,,AA_PATHWAY_NOT_ATTR_POSITIVE_EVIDENCE
M86.211,"Subacute osteomyelitis, right shoulder",148,2,SUPPLIED_465_LIST | SUPPLIED_895_LIST,Tier 3 — Organ-context signals (nonspecific alone),Inflammatory / AA pathway,ALTERNATIVE_OR_GUARDRAIL_REVIEW,,,,AA_PATHWAY_NOT_ATTR_POSITIVE_EVIDENCE
M86.321,"Chronic multifocal osteomyelitis, right humerus",4,2,SUPPLIED_465_LIST | SUPPLIED_895_LIST,Tier 3 — Organ-context signals (nonspecific alone),Inflammatory / AA pathway,ALTERNATIVE_OR_GUARDRAIL_REVIEW,,,,AA_PATHWAY_NOT_ATTR_POSITIVE_EVIDENCE
M86.422,"Chronic osteomyelitis with draining sinus, left humerus",84,2,SUPPLIED_465_LIST | SUPPLIED_895_LIST | ATOM_PHRASE_MATCH,Tier 3 — Organ-context signals (nonspecific alone),Inflammatory / AA pathway,ALTERNATIVE_OR_GUARDRAIL_REVIEW,chronic_infection,Chronic or active infection,"chronic_infection:7.0(phrase;tokens=chronic,osteomyeliti)",AA_PATHWAY_NOT_ATTR_POSITIVE_EVIDENCE
M86.432,"Chronic osteomyelitis with draining sinus, left radius and ulna",42,2,SUPPLIED_465_LIST | SUPPLIED_895_LIST | ATOM_PHRASE_MATCH,Tier 3 — Organ-context signals (nonspecific alone),Inflammatory / AA pathway,ALTERNATIVE_OR_GUARDRAIL_REVIEW,chronic_infection,Chronic or active infection,"chronic_infection:7.0(phrase;tokens=chronic,osteomyeliti)",AA_PATHWAY_NOT_ATTR_POSITIVE_EVIDENCE
M86.551,"Other chronic hematogenous osteomyelitis, right femur",10,2,SUPPLIED_465_LIST | SUPPLIED_895_LIST,Tier 3 — Organ-context signals (nonspecific alone),Inflammatory / AA pathway,ALTERNATIVE_OR_GUARDRAIL_REVIEW,,,,AA_PATHWAY_NOT_ATTR_POSITIVE_EVIDENCE
M86.561,"Other chronic hematogenous osteomyelitis, right tibia and fibula",20,2,SUPPLIED_465_LIST | SUPPLIED_895_LIST,Tier 3 — Organ-context signals (nonspecific alone),Inflammatory / AA pathway,ALTERNATIVE_OR_GUARDRAIL_REVIEW,,,,AA_PATHWAY_NOT_ATTR_POSITIVE_EVIDENCE
M86.629,"Other chronic osteomyelitis, unspecified humerus",3,2,SUPPLIED_465_LIST | SUPPLIED_895_LIST | ATOM_PHRASE_MATCH,Tier 3 — Organ-context signals (nonspecific alone),Inflammatory / AA pathway,ALTERNATIVE_OR_GUARDRAIL_REVIEW,chronic_infection,Chronic or active infection,"chronic_infection:7.0(phrase;tokens=chronic,osteomyeliti)",AA_PATHWAY_NOT_ATTR_POSITIVE_EVIDENCE
M86.8X1,"Other osteomyelitis, shoulder",2,2,SUPPLIED_465_LIST | SUPPLIED_895_LIST,Tier 3 — Organ-context signals (nonspecific alone),Inflammatory / AA pathway,ALTERNATIVE_OR_GUARDRAIL_REVIEW,,,,AA_PATHWAY_NOT_ATTR_POSITIVE_EVIDENCE
M86.8X2,"Other osteomyelitis, upper arm",15,2,SUPPLIED_465_LIST | SUPPLIED_895_LIST,Tier 3 — Organ-context signals (nonspecific alone),Inflammatory / AA pathway,ALTERNATIVE_OR_GUARDRAIL_REVIEW,,,,AA_PATHWAY_NOT_ATTR_POSITIVE_EVIDENCE
O10.211,"Pre-existing hypertensive chronic kidney disease complicating pregnancy, first trimester",2,2,SUPPLIED_465_LIST | SUPPLIED_895_LIST | ATOM_PHRASE_MATCH,Tier 3 — Organ-context signals (nonspecific alone),Renal signals,ALTERNATIVE_OR_GUARDRAIL_REVIEW,hypertension | renal_dysfunction,Hypertension | Renal dysfunction / chronic kidney disease,"renal_dysfunction:7.0(phrase;tokens=chronic,kidney) | hypertension:3.0(tokens=exist,hypertensive,pre)",EXPLICIT_ALTERNATIVE_ETIOLOGY
O10.212,"Pre-existing hypertensive chronic kidney disease complicating pregnancy, second trimester",4,2,SUPPLIED_465_LIST | SUPPLIED_895_LIST | ATOM_PHRASE_MATCH,Tier 3 — Organ-context signals (nonspecific alone),Renal signals,ALTERNATIVE_OR_GUARDRAIL_REVIEW,hypertension | renal_dysfunction,Hypertension | Renal dysfunction / chronic kidney disease,"renal_dysfunction:7.0(phrase;tokens=chronic,kidney) | hypertension:3.0(tokens=exist,hypertensive,pre)",EXPLICIT_ALTERNATIVE_ETIOLOGY
O98.011,"Tuberculosis complicating pregnancy, first trimester",4,2,SUPPLIED_465_LIST | SUPPLIED_895_LIST,Tier 3 — Organ-context signals (nonspecific alone),Inflammatory / AA pathway,ALTERNATIVE_OR_GUARDRAIL_REVIEW,,,,EXPLICIT_ALTERNATIVE_ETIOLOGY | AA_PATHWAY_NOT_ATTR_POSITIVE_EVIDENCE
O98.012,"Tuberculosis complicating pregnancy, second trimester",16,2,SUPPLIED_465_LIST | SUPPLIED_895_LIST,Tier 3 — Organ-context signals (nonspecific alone),Inflammatory / AA pathway,ALTERNATIVE_OR_GUARDRAIL_REVIEW,,,,EXPLICIT_ALTERNATIVE_ETIOLOGY | AA_PATHWAY_NOT_ATTR_POSITIVE_EVIDENCE
O98.013,"Tuberculosis complicating pregnancy, third trimester",13,2,SUPPLIED_465_LIST | SUPPLIED_895_LIST,Tier 3 — Organ-context signals (nonspecific alone),Inflammatory / AA pathway,ALTERNATIVE_OR_GUARDRAIL_REVIEW,,,,EXPLICIT_ALTERNATIVE_ETIOLOGY | AA_PATHWAY_NOT_ATTR_POSITIVE_EVIDENCE
Q39.3,Congenital stenosis and stricture of esophagus,2,2,SUPPLIED_895_LIST,,Musculoskeletal / ATTR prodrome,ALTERNATIVE_OR_GUARDRAIL_REVIEW,,,,EXPLICIT_ALTERNATIVE_ETIOLOGY
Q42.9,"Congenital absence, atresia and stenosis of large intestine, part unspecified",52,2,SUPPLIED_895_LIST,,Musculoskeletal / ATTR prodrome,ALTERNATIVE_OR_GUARDRAIL_REVIEW,,,,EXPLICIT_ALTERNATIVE_ETIOLOGY
A15.4,Tuberculosis of intrathoracic lymph nodes,1,1,SUPPLIED_465_LIST | SUPPLIED_895_LIST,Tier 3 — Organ-context signals (nonspecific alone),Inflammatory / AA pathway,ALTERNATIVE_OR_GUARDRAIL_REVIEW,,,,EXPLICIT_ALTERNATIVE_ETIOLOGY | AA_PATHWAY_NOT_ATTR_POSITIVE_EVIDENCE
A17.89,Other tuberculosis of nervous system,1,1,SUPPLIED_465_LIST | SUPPLIED_895_LIST,Tier 3 — Organ-context signals (nonspecific alone),Inflammatory / AA pathway,ALTERNATIVE_OR_GUARDRAIL_REVIEW,,,,EXPLICIT_ALTERNATIVE_ETIOLOGY | AA_PATHWAY_NOT_ATTR_POSITIVE_EVIDENCE
A18.84,Tuberculosis of heart,1,1,SUPPLIED_465_LIST | SUPPLIED_895_LIST,Tier 3 — Organ-context signals (nonspecific alone),Inflammatory / AA pathway,ALTERNATIVE_OR_GUARDRAIL_REVIEW,,,,EXPLICIT_ALTERNATIVE_ETIOLOGY | AA_PATHWAY_NOT_ATTR_POSITIVE_EVIDENCE
E09.43,Drug or chemical induced diabetes mellitus with neurological complications with diabetic autonomic (poly)neuropathy,1,1,SUPPLIED_465_LIST | SUPPLIED_895_LIST | ATOM_PHRASE_MATCH,Tier 3 — Organ-context signals (nonspecific alone),Neurologic / autonomic signals,ALTERNATIVE_OR_GUARDRAIL_REVIEW,diabetes,diabetes,"diabetes:8.0(phrase;tokens=diabete,diabetic,mellitu)",EXPLICIT_ALTERNATIVE_ETIOLOGY
E13.41,Other specified diabetes mellitus with diabetic mononeuropathy,1,1,SUPPLIED_895_LIST | ATOM_PHRASE_MATCH,,Neurologic / autonomic signals,ALTERNATIVE_OR_GUARDRAIL_REVIEW,diabetes,diabetes,"diabetes:8.0(phrase;tokens=diabete,diabetic,mellitu)",EXPLICIT_ALTERNATIVE_ETIOLOGY
H05.023,Osteomyelitis of bilateral orbits,1,1,SUPPLIED_465_LIST | SUPPLIED_895_LIST,Tier 3 — Organ-context signals (nonspecific alone),Inflammatory / AA pathway,ALTERNATIVE_OR_GUARDRAIL_REVIEW,,,,AA_PATHWAY_NOT_ATTR_POSITIVE_EVIDENCE
H05.029,Osteomyelitis of unspecified orbit,30,1,SUPPLIED_465_LIST | SUPPLIED_895_LIST,Tier 3 — Organ-context signals (nonspecific alone),Inflammatory / AA pathway,ALTERNATIVE_OR_GUARDRAIL_REVIEW,,,,AA_PATHWAY_NOT_ATTR_POSITIVE_EVIDENCE
K51.814,Other ulcerative colitis with abscess,1,1,SUPPLIED_465_LIST | SUPPLIED_895_LIST | ATOM_PHRASE_MATCH,Tier 3 — Organ-context signals (nonspecific alone),Inflammatory / AA pathway,ALTERNATIVE_OR_GUARDRAIL_REVIEW,ibd_inflammatory_driver,Inflammatory bowel disease,"ibd_inflammatory_driver:7.0(phrase;tokens=coliti,ulcerative)",AA_PATHWAY_NOT_ATTR_POSITIVE_EVIDENCE
K70.41,Alcoholic hepatic failure with coma,6,1,SUPPLIED_895_LIST,,GI / hepatobiliary signals,ALTERNATIVE_OR_GUARDRAIL_REVIEW,,,,EXPLICIT_ALTERNATIVE_ETIOLOGY
M05.241,Rheumatoid vasculitis with rheumatoid arthritis of right hand,7,1,SUPPLIED_465_LIST | SUPPLIED_895_LIST | ATOM_PHRASE_MATCH,Tier 3 — Organ-context signals (nonspecific alone),Inflammatory / AA pathway,ALTERNATIVE_OR_GUARDRAIL_REVIEW,autoimmune_disease | chronic_inflammatory_arthritis,Chronic inflammatory joint disease | autoimmune disease,"autoimmune_disease:8.0(phrase;tokens=arthriti,rheumatoid,vasculiti) | chronic_inflammatory_arthritis:7.0(phrase;tokens=arthriti,rheumatoid)",EXPLICIT_ALTERNATIVE_ETIOLOGY | AA_PATHWAY_NOT_ATTR_POSITIVE_EVIDENCE
M05.379,Rheumatoid heart disease with rheumatoid arthritis of unspecified ankle and foot,1,1,SUPPLIED_465_LIST | SUPPLIED_895_LIST | ATOM_PHRASE_MATCH,Tier 3 — Organ-context signals (nonspecific alone),Inflammatory / AA pathway,ALTERNATIVE_OR_GUARDRAIL_REVIEW,autoimmune_disease | chronic_inflammatory_arthritis,Chronic inflammatory joint disease | autoimmune disease,"autoimmune_disease:7.0(phrase;tokens=arthriti,rheumatoid) | chronic_inflammatory_arthritis:7.0(phrase;tokens=arthriti,rheumatoid)",EXPLICIT_ALTERNATIVE_ETIOLOGY | AA_PATHWAY_NOT_ATTR_POSITIVE_EVIDENCE
M05.471,Rheumatoid myopathy with rheumatoid arthritis of right ankle and foot,1,1,SUPPLIED_465_LIST | SUPPLIED_895_LIST | ATOM_PHRASE_MATCH,Tier 3 — Organ-context signals (nonspecific alone),Inflammatory / AA pathway,ALTERNATIVE_OR_GUARDRAIL_REVIEW,autoimmune_disease | chronic_inflammatory_arthritis,Chronic inflammatory joint disease | autoimmune disease,"autoimmune_disease:7.0(phrase;tokens=arthriti,rheumatoid) | chronic_inflammatory_arthritis:7.0(phrase;tokens=arthriti,rheumatoid)",EXPLICIT_ALTERNATIVE_ETIOLOGY | AA_PATHWAY_NOT_ATTR_POSITIVE_EVIDENCE
M05.541,Rheumatoid polyneuropathy with rheumatoid arthritis of right hand,1,1,SUPPLIED_465_LIST | SUPPLIED_895_LIST | ATOM_PHRASE_MATCH,Tier 3 — Organ-context signals (nonspecific alone),Neurologic / autonomic signals | Inflammatory / AA pathway,ALTERNATIVE_OR_GUARDRAIL_REVIEW,autoimmune_disease | chronic_inflammatory_arthritis,Chronic inflammatory joint disease | autoimmune disease,"autoimmune_disease:7.0(phrase;tokens=arthriti,rheumatoid) | chronic_inflammatory_arthritis:7.0(phrase;tokens=arthriti,rheumatoid)",EXPLICIT_ALTERNATIVE_ETIOLOGY | AA_PATHWAY_NOT_ATTR_POSITIVE_EVIDENCE
M05.662,Rheumatoid arthritis of left knee with involvement of other organs and systems,1,1,SUPPLIED_465_LIST | SUPPLIED_895_LIST | ATOM_PHRASE_MATCH,Tier 3 — Organ-context signals (nonspecific alone),Inflammatory / AA pathway,ALTERNATIVE_OR_GUARDRAIL_REVIEW,autoimmune_disease | chronic_inflammatory_arthritis,Chronic inflammatory joint disease | autoimmune disease,"autoimmune_disease:7.0(phrase;tokens=arthriti,rheumatoid) | chronic_inflammatory_arthritis:7.0(phrase;tokens=arthriti,rheumatoid)",EXPLICIT_ALTERNATIVE_ETIOLOGY | AA_PATHWAY_NOT_ATTR_POSITIVE_EVIDENCE
M05.739,Rheumatoid arthritis with rheumatoid factor of unspecified wrist without organ or systems involvement,7,1,SUPPLIED_465_LIST | SUPPLIED_895_LIST | ATOM_PHRASE_MATCH,Tier 3 — Organ-context signals (nonspecific alone),Inflammatory / AA pathway,ALTERNATIVE_OR_GUARDRAIL_REVIEW,autoimmune_disease | chronic_inflammatory_arthritis,Chronic inflammatory joint disease | autoimmune disease,"autoimmune_disease:7.0(phrase;tokens=arthriti,rheumatoid) | chronic_inflammatory_arthritis:7.0(phrase;tokens=arthriti,rheumatoid)",EXPLICIT_ALTERNATIVE_ETIOLOGY | AA_PATHWAY_NOT_ATTR_POSITIVE_EVIDENCE
M05.812,Other rheumatoid arthritis with rheumatoid factor of left shoulder,7,1,SUPPLIED_465_LIST | SUPPLIED_895_LIST | ATOM_PHRASE_MATCH,Tier 3 — Organ-context signals (nonspecific alone),Inflammatory / AA pathway,ALTERNATIVE_OR_GUARDRAIL_REVIEW,autoimmune_disease | chronic_inflammatory_arthritis,Chronic inflammatory joint disease | autoimmune disease,"autoimmune_disease:7.0(phrase;tokens=arthriti,rheumatoid) | chronic_inflammatory_arthritis:7.0(phrase;tokens=arthriti,rheumatoid)",EXPLICIT_ALTERNATIVE_ETIOLOGY | AA_PATHWAY_NOT_ATTR_POSITIVE_EVIDENCE
M05.842,Other rheumatoid arthritis with rheumatoid factor of left hand,5,1,SUPPLIED_465_LIST | SUPPLIED_895_LIST | ATOM_PHRASE_MATCH,Tier 3 — Organ-context signals (nonspecific alone),Inflammatory / AA pathway,ALTERNATIVE_OR_GUARDRAIL_REVIEW,autoimmune_disease | chronic_inflammatory_arthritis,Chronic inflammatory joint disease | autoimmune disease,"autoimmune_disease:7.0(phrase;tokens=arthriti,rheumatoid) | chronic_inflammatory_arthritis:7.0(phrase;tokens=arthriti,rheumatoid)",EXPLICIT_ALTERNATIVE_ETIOLOGY | AA_PATHWAY_NOT_ATTR_POSITIVE_EVIDENCE
M05.851,Other rheumatoid arthritis with rheumatoid factor of right hip,1,1,SUPPLIED_465_LIST | SUPPLIED_895_LIST | ATOM_PHRASE_MATCH,Tier 3 — Organ-context signals (nonspecific alone),Inflammatory / AA pathway,ALTERNATIVE_OR_GUARDRAIL_REVIEW,autoimmune_disease | chronic_inflammatory_arthritis,Chronic inflammatory joint disease | autoimmune disease,"autoimmune_disease:7.0(phrase;tokens=arthriti,rheumatoid) | chronic_inflammatory_arthritis:7.0(phrase;tokens=arthriti,rheumatoid)",EXPLICIT_ALTERNATIVE_ETIOLOGY | AA_PATHWAY_NOT_ATTR_POSITIVE_EVIDENCE
M05.852,Other rheumatoid arthritis with rheumatoid factor of left hip,4,1,SUPPLIED_465_LIST | SUPPLIED_895_LIST | ATOM_PHRASE_MATCH,Tier 3 — Organ-context signals (nonspecific alone),Inflammatory / AA pathway,ALTERNATIVE_OR_GUARDRAIL_REVIEW,autoimmune_disease | chronic_inflammatory_arthritis,Chronic inflammatory joint disease | autoimmune disease,"autoimmune_disease:7.0(phrase;tokens=arthriti,rheumatoid) | chronic_inflammatory_arthritis:7.0(phrase;tokens=arthriti,rheumatoid)",EXPLICIT_ALTERNATIVE_ETIOLOGY | AA_PATHWAY_NOT_ATTR_POSITIVE_EVIDENCE
M05.861,Other rheumatoid arthritis with rheumatoid factor of right knee,7,1,SUPPLIED_465_LIST | SUPPLIED_895_LIST | ATOM_PHRASE_MATCH,Tier 3 — Organ-context signals (nonspecific alone),Inflammatory / AA pathway,ALTERNATIVE_OR_GUARDRAIL_REVIEW,autoimmune_disease | chronic_inflammatory_arthritis,Chronic inflammatory joint disease | autoimmune disease,"autoimmune_disease:7.0(phrase;tokens=arthriti,rheumatoid) | chronic_inflammatory_arthritis:7.0(phrase;tokens=arthriti,rheumatoid)",EXPLICIT_ALTERNATIVE_ETIOLOGY | AA_PATHWAY_NOT_ATTR_POSITIVE_EVIDENCE
M05.862,Other rheumatoid arthritis with rheumatoid factor of left knee,1,1,SUPPLIED_465_LIST | SUPPLIED_895_LIST | ATOM_PHRASE_MATCH,Tier 3 — Organ-context signals (nonspecific alone),Inflammatory / AA pathway,ALTERNATIVE_OR_GUARDRAIL_REVIEW,autoimmune_disease | chronic_inflammatory_arthritis,Chronic inflammatory joint disease | autoimmune disease,"autoimmune_disease:7.0(phrase;tokens=arthriti,rheumatoid) | chronic_inflammatory_arthritis:7.0(phrase;tokens=arthriti,rheumatoid)",EXPLICIT_ALTERNATIVE_ETIOLOGY | AA_PATHWAY_NOT_ATTR_POSITIVE_EVIDENCE
M06.011,"Rheumatoid arthritis without rheumatoid factor, right shoulder",30,1,SUPPLIED_465_LIST | SUPPLIED_895_LIST | ATOM_PHRASE_MATCH,Tier 3 — Organ-context signals (nonspecific alone),Inflammatory / AA pathway,ALTERNATIVE_OR_GUARDRAIL_REVIEW,autoimmune_disease | chronic_inflammatory_arthritis,Chronic inflammatory joint disease | autoimmune disease,"autoimmune_disease:7.0(phrase;tokens=arthriti,rheumatoid) | chronic_inflammatory_arthritis:7.0(phrase;tokens=arthriti,rheumatoid)",EXPLICIT_ALTERNATIVE_ETIOLOGY | AA_PATHWAY_NOT_ATTR_POSITIVE_EVIDENCE
M06.019,"Rheumatoid arthritis without rheumatoid factor, unspecified shoulder",2,1,SUPPLIED_465_LIST | SUPPLIED_895_LIST | ATOM_PHRASE_MATCH,Tier 3 — Organ-context signals (nonspecific alone),Inflammatory / AA pathway,ALTERNATIVE_OR_GUARDRAIL_REVIEW,autoimmune_disease | chronic_inflammatory_arthritis,Chronic inflammatory joint disease | autoimmune disease,"autoimmune_disease:7.0(phrase;tokens=arthriti,rheumatoid) | chronic_inflammatory_arthritis:7.0(phrase;tokens=arthriti,rheumatoid)",EXPLICIT_ALTERNATIVE_ETIOLOGY | AA_PATHWAY_NOT_ATTR_POSITIVE_EVIDENCE
M06.021,"Rheumatoid arthritis without rheumatoid factor, right elbow",1,1,SUPPLIED_465_LIST | SUPPLIED_895_LIST | ATOM_PHRASE_MATCH,Tier 3 — Organ-context signals (nonspecific alone),Inflammatory / AA pathway,ALTERNATIVE_OR_GUARDRAIL_REVIEW,autoimmune_disease | chronic_inflammatory_arthritis,Chronic inflammatory joint disease | autoimmune disease,"autoimmune_disease:7.0(phrase;tokens=arthriti,rheumatoid) | chronic_inflammatory_arthritis:7.0(phrase;tokens=arthriti,rheumatoid)",EXPLICIT_ALTERNATIVE_ETIOLOGY | AA_PATHWAY_NOT_ATTR_POSITIVE_EVIDENCE
M06.032,"Rheumatoid arthritis without rheumatoid factor, left wrist",9,1,SUPPLIED_465_LIST | SUPPLIED_895_LIST | ATOM_PHRASE_MATCH,Tier 3 — Organ-context signals (nonspecific alone),Inflammatory / AA pathway,ALTERNATIVE_OR_GUARDRAIL_REVIEW,autoimmune_disease | chronic_inflammatory_arthritis,Chronic inflammatory joint disease | autoimmune disease,"autoimmune_disease:7.0(phrase;tokens=arthriti,rheumatoid) | chronic_inflammatory_arthritis:7.0(phrase;tokens=arthriti,rheumatoid)",EXPLICIT_ALTERNATIVE_ETIOLOGY | AA_PATHWAY_NOT_ATTR_POSITIVE_EVIDENCE
M06.072,"Rheumatoid arthritis without rheumatoid factor, left ankle and foot",1,1,SUPPLIED_465_LIST | SUPPLIED_895_LIST | ATOM_PHRASE_MATCH,Tier 3 — Organ-context signals (nonspecific alone),Inflammatory / AA pathway,ALTERNATIVE_OR_GUARDRAIL_REVIEW,autoimmune_disease | chronic_inflammatory_arthritis,Chronic inflammatory joint disease | autoimmune disease,"autoimmune_disease:7.0(phrase;tokens=arthriti,rheumatoid) | chronic_inflammatory_arthritis:7.0(phrase;tokens=arthriti,rheumatoid)",EXPLICIT_ALTERNATIVE_ETIOLOGY | AA_PATHWAY_NOT_ATTR_POSITIVE_EVIDENCE
M06.079,"Rheumatoid arthritis without rheumatoid factor, unspecified ankle and foot",1,1,SUPPLIED_465_LIST | SUPPLIED_895_LIST | ATOM_PHRASE_MATCH,Tier 3 — Organ-context signals (nonspecific alone),Inflammatory / AA pathway,ALTERNATIVE_OR_GUARDRAIL_REVIEW,autoimmune_disease | chronic_inflammatory_arthritis,Chronic inflammatory joint disease | autoimmune disease,"autoimmune_disease:7.0(phrase;tokens=arthriti,rheumatoid) | chronic_inflammatory_arthritis:7.0(phrase;tokens=arthriti,rheumatoid)",EXPLICIT_ALTERNATIVE_ETIOLOGY | AA_PATHWAY_NOT_ATTR_POSITIVE_EVIDENCE
M06.811,"Other specified rheumatoid arthritis, right shoulder",1,1,SUPPLIED_465_LIST | SUPPLIED_895_LIST | ATOM_PHRASE_MATCH,Tier 3 — Organ-context signals (nonspecific alone),Inflammatory / AA pathway,ALTERNATIVE_OR_GUARDRAIL_REVIEW,autoimmune_disease | chronic_inflammatory_arthritis,Chronic inflammatory joint disease | autoimmune disease,"autoimmune_disease:7.0(phrase;tokens=arthriti,rheumatoid) | chronic_inflammatory_arthritis:7.0(phrase;tokens=arthriti,rheumatoid)",EXPLICIT_ALTERNATIVE_ETIOLOGY | AA_PATHWAY_NOT_ATTR_POSITIVE_EVIDENCE
M06.812,"Other specified rheumatoid arthritis, left shoulder",7,1,SUPPLIED_465_LIST | SUPPLIED_895_LIST | ATOM_PHRASE_MATCH,Tier 3 — Organ-context signals (nonspecific alone),Inflammatory / AA pathway,ALTERNATIVE_OR_GUARDRAIL_REVIEW,autoimmune_disease | chronic_inflammatory_arthritis,Chronic inflammatory joint disease | autoimmune disease,"autoimmune_disease:7.0(phrase;tokens=arthriti,rheumatoid) | chronic_inflammatory_arthritis:7.0(phrase;tokens=arthriti,rheumatoid)",EXPLICIT_ALTERNATIVE_ETIOLOGY | AA_PATHWAY_NOT_ATTR_POSITIVE_EVIDENCE
M06.832,"Other specified rheumatoid arthritis, left wrist",1,1,SUPPLIED_465_LIST | SUPPLIED_895_LIST | ATOM_PHRASE_MATCH,Tier 3 — Organ-context signals (nonspecific alone),Inflammatory / AA pathway,ALTERNATIVE_OR_GUARDRAIL_REVIEW,autoimmune_disease | chronic_inflammatory_arthritis,Chronic inflammatory joint disease | autoimmune disease,"autoimmune_disease:7.0(phrase;tokens=arthriti,rheumatoid) | chronic_inflammatory_arthritis:7.0(phrase;tokens=arthriti,rheumatoid)",EXPLICIT_ALTERNATIVE_ETIOLOGY | AA_PATHWAY_NOT_ATTR_POSITIVE_EVIDENCE
M06.851,"Other specified rheumatoid arthritis, right hip",3,1,SUPPLIED_465_LIST | SUPPLIED_895_LIST | ATOM_PHRASE_MATCH,Tier 3 — Organ-context signals (nonspecific alone),Inflammatory / AA pathway,ALTERNATIVE_OR_GUARDRAIL_REVIEW,autoimmune_disease | chronic_inflammatory_arthritis,Chronic inflammatory joint disease | autoimmune disease,"autoimmune_disease:7.0(phrase;tokens=arthriti,rheumatoid) | chronic_inflammatory_arthritis:7.0(phrase;tokens=arthriti,rheumatoid)",EXPLICIT_ALTERNATIVE_ETIOLOGY | AA_PATHWAY_NOT_ATTR_POSITIVE_EVIDENCE
M06.879,"Other specified rheumatoid arthritis, unspecified ankle and foot",27,1,SUPPLIED_465_LIST | SUPPLIED_895_LIST | ATOM_PHRASE_MATCH,Tier 3 — Organ-context signals (nonspecific alone),Inflammatory / AA pathway,ALTERNATIVE_OR_GUARDRAIL_REVIEW,autoimmune_disease | chronic_inflammatory_arthritis,Chronic inflammatory joint disease | autoimmune disease,"autoimmune_disease:7.0(phrase;tokens=arthriti,rheumatoid) | chronic_inflammatory_arthritis:7.0(phrase;tokens=arthriti,rheumatoid)",EXPLICIT_ALTERNATIVE_ETIOLOGY | AA_PATHWAY_NOT_ATTR_POSITIVE_EVIDENCE
M06.88,"Other specified rheumatoid arthritis, vertebrae",1,1,SUPPLIED_465_LIST | SUPPLIED_895_LIST | ATOM_PHRASE_MATCH,Tier 3 — Organ-context signals (nonspecific alone),Inflammatory / AA pathway,ALTERNATIVE_OR_GUARDRAIL_REVIEW,autoimmune_disease | chronic_inflammatory_arthritis,Chronic inflammatory joint disease | autoimmune disease,"autoimmune_disease:7.0(phrase;tokens=arthriti,rheumatoid) | chronic_inflammatory_arthritis:7.0(phrase;tokens=arthriti,rheumatoid)",EXPLICIT_ALTERNATIVE_ETIOLOGY | AA_PATHWAY_NOT_ATTR_POSITIVE_EVIDENCE
M06.8A,"Other specified rheumatoid arthritis, other specified site",7,1,SUPPLIED_465_LIST | SUPPLIED_895_LIST | ATOM_PHRASE_MATCH,Tier 3 — Organ-context signals (nonspecific alone),Inflammatory / AA pathway,ALTERNATIVE_OR_GUARDRAIL_REVIEW,autoimmune_disease | chronic_inflammatory_arthritis,Chronic inflammatory joint disease | autoimmune disease,"autoimmune_disease:7.0(phrase;tokens=arthriti,rheumatoid) | chronic_inflammatory_arthritis:7.0(phrase;tokens=arthriti,rheumatoid)",EXPLICIT_ALTERNATIVE_ETIOLOGY | AA_PATHWAY_NOT_ATTR_POSITIVE_EVIDENCE
M08.021,"Unspecified juvenile rheumatoid arthritis, right elbow",15,1,SUPPLIED_465_LIST | SUPPLIED_895_LIST | ATOM_PHRASE_MATCH,Tier 3 — Organ-context signals (nonspecific alone),Inflammatory / AA pathway,ALTERNATIVE_OR_GUARDRAIL_REVIEW,autoimmune_disease | chronic_inflammatory_arthritis,Chronic inflammatory joint disease | autoimmune disease,"autoimmune_disease:7.0(phrase;tokens=arthriti,rheumatoid) | chronic_inflammatory_arthritis:7.0(phrase;tokens=arthriti,rheumatoid)",EXPLICIT_ALTERNATIVE_ETIOLOGY | AA_PATHWAY_NOT_ATTR_POSITIVE_EVIDENCE
M08.042,"Unspecified juvenile rheumatoid arthritis, left hand",6,1,SUPPLIED_465_LIST | SUPPLIED_895_LIST | ATOM_PHRASE_MATCH,Tier 3 — Organ-context signals (nonspecific alone),Inflammatory / AA pathway,ALTERNATIVE_OR_GUARDRAIL_REVIEW,autoimmune_disease | chronic_inflammatory_arthritis,Chronic inflammatory joint disease | autoimmune disease,"autoimmune_disease:7.0(phrase;tokens=arthriti,rheumatoid) | chronic_inflammatory_arthritis:7.0(phrase;tokens=arthriti,rheumatoid)",EXPLICIT_ALTERNATIVE_ETIOLOGY | AA_PATHWAY_NOT_ATTR_POSITIVE_EVIDENCE
M08.071,"Unspecified juvenile rheumatoid arthritis, right ankle and foot",11,1,SUPPLIED_465_LIST | SUPPLIED_895_LIST | ATOM_PHRASE_MATCH,Tier 3 — Organ-context signals (nonspecific alone),Inflammatory / AA pathway,ALTERNATIVE_OR_GUARDRAIL_REVIEW,autoimmune_disease | chronic_inflammatory_arthritis,Chronic inflammatory joint disease | autoimmune disease,"autoimmune_disease:7.0(phrase;tokens=arthriti,rheumatoid) | chronic_inflammatory_arthritis:7.0(phrase;tokens=arthriti,rheumatoid)",EXPLICIT_ALTERNATIVE_ETIOLOGY | AA_PATHWAY_NOT_ATTR_POSITIVE_EVIDENCE
M08.079,"Unspecified juvenile rheumatoid arthritis, unspecified ankle and foot",8,1,SUPPLIED_465_LIST | SUPPLIED_895_LIST | ATOM_PHRASE_MATCH,Tier 3 — Organ-context signals (nonspecific alone),Inflammatory / AA pathway,ALTERNATIVE_OR_GUARDRAIL_REVIEW,autoimmune_disease | chronic_inflammatory_arthritis,Chronic inflammatory joint disease | autoimmune disease,"autoimmune_disease:7.0(phrase;tokens=arthriti,rheumatoid) | chronic_inflammatory_arthritis:7.0(phrase;tokens=arthriti,rheumatoid)",EXPLICIT_ALTERNATIVE_ETIOLOGY | AA_PATHWAY_NOT_ATTR_POSITIVE_EVIDENCE
M08.08,"Unspecified juvenile rheumatoid arthritis, vertebrae",6,1,SUPPLIED_465_LIST | SUPPLIED_895_LIST | ATOM_PHRASE_MATCH,Tier 3 — Organ-context signals (nonspecific alone),Inflammatory / AA pathway,ALTERNATIVE_OR_GUARDRAIL_REVIEW,autoimmune_disease | chronic_inflammatory_arthritis,Chronic inflammatory joint disease | autoimmune disease,"autoimmune_disease:7.0(phrase;tokens=arthriti,rheumatoid) | chronic_inflammatory_arthritis:7.0(phrase;tokens=arthriti,rheumatoid)",EXPLICIT_ALTERNATIVE_ETIOLOGY | AA_PATHWAY_NOT_ATTR_POSITIVE_EVIDENCE
M08.0A,"Unspecified juvenile rheumatoid arthritis, other specified site",8,1,SUPPLIED_465_LIST | SUPPLIED_895_LIST | ATOM_PHRASE_MATCH,Tier 3 — Organ-context signals (nonspecific alone),Inflammatory / AA pathway,ALTERNATIVE_OR_GUARDRAIL_REVIEW,autoimmune_disease | chronic_inflammatory_arthritis,Chronic inflammatory joint disease | autoimmune disease,"autoimmune_disease:7.0(phrase;tokens=arthriti,rheumatoid) | chronic_inflammatory_arthritis:7.0(phrase;tokens=arthriti,rheumatoid)",EXPLICIT_ALTERNATIVE_ETIOLOGY | AA_PATHWAY_NOT_ATTR_POSITIVE_EVIDENCE
M08.269,"Juvenile rheumatoid arthritis with systemic onset, unspecified knee",1,1,SUPPLIED_465_LIST | SUPPLIED_895_LIST | ATOM_PHRASE_MATCH,Tier 3 — Organ-context signals (nonspecific alone),Inflammatory / AA pathway,ALTERNATIVE_OR_GUARDRAIL_REVIEW,autoimmune_disease | chronic_inflammatory_arthritis,Chronic inflammatory joint disease | autoimmune disease,"autoimmune_disease:8.0(phrase;tokens=arthriti,rheumatoid,systemic) | chronic_inflammatory_arthritis:7.0(phrase;tokens=arthriti,rheumatoid)",EXPLICIT_ALTERNATIVE_ETIOLOGY | AA_PATHWAY_NOT_ATTR_POSITIVE_EVIDENCE
M08.29,"Juvenile rheumatoid arthritis with systemic onset, multiple sites",2,1,SUPPLIED_465_LIST | SUPPLIED_895_LIST | ATOM_PHRASE_MATCH,Tier 3 — Organ-context signals (nonspecific alone),Inflammatory / AA pathway,ALTERNATIVE_OR_GUARDRAIL_REVIEW,autoimmune_disease | chronic_inflammatory_arthritis,Chronic inflammatory joint disease | autoimmune disease,"autoimmune_disease:8.0(phrase;tokens=arthriti,rheumatoid,systemic) | chronic_inflammatory_arthritis:7.0(phrase;tokens=arthriti,rheumatoid)",EXPLICIT_ALTERNATIVE_ETIOLOGY | AA_PATHWAY_NOT_ATTR_POSITIVE_EVIDENCE
M08.2A,"Juvenile rheumatoid arthritis with systemic onset, other specified site",3,1,SUPPLIED_465_LIST | SUPPLIED_895_LIST | ATOM_PHRASE_MATCH,Tier 3 — Organ-context signals (nonspecific alone),Inflammatory / AA pathway,ALTERNATIVE_OR_GUARDRAIL_REVIEW,autoimmune_disease | chronic_inflammatory_arthritis,Chronic inflammatory joint disease | autoimmune disease,"autoimmune_disease:8.0(phrase;tokens=arthriti,rheumatoid,systemic) | chronic_inflammatory_arthritis:7.0(phrase;tokens=arthriti,rheumatoid)",EXPLICIT_ALTERNATIVE_ETIOLOGY | AA_PATHWAY_NOT_ATTR_POSITIVE_EVIDENCE
M08.442,"Pauciarticular juvenile rheumatoid arthritis, left hand",14,1,SUPPLIED_465_LIST | SUPPLIED_895_LIST | ATOM_PHRASE_MATCH,Tier 3 — Organ-context signals (nonspecific alone),Inflammatory / AA pathway,ALTERNATIVE_OR_GUARDRAIL_REVIEW,autoimmune_disease | chronic_inflammatory_arthritis,Chronic inflammatory joint disease | autoimmune disease,"autoimmune_disease:7.0(phrase;tokens=arthriti,rheumatoid) | chronic_inflammatory_arthritis:7.0(phrase;tokens=arthriti,rheumatoid)",EXPLICIT_ALTERNATIVE_ETIOLOGY | AA_PATHWAY_NOT_ATTR_POSITIVE_EVIDENCE
M08.471,"Pauciarticular juvenile rheumatoid arthritis, right ankle and foot",1,1,SUPPLIED_465_LIST | SUPPLIED_895_LIST | ATOM_PHRASE_MATCH,Tier 3 — Organ-context signals (nonspecific alone),Inflammatory / AA pathway,ALTERNATIVE_OR_GUARDRAIL_REVIEW,autoimmune_disease | chronic_inflammatory_arthritis,Chronic inflammatory joint disease | autoimmune disease,"autoimmune_disease:7.0(phrase;tokens=arthriti,rheumatoid) | chronic_inflammatory_arthritis:7.0(phrase;tokens=arthriti,rheumatoid)",EXPLICIT_ALTERNATIVE_ETIOLOGY | AA_PATHWAY_NOT_ATTR_POSITIVE_EVIDENCE
M08.472,"Pauciarticular juvenile rheumatoid arthritis, left ankle and foot",2,1,SUPPLIED_465_LIST | SUPPLIED_895_LIST | ATOM_PHRASE_MATCH,Tier 3 — Organ-context signals (nonspecific alone),Inflammatory / AA pathway,ALTERNATIVE_OR_GUARDRAIL_REVIEW,autoimmune_disease | chronic_inflammatory_arthritis,Chronic inflammatory joint disease | autoimmune disease,"autoimmune_disease:7.0(phrase;tokens=arthriti,rheumatoid) | chronic_inflammatory_arthritis:7.0(phrase;tokens=arthriti,rheumatoid)",EXPLICIT_ALTERNATIVE_ETIOLOGY | AA_PATHWAY_NOT_ATTR_POSITIVE_EVIDENCE
M86.011,"Acute hematogenous osteomyelitis, right shoulder",15,1,SUPPLIED_465_LIST | SUPPLIED_895_LIST,Tier 3 — Organ-context signals (nonspecific alone),Inflammatory / AA pathway,ALTERNATIVE_OR_GUARDRAIL_REVIEW,,,,AA_PATHWAY_NOT_ATTR_POSITIVE_EVIDENCE
M86.012,"Acute hematogenous osteomyelitis, left shoulder",62,1,SUPPLIED_465_LIST | SUPPLIED_895_LIST,Tier 3 — Organ-context signals (nonspecific alone),Inflammatory / AA pathway,ALTERNATIVE_OR_GUARDRAIL_REVIEW,,,,AA_PATHWAY_NOT_ATTR_POSITIVE_EVIDENCE
M86.021,"Acute hematogenous osteomyelitis, right humerus",108,1,SUPPLIED_465_LIST | SUPPLIED_895_LIST,Tier 3 — Organ-context signals (nonspecific alone),Inflammatory / AA pathway,ALTERNATIVE_OR_GUARDRAIL_REVIEW,,,,AA_PATHWAY_NOT_ATTR_POSITIVE_EVIDENCE
M86.059,"Acute hematogenous osteomyelitis, unspecified femur",1,1,SUPPLIED_465_LIST | SUPPLIED_895_LIST,Tier 3 — Organ-context signals (nonspecific alone),Inflammatory / AA pathway,ALTERNATIVE_OR_GUARDRAIL_REVIEW,,,,AA_PATHWAY_NOT_ATTR_POSITIVE_EVIDENCE
M86.09,"Acute hematogenous osteomyelitis, multiple sites",1,1,SUPPLIED_465_LIST | SUPPLIED_895_LIST,Tier 3 — Organ-context signals (nonspecific alone),Inflammatory / AA pathway,ALTERNATIVE_OR_GUARDRAIL_REVIEW,,,,AA_PATHWAY_NOT_ATTR_POSITIVE_EVIDENCE
M86.139,"Other acute osteomyelitis, unspecified radius and ulna",32,1,SUPPLIED_465_LIST | SUPPLIED_895_LIST,Tier 3 — Organ-context signals (nonspecific alone),Inflammatory / AA pathway,ALTERNATIVE_OR_GUARDRAIL_REVIEW,,,,AA_PATHWAY_NOT_ATTR_POSITIVE_EVIDENCE
M86.149,"Other acute osteomyelitis, unspecified hand",11,1,SUPPLIED_465_LIST | SUPPLIED_895_LIST,Tier 3 — Organ-context signals (nonspecific alone),Inflammatory / AA pathway,ALTERNATIVE_OR_GUARDRAIL_REVIEW,,,,AA_PATHWAY_NOT_ATTR_POSITIVE_EVIDENCE
M86.212,"Subacute osteomyelitis, left shoulder",23,1,SUPPLIED_465_LIST | SUPPLIED_895_LIST,Tier 3 — Organ-context signals (nonspecific alone),Inflammatory / AA pathway,ALTERNATIVE_OR_GUARDRAIL_REVIEW,,,,AA_PATHWAY_NOT_ATTR_POSITIVE_EVIDENCE
M86.231,"Subacute osteomyelitis, right radius and ulna",30,1,SUPPLIED_465_LIST | SUPPLIED_895_LIST,Tier 3 — Organ-context signals (nonspecific alone),Inflammatory / AA pathway,ALTERNATIVE_OR_GUARDRAIL_REVIEW,,,,AA_PATHWAY_NOT_ATTR_POSITIVE_EVIDENCE
M86.232,"Subacute osteomyelitis, left radius and ulna",123,1,SUPPLIED_465_LIST | SUPPLIED_895_LIST,Tier 3 — Organ-context signals (nonspecific alone),Inflammatory / AA pathway,ALTERNATIVE_OR_GUARDRAIL_REVIEW,,,,AA_PATHWAY_NOT_ATTR_POSITIVE_EVIDENCE
M86.251,"Subacute osteomyelitis, right femur",182,1,SUPPLIED_465_LIST | SUPPLIED_895_LIST,Tier 3 — Organ-context signals (nonspecific alone),Inflammatory / AA pathway,ALTERNATIVE_OR_GUARDRAIL_REVIEW,,,,AA_PATHWAY_NOT_ATTR_POSITIVE_EVIDENCE
M86.259,"Subacute osteomyelitis, unspecified femur",18,1,SUPPLIED_465_LIST | SUPPLIED_895_LIST,Tier 3 — Organ-context signals (nonspecific alone),Inflammatory / AA pathway,ALTERNATIVE_OR_GUARDRAIL_REVIEW,,,,AA_PATHWAY_NOT_ATTR_POSITIVE_EVIDENCE
M86.329,"Chronic multifocal osteomyelitis, unspecified humerus",17,1,SUPPLIED_465_LIST | SUPPLIED_895_LIST,Tier 3 — Organ-context signals (nonspecific alone),Inflammatory / AA pathway,ALTERNATIVE_OR_GUARDRAIL_REVIEW,,,,AA_PATHWAY_NOT_ATTR_POSITIVE_EVIDENCE
M86.331,"Chronic multifocal osteomyelitis, right radius and ulna",64,1,SUPPLIED_465_LIST | SUPPLIED_895_LIST,Tier 3 — Organ-context signals (nonspecific alone),Inflammatory / AA pathway,ALTERNATIVE_OR_GUARDRAIL_REVIEW,,,,AA_PATHWAY_NOT_ATTR_POSITIVE_EVIDENCE
M86.332,"Chronic multifocal osteomyelitis, left radius and ulna",1,1,SUPPLIED_465_LIST | SUPPLIED_895_LIST,Tier 3 — Organ-context signals (nonspecific alone),Inflammatory / AA pathway,ALTERNATIVE_OR_GUARDRAIL_REVIEW,,,,AA_PATHWAY_NOT_ATTR_POSITIVE_EVIDENCE
M86.349,"Chronic multifocal osteomyelitis, unspecified hand",7,1,SUPPLIED_465_LIST | SUPPLIED_895_LIST,Tier 3 — Organ-context signals (nonspecific alone),Inflammatory / AA pathway,ALTERNATIVE_OR_GUARDRAIL_REVIEW,,,,AA_PATHWAY_NOT_ATTR_POSITIVE_EVIDENCE
M86.369,"Chronic multifocal osteomyelitis, unspecified tibia and fibula",13,1,SUPPLIED_465_LIST | SUPPLIED_895_LIST,Tier 3 — Organ-context signals (nonspecific alone),Inflammatory / AA pathway,ALTERNATIVE_OR_GUARDRAIL_REVIEW,,,,AA_PATHWAY_NOT_ATTR_POSITIVE_EVIDENCE
M86.411,"Chronic osteomyelitis with draining sinus, right shoulder",29,1,SUPPLIED_465_LIST | SUPPLIED_895_LIST | ATOM_PHRASE_MATCH,Tier 3 — Organ-context signals (nonspecific alone),Inflammatory / AA pathway,ALTERNATIVE_OR_GUARDRAIL_REVIEW,chronic_infection,Chronic or active infection,"chronic_infection:7.0(phrase;tokens=chronic,osteomyeliti)",AA_PATHWAY_NOT_ATTR_POSITIVE_EVIDENCE
M86.412,"Chronic osteomyelitis with draining sinus, left shoulder",20,1,SUPPLIED_465_LIST | SUPPLIED_895_LIST | ATOM_PHRASE_MATCH,Tier 3 — Organ-context signals (nonspecific alone),Inflammatory / AA pathway,ALTERNATIVE_OR_GUARDRAIL_REVIEW,chronic_infection,Chronic or active infection,"chronic_infection:7.0(phrase;tokens=chronic,osteomyeliti)",AA_PATHWAY_NOT_ATTR_POSITIVE_EVIDENCE
M86.421,"Chronic osteomyelitis with draining sinus, right humerus",1,1,SUPPLIED_465_LIST | SUPPLIED_895_LIST | ATOM_PHRASE_MATCH,Tier 3 — Organ-context signals (nonspecific alone),Inflammatory / AA pathway,ALTERNATIVE_OR_GUARDRAIL_REVIEW,chronic_infection,Chronic or active infection,"chronic_infection:7.0(phrase;tokens=chronic,osteomyeliti)",AA_PATHWAY_NOT_ATTR_POSITIVE_EVIDENCE
M86.479,"Chronic osteomyelitis with draining sinus, unspecified ankle and foot",6,1,SUPPLIED_465_LIST | SUPPLIED_895_LIST | ATOM_PHRASE_MATCH,Tier 3 — Organ-context signals (nonspecific alone),Inflammatory / AA pathway,ALTERNATIVE_OR_GUARDRAIL_REVIEW,chronic_infection,Chronic or active infection,"chronic_infection:7.0(phrase;tokens=chronic,osteomyeliti)",AA_PATHWAY_NOT_ATTR_POSITIVE_EVIDENCE
M86.49,"Chronic osteomyelitis with draining sinus, multiple sites",4,1,SUPPLIED_465_LIST | SUPPLIED_895_LIST | ATOM_PHRASE_MATCH,Tier 3 — Organ-context signals (nonspecific alone),Inflammatory / AA pathway,ALTERNATIVE_OR_GUARDRAIL_REVIEW,chronic_infection,Chronic or active infection,"chronic_infection:7.0(phrase;tokens=chronic,osteomyeliti)",AA_PATHWAY_NOT_ATTR_POSITIVE_EVIDENCE
M86.552,"Other chronic hematogenous osteomyelitis, left femur",36,1,SUPPLIED_465_LIST | SUPPLIED_895_LIST,Tier 3 — Organ-context signals (nonspecific alone),Inflammatory / AA pathway,ALTERNATIVE_OR_GUARDRAIL_REVIEW,,,,AA_PATHWAY_NOT_ATTR_POSITIVE_EVIDENCE
M86.572,"Other chronic hematogenous osteomyelitis, left ankle and foot",1,1,SUPPLIED_465_LIST | SUPPLIED_895_LIST,Tier 3 — Organ-context signals (nonspecific alone),Inflammatory / AA pathway,ALTERNATIVE_OR_GUARDRAIL_REVIEW,,,,AA_PATHWAY_NOT_ATTR_POSITIVE_EVIDENCE
M86.58,"Other chronic hematogenous osteomyelitis, other site",1,1,SUPPLIED_465_LIST | SUPPLIED_895_LIST,Tier 3 — Organ-context signals (nonspecific alone),Inflammatory / AA pathway,ALTERNATIVE_OR_GUARDRAIL_REVIEW,,,,AA_PATHWAY_NOT_ATTR_POSITIVE_EVIDENCE
M86.619,"Other chronic osteomyelitis, unspecified shoulder",2,1,SUPPLIED_465_LIST | SUPPLIED_895_LIST | ATOM_PHRASE_MATCH,Tier 3 — Organ-context signals (nonspecific alone),Inflammatory / AA pathway,ALTERNATIVE_OR_GUARDRAIL_REVIEW,chronic_infection,Chronic or active infection,"chronic_infection:7.0(phrase;tokens=chronic,osteomyeliti)",AA_PATHWAY_NOT_ATTR_POSITIVE_EVIDENCE
M86.639,"Other chronic osteomyelitis, unspecified radius and ulna",6,1,SUPPLIED_465_LIST | SUPPLIED_895_LIST | ATOM_PHRASE_MATCH,Tier 3 — Organ-context signals (nonspecific alone),Inflammatory / AA pathway,ALTERNATIVE_OR_GUARDRAIL_REVIEW,chronic_infection,Chronic or active infection,"chronic_infection:7.0(phrase;tokens=chronic,osteomyeliti)",AA_PATHWAY_NOT_ATTR_POSITIVE_EVIDENCE
O08.4,Renal failure following ectopic and molar pregnancy,1,1,SUPPLIED_895_LIST | ATOM_PHRASE_MATCH,,Renal signals,ALTERNATIVE_OR_GUARDRAIL_REVIEW,kidney_failure,Kidney failure / end-stage renal disease,"kidney_failure:7.0(phrase;tokens=failure,renal)",EXPLICIT_ALTERNATIVE_ETIOLOGY
O10.213,"Pre-existing hypertensive chronic kidney disease complicating pregnancy, third trimester",1,1,SUPPLIED_465_LIST | SUPPLIED_895_LIST | ATOM_PHRASE_MATCH,Tier 3 — Organ-context signals (nonspecific alone),Renal signals,ALTERNATIVE_OR_GUARDRAIL_REVIEW,hypertension | renal_dysfunction,Hypertension | Renal dysfunction / chronic kidney disease,"renal_dysfunction:7.0(phrase;tokens=chronic,kidney) | hypertension:3.0(tokens=exist,hypertensive,pre)",EXPLICIT_ALTERNATIVE_ETIOLOGY
O10.219,"Pre-existing hypertensive chronic kidney disease complicating pregnancy, unspecified trimester",20,1,SUPPLIED_465_LIST | SUPPLIED_895_LIST | ATOM_PHRASE_MATCH,Tier 3 — Organ-context signals (nonspecific alone),Renal signals,ALTERNATIVE_OR_GUARDRAIL_REVIEW,hypertension | renal_dysfunction,Hypertension | Renal dysfunction / chronic kidney disease,"renal_dysfunction:7.0(phrase;tokens=chronic,kidney) | hypertension:3.0(tokens=exist,hypertensive,pre)",EXPLICIT_ALTERNATIVE_ETIOLOGY
O26.641,"Intrahepatic cholestasis of pregnancy, first trimester",3,1,SUPPLIED_895_LIST,,GI / hepatobiliary signals,ALTERNATIVE_OR_GUARDRAIL_REVIEW,,,,EXPLICIT_ALTERNATIVE_ETIOLOGY
P37.0,Congenital tuberculosis,1,1,SUPPLIED_465_LIST | SUPPLIED_895_LIST,Tier 3 — Organ-context signals (nonspecific alone),Inflammatory / AA pathway,ALTERNATIVE_OR_GUARDRAIL_REVIEW,,,,EXPLICIT_ALTERNATIVE_ETIOLOGY | AA_PATHWAY_NOT_ATTR_POSITIVE_EVIDENCE
P58.9,"Neonatal jaundice due to excessive hemolysis, unspecified",1,1,SUPPLIED_895_LIST,,GI / hepatobiliary signals,ALTERNATIVE_OR_GUARDRAIL_REVIEW,,,,EXPLICIT_ALTERNATIVE_ETIOLOGY
Q42.0,"Congenital absence, atresia and stenosis of rectum with fistula",5,1,SUPPLIED_895_LIST,,Musculoskeletal / ATTR prodrome,ALTERNATIVE_OR_GUARDRAIL_REVIEW,,,,EXPLICIT_ALTERNATIVE_ETIOLOGY
